raw_user_id,seed,past-only NDCG@20,+coherent NDCG@20,diff
-0TIxezdO7xXrkP7zXFd8Q,42,1,0.63092975,-0.36907025
-3h48rG-sopyGDLu5bh4xQ,42,0,0,0
-4gIZlTNT0CA1VGl4BsHJA,42,0,0,0
-4qa2JVDEC_QPVWcZ1nHkQ,42,0,0,0
-5X3pQ0XrdZqNU1LHQPnpg,42,0,0,0
-6VU46iNtnR8-rat3ONY1g,42,0,0,0
-7-C4zqNHbeDGL_62XKToA,42,0,0,0
-7Jz5rawtZ4EGf8QhDcAlg,42,0.38685281,0.3065736,-0.080279211
-7NO4luUI6dzpQ3ORf3NVw,42,0,0,0
-7_OQiwD8HojEj2qeRSIWw,42,0,0,0
-7jn_O7MFqhN7XCz4CoOIw,42,0,0,0
-8DhMYnu5gXInZEpuO4VlQ,42,0,0,0
-8Vf9roRMLb-_vxmM347Pg,42,0,0,0
-9OIms4jE1bdD1fz7AzAFA,42,0.10168472,0.074887415,-0.026797305
-AS4NLOxH22-hCLpXZzUAA,42,0,0,0
-AWA9IUFWgFHLO549geEbA,42,0,0,0
-A_vNNnNsjHiNHJYAweWoQ,42,0,0,0
-Av5_Ee5eXO1kz9etK_DIA,42,0,0,0
-AwZjQNFpCqc0bVNNyBqwg,42,0.092612208,0.092612208,0
-Bc2fC2U5X-VOgd-L4n2DQ,42,0,0,0
-Bhu4EgFfhItSqyEhRE3Wg,42,0,0.1175161,0.1175161
-Btcpcgv-2x9E-_hi34uYA,42,0,0,0
-DqEhMknM-vqqnKvodiwig,42,0,0,0
-EGwTiRaB0v4UZPhfFAxng,42,0,0,0
-ELJuOz6r-it0mIi1SmMOQ,42,0,0,0
-EzMyfoBHhWfu_Q7MYUM-Q,42,0,0,0
-FJePf48fLwDbvdtYgualw,42,0,0,0
-G7Zkl1wIWBBmD0KRy_sCw,42,0.089617287,0.18938672,0.099769432
-HQIg9KJ2sn6rBNwuqZPRw,42,0,0,0
-Her419l4DCjSFey7UjmtA,42,0.44187221,0.44187221,0
-J1J7E5pRAC8vqUGeZOjlA,42,0.38685281,0.61314719,0.22629439
-J2K2z10mYeMxzhl4Ag_1g,42,0,0,0
-JDG1VycyUKdX_bs7KvnYA,42,0,0,0
-KRmD4ofr1qOvhMk7jLZ0g,42,1,1,0
-LaL8s1Xg0jg2_lhrYlSUA,42,0,0,0
-MeResg7zWIywg7JwuMvaw,42,0,0,0
-NXMmOULp-kUv_LO1V6JVQ,42,0.049089484,0.054772661,0.0056831771
-Od0vvWj3RISQ0pNBGqXnQ,42,0.37956799,0.21398519,-0.16558279
-Odn_q5uNPt52g8nBWl6SA,42,0,0,0
-Oyi4dDuax3yGa-Pnyf9jg,42,0,0,0
-P7w7MuldCRPhTtOMc2Srg,42,0.57611953,0.46927873,-0.1068408
-PHhewouMe4OcObjdqBWAA,42,0.04734668,0.038384638,-0.0089620417
-Pe7q2T-q3lOEnn8ncgsYQ,42,0,0,0
-RK5cUoeO-0Gm35RxNHrEQ,42,0,0,0
-RXXJeHviyE3kdZFtT3r7g,42,0,0,0
-Rocdfu1eqSbyqCEBvOzDw,42,0,0,0
-UQXVqJvkohMjGfZeDFDOA,42,0,0,0
-W89ndsvFdDdn01cyN68WQ,42,0,0,0
-WfqJ7YCqZOWopsrFQTBCQ,42,0.23540891,0,-0.23540891
-WiBjLZdA3fC6sZ3Biv78A,42,0,0,0
-Y27dKYxj66xXBPq2m6urQ,42,0,0,0
-Yc59VoMlMPmx65NY6pCWA,42,0,0,0
-Yiza03tQfakAYkHUPUtxw,42,0,0,0
-Z69J2TrHTz8zUKbx6e4Cw,42,0,0,0
-_Lfm5bztNCYXaBmrqY7tA,42,0.068941154,0.053646645,-0.015294509
-_dkddkIz2_KusAQuZiS6Q,42,0.33916021,0.33916021,0
-_vHoVyXXRm571TG6a8q_A,42,0,0,0
-a0qNtjQPRhS8wbuDxoO1g,42,0,0,0
-bE9ajKOZ5CuQy8zOF_DmA,42,0.29109487,0.37661661,0.085521745
-cWBOFyS3I3SSTSiaix7Rg,42,0,0,0
-dQxCeIDHcrstcOzw0D_uw,42,0,0,0
-dWt1gg4hzYTUc6XcLZn2Q,42,0,0,0
-diePajeU2qg_MKPEo92kw,42,0,0,0
-dnERQYQCDVZFMMuh7bBDg,42,0,0,0
-ek3DshZyeJp9oXcncRxqQ,42,0,0.23719771,0.23719771
-eqMWzdq_S0JwDgETX_PhQ,42,0,0,0
-evsv79Pnaztd_SRjxwYaw,42,0.43292618,0.27039925,-0.16252693
-fGhtQIddNvy1gEgMBOZMg,42,0,0,0
-foYCv84A0n0HmsrDEAhtw,42,0.13090199,0.18154179,0.050639802
-h6w8C_5RUJfz_TsF2BXXQ,42,0,0,0
-hamNUJcfmeYObvM5Wlgyw,42,0,0.045683049,0.045683049
-hcJTLMT3neN4aX6VufnmA,42,0,0,0
-hl9iBp1KUh0CM3W8y9Scw,42,0,0,0
-i0naVgAra7wMYSFaFNEgg,42,0,0,0
-jXt65pdvrH_0BwP40M_Cw,42,0,0,0
-jt1ACMiZljnBFvS6RRvnA,42,0.33916021,0.33916021,0
-kDpJFEVRpoAzxJA9FFwTg,42,0,0,0
-kKGZIXpI_K-owqYG52xvg,42,0,0,0
-kkHPNvc4dxBHmYgHCNVfQ,42,0,0,0
-krlwlOuu1xKQoCBz9fpWQ,42,0,0,0
-ldK3alDCuMPvsfdC_EBJQ,42,0,0,0
-miyp-5ZQpqGcxkUZuWRqg,42,0,0,0
-mjJ1yEXgmdr4mM_diOnAQ,42,0,0,0
-oHw7ZmproTM7rmgWod7AQ,42,0,0,0
-pfPBJzVB-EBwaFX8B59gQ,42,0,0,0
-pq4djP4i-rWR1XplXqC3A,42,0,0,0
-q-TYZYa7o-zyKzAvgChyw,42,0,0,0
-qSMDYNTBCJk1N-aX1mP3A,42,0,0,0
-qzdU0_NywmtPDB6WObYVQ,42,0,0,0
-rQ706URCVoMAIn-cq1x2Q,42,0,0,0
-rw9_TTO1XN4qD6-ex8yCw,42,0,0,0
-sLCSjCUUXvO6cRbx4OiLg,42,0,0,0
-sgySGhEoP9fbzDcQMu5Lw,42,0,0,0
-sjdj9gPpuYmxg01_HWXFg,42,0,0,0
-sqSE7B2LoPNRW2PEJ0nlw,42,0,0,0
-wdWkg4IczkFTL1eSb_Vsw,42,0.27487633,0.27487633,0
-wksA6A9WjBk0t906rPLbw,42,0,0,0
-x1516ZG5GllZiBjDQlRkA,42,0,0,0
-xTAmslBDE_mq-6Kbxieag,42,1,1,0
-xUVxZKsUFeQwKUHIQjjEw,42,0,0,0
-xotbvscTK8t19mittfplg,42,0.11511671,0.062242588,-0.052874121
-xuT4DxjU5z_4uf5_zfY6w,42,0,0,0
-y4O_E79Z6QwEI1p4OU_0w,42,0.20736123,0.13083037,-0.07653086
-y6w2PD8lOd5h2H7oI0x9A,42,0.28906483,0,-0.28906483
-zs2jcSRATTp83tiQbuJPQ,42,0,0,0
0-8rHexnylRxhSO_KH5-rw,42,0,0,0
00njy47jpw8fW40DOcrEew,42,0.13032377,0.11706259,-0.013261173
01W5YuohCa2DdGC9SkqQ7g,42,0,0,0
026bdRWmyIyer8gZqFqtmQ,42,0,0,0
02H49g16MdRoZKoX6IEoFA,42,0,0,0
030xaqW2akhXYFdmOTmEng,42,0,0,0
0366_vHAffRsuWFchSESog,42,0,0,0
03F1c27jkAikld3z5tSdpQ,42,0,0,0
03SUs_1GmkwRMzZjHtfpEg,42,0,0,0
050uqsM7olbVzR_c_bKZ5w,42,0,0,0
05VClQnGnJKIGV_38wGYjw,42,0,0,0
0632IU4j4dAwLqCOQqfCGg,42,0.13090199,0,-0.13090199
06ciNUNchmjY6FUlmcuqPw,42,0,0,0
07P10hEQf0gboe-JgyeB_g,42,0,0,0
07zgPowZ9npflBPiBf7otg,42,0,0,0
08pLxf_1-sGKp9jloV66og,42,0,0,0
0AJVlnhg-2o89hx0KnLwQw,42,0,0,0
0AhlLCUit7iJ4vUq_dFqpQ,42,0,0,0
0B0OzwpJvmk1LYy2DBVoTQ,42,0,0,0
0B16UFw1UXQx0qw2OdJefg,42,0,0,0
0BAOET0tIF2WUbQCOQY_aQ,42,0.73841422,0.70262203,-0.035792189
0Bu7_bXX4dCssG0-OWd_jQ,42,1,1,0
0C0CfhRj1-pXzKcGeTbW8A,42,0,0,0
0Cr1-ButxsuCCRBExuZlTg,42,0,0,0
0Cwus8T5TL7AqKa3iAqyFw,42,0,0,0
0DB3Irpf_ETVXu_Ou9vPow,42,0.15604242,0.17922309,0.023180667
0DwIgHpK632QN0Qb2tr2UQ,42,0,0,0
0E9mnSfjkIOSM_stmTfXiw,42,0,0,0
0ENM3nd9e8NQM8HJFnM58g,42,0,0,0
0FpeqH7u_Z5_OFpCyEQfXg,42,0,0.27023815,0.27023815
0H6t-lnnEd7Ott6CbKnMpg,42,0,0,0
0IBO_usaFqSoxZJYHH_s9Q,42,0,0,0
0InQK2FgeFLKOUTIV3yGig,42,0,0,0
0JMsUOZFK7SFy8giZbFdeQ,42,0,0,0
0JXHsC1yh5aE5t5EholdEQ,42,0,0,0
0JiGvGzSfT7Rj_4fd5gBhg,42,0,0,0
0JzEGl6pffSgQ7VCIKT5sw,42,0,0,0
0K9H88eoVeONhxIbj-ywlw,42,0,0,0
0KK7jw_kj7XTpKRDitQMZw,42,0,0,0
0KxiL6pjBrr8Vb1fdkVHoQ,42,0,0,0
0M4fD9lm_d2S-0yaqI-rnQ,42,0,0,0
0MJ5sKX5uq7Ma5hbl4l3BQ,42,0,0,0
0MP7_DqL-kr7HpNbptO_5g,42,0,0,0
0MetyfheEO-CjRxHj9oNJQ,42,0,0,0
0NbG6ikTcjX-XlLVEc5n4Q,42,0,0,0
0O5tx2Ht6o1YaxEDZuYAjw,42,0.042737051,0.053646645,0.010909594
0PDCPEkIQvAjkgNohYI1NQ,42,0,0,0
0PU_FiNfYj8l1yZnloywNg,42,1,1,0
0PvCRvnFStZ9YdwVP0CqgQ,42,0,0,0
0QDpvX-qoKoY0Q0O1IpaCQ,42,0,0,0
0Qu3Yk68LVFiXf1ufdSqSQ,42,0,0,0
0R1fxiO9L3-IvZ48EzjGLQ,42,0,0,0
0RGKCpzJRJonSnknLq3sVg,42,0,0,0
0RXEpYmI_s7teBVzHxEX7A,42,0,0,0
0Ro5rijYMcI5_-cD3iWyyQ,42,0,0,0
0STN8erhzXwRn9LtXLSOvQ,42,0,0,0
0T1LmktrKhwIf70p28HDOg,42,0,0,0
0T2RYxLaSjdQDbiTjEM6Bw,42,0,0,0
0TX7pSaroqHH29a1OOb8zQ,42,0,0,0
0UpYFd7AZ7p4LVDBDErqxg,42,0,0,0
0UwEipUrjdI1JVTuFM2zqw,42,0.1020974,0.10699313,0.0048957372
0V67n7qh9Si4hEfSh2HABA,42,0,0,0
0VYxTV3UNsaulRInHjaxhA,42,0.089617287,0.07102002,-0.018597267
0XK0W8Az6c4ZSnMeXtzgIg,42,0,0,0
0XlM-yE-7gyZH2hcwtb0MA,42,0,0,0
0XmgOinrZWNO15DlimRQeg,42,0.15226993,0.11099244,-0.04127749
0Y-BFVXLFkTpBXagSRn7DA,42,0,0,0
0YkXimpc04bQ1B3JYDBLWQ,42,0,0,0
0YyF7OrD2VEUVUiYmKZ8MA,42,0.13763017,0.13365624,-0.0039739222
0ZRTwd5xyGwo4cW1vgQJNg,42,0.082975728,0,-0.082975728
0a4gdzFajirbPM5cH7GEBg,42,0,0,0
0alvVQSGWpBPb66ZnOCKIQ,42,0,0,0
0bfGLamn1fzzlC8fWNhWmQ,42,0,0,0
0bjd1N5QyFNTsHYUmFDBBg,42,0,0,0
0cJQ8OesP0BLcLbAjAbY0Q,42,0.27646597,0.21716179,-0.059304179
0cxaKFcbtS3Dsxzmk-Q3AQ,42,0,0,0
0dZXxGH-nmfrDscm3QVtyA,42,0,0,0
0dlZT-lccPODraw6XyW_pQ,42,0.46927873,0.46927873,0
0dxR_Q8PCOOWNkfpvI4t3w,42,0.21000454,0.25585833,0.045853789
0eG5v7znR9PFXWNkLRpEZQ,42,0,0,0
0eOq2tJa2tmPxWcqrsg0Qw,42,0,0,0
0efhiL1BfEuRKyQT8VXuLQ,42,0,0,0
0fvJN6eaBNDjVoMoNESHfA,42,0,0,0
0gBQZ_7cTVIqAZKtpMM9tw,42,0,0,0
0gDrLusXEkoiwBogyEd7YA,42,0,0,0
0h7gq2CmEaR-Z6_oPyFFoA,42,0,0,0
0h8YxaL9MnA9LsKKOYWggA,42,0,0,0
0hjTz0tI7e2jm1sQHtkrUg,42,0.61314719,0.61314719,0
0iBwDU_88feB_Drpmjkx-g,42,0,0,0
0iWJsvFtU1VzyqekzMOiiA,42,0,0,0
0igkaDyGdTtUeHU_k004gQ,42,0,0,0
0it9kPX7JHO7wtBktKDeDA,42,0,0,0
0iyooD2EG_uA1JxFenvqtQ,42,0,0,0
0jFiKymwqrjQD-kqLMkadg,42,0,0,0
0jIgFeBFOkt5SJ7weop8Iw,42,0,0,0
0je8Cw_nCPoU_0_hdFZIAw,42,0,0,0
0kPfZz9R1_0f7vYSXglF8Q,42,0.27900401,0.28225301,0.0032490031
0kp0MzOxqnXoeNeETZ0tzw,42,0,0,0
0l8_u9i8o81fU8ETJx797A,42,0,0,0
0lLCFrDu4R2lRJAH-zYTlA,42,0,0,0
0m6KJhYz7sZEFUAVfYJDDQ,42,0,0,0
0n1dC0VXqalTYVAtvjn5Dg,42,0,0,0
0nP7RnaaThFgphKUXtaZTw,42,0,0,0
0nqUmhc2qGmI9UsWR4HPhQ,42,0,0,0
0nuuk84GKG8yYIyyuYqvCA,42,0.063235676,0,-0.063235676
0o2MGFk3cbvCxxcyux_aWg,42,0,0,0
0oWnBfUjAv7ZmTWaW8Ufdg,42,0,0,0
0p6erysijmBCMFX6JiGyaw,42,0,0,0
0ppMo5YHewWO-F1FHfpjnQ,42,0.16569577,0.16569577,0
0qTnB0fFqt1YDvhYjBK6Zg,42,0.46927873,0.46927873,0
0sEuG1OE5ZuAzhjz_QVKeQ,42,0.61314719,0.61314719,0
0sqPc0VxXOLRV11a5eEu6Q,42,0,0,0
0sxiTd-rg8IICNUuDEvptQ,42,0,0,0
0u15tPqxQBVBX6beJ1D3sA,42,0,0,0
0u1hUugGxvzM_gEg8NT8Tg,42,0,0,0
0uV4JPUVJDa_Sw-xJY8eBg,42,0,0,0
0uVeXBy5iCFtbFMv09OLQQ,42,0,0,0
0ur15Tln5PK4lVQ3ph5Qkw,42,0.63092975,0.30103,-0.32989976
0us9bFdds4rqm117K-DCHw,42,0,0,0
0vIA16K6kXLOz5X1rRb0dg,42,0,0,0
0vZQ5uaf42Ue1e58M-7epw,42,0,0,0
0vg3lFMGU-A9rwTQxL8TJw,42,0,0,0
0vnF9En8gZfjipND_pzF4w,42,0,0,0
0wYuREI8lQncPuDw5ztWIA,42,0,0,0
0wrY4WgRAHMRjvI5tgP2Zg,42,0,0,0
0wrrmrTQJ8PDlwsFw6Od3w,42,0,0,0
0wzBLkMjGNhjqzPobs4LVw,42,0,0,0
0x2Iui-LyCofTkmjevf6uw,42,0,0,0
0xGf3NlkPuLeIOaIhyTqIg,42,0.079794539,0.15958908,0.079794539
0xIIhbp1ylm-WhOOBpp5Ug,42,0,0,0
0xLek5Zgnp4k6nsbI66YZw,42,0.30260241,0.30260241,0
0y1wqlnBfQTPOwhPGCu03w,42,0,0,0
0yBBVHdbfBC14E3c3FdeJg,42,0,0,0
0yfAQHARYo_esqbeoFc5CA,42,0,0,0
0yrgXkKQUl6aSNAWs25dsQ,42,0.63092975,0.5,-0.13092975
0ytcEzAI9en6xvFXKz_JtA,42,0,0,0
0zHAeKMmW9VAQm8quBKAkQ,42,0.3065736,0.21840744,-0.08816616
0zQoEssgAu219RiTagf1GQ,42,0,0,0
0zhjNFybw5S0cXpLabfmZQ,42,0,0,0
0zvfnPXE1i4Let6S_X4eCA,42,0,0,0
1-5Z7NwfMESZPv5X3Duhhg,42,0,0,0
1-7Tr7OywiMB3WotViDqSg,42,0.57975112,0.57975112,0
1-zcVBU1ibqivtn0gUVhOA,42,0,0,0
10-BfrY9mD-3uynso6kmIg,42,0,0,0
103mjpOYdqE0mk_rS5g1cA,42,0,0,0
10P_ZZdkG1UyIzSvL1UE-A,42,0,0,0
10WuyIPr5UhzqZ1xcWAuRA,42,0,0,0
10mOVtYHFxz9jdA5knV0jA,42,0,0,0
116WqzT3Egf7yfRp5UGWyg,42,0,0,0
11BKbKqER_Tbnqk_3yXj3A,42,0,0,0
11Q3D1kzcI2tsaNyEa2JBg,42,0,0,0
11QEug47dBrh7hwh8LZFfg,42,0,0,0
11XTXYmhkEFo7SwEb2ByCQ,42,0.037893591,0,-0.037893591
13FBU9xFBDMLU_YlQHetRA,42,0,0,0
146X5ov-ftmB3qyer72ySA,42,0,0,0
14D5we7dGDXlB6HVYbECuw,42,0,0,0
14HFvudIgrVH7su2qRdtKg,42,0,0,0
14eorytQ6DWRNPFdMOT6JQ,42,0.21398626,0.33916021,0.12517394
15AFoWFOPNHRUHy7GeL7_Q,42,0.23463936,0.11253889,-0.12210047
15Rp70KGPlznq6o7120UYQ,42,0,0,0
16L5l_KWcDNC4Bg9PtvVcA,42,0,0.12681702,0.12681702
16Xeku29Y27xkxH20CVOFg,42,0,0.11480929,0.11480929
16kli3vCVOaK6GPwhlWVPg,42,0.1934264,0.23719771,0.043771309
16t0PNNu5N-fHe7TNB02FA,42,0.63092975,0.63092975,0
195NFwBA3u4VXnyPA4HZyQ,42,0,0,0
19aAhhiIukw3IQxdCWnfnQ,42,0,0,0
1A6NGfGxOfg0SIRTE08vCg,42,0,0,0
1ASI0IUCt5jHjq4Caxq-1g,42,0,0,0
1CDs9-DeXNSvx_QzevMbrQ,42,0,0,0
1CmhdHhJHokf2mkemRiY3g,42,0,0,0
1CndurKBoAOdIlkZwcqhQA,42,0,0,0
1Crrb6iFPaTEn_K1HMpYcw,42,0,0,0
1DL7E0yGpppKg8ZLyCdm8Q,42,0,0,0
1EN03oRpBPVcSwLgLao5FQ,42,1,1,0
1F4ZbWIRizVXI7YJVLvlYg,42,0,0,0
1FLR36RTq0O4dGFkkRgsxQ,42,0,0,0
1H7pHbKkq0OyEO8CN7K5rA,42,0,0,0
1HDlTmyyRhu8XjrmQuR5Vw,42,0,0,0
1HIVxebUAYjdirhA0hJ3aA,42,0,0,0
1HlJ6ZHY3eMBeNnrJHKLWg,42,0.26264954,0.33333333,0.070683798
1IFmYXHFQwewawjtaoyBGQ,42,0.41253178,0.3618792,-0.050652585
1J3VGPKCb1E2PDABUR3NCw,42,0,0,0
1JfrM8feUtF9cVVnsb7uRg,42,0,0,0
1JjGmCbXlFfc6JX69IfUnw,42,0,0,0
1KU1EDQTHUVyEmC8TO8OgQ,42,0,0,0
1KwkzXm9mgTff4C1kIiaoQ,42,0,0,0
1L-CT-WlFvy374ifjJF40A,42,0.5,0.5,0
1L84JcuSzsgsF3WsRK5Rug,42,0,0,0
1LZAeDieJf-S6OrLk-AP1w,42,0,0,0
1M1HMZO1_TuTS5tQbHKIgg,42,0,0,0
1MJolSallMHdLsP_jB4i8A,42,0,0,0
1MwoiUajN2l54d4K9uTycA,42,0.33916021,0.33916021,0
1MxKwHOwynYG7lkFkTPrFw,42,0,0,0
1N4HNCbMIead4r_22jseHw,42,0.27023815,0,-0.27023815
1ODsWD3LDRBJfs8OSwq_7Q,42,0,0,0
1PJ-RjMqXHeymSkLRzuIdA,42,0,0,0
1Pk1NSVDz_pdXb-QM8JUCQ,42,0,0,0
1Q2s7_lLpG8hLrCfWCVvBg,42,0,0.30103,0.30103
1QJblqwnDGI-0_rHIzgdhQ,42,0,0,0
1QvWJtLJlruX-9cYYArTGA,42,0,0,0
1Tt_kBq5Z-cArXkXosHzFA,42,0,0,0
1Tx9hUGN-W2DLxINkqfx1A,42,0,0,0
1UCQOJxaOKqugbglLPd5ig,42,0,0,0
1UHyZ2T6ZWEDRai1TkPELw,42,0,0,0
1VBYDDdxWjztoHUfrGUIHw,42,0,0,0
1VJfQ3NDrLKUs50LdxT4Yw,42,0,0,0
1VpFYhcIg3iV1LoT1Zbftg,42,0,0,0
1XULjVqqDU8iVuU_6YATRw,42,0,0,0
1YLucJaA-gCJRRDsXyFApQ,42,0,0,0
1ZNoD0moOKQJWW6vEOMBJA,42,0,0,0
1Z_A2sjWphb-eCNLy4XmRw,42,0,0,0
1_2DkgyvN4Vy7gkb-XRA-w,42,0.22767025,0,-0.22767025
1_sws6Q8TiR21CzzNvxUiw,42,0.079457079,0,-0.079457079
1aSBB60c2G6Je3vhYptvng,42,0,0,0
1ao85GKiWKs1NbfZAtNEkg,42,0.75274257,0.38895809,-0.36378447
1avBfWUqoTi4TzCwrAPQFQ,42,0,0,0
1bNmW83PvG7MR2DhQkpXEg,42,0,0,0
1bmSAhUcz_zHYXqQUGVzMQ,42,0,0,0
1cfl2GIaTDJ_uiiIC_kUvQ,42,0,0,0
1coXLkVlfre7XiT_QVdv-Q,42,0.12011566,0.15642624,0.036310586
1d-NLv5I3B7dz1tn9mDilw,42,0,0,0
1dECMVjTC4-LQaUFQvK6rw,42,0,0,0
1da1ak2BlbS7BLbopJlwnA,42,0.61314719,0.61314719,0
1dvDFFAlpeY_4V5HJ-aGDw,42,0,0,0
1eihAXjjWTkqiTuI95qcZg,42,0,0,0
1eijL2sT-sVhAdYf7MfKbA,42,0.58659841,0.67138607,0.084787665
1fPkyfWFyp3NkxLi80ZswA,42,0,0,0
1gD0dtIhlr8p1lCKkfDN7g,42,0,0,0
1gpZXnZhfVYkKjWZXA7FzA,42,0,0,0
1gpvXKHROvFSKbdL11o4Pg,42,0,0,0
1hPOhqdOpoT0BXdQJ8bmSA,42,0,0,0
1hWoI2P90_7mO4qifnxvsw,42,0,0,0
1iMtOlXd7BRaCDejF1wZIA,42,0,0,0
1j0ef7b89BUBByKc5BNWDg,42,0,0,0
1jEmjihu1sFi5W5fmGbGOA,42,0,0,0
1jnEPKecERky-FnSeHl4HQ,42,0,0.063235676,0.063235676
1kVjDa0lupEe5uhnj28sdw,42,0,0,0
1kaD9XT1ZD7rT4oCpoXb8Q,42,0,0,0
1kfYDZEej0eI8HDUnrgOuA,42,0,0,0
1lAIpfpQxfMOmH8vvLar5w,42,0,0,0
1lV0zOCOVCVMaiCmdVrLaw,42,0,0,0
1msVg_B-Ef6K814sQDOTPA,42,0.34175034,0.29385141,-0.047898933
1mwlAJsbpb8lRRTCtBOKjw,42,0,0,0
1nEt3kNJs_gaq433fBCs4A,42,0.61314719,0.61314719,0
1okEYvcI_OuhLIRAT-pSYQ,42,0,0,0
1pDIAbNBTzriR7XFzn4lFQ,42,0,0,0
1phNaKyrbsRT1PbLs_JxCQ,42,0,0,0
1rCtEc1hzFF4m5zJ4wngHg,42,0,0,0
1suvUqjKTYrsWiHvbCswlw,42,0,0,0
1u-WnhkyE656xwuGzI1dBA,42,0,0,0
1uVstrxbTj2Lwkzf255okA,42,0,0,0
1vGD0NAre4oZ4evvXXzSSQ,42,0,0,0
1vh3MGM67d8HG2ZrkQfOXQ,42,0.1845757,0.61314719,0.4285715
1w0QR9UmXj4JlM-3ex0Y_w,42,0,0,0
1wUK4z4AlZB3yOF6TyCMUw,42,0,0,0
1wgYYWKWoDl4WFA8shpzKg,42,0.25981443,0.30260241,0.042787981
1x2nLYqAWFHIzXSYQc5oIw,42,0.054772661,0.046224408,-0.0085482527
1xFpt3S7c-8wkE18oG6QqA,42,0,0,0
1yXVKvK7uYjAZnonIl3jNg,42,0.14804096,0,-0.14804096
2-emzYMEFFSOcEBF6B-0NQ,42,0.27277641,0.31104184,0.03826543
2-eoODWXqLdQEpdO7NzAWQ,42,0,0,0
2-j3j-5s5XGSmDk7nrI2gQ,42,0,0,0
20-puMbCJsQoFOy_eitJZg,42,0,0,0
20yqT4DN_xJow5vnPSHIhg,42,0.1695801,0.1208113,-0.0487688
229zIiYYORTvqbxJ9ITB9A,42,0,0,0
23L6Ua1w15AFE3rK50jh9g,42,0.15000679,0,-0.15000679
23_C7_uVnqgeNFnGb9Q6zg,42,0,0,0
24MPavusJrJTvBP11nzpXQ,42,0,0,0
24RtLXUcl7AR9CEqAGvH0Q,42,0,0,0
24XzFoUlP8x8Md5nWfRsug,42,0,0,0
24tfgXa2FHMH1mSWmz0CUw,42,0,0,0
25ivqB2eX7dKBI2Ceu8ocw,42,0,0,0
25q3mWLHG4VWhpbyUq3xNQ,42,0,0,0
26SyTSb4GlvhebViQFQB8w,42,0,0,0
26xBgJZdonEeWATSPf9plw,42,0,0,0
27BHpqHUpjC1XBwMtv-tCg,42,1,1,0
27cXTZEG_ulT-BFGLYVBrA,42,0,0,0
29K-usmZfVDeIaQ85EG54A,42,0.28660591,0.3656474,0.079041488
29V4emFatqBzWv8ZSyYodA,42,0,0,0
2A-Kl3j18rw1gCvyRoulzg,42,0,0,0
2ADNNGZf6VHNd9QQLu1PCA,42,0.17297755,0.15451087,-0.01846668
2BJoehc-ukDcZ9brSlu71w,42,0.38685281,0.61314719,0.22629439
2BNYBKaBMOB28_jK-Bn4fQ,42,0,0,0
2BPoScmqXyIY_uJUfJ67gQ,42,0,0,0
2C8wxBF5uwcSYnV5LURDcA,42,0,0,0
2DKXX7tmKpMNTJAYjEuu3g,42,0,0,0
2D_f_K3DVHqucxxnBRmaeA,42,0,0,0
2ERPE4OY6QI18QKwtOVJ3Q,42,1,0.63092975,-0.36907025
2Et801Ws6YLBn1TFC3TMvQ,42,0,0,0
2FbLqUSX6NDCrSUeFMFfmA,42,0,0,0
2Fg6OIApzQNrn4jOS9T8wA,42,0,0,0
2Fyj7Z3TfCr-suCzeTADPQ,42,0,0,0
2Gg5MdVTcNmU4A6KvNOKCg,42,0.38685281,0.38685281,0
2GgK1Dn-6XF_SaE1iIq92A,42,0.3065736,0.26406812,-0.042505474
2GvFf5Exog80GpIRptSkYA,42,0,0,0
2Gy7OX3zFVfNeeHLhmpzJw,42,0,0,0
2I5KvdaoUstYsc-GlVMeWw,42,0,0,0
2IhBXOOrK3RMck1YWXyiWA,42,1,1,0
2KAhZgqmoCXFI8Q-XAu6ww,42,0,0,0
2KfNBDZqDncgZaVERvcW4w,42,0,0,0
2Klh1SBayERJYhNcC8Grxg,42,0,0,0
2LwIS1c7qsEM-trkCc8diw,42,0,0,0
2M_4fm3aM53Ne09scY09Iw,42,0,0,0
2MfjtvZWYT_DOY_ED6tcwA,42,0.61314719,0.61314719,0
2NE7xq5V_5sVa_DxPmCdfA,42,0,0,0
2NUG28232f4o5CGXmE704Q,42,0,0,0
2NoXQ26_VVZhhzV2LWAowA,42,0.15693994,0,-0.15693994
2OK_Z_SwK_kSA0DGGsRbew,42,0,0,0
2Ofc0rsZyLFc7L2aoN5duw,42,0.61314719,0.3065736,-0.3065736
2OsX8TFueAQwEY-H07uVTA,42,0,0,0
2P9dTqxfXDNAI10r9yWXxQ,42,0,0,0
2PrDYlo8377F-z1A5XMcGg,42,0,0,0
2QISVfuuSJ8ijyWLfejaPA,42,0,0,0
2ReqFQimvpebNYw2bwSTIA,42,0,0,0
2RrhHdj7WK2PVeZcI6CA-w,42,0.33916021,0.33916021,0
2S_TNGTL1gDTDu3T2GYuXQ,42,0.3065736,0.26406812,-0.042505474
2TRgpcrl06sDMqutPuXcrw,42,0,0,0
2TVb_nXC9HO1jpwvu4XkKg,42,0.15101962,0.24630239,0.095282771
2TqPveAKNsvFX-FL3jlXfA,42,0,0,0
2TrifbrZeYOENqPDpXSNWw,42,0,0,0
2Twb8UUR8qKA5gpexxct1w,42,0,0,0
2UH-1Dlml_3wLlcICfalWA,42,0,0,0
2UPS0rLvGREkxgFcSaje6Q,42,0.052780749,0.069431222,0.016650473
2UameLAnnXpk4LcHARt7Nw,42,0,0,0
2UtfM2Xk7WR1Gmp0NL7uGw,42,0.072567831,0.068893567,-0.0036742644
2V7phDywZp03gJ80G4XrUQ,42,0,0,0
2ZAGNRs2kmUk1H2BOW_3OA,42,0,0,0
2_2BKst0KstU-XzupP3kJw,42,0,0,0
2cxH4KA7Mqvw_LebzRb6Vw,42,0,0,0
2d0845Vq17_BGYh9BBLkfA,42,0,0,0
2d6yD5a0lbmkuWFQ52CuJQ,42,0,0,0
2dVw_UXTBzvM64iFRuJTDA,42,0,0,0
2dft4oKBFYhj_3l79TR4PQ,42,0,0,0
2ew6-2IQIz0vvGdQMMRLGQ,42,0,0,0
2fObkVAuuuPjuhSg_ycT8w,42,0,0,0
2fVt1yHtySXGmXDKUzasRg,42,0,0,0
2fWMTXLNI8me38FTjvLrdQ,42,0,0,0
2g0hEKKDpjo3rhMzvkyc9w,42,0.18672776,0.18672776,0
2gA2YbWZ3UdYJNbz4G67PA,42,0,0,0
2gR6HEe2SQtqNXr4sxZEeg,42,0,0,0
2gaEBscU94LsnkSUpMTfJg,42,0,0,0
2gn4aopN1v7UHm6S6YQzXg,42,0,0,0
2gu34YmwqaWVnR57my-yrA,42,0,0,0
2idGZbZFCz8ukGCp6rnEDg,42,0,0,0
2ipK1ij4Dho2A5geiTzQYw,42,0,0,0
2jBu0RSN5Nbwx0Igt33Lfw,42,0,0,0
2jv_2BgGoGUNe9M88hMQaw,42,0,0,0
2jxzcTdzfMRq1g0tARCxjg,42,0,0,0
2ks0guY-ct0QvqSzvTU9Jg,42,0,0,0
2lAAu6mqJrg23bYdXubhrw,42,0,0,0
2lIhS_VS7vsPBkmrkkTewQ,42,0,0,0
2mpb8K40Vn299iw6RJFwSQ,42,0,0,0
2n6MgUIgPPT5nG9BVJsHLA,42,0,0,0
2onScbifl3OVnepJ_vkFpA,42,0,0,0
2or_aoBxp-VP0JkLkJMmJQ,42,0,0,0
2p-Tb4TlhCY5op_3XTb_3A,42,0,0,0
2pu12rwMJ1iNVhqR4eI3XQ,42,0,0,0
2q2sfutoX4RmiMhqAQuAeg,42,0,0,0
2qW-VO3UxZSU6HSHQ7fh7Q,42,0.15642624,0.18154179,0.025115551
2qqUJSBq8TSMPgSIBOt1FA,42,0,0,0
2r98RLduWxcsTZYlzCprQQ,42,0,0,0
2rb1o-HdEWix4kZ-x_kLGg,42,0,0,0
2rntFIovaowDlYQZ8EGc-Q,42,0.16104283,0,-0.16104283
2szGjbEbEUHqEpVr6Dmkfg,42,0.035201323,0,-0.035201323
2uMlJ3h93VTBVSJzeICraA,42,0,0,0
2vJkzSHFT21Y4TKuivM9qQ,42,0,0,0
2vQLMCWp2GfcqLliK52zfw,42,0.17060922,0.10764243,-0.062966786
2vb0OZEGFrO1BAMMWZcy2A,42,0,0,0
2vi1PpZ3dalinWSSbrkodg,42,0,0,0
2wvbv2jpIqHGUFAfdaip6g,42,0,0,0
2xCqP8_BMw6dfzpidIPKLA,42,0,0,0
2xZOxoQNEanqwe7e0WTuYw,42,0,0,0
2yT9-UN9uZ7TB3Mj9kDYUQ,42,0,0,0
2yb95i4vV1m9zx-AXxzCLA,42,0,0,0
2yxgjPT0AS5v3bzgDlCszg,42,0,0,0
2zcmeql03gODHoeOoBuXvA,42,0,0,0
3-6c3wCRXUcs3qfJwxG2Eg,42,0,0,0
3-DfuhZjVaDCVi1wUB060A,42,0,0,0
3-XeIbf7uQP65fJcoOZSVg,42,0,0,0
3-hH3pZOY3nbzAS0w4ScAw,42,0,0,0
3-x13nIg_2D6f7pnD5WZrQ,42,0.48442341,0.41404059,-0.070382821
30PsWsSwAZEzUOMNlGXFEg,42,0.060658813,0,-0.060658813
30l8G4JiEuAQr_UHHXHgug,42,0,0,0
30yVHRbmerVMSGIgZVKuJg,42,0,0,0
310zgwPQRoe63E1pzzMVPA,42,0,0.33333333,0.33333333
31US0elxNU34N0KnVrppaQ,42,0,0,0
31aB1QYFb8X2FN0Nxb2GRQ,42,0,0,0
31wUB8kFVCACQ7EzAq0m8w,42,0,0,0
3228Q0rA1OXgniSyfk8Niw,42,0,0,0
32WfSHgaZYY_wNO3lcNwLg,42,0,0,0
32hMcxaohQrPBbNi5HRIeg,42,0.11752277,0.16207343,0.044550656
33Bw2CF3e10G6hzIhSzMow,42,0,0,0
345ZsXYJ0nnkqdz_ft0RLQ,42,0,0,0
34Z0OpvrUgCPYMb5h50I_g,42,0,0,0
34hxr6fmSRnmFrNWMVW2tQ,42,0,0,0
35FfK1DffCmdWM9rw8YYLw,42,0,0,0
35ovHbGuB3opVK2Crr45IA,42,0,0,0
35rogU22X4y7OcMmOhDpQw,42,0,0,0
3632AJBTgbXQDjQbo9UxNA,42,0,0,0
36NGDRpFuM9x5YL3A5ejAA,42,0,0,0
36Tsd9SS8B5k4Nb6rcG84Q,42,0,0,0
37FUZQAVQNT99CjxX3-hYQ,42,0,0,0
37ONylQQVdlxHDxgyX8Ykw,42,0,0,0
37jCYObB8eVH4r97eApe5g,42,0,0,0
381RJ1a5JmTlEOZiq9_2Yg,42,0,0,0
38XpjZyQiMmKtw0t_16Ukg,42,0,0,0
38qJ-6EZEPcuOq8vVKEQiA,42,0,0,0
38zVOHdO02GB3kfc31q2Kw,42,0,0,0
390wPgvm_xpjLSfnODPjKA,42,0,0,0
39RS633ZODVC3dCoYO3Y9g,42,0,0,0
39drhz2MpLpLxcPcwRz3DQ,42,0,0,0
39ob3TUuT8AVi4Y_POIJnQ,42,0,0,0
39w1YotSV0FP-uDkTbj4hg,42,0,0,0
3AqoIequcJPA0mhZ2k4K2g,42,0,0,0
3BXvYVCXtGpyx_pRxEjg0g,42,0.28606043,0.21078559,-0.075274843
3BgBfZUgQi9SyxcLJflvVg,42,0,0,0
3CLUPnk3heUSG1Dy0z42Gg,42,0,0,0
3CYDgFXGK5M8qfF8COrXGQ,42,0,0,0
3Clk1AHpskeeohtVXmgHpQ,42,0.24630239,0.36331756,0.11701517
3Csq1swemCRhO3eG0u4i8A,42,0,0,0
3E8k_Ru1NkKNg-8YS7nksQ,42,0,0,0
3FbgfKY5o9M9E-k88BybCw,42,0,0,0
3Fnw_VjHZPzMVSWdBfGduw,42,0,0,0
3G9zwCpr-pxQhO2D8-wvxQ,42,0.3228572,0.29201114,-0.030846057
3GWP2QTItrPA2FgRWO88BA,42,0,0,0
3H1P83Jxi3_XYiHEJLj_dw,42,0,0,0
3HaqpYZ3YjtZa5v0Ky8GYA,42,0.077216688,0.1208113,0.043594614
3IFfnwuFB-Y_0vSOlqNpSQ,42,0,0,0
3Iljqgx4LJXO_mCAPhqLNw,42,0,0.31546488,0.31546488
3IuR6mrNZfSu4GE6TGx1ng,42,0,0,0
3J2aM49GBgTfBfJgAw4SBQ,42,0,0,0
3JN5OQpLIYju2f6gsvkCnw,42,0,0,0
3Jab8-8Mrc5f1mKR01bvXg,42,0,0,0
3KjHFH1FbgkluebSUGk3IA,42,0,0,0
3KtIxHc6qg7b8I8qZgdAXw,42,0,0,0
3LDHxerWB7cJSv1c94q1MA,42,0,0,0
3Lnlm5a4hVK4kpkupAKMwg,42,0,0,0
3Lo6KrY0ps5KJAn1mOQ6bg,42,0,0,0
3Lu3Xc09RRWnddCIoHTbEA,42,0,0,0
3N7IwV5kNbNUYGHw478SVA,42,0,0,0
3NYIQQCACxCdUKkWB_CnFQ,42,0.61314719,0.61314719,0
3OYWr7SB6_Tn1_WWHSsTQw,42,0,0,0
3OqTsRD7b7gkhhGks31XrA,42,0.063235676,0,-0.063235676
3PPIz1OS8xeXXnfVQk5tdw,42,0,0,0
3QnoTcrxuafMCoTzW_AH7A,42,0.13802625,0.1782103,0.040184045
3QtEWCmF3wvfpevIQA9Qcw,42,0,0,0
3RDFq0X4j8oQ5kJLMbwYYw,42,0,0,0
3RWGqFO6sNAzCaO-qqaqGw,42,0,0,0
3SV-QEHpf32qeSj9N64djg,42,0,0,0
3SZ3-7Tk4GNo4UyI2ENE2g,42,0,0,0
3T-sEkytvMLFs03LDqWGUA,42,0.18154179,0.18154179,0
3U3hKB0CsGF-8T0oh5dWPA,42,0,0,0
3VFH-yuHU-G7-BlxX5W8BQ,42,0,0,0
3VL7MACAowyjclox32U-kw,42,0,0,0
3VpYwTpNhVS_eqOhCKr5wg,42,0,0,0
3VumqdFXXiacB901FIPZQw,42,0,0,0
3XlkocqX1OjcpWOuBL2Mqw,42,0,0,0
3Y3uIfrb7Fm6e0K1Tlyz_A,42,0,0,0
3ZcX6qJ94Fb5FY6eXup8ow,42,0,0,0
3ZhfLvGTckBFVroBHCcPUw,42,0,0,0
3ZtKlGT9UNCv0tqVsiimkg,42,0.099920907,0,-0.099920907
3_V4v5gtjopdZPSscwLlRg,42,0,0,0
3acN0RvVd8T_Nf8w1QfI2w,42,0,0,0
3agKxC3HL_vTFI6BqarcPw,42,0,0,0
3bNFtMOQ_3nnZRbxZKH4Kw,42,0,0,0
3bfphnJ-_4LHEfv5qGC_kQ,42,0,0,0
3c3uj4KIExrxmbSLOkzLWg,42,0.061173315,0.061173315,0
3cUs9CRvWwUWoDG6V0KMPA,42,0,0,0
3cr2LuEQqEasx7Kian2K0g,42,0,0,0
3eUcEEdRHebSlsmLrLDiZg,42,0,0,0
3fIMi3GS-ViSxphI0zsMPQ,42,0,0,0
3fPtmTeOaYft2WHULlK-7Q,42,0,0,0
3fY1y1qY4v9PhfI0-kIB8Q,42,0,0,0
3fj9Kn8fcSo5uC9QDklatw,42,0,0,0
3g2YNSLUivvxrWC2wkMtGA,42,0,0,0
3gwygoIpFMRgEEfvN29FeQ,42,0.22382465,0.21878348,-0.005041173
3gxsDhNyzutTeve4BSkS0w,42,0,0,0
3hMOnABGXZZdB5QMx1UbIQ,42,0,0,0
3havTvfd7TrNMS6ldiBn5w,42,0.044810432,0,-0.044810432
3hoDHJ9nE7H4oYH8dD6jgQ,42,0,0,0
3i8yEBUpbJ9RYBw80o0Tow,42,0,0,0
3jsMfjpVNHWzB5Kj15Wp8A,42,0,0,0
3kS7XYAikMjirCWKxu59UQ,42,0.041058779,0,-0.041058779
3kXfnV_qigA-jfF8hOeC0g,42,0,0,0
3lENadprD0twnQBxw78_xA,42,0,0,0
3lt493FvXxgNFWiIk7vA4g,42,0.44149241,0.39732201,-0.044170407
3mLb7phQpIc2UyK1kjUN3A,42,0.3065736,0.61314719,0.3065736
3mZdaLuQZ_bYnX7skcwi6w,42,0,0,0
3mwqzfJCBbYSi_0Tpc_Abg,42,0.091654028,0.08908027,-0.0025737577
3n0_L8nKX4LcQG1yF61wtA,42,0,0,0
3n5UEZtP96GBNpRXNF0QNA,42,0,0,0
3o5yKkqJf8q2R_BMu40z_g,42,0,0,0
3oKtLdAO138VHY8KTlpXuQ,42,0.22454263,0.22924436,0.0047017312
3pI0mFB4KkUEAtaxlM3YyA,42,0,0,0
3q9hEh1NJYbsHQn5Poc1cQ,42,0,0,0
3qkPmzCKpvyK_4z16uIVDA,42,0,0,0
3rerGCdKLos4n-R1l8UW6g,42,0,0,0
3sadxxZ_I-6I52aRft_S2w,42,0.33916021,0.33916021,0
3scNBFQq5YMwzuB7_eYmLQ,42,0.31086582,0.44830399,0.13743817
3u0j5YsLW8xh5He2kZKMAQ,42,0,0,0
3vhgB61xMkj5TzBvwzPTMw,42,0.13012668,0.39038005,0.26025337
3xtK6Iys7V4AHDau6SCxzw,42,0,0,0
3yhve4v4PPVYK_Sova9RrQ,42,0.46927873,0.29608191,-0.17319682
3zJG0wjSakIullurajeHOw,42,0,0,0
3z_lfmfHSbkgmq2RRNeedQ,42,0,0,0
4-JUrXMZzrVQHcdecYxQ5A,42,0,0,0
4-NM3_l9woeajDthJtZNxg,42,0,0,0
4-cD3XkmNIIiGiUFtfLN7A,42,0,0,0
41HIVLipEiCXpwtjTcYu4A,42,0,0,0
41S71ht01Q1QsZG5HX1BYQ,42,0,0,0
41VLcOKLZjxLjQJoK8PKOg,42,0.25,0,-0.25
41ufVYFZFiKYYumYuhz3vg,42,0,0,0
42ohTXck3pWdUzpkO3wTug,42,0,0,0
42sa04VhipyKIk-_e2VT4g,42,0,0,0
43qHjBGrqaR9a4UmN6a0aA,42,0,0,0
44HB8gAdtVf1AWZOcOxjzA,42,0,0,0
44gLvK0zs6PCrl85da_2og,42,0,0,0
455OhgCwjroXtZzwa-KI8Q,42,0,0,0
45MBfItHUH17HZuM78XyhA,42,0,0,0
45apTGPysFkMNlbG17Zj9w,42,0,0,0
45rnndQATVQNb4bogKoblA,42,0,0,0
46Wi08T5D3phf3SMgi7U3w,42,0.090928031,0.070755761,-0.02017227
499ssqzO13m_GFXD0W9G_w,42,0,0,0
49jFqfV0sHD8jrU7pKIQXA,42,0,0,0
49sNJ1cHVRW4ao2tAUL9Ng,42,0,0.084790051,0.084790051
49xgwHw7dxPWFLlgOt7LJQ,42,0,0,0
4A-FWiR3u-l6qHPO1YUP6Q,42,0,0,0
4AOchnqKBnF-ivpq9CsYkw,42,0,0,0
4AWL_QjOluYiaSgV75bJbQ,42,0,0,0
4B-ndSrQTd5aBuFlR64siw,42,0,0,0
4BDz8a81CWt3N04SKEXcyA,42,0.24630239,0.39038005,0.14407766
4BSKXV3QMeDQKqoOthvZng,42,0,0,0
4CHHUotGBbpa4r64VngCXA,42,0,0,0
4CXx8wj1c74qdXWE4ER1UA,42,0,0,0
4DJJq1Lhv3jgdjahshmJvw,42,0,0,0
4DYxTfx4BszdCqSJz964bg,42,0,0,0
4Dbvt8vBymZCCavVAWzBIA,42,0,0,0
4Dg8tpKaLawS4id2SQ2Afg,42,0.16976104,0.39806285,0.22830181
4DkhJhJMchEan4stdmah8w,42,0.066513772,0.14115835,0.07464458
4EXv_hr3cv4omE6m_uJdwQ,42,0,0,0
4EtkkiciXXs6MuC3VkxR6w,42,0,0,0
4FBaoFT-UGwCzxSqWXvvfg,42,0,0,0
4GVtLpaB_PCXyvXd5ZQjGw,42,0,0,0
4GYfcO_TCGDkdy2SSWrwRw,42,0.46927873,0.29608191,-0.17319682
4HidorB-37SNM-g4K6VVeg,42,0,0,0
4HwrNPfMoSAiRqgzPr4xRw,42,0,0,0
4I0CNcNYC64DzlP97I6stA,42,0,0,0
4I365gvkybJrwTMfeBTyIQ,42,0,0,0
4IF-Ce1LinCQn_lvWIPipg,42,0,0,0
4IuB0IsFVE92JkHiqwZlOg,42,0,0,0
4JDYZlDoJ14-d2JFxZDC6Q,42,0,0,0
4JZDZ_ENOGWH1VK-UWtghw,42,0,0,0
4Jsmb92lYx8Djk4QBk6aXA,42,0,0,0
4KIGyEVFMUENA0NLkqlKlw,42,0,0,0
4KV_ptAjl4xFO6Y3Rpa3MA,42,0,0,0
4K_kA9Q110MnQxwqjndWaw,42,0,0,0
4Kd0Hocgrnx_Sil9n33NYw,42,0,0,0
4LKSAkQVGQWy2ejoshPm9A,42,0,0,0
4LMZ9E_gCW-937KqG2NkkA,42,0,0,0
4Lg7UMoLw0dKcVWVjSa3Iw,42,0,0,0
4MPObGw2gqQFDqZYgglkzg,42,0,0,0
4MfK0xK0RHmZU70zrpXG_Q,42,0,0,0
4N1fN0kaGVQuYPg1P8U5uQ,42,0,0,0
4N5SIQ1CkO023k100hXUZA,42,0,0.11253889,0.11253889
4N8R-1EkUCcCHIzkEodTsw,42,0,0,0
4O9tKXW-DS8Amo2hYNf40g,42,0,0,0
4OCKtej61Tn-oZUszCTPxA,42,0,0,0
4P0BiA66DSUXF4ilhYAiTw,42,0,0,0
4PN-defKNdm6JQXrOWvO6w,42,0,0,0
4RMsC2EKHOrOZfwys-Wj2w,42,0,0,0
4SiEqgp-g7RauA4_ONj-4w,42,0.55314647,0.55314647,0
4Tp8wNiFCa4U_sSfcgQtbg,42,0.48867512,0.28606043,-0.20261469
4UAqdgiCe1jwI1IQl96MIA,42,0,0,0
4VLoLOArsAVdLEwc5Kq5rQ,42,0,0,0
4VrIZu0XAJHFNhA7nPDhYg,42,0,0,0
4WAEZS6rEbKwN6q-U_PGoA,42,0,0,0
4WHitFIWTTmj8gE--7GyoA,42,0.039621067,0.038384638,-0.0012364289
4W_LEF3rzYwLnQcRwnkEJw,42,0,0,0
4X4C16S-3OQCNe3gnqkXlw,42,0,0.069572982,0.069572982
4XF-rv-tDWKh89B3o-hBZw,42,0,0,0
4XQtil8v5xsXNndM2_Zh_g,42,0.078474282,0.086810776,0.008336494
4Yc_9ZQcTDJebWtF-HiMqw,42,0,0,0
4_-zkpjAEtIUHNd8tZbb4g,42,0,0,0
4_IJKLhoyof73pvRal4Exw,42,0.35256832,0.37136561,0.018797284
4_h5AwPKPkv3J9CL7E5x2w,42,0,0,0
4_zR04rocURsB40lGDoVnA,42,0,0,0
4aMXPlufEmRgTxE2NGrQXw,42,0,0,0
4ay-fdVks5WMerYL_htkGQ,42,0.16716045,0.2173132,0.050152744
4bP86EzvAa0sfaxrYW5_BA,42,0,0,0
4be_EsjoZWEzugy0JgjuKA,42,0,0,0
4dT9tzwPvpFEWk1iHLl-rA,42,0,0,0
4fTm8qhzNnSXYHugs-Jcrw,42,0,0,0
4gYZYVb-i7bZSv8qQt1GlQ,42,0,0,0
4g_jqcFM46xbHGkGbsRgHQ,42,0.20560135,0.1208113,-0.084790051
4gkfvEF5pGgid_60MjJ1fQ,42,0,0,0
4hjM4P6RhbBdEsh8nVaHpg,42,0,0,0
4ix7NQyuXCmYT1sfblfbJw,42,0,0,0
4jO-xw8LGjAViH9JAcHx0g,42,0,0,0
4jqSryBOZsomgAUh29EZ5Q,42,0.2043824,0,-0.2043824
4k1PXqrjXFnmRDvi1iBYUQ,42,0,0,0
4k43P1zuES57ewaGC4jYjg,42,0,0,0
4k9VgRgRdmxTT_cbqV-QhA,42,0,0,0
4kjVKQhMJKdlasEkn_Nkxw,42,0,0,0
4lM4kr2y23ywPMrrLfB43A,42,0,0,0
4lXwcTkAaoZoO17y9eOljQ,42,0.35327303,0.34777923,-0.0054937993
4lgNdeFeiCPxaC-196pC5Q,42,1,1,0
4lmQO9v2FlEWDuUry9XoiA,42,0,0,0
4lqCq74yhXJ_bgYbcn2IiQ,42,0,0,0
4lqjXCeksMZcLcXCJSRqVA,42,0,0,0
4mKoJ7dUrfdczKjvcOzMdg,42,0,0,0
4mrT5PzEYZymN_lyxEU1cA,42,0,0,0
4nTTGHn5a1L6Gsa0LWFpcg,42,0,0,0
4nXQzv_tLNgwBaNnvUpxpg,42,0,0,0
4oWWLIkmXjZc9-NNz3UvUQ,42,0,0,0
4pVTrtvhp4yFftyR0ZqsPw,42,0,0,0
4pntxnXXeIc-OMg5KcTRTQ,42,0,0,0
4q3S_sR4fcbAkTTb7uUpFg,42,0,0,0
4r866gIgHh8X3KJrZSTLnA,42,0,0,0
4rrK8opMym8ZsiaasWYpww,42,0,0,0
4s3yFhYWsgZW2xdMI6uDSA,42,0.45321561,0.4675412,0.014325593
4tnd3k-foRbvHLNCHVUEdA,42,0.29608191,0.46927873,0.17319682
4u8zZaT5m7nO1WazdKA2sw,42,0,0,0
4unp9dgjcponPNomnQU3bg,42,0,0,0
4vkPNmjOIjYAjq6WOHFGFw,42,0,0,0
4vrgIhNt7AVdvJma6xUmCQ,42,0,0,0
4vtcLKnGlKvvVbSo1i-u5Q,42,0,0,0
4wTO4_ngs0o_1OFfAHOwxA,42,0.12325584,0,-0.12325584
4xIt8GPs65e6clbyIa020w,42,0.61314719,0.61314719,0
4xLrpjH7-tCsprlNFpmCeQ,42,0,0,0
4x_lfo487qKjO3vbboZeMw,42,0,0,0
4xudantfMxLy1l5G1tWGnw,42,0,0,0
4y4RZcCfzOWNBAfNjSbHhw,42,0.088877923,0,-0.088877923
4y5ZrSMHFw83OFV7hQBndQ,42,0,0,0
4zu7xA2uDDVnnjeZSOQblw,42,0,0,0
4zvowGl1auvc_Jx1lRmGAA,42,0,0,0
5-55tTYaTJWzozVL96IqCw,42,0,0,0
5-D0Fvps-RH8aAQvWwsz-Q,42,0,0,0
5-QjplGCcD6H2xL7h7zMJA,42,0,0,0
5-sOJeMcqFAZryzfndKvHA,42,0,0,0
508Y2A3yYQOyGaMDUYFXQQ,42,0.2529427,0.15958908,-0.093353626
50Eb23aaJQs2yzTbJ-Q7XA,42,0,0,0
50vAjRE16GmbxzsXOdJuhw,42,0.28016905,0.27381434,-0.0063547135
522M-weF78TSm8yOi6MtBA,42,0,0,0
52Bgnha6omTTVxr-8qDV8A,42,0,0,0
52R1k6G03m8ES7N1rXiB1Q,42,0.31768542,0.2529427,-0.064742715
53Df3xUW6nRkiFatSVdLVw,42,0,0,0
53oQWFixs7U8N5s3uzePYQ,42,0,0,0
53qzkwfeWYe3WqIrBxYC-w,42,0.1934264,0,-0.1934264
54EqbQnqaTDxlLxdx-A0Ag,42,0.46927873,0.46927873,0
54s6FuSZNI2k8t5WqyGr1g,42,0,0,0
54wHjVLFsYt9ksGkyNOM-g,42,0,0,0
55E99HsnSiOWULc6HCjC1g,42,0,0,0
55fCofuKVb7XP3newzmX3w,42,0.31279252,0.29168562,-0.021106898
55qqRv6iwYXCMyCpYIC4GQ,42,0,0,0
55rGLCUo62yb-LwqL_CX9w,42,0,0.14434031,0.14434031
56GGfi83bWtNIThBNOaBWA,42,0.63092975,0.26264954,-0.36828022
57a4rVQ2Po6csI7VxBEjGA,42,0,0,0
58Jb1re0r9Sk0IKJyCQjag,42,0,0,0
58WMES34TzBpMXxUVmKeqg,42,0,0,0
58b7dl028bfG1xBEjgH5Ow,42,0,0,0
590n3_2wj7xIPBzw8ogXTg,42,0,0,0
5AWxeQ_aOZgP541WcwEW4A,42,0,0,0
5B6G228jKEYh83zrIQwTIg,42,0,0,0
5BcHiekf8vqEka35NcoW5g,42,1,0.63092975,-0.36907025
5CbTPG6rukq0_3MJ-HwZkg,42,0,0,0
5CfRj0dIV1EPlarQ8oeh4w,42,0.08908027,0.10699313,0.017912862
5Cp6MX8pn9MzsD559QpVfA,42,0,0,0
5CpIu_UkdVfrri5t2nKBnQ,42,0,0,0
5DFAq-cfv88eZEW-6Nm89A,42,0,0,0
5DnrwaETQg7l0c7OS9bJ9A,42,0,0,0
5Ep5HPakBPrSljrsrsGk0g,42,0,0,0
5EpC5U_KOXQDrN7h9NbcVw,42,0,0,0
5ExUun4n-8gIo3kh2d5k_Q,42,0,0,0
5FSBYzv_fErCQ0xnEuzYYw,42,0,0,0
5GLB61xLOP6T-pNsr7rslg,42,0.11611296,0,-0.11611296
5H3Iva0zn5W7vF2zSu69vg,42,0,0,0
5HmK6riLkciM0Xxo1ycNTg,42,0,0,0
5I5_-TXF6U0z_rnxFKx1FA,42,0.22009177,0.22009177,0
5IDOHpkKaD5JqhoPCa1Csw,42,0,0,0
5J0HQKKHrqKF6ac4naU2EQ,42,0,0,0
5J9N4ol0ho5_oDB7x4JrKg,42,0,0,0
5Jb3fPiUm8ttsvrVlpeSfw,42,0,0,0
5LtOwl4pMb6d9ozE-XULoA,42,0,0,0
5Lw9vZhqUYECMgEy0t4_Dw,42,0,0,0
5McsFQqNIp_7ludsWRWsqg,42,0,0,0
5OpYqBPvnAGDxEgbFGrq7w,42,0.047209983,0,-0.047209983
5Pt_oa6luvFFUCs8SIN79A,42,0.12325584,0.15642624,0.033170403
5PyfIcmMjFFDHohr1jNOgg,42,0,0,0
5RtdJqGTrVqI5v5qiSayfw,42,0,0,0
5SIS2wal6jpOAY0zi6g19Q,42,0,0,0
5SKqQa8vE5tGeB8qm4YTOA,42,0,0,0
5SLUfFWOTLDzYxrEvzeudA,42,0,0,0
5TE19zTjTIPq1HANACN7sw,42,0.19519002,0.19519002,0
5TlzxKF_jPY2v8YVrye-FQ,42,0,0,0
5VQiGL3Kf-jVkOFLU6nuHw,42,0,0,0
5VVWJDnBzf__QibgQtubwA,42,0.38685281,0.38685281,0
5WlgxTxnsFHAEuJhnFvMXg,42,0,0,0
5WwdKJhYGXMKYM2s-C5vMw,42,0,0,0
5WxSSfiFyHlAtYQBDUy9NA,42,0,0,0
5X9op_99I_b1VlsrkzsgAw,42,0,0,0
5XPhGgEQ0W3WUDrdPfFdHA,42,0,0,0
5XV9WW2XEe1ygix8a4NLTQ,42,0,0,0
5XpARg5ldsmNK8iZHRYAHw,42,0,0,0
5YGpTtEFfM9um0ibHAVmtQ,42,0.39038005,0.39038005,0
5YH_jb-RPeNPqrI2lmUOdg,42,0,0,0
5YYrF7jZmu7BKz-mOTdFBA,42,0,0,0
5Y_FBF1nSseDwNmwBsXX3g,42,0,0,0
5Yi2xQ51bh7l5TOe682BCg,42,0,0,0
5ZafgSpqedIa1UgvvRm5Lw,42,0,0,0
5Zb9rPNpvX_bC3wLyD0ECA,42,0,0,0
5_Qa9AZMLz0G0KBIhlIYiQ,42,0,0,0
5_wNoMq75kbYm_54Y71j2Q,42,0,0,0
5a-3jw_SxqpVjL2C65lslA,42,0,0,0
5aVByErCyBwi-cnx_iEJmg,42,0,0,0
5bUMxHvLMIK2pfy9ftRkBg,42,0,0,0
5blTaqGp7uLph8qExpRYWw,42,0,0,0
5brVyYOgkbT_ibCUrxoRiQ,42,0.032864971,0,-0.032864971
5c1WuTtNJhjdK4b2dHoDlg,42,0,0,0
5cBooky8Y5_q5FV2zK-hPg,42,0,0,0
5cFT89ikb3Ss1JQyVaP2wA,42,0,0,0
5cjRF9eGf-HcD0RNL6On3Q,42,0,0.094606347,0.094606347
5dAxVCq99MuG5DrBRMt78A,42,0,0,0
5eUM1KPzCsUueySZCOKeuw,42,0,0,0
5eiLUiKhnbVteCkqKGYl8Q,42,0,0,0
5f4UjxbMJwTPgmrHsB4DSg,42,0.1934264,0.38685281,0.1934264
5fVIFUqCfVeEgojuJBiOEQ,42,0,0,0
5g02bNEK3VnHLItKMCFGMQ,42,0,0,0
5g4txQ-lQ1EfmKgV-QIAtQ,42,0,0,0
5gQi2KTmdCvJSVkBRLIKvQ,42,0.094606347,0.1208113,0.026204956
5gn4jRNfbEmiX0p8U93qrg,42,0,0,0
5gw-M3x7jza_C3dck-1Z3Q,42,0,0,0
5h2o8drV5RRB1fdj5O-Vuw,42,0,0,0
5h9JA231vPilNAIjHxwGng,42,0.27894295,0.27023815,-0.0087047912
5hh180xTIOfRx_skElgEjQ,42,0,0,0
5j1P0jfbD-VYjxVkDpnR0Q,42,0,0,0
5jKScvMqxW_rzd0D8xgX1A,42,0.065452645,0.11068295,0.045230304
5jgeOE9JZkJbH6chCKSGlg,42,0,0,0
5jvSJHESav3c7VOgH0aTaA,42,0,0,0
5k4Y96ng_Ezk2cXrvXIPPw,42,0,0,0
5kZvUX8-rvTvoEaK5gB5CQ,42,0,0,0
5kcLlhJPLJL_GLwrAdbZAA,42,0.13118739,0.13118739,0
5kgthUq99HUkjy-CHA18OQ,42,0,0,0
5l83SrNyEylo5AhHM2dv9Q,42,0,0,0
5lXLfyND3naSNHEuiHsjmw,42,0,0,0
5m8JqK9RL7Ycrf7dd5EQ7Q,42,0,0,0
5mDIRahyGnC6nL7a__gZSg,42,0,0,0
5mLJGjgGq8JBBIQLkNfl1w,42,0,0,0
5m_IbLkCnC451cURfLjCtA,42,0,0,0
5mkncwQfS4_0n-vIjQ1oLA,42,0,0,0
5nVEsoRiuqW5dioO54vfqw,42,0,0,0
5nd9UFG5AY_PEsUYZoCKJg,42,0,0,0
5nsmVnwkxaO_JsxvmDN58A,42,0,0,0
5o3aRW06uVh6Mowaxt9S6g,42,0,0,0
5p79-cmKidiK2xcZm2OArg,42,0,0,0
5pkLT9SvOrumAJwfWtL4Fg,42,0,0,0
5rHxypZXthrCWgJOri9xow,42,0,0,0
5rOqW3YqY7c9kqoSFBB6jQ,42,0,0,0
5s08Ej81mmy__xAjQljOUA,42,0,0,0
5s0lRoSMBb2a-9k5JxRyhw,42,0,0,0
5s0rQ61Q-ZayTPbEXQFSaQ,42,0,0,0
5t5iMyrt9e0kA69MaQq7rw,42,0,0,0
5tLSqXhNHuSKJXs4RCZNUg,42,0,0,0
5u8op3jpkU-EzlyzNCPtUg,42,0,0,0
5uBPTsRnZDVYxvKSbWS7DA,42,0,0,0
5uFIyo8VAxXx2PwklmjrqQ,42,0,0,0
5uYARe7O_D95tbPanyPdqA,42,0,0,0
5uYy1DJ7JcAH_N4Hc4tPBg,42,0,0,0
5ub9eFex4ybFFatUI1uS-Q,42,0,0,0
5uowr1mhZK37DWJ23n40tQ,42,0,0,0
5uuFwsi5M5oC1MLEnIQmnA,42,0,0,0
5v2aYs4lQAhE_LMQlmSe6Q,42,0,0,0
5vQ6JC8ytvurd4f3yhqdyw,42,0,0,0
5voeQd3-xwzmq7v23BaLWw,42,0,0,0
5wkw8oWWumsncnyfdH56qw,42,0,0,0
5woxFlLII81pXrqFSZ3ndw,42,0,0,0
5x71bhs3dPEzpePDVYOvmg,42,0,0,0
5x7fNarGLyN26RutlNEuSQ,42,0,0,0
5y6ynYdX95c06XR59xwt4Q,42,0,0,0
5yZs0ADLPdftjy5khSa_NA,42,0,0,0
5yeJ2jawR7J3_cpI3MEQeA,42,0,0,0
5yuam4dcjNxgk8Mop1Y9qg,42,0,0,0
5zbOaHWqMOhy0G4kEg9wKg,42,0,0,0
5zgNmtVU5Xg1zBbxutQCjw,42,0,0,0
5zrhr_z8CyLyIRUwp_GipQ,42,0.041739638,0.047590238,0.0058506002
6-0FuiHh5SBgnbK_YduupQ,42,0,0,0
603xajB03-Y2ZjHVSGHc2Q,42,0,0,0
60Yc-EhGIA6EgqL8tC36uQ,42,0.13947805,0.066000655,-0.073477391
61FNJUiDqXReViksOYiILQ,42,0.34714226,0.44373163,0.096589363
61bMkD5r2V-cuZ8k0VYzEw,42,0.065918771,0.076674814,0.010756043
61yZ26RhF0g_bdumzD0yWg,42,0,0,0
635kDyzqanODRxidHah6rw,42,0.15000679,0,-0.15000679
63D3poKinWYKxUsXjlz6FQ,42,0,0,0
647DvK0kZKqf_LIhbCchEw,42,0,0,0
647tuHTcRtokSdCSElNV0w,42,0,0,0
64kL47tbrqHIOmj-n3h-dQ,42,0,0,0
64tX7lyyIPifkSZay_93VA,42,0,0,0
65qbB9h_uLvS5JTiC-g-0A,42,0,0,0
667MtGFNT8MLdlZbZQv-Gg,42,0,0,0
66p5trg6e3cxqs636hTrpQ,42,0.63092975,0.63092975,0
67HwuY1mtttvvnqn9tHU0Q,42,0.51353124,0.39038005,-0.12315119
67YrvmdkWqC0arqgt0obJQ,42,0.079841335,0,-0.079841335
67kcVwjyPgXxKnFglBgPJw,42,0.38685281,0.3065736,-0.080279211
68WLscA6A4s9FTXpGDq2iw,42,0,0,0
693jtVYzvhwbATcoGxTgaw,42,0.30259479,0.3812361,0.078641308
69Bka76OL2hmOFot-Tp59w,42,0,0,0
69qAxnG2ARbolXNHphbhyQ,42,0,0,0
6A4l0clHoYbOs5KFiQBboA,42,0,0.059940838,0.059940838
6ALfOkoEPUSHt0QgZYyoFw,42,0,0,0
6AtlFGbu3Ul2aCxCV4eNMQ,42,0,0,0
6BwkvJif0MRzap3782JQ1w,42,0,0,0
6ByJ2gP1L8ZOwoS6tEqG4A,42,0,0,0
6C_38muP-rFWDZKRaxnUqQ,42,0,0,0
6CvDpUjLcTA2FX-rGVLNCA,42,0,0.1532868,0.1532868
6DrKoAxWowKnJEG6alpHhg,42,0,0,0
6DyHNLlqBBevvIcJjuskGA,42,0,0,0
6EMLT6YqIhgP3SKwmgTgCg,42,0,0,0
6EWf9mJbX7sz0hQTPlbfHw,42,0.61314719,0.61314719,0
6Eazuo0lesNNckHKpAW1TQ,42,0,0,0
6FoOI-L_InhVuhEASBoELg,42,0,0,0
6FtRABi1ox4n9s1Qr9P49Q,42,0,0,0
6Fz8X_VdN0S8tEg9fQRf3g,42,0,0,0
6GX4GZtx6C7m60p3rO0uVg,42,0,0,0
6HRGSS6ll0yqapdN2vPi3w,42,0,0,0
6HX9afrZ-cOCGjCCaU1mcQ,42,0,0,0
6HdiL30F2bX_Tmvj_RkAUg,42,0,0,0
6HjS4M5eU40yD_9QVEBRuA,42,0,0,0
6K7QdxDNR16h6CJg_iU0oQ,42,0,0,0
6MLBuAOCcjcKFc6P3w9qSA,42,0,0,0
6M_6gWmMqYzGdbw9v5eV3A,42,0.13905618,0.10549558,-0.033560595
6MuP3sJeTWp8EDeW04X2LA,42,0,0,0
6Mv-qMJyxSokCu8YFM1o0A,42,0,0,0
6Oz68PZ4eAcDW7zDadDI6A,42,0,0,0
6PDXU6w8YJ4OzQR4mwVK5g,42,0,0,0
6PNP7kWDppTaPuzf6YTIOA,42,0,0,0
6QC6qsQ3a8GpYWshL_Pj1g,42,0,0,0
6QP95ARs4kbOps-Ca034wg,42,0.11731968,0,-0.11731968
6Qb3pSCN8_f48bamSogJdQ,42,0,0,0
6R1EcQvREY_Qs6Vf2dy5sg,42,0,0,0
6S4uxbPpb9pMk9bKMUVZng,42,0.28942997,0.2914124,0.0019824337
6S_QIPCejdJEht-LOY0zcg,42,0,0.074031845,0.074031845
6So-UCC5i9ckh4IwoXQzbw,42,0,0,0
6T2g0-MKq-ciz1aLJzu9Aw,42,0,0,0
6TKed9AZrD4DXcW4Nw-4Qg,42,0.39038005,0.39038005,0
6TsADh6mTTdLR-h-1h0c-w,42,0,0,0
6UQPYztf7bhhwm-B1JtDjg,42,0,0,0
6UmoicYOoMZR1mAAl84_tA,42,0,0,0
6UunqF-6SDRhN9Avx_Kh9w,42,0.63092975,0,-0.63092975
6W9UaVleC0tAORph2u5Heg,42,0,0,0
6XI0gneBI4zeTa9r4ok1CQ,42,0.14434031,0,-0.14434031
6YAPZtzvMCAtqc6RIBKC2Q,42,0,0,0
6YJy8c4RVQCgdf3FrnwErQ,42,0,0,0
6ZPx5F3Fykg8y_GK3xyt0w,42,0,0,0
6ZlyGryn4LTIl4NaxXmSnQ,42,0,0,0
6_3lD-Fu5dTVqaO5k7QqWw,42,0,0,0
6_JG7QXrhqUPQa3lJ113vQ,42,0,0,0
6aQpF3gMLwwEALcbwQIkIg,42,0,0,0
6bxzJaXxGCqApmJsyIlr9w,42,0,0,0
6cPC5XzBoS1IAM-bS2RAJQ,42,0,0,0
6c_a4XxduJka98QvMIM8Tg,42,0,0,0
6dAbQyvbh2hl0GJ9jJfpqg,42,0,0,0
6e0Y3XV26x63P1gvQseoNw,42,0.12681702,0,-0.12681702
6ePDkODaihUv30zsTA-F-Q,42,0.38685281,0.14704034,-0.23981247
6eipwrk2ZjOdvuD6GI-TTw,42,0,0,0
6fl3xXg27X2CS1BHCgYSfQ,42,0,0,0
6fnPre6nLxIJkmQrTgvaqA,42,0,0,0
6gUYF0fXAnXQdK3paXad0w,42,0,0,0
6hBoywQli_-bRUZdGJYPCw,42,0,0,0
6i_gUwM7ZkQDRweVXwluPQ,42,0,0,0
6iq-Qae3kg8nyaxSYS8vUg,42,0,0,0
6jna5W1aqs4amKwBoCH2YQ,42,0.63092975,1,0.36907025
6jp9LCsMaIv0-Upghcnt6Q,42,0,0,0
6kJFLAHV-tNsBEZaRTqEWQ,42,0.60430857,0.60430857,0
6kTpkpLWNbqAVe4gCZ9fyg,42,0,0,0
6knga-vNLcCxdQmhevWjTA,42,0,0,0
6l-QCnL3dDDG1LU1Oo0h5w,42,0,0,0
6lakeZg9hag3M3DYC6MrXw,42,0,0,0
6lfnGAqMMmSZVjJJ9GM24g,42,0,0,0
6nF5PT1c0dF6EpOgQdF2tw,42,0,0,0
6o3CiQzYpLse_kJx2qYfSw,42,0,0,0
6pbNMgTnSYrtPHDN07IXwA,42,0,0.067867851,0.067867851
6qHQKCUvOMlP7cvKCoTyWQ,42,0.50086555,0.50086555,0
6qTleuZBVpyuj091MauswQ,42,0,0,0
6qZBWG97olYq6HIwIzIj3Q,42,0,0,0
6r8JFJiYfvqepEKIGDmWKg,42,0,0,0
6rLcSCokJDCpwSjdiZty3g,42,0.18672776,0.18672776,0
6rnr_NsVdiugxnTHOLZiNw,42,0,0,0
6rvaULevZEp2OM_b7cxFeg,42,0,0,0
6s7ayDJPOs8qL0IVMyOxvg,42,0,0,0
6sZ0KAroubsAEuCxlv7mxQ,42,0,0,0
6scLvFbBalfc9yYH2XXfQA,42,0,0,0
6tUniOHCf6o1qwG_pzZuHw,42,0,0,0
6tbVDZxBj2hg2PpQ1R_8_w,42,0,0,0
6tjm0WWs8YdnNddHdVWBvg,42,0,0,0
6wwbb70YcTtakhoEBXL7Eg,42,0,0,0
6x3dZ1XhF9--kyulLT-GSQ,42,0,0,0
6xrSdPn4kTpPuq_4cq2q0g,42,0,0,0
6yMeRe_UQMfN1ukGRYhQsA,42,0,0,0
7-ZBKeAC4lWEwrttlQLkCg,42,0,0,0
7-mA5iLgHJt6LRbi8ex09Q,42,0.35620719,0.28906483,-0.067142361
70E8IPebvzcqK-jfz5fYiw,42,0,0,0
70d1m7BqO3HbgB3c37f9MQ,42,0,0,0
711gsmiQOjOAHZP_0uJabw,42,0.17547753,0.18938672,0.013909188
71UFo91jext21nW04NB34A,42,0,0,0
72laNFjLSNd5m7rOnykXHw,42,0.30260241,0.30260241,0
73oVGO52bkKmjgx4Nwat4Q,42,0,0,0
74gd7lnM25ooF1IFXnoI0A,42,0.43067656,0.38685281,-0.043823751
74pvw3-pu-ckBusrwLSiHA,42,0.2043824,0.1418689,-0.062513496
75--7VO10mTfrvV3yCGuHg,42,0,0,0
756PlcvcaoQZpMj0qHRUjA,42,0,0,0
75Q8j97L4FbEATcKraHeQQ,42,0,0,0
75geEOYcxLCYzEGuCQlPng,42,0.46927873,0.46927873,0
764QrdTkmjDg--PiJsUPhw,42,0,0,0
76Vz4Gmsav2bmOrYR6HeHA,42,0,0,0
76njJPrNrxIHncYuHkbydw,42,0.46927873,0.46927873,0
7849GiswtjVs-0vAVsiDmQ,42,0,0,0
79tmkvC48523nYgZnr5aCQ,42,0,0,0
7AH4QiPKSZ_bKHhpUuvOdg,42,0,0,0
7BxLSY8L4ZK5leMdTol7bw,42,0,0,0
7DhP54DOhBABQT0pFNLKOA,42,0,0,0
7EVsupIaYa9Cmfo4jJoTmA,42,0.089617287,0.14204004,0.052422752
7EgavvOERGI_bIRvclvlRQ,42,0,0,0
7F8HlCbKUIB-q3sYfZhoUg,42,0,0,0
7FW9XeZG3iyeksmiCTduZw,42,0,0,0
7GOWYwaYNjbSWecUfHZjLQ,42,0.22009177,0.22009177,0
7GXdghH1BuN7AQwL1SWKiw,42,0,0,0
7I8UEqlq5Qb4QKQBBhePlw,42,0,0,0
7IGJBFup9tseum6orRJ-1g,42,0.081774718,0.15130121,0.069526489
7INLwFarOfAL6NCAGqTyNg,42,0,0,0
7IYdBJKKiD9bqI3KmfXE-g,42,0.2043824,0.2043824,0
7JcEda-G3VivMnaKV-sKRA,42,0,0,0
7JhpYlphHU46gxWBhzeo_A,42,0,0,0
7Jo2i_OW-7KlFFetO08cgg,42,0,0,0
7KyVTryH45UVI6AR9jZGMg,42,0,0,0
7L7GL5Pi2cf8mbm2Dpw4zw,42,0,0,0
7LzBnZ1xIlWCl2EwelvNvw,42,0.23981247,0.23981247,0
7M6eHyuAhtHl29H4HsgzBA,42,0,0,0
7NyerV7a3CsvYC20iSfLHg,42,0.24630239,0.24630239,0
7OO2Sn50GnNu47fCsnZExQ,42,0,0,0
7OcQbFZ9kRYgDD5BUos0Wg,42,0,0,0
7OuZvzVSkVoY6DAL5y23og,42,0,0,0
7RNnO1TnvS1CTOlBNMPJgg,42,0,0,0
7RPkpKUIVy_qK3wua3x6mA,42,0,0,0
7RdQbQmL3JWQSmrqtt8ikg,42,0.18154179,0.15642624,-0.025115551
7S6CD4tp4KiENHEQSm2Duw,42,0,0,0
7ScQMk-Mt1CLvp2w3rI-Jw,42,0,0,0
7SgM5DrVSfkaqCpyeKjT0g,42,0.33333333,0.43067656,0.097343225
7TUCJHMkn-2DZdRyZeJSDg,42,0,0,0
7UEcRnzebFzmoeDZAfL8FA,42,0,0,0
7UJvl1EUk9pTMCgH8d27dg,42,0,0,0
7Wsd6EZ6GQhyvvrNJSHkkA,42,0.13120508,0.098039286,-0.033165792
7XBChm6YZZ62DBCHa7HCZw,42,0,0,0
7XIHzdQb7ecKLDoLqJYOtA,42,0,0,0
7XXKi6pgXeX1uJZcGjKNRQ,42,0.084314234,0.070556583,-0.013757652
7Xz8fsFifnU5B2oVbZBxVA,42,0,0,0
7YLy24bg3PPk0Zh9NRm1gQ,42,0,0,0
7YiMYRICINUlnD_N_BUFjw,42,0,0,0
7YnQlozquaA8Y1Y7rjey5g,42,0,0,0
7Z1a-ioWcbW1yR_UyrS0PQ,42,0,0,0
7ZauzmeTHuR-8FqnmJbOtA,42,0,0,0
7Zk60VXzTb3ySoCkqbj6qA,42,0.12325584,0.29608191,0.17282607
7_IuTzV_Sh-boGK9enq-XA,42,0,0,0
7aQL44yElGUDrygwAMIwNA,42,0,0,0
7aTUpTOyJ7glAN-zrtiY7w,42,0.07102002,0.033437491,-0.037582528
7aax0jwYDgwyJB1V9RZlsw,42,0,0,0
7ae4fdtfQeqWXFUFkZI6cQ,42,0,0,0
7cVwlQdaX3HucMKYl7RgjQ,42,0,0,0
7cmffjmaXHo2NfeMUlNoUg,42,0,0,0
7eYcx398TH6wRmoXIs_A4A,42,0,0,0
7grZcg-U0vwQwL5p20vVQw,42,0,0.13959537,0.13959537
7gt5Lue__iRo4aFrH4POvw,42,0,0,0
7gwJaYGA86hwqTX2G8vqtQ,42,0,0,0
7hsDhmuV0YGG6jtwDhSr6g,42,0.51674161,0.51674161,0
7hwPY9_Gz4PPDfQ9lf__xA,42,0,0,0
7iLLYJPQMDtLPOzpVEf8aQ,42,0,0,0
7iZHH3ytobUBnmsFTIpEqw,42,0,0,0
7iw-4p8H00ys9e5r8UtGHg,42,0,0,0
7jHVaiI-PnjCUzPnC43qrg,42,0,0,0
7k4UsP9qcgC8e8_6U8a6sQ,42,0,0,0
7kFZmqVigVs7-FTn7Wqn9w,42,0,0,0
7kWu0qv0elfePCOEkfXaew,42,0,0,0
7ktyPHE-NGnWxarOqjIQiQ,42,0,0,0
7mL9cvICl8fuCQTM89a-SA,42,0,0,0
7mLxwE_qbCshNWNDbiRBXQ,42,0,0,0
7nq09jiKpW9xw9J9iKUbpg,42,0,0,0
7nsC0VI_FbPe6hJGbL02HQ,42,0,0.27023815,0.27023815
7oCJBTMdaxPJoZ4AMZn3lw,42,1,0.5,-0.5
7p6TAxZ5GVwX-_Xf1JWOxQ,42,0,0,0
7plIb3sfE2UG_5fcINoImg,42,0,0,0
7qBgGzyf0FbHKC0jiI1J8A,42,0.12325584,0,-0.12325584
7qY2KOV-9OsvlT2qB6NgDA,42,0,0,0
7r2I8vEJcnHEnM8TbJEfbw,42,0,0,0
7sMc4ob8mHi2Rm43FxHkSQ,42,0,0,0
7sZNP9j6F0CrBrE4iyhv_g,42,0,0,0
7tIaG0p7viFi0QNIgkqCyg,42,0,0,0
7uXo_g4qXfZqrtOKI7_8Nw,42,0,0,0
7uZ3cuA0wf4JKz3j4tk1yg,42,0.39038005,0.24630239,-0.14407766
7usarUttVHHV3g4rTVqQ0w,42,0,0,0
7v6ETyw7rBkZmXuRSqsUFw,42,0,0,0
7wlG7YooB2AUZRyKnqEi1A,42,0,0,0
7x7BflnGzZX9PEv50VLWRg,42,0,0,0
7xPApMoENaEUcVWuWWrMEQ,42,0,0,0
7xxn9OBo_92skqN3kN-vZg,42,0,0.14704034,0.14704034
7yA1eM8IyKFa8zJxQfUFng,42,0,0,0
7yTGuZJVdSUWBwJcH7DPlw,42,0,0,0
7ygtpgUKy3fbXrYnt-hOkw,42,0,0,0
7z5ppnE__EgPdnwVj_8pvA,42,0,0,0
7zESMedQL8jp3y3x9XUqYQ,42,0,0,0
7zkTZXYZqI5UCVSVrIaZ5Q,42,0,0,0
8-DlA9VJSiBx0uRouWLKmA,42,0.1845757,0.21840744,0.03383174
802v41-dIYV7kX39vgcuOg,42,0,0,0
814tdMv8pK6E7Q40WhqDuQ,42,0.19092087,0,-0.19092087
81E27lL25iFXinm-fLRo3A,42,0,0,0
82Micw6atbqgn8-r7oNRKg,42,1,1,0
82UbpDEPMGJ9Sod8a1U-cg,42,0.35620719,0.30103,-0.055177191
82dCHyU-ANOgdhxUgZsUeg,42,0.41528846,0.35895421,-0.056334254
838Y7fDij3sd7FBQm7X0oQ,42,0,0,0
83GKsOVWws89Wcdvkfw7WQ,42,0,0,0
83RL7Mpq6nh8dGCpBTIKnw,42,0,0,0
84Hf1RPfxijKbP-tVAf-iw,42,0,0,0
84HvpQDxcHWmbMDfs8IEYw,42,0,0,0
84Z_KLQfDP1jeizaYwne7w,42,0.46927873,0.13090199,-0.33837674
852MLi9ClRZhYhK0MlV6RA,42,0,0,0
8622sgILqHspzSs_WE75Pg,42,0,0,0
874uGTcqme6z_NEpISz83A,42,0,0,0
87LMxJntT0vIKYPDJskj1g,42,0,0,0
87f1zkXC1GQCfFG3Wmq9Ug,42,0,0,0
88LaFQ9q8MAC9AXrg7iRzg,42,0,0,0
8A1jV-C6uhTz9y5Be_Y4Kw,42,0,0,0
8BdUVYwZ6fRWJEp93O6IKA,42,0.25595802,0,-0.25595802
8BsNK-TDtsfVi_UCjnwKRQ,42,0,0,0
8CcBu5xno_eFPAzxA1psDA,42,0,0,0
8D20CnnlN346QT9gJ_OVng,42,0,0,0
8D2xhwdMevU_KEpAf3IL7g,42,0,0,0
8DFB_9Ydo-pvzX_tVtsWrw,42,0,0,0
8DZIulRh7XcOe74XAsi2gQ,42,0,0,0
8DoVu0G0Is205QYGCVwtVQ,42,0.080218274,0.16316918,0.082950907
8EMU7d4pCkdqUnvlIW40CA,42,0.038384638,0.077673614,0.039288976
8ERgdHUoB_zpYLzz_BLcsA,42,0,0,0
8EbSUaoeDOs-CjVmXKBKVg,42,0,0,0
8EneFRH-5HEmfQ9AOJwc-Q,42,0,0,0
8FgM0SY1_up8QWs62HKQjQ,42,0,0,0
8FilOF3rJfF3MktgqpsvMA,42,0,0,0
8GFm4K6Zf5pkOmwtWk-tZA,42,0,0,0
8Gt3LRoBKBzEcycy7Oz_8A,42,0,0,0
8H3W2F7jrM-VaKY7Cp_wiQ,42,0.057587528,0,-0.057587528
8HGVC7440c5lkB0nl8Av9Q,42,0,0,0
8Ha9XNqapSQ69d5qzZVpFg,42,0,0,0
8I3Da1qR0nuEgpSZvBulgA,42,0,0,0
8IxdzJ-i9nwqjWnLYN6pGA,42,0.2529427,0.2529427,0
8J8cBUkbpUFzmWWAWM0OHg,42,0.12533661,0.10554427,-0.019792338
8Ke-o_dV72eKnPJhpNfYOw,42,0,0,0
8Ktnp0D9x0VvW1hztdIAyg,42,0,0,0
8LKkuosn2ZMYY0CXN4Uu2g,42,0,0,0
8MLZcIbKk1CktEyzB7B6Iw,42,0,0,0
8NSv7uLdWAw39Elpun0qOw,42,0,0,0
8OzcWLF0EUulTcRtX0au2g,42,0.46927873,0.14804096,-0.32123777
8P3CkKsSFycgZPMZvjmtMw,42,0,0,0
8P4BpraZnwXAvDnjah2wWQ,42,0,0,0
8PDXRLenHsfjn0TFP0yyCQ,42,0,0,0
8PV7p93Fs6qcN94NL8JFBw,42,0,0,0
8PsHvvrUFkFGhnREi-m1Cw,42,0,0,0
8R16InoIf-JheYnh9EOR7w,42,0.13905618,0.11284514,-0.026211038
8SNG7tk1f7v6v8TakhQ4Xg,42,0,0.1068408,0.1068408
8SeC88qR6-opStwu_c8Y0w,42,0,0,0
8SvZzRYpz25VquzXOg42hw,42,0.14434031,0.15693994,0.01259963
8UMp-4jlmDvPMZpE3olFQA,42,0,0,0
8UTrtswBmciBbYh1myhsYQ,42,0,0,0
8Ubx1wqGGiYvuheYxRKzxw,42,0,0,0
8VAyS5JnW4zlJ1nZ9mFs8A,42,0,0,0
8VPCVY70TcE353gRruotWQ,42,0,0,0
8VyYj63y30bagiHz_pqJUw,42,0,0.1532868,0.1532868
8WWVGlEORyKHI11BnJl-sg,42,0,0.057807,0.057807
8WzXJ2zCvXggjGVvhzAxbQ,42,0,0,0
8XBYqurwZsLrDvGi8Zt1YA,42,0,0,0
8XHZ1sgceAQrKcDCkvh8yA,42,0.25,0.31546488,0.065464877
8YaNVVzqtURTy5x9CxykmA,42,0,0,0
8_6gZDQw4P4-yzEge-9lbQ,42,0,0,0
8_xJU4HADrtjDtF6l-9eIQ,42,0,0,0
8_ylXiJhLZbbJO7ewix_GA,42,0,0,0
8b6vpIsa1Ija2x5FmJDrqg,42,0.39038005,0.13905618,-0.25132387
8bMQK2ZUa32Wt_UHT-AxcQ,42,0,0,0
8bZ9QiMWMpAka36qHh2OSg,42,0.23463936,0.29608191,0.061442548
8bsJN4lJ3p9eZOFxWBydWA,42,0,0,0
8ccox_uCKInYlF3mlvU3jQ,42,1,1,0
8cy6q_D-SssRwCUEWyYETQ,42,0,0,0
8e28SJ-JVRr6tHQ2y26Ovg,42,0.049089484,0.065452645,0.016363161
8e8tKV0HTECkH_8DyNBwdg,42,0.46927873,0.46927873,0
8gtD--lj7nA0a1SBup4kaA,42,0,0,0
8hCk9QZUM0S317qSpYL0aw,42,0,0,0
8hK0rCcIYSdik9HMO0X2Jw,42,0,0,0
8hlglvbHiUCTIi7SWCsIXA,42,0,0,0
8i9G9ZW3MtbkAgUXDKdj5A,42,0,0,0
8ik35d3M3KGWDuPf8BPhOw,42,0,0,0
8iqYqSvD7HmGA4l-au5KcA,42,0,0,0
8j0ekVUxdDzmiy_KAJ5stg,42,0,0,0
8k7cQPWA4WQRRDrE0dB97A,42,0.53169009,0.26138263,-0.27030747
8l5Rwq1SbBrcEVVWuGe-Uw,42,0,0,0
8lEG56y47y_XUpFoaQ8GfA,42,0,0,0
8l_ZzsH15o-PJ_4tsOH2ow,42,0,0,0
8leuI8fU-m2HtlgMgJ4RyQ,42,0,0,0
8nMQfeAOfQuslqcZZpFJ7g,42,0,0,0
8nuSgse4z97jKxZ31PXdew,42,0,0,0
8o0o-pAeN29qf5pjuZDNsQ,42,0,0,0
8o22mKtUJI3Th-snZrSIKA,42,0,0,0
8pv19EUVvyt1qSJ7jTFyWA,42,0,0,0
8q5yP1VWPwGZwKagTf1vzQ,42,0.1323756,0.17679021,0.044414613
8qXSvgOMsZ1oZNvigkEj2A,42,0,0,0
8r2oqp_ok-tnuFcrnhlJiA,42,0.15000679,0,-0.15000679
8rTqIhw9EkB-9JF7v8HsQA,42,0.35620719,0.35620719,0
8rpSA4q0X72LApz7hm5xrg,42,0,0,0
8sAkajn7Bthum7IUj7qYfA,42,0,0,0
8sGNy9Y2_E50rlQFY9w9eg,42,0,0,0
8sSD3XVNuHWhdRCSl0EfNQ,42,0.23137821,0,-0.23137821
8sSu2zx6fK5nCSUrOiYUSQ,42,0,0,0
8tD6VEpHEWaL96Kv3GnzkQ,42,0,0,0
8tWVPmZ47ukcL8WBo6dFZA,42,0,0,0
8uLIMvpCNOHFHodKvfjc_g,42,0,0,0
8uYyFhE81qm2pD16yN1yTg,42,0,0,0
8ue3d4DpsxsGLodh7ch3kA,42,0,0,0
8vMWVjBflcyWflEArEq35Q,42,0.38685281,0.33333333,-0.053519474
8wQIoFapkegkC5fcVYg_Iw,42,0.39038005,0.39038005,0
8xubwsU_9t3QmHzxTghdlg,42,0.35620719,0.38685281,0.03064562
8y4Xp3MWmouzadaEdnvKng,42,0,0,0
8y7V_w3rtzPD2LadG8_QnA,42,0.21840744,0.61314719,0.39473976
8yIYEQQZy7fCufRVDl5eJQ,42,0,0.091898943,0.091898943
8yrv8rZkn0WKyHJoi-xDuQ,42,0,0,0
8z9CCcRfZZhgB5FZKdux4A,42,0,0,0
8zDxPAZvVX14meHWuqhg4w,42,0,0,0
9-DHS9YmfEDRqszj_e68GA,42,0.35895421,0.24890833,-0.11004588
9-kl_VKIvi4GTRwZLPeBTA,42,0,0,0
90z__Hyzv3D2TrmqjLVZSA,42,0,0,0
91ScGA9sYuCa5VDrdBMIoQ,42,0,0,0
91swy_LSXRETGSAqEV0Oew,42,1,1,0
92Mj-5aFGuX65rLp0ujX1w,42,0,0,0
92uzlL70VvMFtr7yU0dL-w,42,0.38685281,0,-0.38685281
93RfEkL4vyB1u4ycL6VATg,42,0,0,0
94Cjtk7n1gk5mb8RH_Sr7g,42,0,0,0
94Ukr4-4I49NaKYyjsMSvA,42,0,0,0
94nuNE5-Eh8XMT7QVC_uJQ,42,0.14204004,0,-0.14204004
95BpR7Qj8cteyr88rrm4Lw,42,0,0,0
966JOBgYtU-2oJn9FWudUA,42,0,0,0
967MB5N9wcdUSykgSEzWdQ,42,0,0,0
969f2iUqqY4VQGCYgNLP9g,42,0.032864971,0.12195558,0.089090608
96DCc9eKxINe9N9r8yrrtw,42,0,0,0
96DfLlif7HKINhQvgGgwWQ,42,0,0.25595802,0.25595802
96JZapwKFbOc5MrXLh8E2w,42,0.068187664,0.069645042,0.0014573774
96Je4EBN4cpolApaqcJ6Vw,42,0,0,0
96NabxRyz86Q3IHwOPCQag,42,0,0,0
97Zn9QDuzgd9c_gFjScPsg,42,0,0,0
98gWX_M21U5COor-Cys5Lg,42,0,0,0
98jv8gu7kAwa2WzIPdw6-w,42,0.14204004,0.14204004,0
9A7V1LHp5GWkB854IIzfjg,42,0,0,0
9AQA4f7_JMraLZI7xZxXTw,42,0.16569577,0.17723929,0.011543521
9BAVtP-0xq8NawJiT_K6Lg,42,0,0,0
9C_h-H1Z7Xz7dvbgsBrnSg,42,0.23137821,0,-0.23137821
9Cl33eyEZGQw56-jMzPc9Q,42,0,0,0
9D7eDqw7g3mXdKQq6OIetQ,42,0,0,0
9E-hMBVfcgRVtyu56GSXdQ,42,0.62008715,0.45390362,-0.16618353
9EtF8fqUEFd56J28jbngSg,42,0,0,0
9F9d-ux_bywIimZL_BnuLQ,42,0,0,0
9FKoQuVJG-Lx0n0sON8emw,42,0,0,0
9GFDazIWjEAL267FemiIxw,42,0,0,0
9GPxQMfHmwklP2uwmq0Pgw,42,0,0,0
9GYZLlYbBc6AuaSSvLVFig,42,0.15517523,0.1782103,0.023035067
9GumUWqcNbSUAtor1si8Lg,42,1,1,0
9HFwB9HChqti2uo4tjubHg,42,0,0,0
9JhufHSGrEEwTA8NdU4LRg,42,0,0,0
9JnKwuTNfTOh1fGGPe2t6A,42,0.24630239,0.19519002,-0.051112364
9K0gnGRtB3Zjd_nPztGPYw,42,0,0,0
9KDllXZOa7GNTdgBJM2RmQ,42,0,0,0
9KTxWBhCXTN5bFTwMKqTIQ,42,0,0,0
9KmwBEpKAqAAKvoOvY5F1A,42,0,0,0
9KqFP93dzgkcwg1EDuRT7A,42,0,0,0
9LR47PBermJvwFDqc7FBBQ,42,0,0,0
9LtRKwgaSpMY6wXWy4fcWQ,42,0.12325584,0,-0.12325584
9MFpx_lVOGTQtYVQzArckw,42,0.63092975,1,0.36907025
9M_nk0kA3CTJt6UoxRAK_g,42,0,0,0
9NWYpHXDGrPJtUf7Qm82_w,42,0,0,0
9Nf1kqrlMTFusqrEKFD98w,42,0,0,0
9NtAOI797Ws236pJu_UoFA,42,0.061173315,0.14204004,0.080866724
9OPEXZyh8LU3mJ6eP2uy3A,42,0,0,0
9PVJUmCX8sZdJSj3gfUkZw,42,0,0,0
9PdW1rZ80dglwR_noWF1Tg,42,0,0,0
9RCks2Uz9vqFKhKd6Fp1hQ,42,0,0,0
9RNjAEBye6DCkF5u7Xg6uw,42,0,0,0
9THWOVrNFp55fnd9aplxAQ,42,0,0,0
9TW9pADNhLk8cPFyK0o-Uw,42,0,0,0
9UVdlMKQMHhJxbP6X3lSUg,42,0,0,0
9UeHVTMLdCoxlzxXdaRxqg,42,0.1994267,0.16783058,-0.031596123
9VcdNSLPrU5k2_PwP6Jvjw,42,0,0,0
9VmRAGrRt_y-5XstJVJO7g,42,0,0,0
9X4jkq5JGdYIQyjzW4cB-g,42,0,0,0
9X7nV5z6xPssvayASKJq7g,42,0.10122861,0.074148615,-0.027079993
9XkZU7TrpmNla-g-Qy66Ag,42,0,0,0
9Y6jR-1liGBZBBVGYVtmig,42,0,0,0
9YTEd_NzwITT0Y-1WgiJgw,42,0,0,0
9YbN3y0GybEv5KvX0NNBQQ,42,0,0.12325584,0.12325584
9Yjca5l8_7pW6dJEbvKLOg,42,0.38685281,0.38685281,0
9ZJ0AK8nvaX1M7WHpKL5JQ,42,0,0,0
9ZdLfv9dt7gQk3t00-W1bg,42,0,0,0
9_kjNb5LDaQhyCiuaNdukA,42,1,1,0
9aLz6SAbwB-KT3zH6NLBlA,42,0.14434031,0.17103308,0.02669277
9ate_QNobHM_XshsuV0bSg,42,0,0,0
9b-ACO-AQuvr_zbEXJT5ww,42,0,0,0
9bvlW5Gos1kxzvcM3c-12w,42,0.29608191,0.46927873,0.17319682
9bzcva2toVmZqGLSZHdfsw,42,0.58181761,0.59609574,0.014278128
9d173MjPzbQtNHVReVXQhg,42,0,0,0
9dW7udwDi4M20oRenL3Bcg,42,0.039667415,0,-0.039667415
9dplFY2fmbuJ7UREMml7Mw,42,0,0,0
9e2A1g9AKOgaLubVoz1eEA,42,0,0,0
9fP3KiiVpFVYcnqgD3aZJw,42,0.46927873,0.46927873,0
9fieYahDV0b72_usul2IrA,42,0,0,0
9fpNC_1mzxCOfOPGu2izCA,42,0,0,0
9gZ4R3EHF__2S9gSRHdr3A,42,0,0,0
9iKGmQulytxMlo2-y2U3Uw,42,0,0,0
9iukWWANgetdkbmgQNJ_XA,42,0,0,0
9jWe3vPpCcX8B4SNeIQ6PQ,42,0,0,0
9k9kjbeRTiQxyVMMaB9mVg,42,0,0,0
9lAQ1qRJAuigcbPsL3YUWA,42,0,0,0
9lCb0V9FVtvI9qHuZhJmqw,42,0.36385066,0.35762593,-0.0062247273
9lqojVnmlafwctRgqNAFmw,42,0,0,0
9lxeey8azLxu_DhcsrCO2Q,42,0,0,0
9mK157GWbIErBISptmsDgQ,42,0.49064707,0.47496213,-0.015684943
9mfym7-RT9KtX68M87lmUQ,42,0,0,0
9n3f1uA-HhvRXjEw3me9fA,42,0,0,0
9nFx-SkiZlI4MSIac8vyuw,42,0,0,0
9nf7RJehHauADHRwpT3XMQ,42,0,0,0
9o4tLRDrHh54279DIUUwuw,42,0,0,0
9ord6jKl3683DpDg_ScmcA,42,0.15101962,0.19519002,0.044170407
9pwPAp2gfHvjnAmHvLVgZA,42,0.2511306,0.19635794,-0.054772661
9qkFnQVBXe6-RKSnx6ocxA,42,1,1,0
9rNrZH-bq-066kgdHfMelg,42,0,0,0
9rVVbMZsDqelDpmDLF9Hqg,42,0,0,0
9rf4kk5icMkBkv2q-SXXxQ,42,0.15582987,0.21366225,0.057832377
9s-fxhyTKQTtSeTdqSbTHw,42,0.46927873,0.29608191,-0.17319682
9tIjFbmboV3ioyng_G2Pgg,42,0,0,0
9tLTZI5cB-_ORbim_GG6VQ,42,0,0,0
9tXTc-MCPp5MkIyK8TEQag,42,0,0,0
9tkOrRXr_a0i1eGpIIz8kA,42,0.62570497,0.46927873,-0.15642624
9wBTBjw3tAGsAaYrtv-VZg,42,0.50322519,0.29069672,-0.21252848
9wWetBcPaPjwms--pcwS6w,42,0.22767025,0.25,0.022329751
9wksXuDT3tJaOU9mEzWsbQ,42,0,0,0
9wvR3a-jGWmth9rgttgU2w,42,0.320246,0.320246,0
9wwCGl4evn_E4k2KI0zouQ,42,0.11731968,0,-0.11731968
9y-c-H3QKZbwNVQEdKy_7g,42,0,0,0
9y1U8xphysbnssT8Vo-QOg,42,0,0,0
9yWLAWKAKuBFzvpqnWkrpg,42,0,0,0
9z6F8L50Jwm6fuh_VzzhZQ,42,0,0,0
A-2aTBCgGIzDpUqDP4kZig,42,0,0,0
A-86ktqWS_7qd1RTiH5NTA,42,0,0,0
A-96gvwThd6eyc9VNR9_fQ,42,0,0,0
A-WwfPVKmbzo6uohiq-Z4A,42,0,0,0
A-cPixJ2u2hiHemgMz7vuw,42,0,0,0
A0_HA2eByKIvtAYqrMxtGA,42,0,0,0
A0kmHjeaoDG4jtk06VvvOA,42,0,0,0
A0rRjIJcMsw4CFvVuQnOfQ,42,0,0,0
A1k7dnouXbBjfNgNU0BcKQ,42,0,0,0
A1nIXS5XEWeZ2EUUcOsurA,42,0.61314719,0.61314719,0
A2Frb-R9GzdG4EhWjM-wPw,42,0,0,0
A2_xB9hVlvLoszp_xBDmYA,42,0,0,0
A3CgF_iU5xGRtUMA7zp7gg,42,0,0,0
A3qXRWgbz-mOwgcjm2ISsQ,42,0,0,0
A5YThZ6xVSEW97bEOAtLHw,42,0,0,0
A5hdFVgpwGFqHzD-JPN2KA,42,0,0,0
A6f7Kq0IpiPM93RGLGU9cw,42,0,0,0
A6wU8XoYEVK43mc7l0ILdg,42,0,0,0
A766OdGcuErI8HVfR5jRxg,42,0,0,0
A83xfSiZbdZ_HO00BD7aOw,42,0,0,0
A8OMSgdQ8bgsfMs69VKSXw,42,0,0,0
A8zAHfKMdvXuIB6rdpSqPA,42,0,0,0
A9i3qfGmcAvf1M8txH-4sA,42,0,0,0
AA08rmnSkJobHaBQbAu8Qw,42,0,0,0
AAOFzCha6Ajrk3U7dWoPXw,42,0,0,0
AAZ8YAmVmZNUd3bBZQgZjA,42,0,0,0
ABSEXgJun_TGei4sZCFu2w,42,0,0,0
ABWXuKWKIC6rG1bhN3mVcg,42,0,0,0
ABa3EkmtMp6efYWvitX_ZQ,42,0,0,0
ABdgm5GgTtylxAueDTO7-Q,42,0,0,0
ABkDq8WvSyJ3ZCnJnwUrNQ,42,0,0,0
AClyJ5iIS4p1TGkrzqvjWA,42,0,0,0
ACwBMSJzgW6vOvV7vOrk8Q,42,0,0,0
AEtjtbOKN49JLF-833f0gQ,42,0,0,0
AFIHkrsRwnzz-7RHeOnwUg,42,0.091625444,0,-0.091625444
AFMkWGHPsbpq-QIZMKwUOA,42,0,0,0
AFgaTNtpoDO13A3Zt4Vphw,42,0.095506691,0.093618003,-0.0018886882
AGETVbD-mVujSAeJxpJRjQ,42,0,0,0
AGKjd_cH9pnfMYLi86dObQ,42,0,0,0
AGnoMbAiUawiGzq4J2krDw,42,0,0,0
AHeguVg6XMp2ducs42H0Yw,42,0,0,0
AIThV7psRb6R8WD4LiYPdA,42,0.14231627,0.076195804,-0.066120462
AIZ49udPqNvNh9jn-U_trA,42,0,0,0
AJ4EB5IsGwlFK0QsnE-s1w,42,0,0,0
AJVj9G-WZu02NXJCHKAJfA,42,0,0,0
AJo_M_A7Pu5js7Uqr2VCrA,42,0,0,0
AKDhsLqfQT2KcDC3su7fIg,42,0,0,0
AKMRMIIPSHzp4KD76Z9Tgw,42,0,0,0
AKVHToguZznjfy6QdwuqJg,42,0,0,0
AKdVXg0pgjEPIB4gFf7QjQ,42,0,0,0
AL8skNhqUPtyBUNYDyOxfQ,42,0,0,0
AOnGa4LVzy5VnWUM5SkC4g,42,0,0,0
APoTVIRt31Hwbl4RKUcs6Q,42,0,0,0
AQNi_EgM35R8amQIPqWACg,42,0,0,0
AQnb4AxKfk-cHM3lNs0Fdg,42,0,0,0
ARHYoKnoKxduWA-cQb4ROQ,42,0.61314719,0.61314719,0
ARZd8iGvQlg4h8pvwwtOuQ,42,0,0,0
ARcG3Urri1ifsW1WGg07wQ,42,0,0,0
ARiA1UDf3gxWZmQnBjpHIQ,42,0,0,0
ASNNEfSajCG6IaP_h8Gg8g,42,0,0,0
ASdksJx4PA8nVfSks_PbMA,42,0,0,0
ATn6VdbR6EDzNbduW_XeOg,42,0,0,0
AUUJ8j8JnVIwkZVr0drNiA,42,0,0,0
AVI1_jDb9jP6rdX5CtAbxQ,42,0,0,0
AVjnWX2F1VWEpkS0GMEGXQ,42,0,0,0
AVq1gBNBeUC3YVIYhvzR2w,42,0,0,0
AW1VRoWHj3-puz5eSXamBQ,42,0.2529427,0.2529427,0
AWCF7ggZCIwzAZhZKhaeyw,42,0,0,0
AWl03RK1j1vCEtp9hZ1kGw,42,0,0,0
AX77orc7Yron8Kb8xTZLmQ,42,0,0,0
AX_axp5U5b5NIwe2564bVQ,42,0,0,0
AXjHVxklbeyrZwcP4oge7A,42,0,0,0
AY42H-T8c6yQVyz03XyAWw,42,0,0,0
AYAYoJ1HXfk62DnCDe7ueQ,42,0.046224408,0.061944032,0.015719624
AYNgsAGddinjkFjsP-gJRA,42,0,0,0
AYWly0bfYinJ7sSYXxTUyQ,42,0,0.091654028,0.091654028
AZzU4tb_sz4TxzYL-AFtWg,42,0,0,0
A_-J57K7heme9PMO7beU_Q,42,0.21398626,0.13120508,-0.082781187
A_2sxhgACWPI14mtEYQ9Vg,42,0,0,0
A_fU9-rmf2gstpQ2ckNv8w,42,0,0,0
A_yzUaKK57Bsgzqza9lJMg,42,0.29608191,0.46927873,0.17319682
AabFLAqGWIinwWkpqPGWtQ,42,0,0,0
Ab61j0Bv_63WN_8SahhjGg,42,0.33916021,0.33916021,0
Ab81lJFQoOvA98E78xWapQ,42,0,0,0
AbMjnKOwg736fcIu8apuyQ,42,0,0,0
AbjuCvnq-nLfCkGCESqSTA,42,0,0,0
AbkDu46aFWbf7525yZcoJQ,42,0,0,0
Ad7ePD7xgnUPwqgE874EvQ,42,0.46927873,0.29608191,-0.17319682
AeYnyV4_EjFK0ODdaRQKSg,42,0,0,0
AeiwVofjT08y0OXwqo1tzw,42,0.25595802,0,-0.25595802
AejvMLwIE6MudbNVjW2ZKg,42,0,0,0
AfjPbrYO9k4cuPb6XNPpbw,42,0,0,0
AgEE_KMpbytEOomy10sO9Q,42,0,0,0
AguoanY1FcNLYz8oNbREaQ,42,0.63092975,0.5,-0.13092975
AgyTxpKobOMpTCiPdRt3nA,42,0,0,0
Ah25n5pXHJXcQsBijIRwkQ,42,0,0,0
AhrwzmRufpwCjn0GqLSQTg,42,0,0,0
Ai8m4oHSUiJ_5v-wXxgvpw,42,0,0,0
AiAIzqK-s9C9DcNbhLlXVg,42,0,0,0
AjPWpBnyUPmAyVahX9Da4Q,42,0,0,0
Ak66IL6MUaV5yHqsMb06TQ,42,0.25,0.35620719,0.10620719
AkOh7K7HcLg7J1Aiq9mj3w,42,0,0,0
AkizucTN-bC_-kOoR2Wibw,42,0.38685281,0.61314719,0.22629439
AlJzniV2y7FBEFl802eu2A,42,0.14126697,0,-0.14126697
AmLosoo2ScKEG6f63C4PMQ,42,0,0,0
Amhq6xrbzTBQJNW2ObksEQ,42,0,0,0
AnE2RCheDAYEpFa4HFgvDw,42,0,0.1418689,0.1418689
AnYxASfj8zAJN7xPtkwNsg,42,0,0,0
AnmnLjGURagnzk9PukE-ZQ,42,0,0,0
Ao2E14PVc-KVWfnS8l5yAw,42,0,0,0
AphPQv35-Hb9OkNOrPTcGg,42,0,0,0
AqdReCje6l3p0_iGgBN1Fw,42,0,0,0
Ar3yOMxh_G6wNaQtXLuAkA,42,0,0,0
Ar5NtwK29Jd0acKSVoIB7A,42,0,0,0
ArtoKVxkRyu3sdB9A7oC9g,42,0,0,0
AsLT5jN054fLAUma_H6ACg,42,0.61314719,0.61314719,0
At91o0uPN0VEggi4kuo_qQ,42,0,0,0
AtmUcvCXNWnGuXMF_XAcdg,42,0.29608191,0.18154179,-0.11454012
AvR1AntHgzxIb1SbH5AiKQ,42,0,0,0
AwFESI0OJn7f4QFPsQX-zA,42,0,0,0
AwUdeKvMFumMhgaOxrvPnA,42,0.13905618,0.095506691,-0.043549489
AwcK0GE25AkCTJwxFChiTA,42,0,0,0
AxDD4GA9G1ICprgkgB8m5w,42,0,0,0
AxUyVJ_7ymHqhirZyBuXeA,42,0.23463936,0.12325584,-0.11138352
AxWV_6i2gC8-YBWOwtC5KA,42,1,1,0
Axpt28CGI0cZEbKUht06aA,42,0,0,0
AysPpR-P9hf94gGjFsuNlQ,42,0,0,0
Ayt_oE5AWQD2yn59M7kUPQ,42,0,0,0
Aznus7BHe6MF0pzPkmmxyA,42,0,0,0
B-QFLKOklHjxrhjO5W45aQ,42,0,0,0
B-_zky0eijF4WSlypkcAgA,42,0.15000679,0,-0.15000679
B-s-8VUnuBjGTP3d01jsyw,42,0.37489976,0.42484241,0.049942647
B01V2LhskzNo2hqmfy6kfA,42,0,0,0
B1417mq1xechJ3TElfR3ag,42,0,0,0
B1O_YZg4EXlqiPf3D7FsmA,42,0,0,0
B2Fg-l109BV3kcz4b8d5NQ,42,0,0,0
B37ydzQ07AutULQiY2Wikg,42,0,0,0
B3SZr_nId2n7tEaT88Nopw,42,0,0,0
B4N2PqYLh50DP-_5gUjYRA,42,0.58557007,0.63668244,0.051112364
B4vrT7x8Na6YGTktZcEPEw,42,0,0,0
B54da2u3kk1klzuAwoLb0w,42,0,0,0
B5UUJ57SYMm4js6KtRkliQ,42,0.38268032,0.29608191,-0.086598408
B6KQDPJLLzujyGd-8OMAtg,42,0,0,0
B74FxYnPln4UBucLhOnNdQ,42,0,0,0
B7cAgVnjsRor3alAhSztKw,42,0,0,0
B7ygjO6fbs5IhW2ykL_MQQ,42,0,0,0
B8AdOTARQ54qaDzyGu7Vrw,42,0,0,0
B8REbpM6KwNizD-TW1zQFw,42,0.20154466,0.19833964,-0.0032050186
B9J6L6fVSrJ3cT8lif3hkA,42,0,0,0
BAXqpS21alyoX4-Z5611Hg,42,0.13090199,0,-0.13090199
BB0rPiN761dfQB5Y3w8CFg,42,0,0,0
BBS9DBqPOi-gCOouggS0rA,42,0,0.21840744,0.21840744
BBdCd5DuubtuGMe4LuXwDA,42,0,0,0
BCFpiNxyFn9L9BrKansXVg,42,0,0,0
BDjiEmXljD2ZHT61Iv9rrQ,42,0,0,0
BDlAO00M554oDHRNKWHFFA,42,0,0,0
BE0bKoeFqYfgiDLgBV33Xg,42,0,0,0
BELswGCIRqf9o9N1LOFRxQ,42,0,0,0
BEWPPK1-p3elceClRyV9wA,42,0,0,0
BEupv5x8ao_68rtjzrRzWw,42,0,0,0
BFbIK3UcbXp96WFJ3m_Y8g,42,0,0,0
BFuqLRBv-bzHJSlYhdpfTg,42,0,0,0
BGfEiarFYeBAxgM7pyEvEw,42,0,0,0
BH0oRNG_gQ2_uHkNXu1BHw,42,0,0.14434031,0.14434031
BH6dp32pQ8JxMPxlejjsSA,42,0,0,0
BHlZOcC61DJS-EmWtkvOLw,42,0,0,0
BHmMszxIdaIEYQ71m4UXwg,42,0,0,0
BIx7KvwQTURTzeXEwPHp_Q,42,0,0,0
BJ-jHrgoZR7F_0mUPto3hg,42,0,0,0
BJLjesMkFY2XDlaRkLH36Q,42,0,0,0
BJYnLAu8SkwfiDogbADBtA,42,0,0.26406812,0.26406812
BJureREVKk4MNPCnFrPxTQ,42,0,0,0
BK0Zg93npPJ7mcqlRmdi9g,42,0,0,0
BKUmOSlaAOYHohT_HBncdg,42,0.63092975,1,0.36907025
BL4CtLBNErNzoy13gRiT7Q,42,0,0,0
BM2NqcZTj8XltGZlCSzvQQ,42,0,0,0
BMAsyncHD0mTSU2jJigoIQ,42,0,0,0
BML5RkKRXsiY__8SRwDcWw,42,0,0,0
BNkL1_BZ8UFkyY1q07kHVw,42,0.61314719,0.61314719,0
BO_cmf5p3qwWgcd6lGTVoQ,42,0,0,0
BP02OqyHYodVK3Nth9tv2Q,42,0.61314719,0.61314719,0
BPZEAoU0sB6CFGusTErUuA,42,0,0,0
BPctreQAlxlXTCNdRfdG-w,42,0,0,0
BPf1JQ1JlrkVW4uis0aXbA,42,0,0,0
BQ94bQ9BcVnD9upWlXCaGw,42,0,0,0
BQLc7jSHfPXDvleNFJ6lyg,42,0.13743817,0,-0.13743817
BQPp3IQXklH4QrI4II6XPA,42,0,0,0
BQjmdob7uXn1AOvzdx8_xA,42,0,0,0
BScXvB499S8f5i-K4p6iGA,42,0.29608191,0.23463936,-0.061442548
BStKKB0kgsvOiMeej6AmfQ,42,0.29608191,0.46927873,0.17319682
BTHXLOCKyo1z8ZrWq8-9_g,42,0,0,0
BUOmBr8n-zMFZm6w7_CoPA,42,0,0,0
BVHRqwYg2PwIaJ5Wtqy6YQ,42,0.13886244,0.18108379,0.042221348
BVNphP5w7k93vcVICwjHAA,42,0,0,0
BWTFnSwED8a_9yUkp2UP6A,42,0,0,0
BWe0ChKOmhdGiDANJSnR5Q,42,0,0,0
BWp0P1se36xSwhvqJ5qdaQ,42,0,0,0
BYW8Orfkus24ur_a10zh_g,42,0,0.1532868,0.1532868
BYsmhaj1NGPuhvtInL6Kbw,42,0,0,0
BZrHkFYnNRZdd8WnIut8NA,42,0.090325438,0.088877923,-0.0014475154
B_FlSfVInI0LLlrCUZ7nBA,42,0.19092087,0.30260241,0.11168155
BaVAIYKYSSEMT5_sXRiwLg,42,0,0,0
Bd6Czq00id91bbsErkDQUQ,42,0.46927873,0.46927873,0
Be-BGT6IjrQybJ-ZuAFYZg,42,0,0,0
Be2XaQ-tXTa0w6b51N0nfA,42,0,0,0
BeV7f-3nhben18dYf2q_Nw,42,0,0,0
BehuW6rGBjox4uLoKa0JGQ,42,0,0,0
Ber5AYbJj0IkWa2M_RXFiw,42,0,0.15000679,0.15000679
BfHko-hY36jb6xDg0Q1xNQ,42,0,0,0
BfOHNnOS0oXEoFrB-ceXbA,42,0,0,0
Bg3vcjxtqwSrRwJeUS7How,42,0,0,0
BgRhdl9PNVTkM7AKEgyv7w,42,0.13032377,0.11706259,-0.013261173
Bh_1zKZkO7LBDVwfTUeaHg,42,0,0,0
BiBJBaR_OJ7eTFZ81sin-g,42,0.38685281,0.26406812,-0.12278468
BiS95AGMiOXXGVH0WCOM3g,42,0.61314719,0.26406812,-0.34907907
Bijmn9PbrmSRQb9uG0L-8g,42,0,0,0
BiuxzKOdy9S-xS8O0HNb2w,42,0.25,0,-0.25
Bj4_8txrVca6Bj8dAsQotg,42,1,1,0
BjuyUyTG5B1AXHEjHnJO6w,42,0,0,0
Bk1V7YDzYjX31uNR1WQgzg,42,0,0,0
Bk3FIBR8ujP97RNT2E856g,42,0,0,0
BkFbm8cUuwHi9FgqvYu1ag,42,0,0,0
Bm6NRZ1OwQ134jGItrUScw,42,0,0,0
BmC24kvEEF1ur9EeOKftmA,42,0,0,0
BmLTfevuQBVqgvQRj3XX2w,42,0,0,0
BmMg6XhsYfQXBGj8p9TNZw,42,0,0,0
BmP0A6ycAeP5G6ymX4Nstg,42,0.14829723,0.11752277,-0.030774456
BmQHfqGpHevjT031lcySmw,42,0.30260241,0.30260241,0
BmRgnDrHFAQGcClwJbldrg,42,0.12388806,0.19635794,0.072469872
BmVwbsL8l0imz4slonyMaA,42,0.3844851,0.39077301,0.0062879005
BmykAn13YBce1Q1neCzQOw,42,0,0,0
BnJRHXyU5rsAdLrtcg-GMw,42,0,0,0
BpMk_tF0QgBzmotxPOSvYQ,42,0,0,0
BpRu2Mn9fVUBquvwbrf6vA,42,0,0,0
Bq-BIdYrWloJXq6v6v_iiA,42,0,0,0
BrDZXyKs-uOdZkUoDOL2WQ,42,0.28906483,0,-0.28906483
Bs1Itn0D9enDJE7UjYndUg,42,0.13012668,0.097595012,-0.032531671
BsMKUneO8WI0NIuXTnLVaQ,42,0,0.10858087,0.10858087
BsxrsruqwPXLe0CaiieVlw,42,0,0,0
BtdqTErMCjvrQxKmBlJ7Uw,42,0.032864971,0,-0.032864971
Bu71U6VCJCrdzsI5v_LYNA,42,0,0,0
BuF11Bi1PackHGDsyt7-tA,42,0,0,0
ButtLhHofib1DRGOdZHSaA,42,0.097851595,0.1879516,0.090100009
BuzfrbiSKrnFa4jeuPTp-w,42,0,0,0
BvSZkqWMoxEvg5J1oayRHw,42,0,0,0
BvdiRH2Wbo2Z3GJxSDPMzA,42,0,0,0
Bw0KLA0sGREFzO6FxwMxSA,42,0,0,0
BwCg_kBz1e9xIzg2uffwKA,42,0,0,0
Bwxu_PcjcbQZeHz1EOEyGA,42,0,0,0
BxFYSg6R9GSoq89QI6Lz2g,42,0,0,0
ByayWWjOY_UMJF7KmNKYgg,42,0,0,0
Bzq1tZI3SMsewc2FerFcOA,42,0,0,0
BzwcC4o9y5bdzhQpv_zQxA,42,0,0,0
BzzYT7F3LdDVQ02MqxtwGg,42,0,0,0
C-Px0UC-zUS0JKd_Cohihg,42,0,0,0
C0QTlODGdqSLCoj_qAkyFg,42,0,0,0
C0T8uITk-AUSc5m8WDFwvQ,42,0,0,0
C1DFrjzocuAF8gouF2InPQ,42,0,0,0
C1MZ_yJ3Zx6UT-bsUc5DvQ,42,0.2529427,0.15958908,-0.093353626
C1ScysWlQhX6C8bv2553cQ,42,0,0.12315119,0.12315119
C1WS_Wrv9E8CHJLEhkvBrA,42,0.097851595,0.073116838,-0.024734756
C21XWX1G3eKlPxp_n543Vg,42,0,0,0
C2Co7YaitBRyFWIwnOhyRw,42,0,0,0
C2VcjWlbYZSWRksw55yrMA,42,0,0,0
C2mSPRm_ySJNWpTqsmajsg,42,0,0,0
C2nzoqU60AcRPHpCBsEScQ,42,0.24630239,0.39038005,0.14407766
C3A9_p5GJT9UKCKbgfvSig,42,0.11243818,0.11243818,0
C3AiKqWVX8n0PWZdEDydvg,42,0,0,0
C4NEMmbCzbUDuQRCFoP4dw,42,0,0,0
C5Avkksj5Iom9saQyoEM8w,42,0,0,0
C5X97iVyS3G2vKKESTBXRA,42,0,0,0
C6QNvmazQFNrzroFERtJ5Q,42,0,0,0
C6d0mWOcpzHg1WQjPAUR6Q,42,0,0,0
C76QKXBMh2zDJvCK0Ib6xA,42,0.34033182,0.32665167,-0.013680154
C7d9s1Oo2wtPkMh6JvQDoA,42,0,0,0
C83-URDhIDAK3c92sjrk3A,42,0,0,0
C8_wb_4T6kf5qSN4aofvQA,42,0,0,0
C8bOY9xt_yTIE8Q_3ZlvMg,42,0,0,0
C8oun7Z2aD5eLY6YSaX5bA,42,0,0,0
C9CXkNBsTgBTVo3X4s-Vvg,42,0,0,0
CA0NLRll91Ln3NUG_6mSMw,42,0,0,0
CARjUe-yXf2-VwqBAEkBbg,42,1,1,0
CAU7F-vDqbQZ67BBYsa-aA,42,0,0,0
CApmzzR3_Eb9E6kLbG4W9g,42,0,0,0
CBSv-uTf6lwwiXQRoKcagg,42,0,0,0
CBiv37MIzYIxzxhSR7K52A,42,0,0,0
CBk0IqxCDcJLJPQmRMjNqw,42,0.13959537,0,-0.13959537
CC7fN8QYEhpbCnBmZ5ZVSQ,42,0,0,0
CClAZsdMgefsvDCMyHJwtQ,42,0,0,0
CCt80lvZkXwMlMS6UPtHag,42,0,0,0
CDxlgCoUoNRV3VMkYZrUuQ,42,0,0,0
CE0YzIGs6rWXQtGycNsdSg,42,0,0,0
CEk2MAF0IHKqUjoDu4cPxw,42,0,0,0
CFymjewCpimuooUEAh1a9A,42,0.12325584,0.15642624,0.033170403
CG3IZjLiR1nlYEwyVW9onw,42,0.61314719,0.61314719,0
CH9XhZWmcLYVAlzhwrhMvw,42,0,0,0
CHLllTUN_ipEqkrQ_P4T-w,42,0,0,0
CIFrgKgUrr6xyigd1AHeUw,42,1,1,0
CIVdUWy8KevSfFqgDcoRpg,42,0,0,0
CIhr-8qDcj_ZoBhc-5IZJQ,42,0.034062972,0.038384638,0.0043216659
CJ6oD9vl_S-yC_6qdi8MBw,42,0,0,0
CJDPYGOwZD--9JhcJu3mkw,42,0,0,0
CJXkxjoV4VbJ3fagz2ZnqQ,42,0,0,0
CJgDrcOuzxWXrSsW-d3Mwg,42,0,0,0
CJmtS1Uk1KSsY2MWol_E7g,42,0,0,0
CKOtljSr9aIhnhdTKc9HTw,42,0,0,0
CKQSfz3HTsKQh1WBdG1tZg,42,0,0,0
CKibseGOBqI7MZ2jgVu-IQ,42,0,0,0
CKwNkOqBSYEo9qGJBWQFMw,42,0,0,0
CKzYmFIBbIoKyTMWvYXVSQ,42,0,0,0
CMZDABnxD44sGlCPekFu3w,42,0,0,0
CNKsAIfUVpUr8Czj68B6GA,42,0,0,0
CO8ADG6kq5MHfsYpNPIgDQ,42,0.29608191,0.20210735,-0.093974564
CODgYXSz2uvXWqbUZqrZuA,42,0,0,0
CONgXa5bkxl2wHzw1WEE4A,42,0,0,0
COOpdKg0XHGmfYJFVrCA8g,42,0,0,0
CPhJG30XcEXjwZWdXqbr1Q,42,0.61314719,0.61314719,0
CPivNJkWGNZQo2zBXrfXqQ,42,0.49352328,0.37149598,-0.1220273
CQ3TbAKsZ7JSxe0hrBmtyQ,42,0,0,0
CQB1SSbqjAhtHfT7LHBDtQ,42,0,0,0
CQpm4LncaznEyQ1Lm-XRUQ,42,1,1,0
CSBRNusUV3D8t192J-W1yA,42,0.1887396,0.1622031,-0.026536495
CSCKshBCf6-MBGUCFpEGAQ,42,0,0,0
CSIxwyaUcd6gtJJh5nmWZg,42,0,0,0
CSpFoX08OzIF1N6Oi1mn6w,42,0,0.14434031,0.14434031
CU2TvJOJPrnLGnfAgnurPA,42,0,0,0
CUEQcR2MeuJJb28Zdr3gdg,42,0.61314719,0.61314719,0
CUox_taA7jZyEoRKC-cS9g,42,0,0,0
CUyhM4eGDHqZpFgmJQ4r5w,42,0,0,0
CV-RYPe8qFNC968xOLUtFA,42,0,0,0
CVOAz3qC2rpMZxsM5Ewu-g,42,0.33916021,0.33916021,0
CVuO0r7kI4-yxKCoH_BMJw,42,0,0,0
CWAPMrQyiI38Jh7LuDUIIg,42,1,1,0
CX49uAjwIR-hgQQ4QRgx7A,42,0,0,0
CY9e51PbgueJXzFE15vaqA,42,0,0,0
CYyd1nzhxyIn1Hqgp_0gXA,42,0,0,0
CZb3F9PjQGxeHjx73vqi9A,42,0,0,0
C_NhELLArGqZxK1UZs9rig,42,0.38685281,0.26406812,-0.12278468
C_rnHUc5Gzz-OC2a7mEDfg,42,0,0,0
CaFM8dX1a-JM7_2FuAyYhw,42,0,0,0
CaL1p500D0YTOTJmLArDDg,42,0.72272657,0.80751662,0.084790051
CaWFlnYd18fC4P1DcnPyrA,42,0,0,0
Cak8JJfLXMwyPyXBnOz-GQ,42,0,0,0
CaoImVzU4uMREOlT0HiEsg,42,0,0,0
CbCdXcbgD9axf1tQ2OdpWw,42,0,0,0
CbQc9IQK0hU6WegjXSggXQ,42,0,0,0
CbxaIPdalKUef_JIuV9Jlw,42,0,0,0
CcqpZkc5ngs88akzQ0rFHg,42,0.061734604,0.14829723,0.086562626
CcvT6h-y2XZ0Awpb7l8w5g,42,0,0,0
Cd9eQz1MwDVKGBNvNbbeIA,42,0,0,0
CdLXjpRWqUw8_s5elG_aZg,42,0,0,0
Cda5E4JqNDUoBj47ANp-Xw,42,1,1,0
CeSDckgUNxYs7IrG12zbcQ,42,0.14434031,0.2043824,0.060042083
CecKHTm2VDXtlBg_u3EWXA,42,0,0,0
Cg2dYxOEnEezhkq-h5w5JA,42,0,0,0
CgnQrp0OBegXKGnYu-zG5w,42,0,0,0
CgrUAYPNl8MDhWvLTqU-Uw,42,0,0,0
Ch759-9JBBu-UafQ2-abYQ,42,0,0,0
ChnIjYF4wA7iRd8nJfj1Mw,42,0,0,0
Chu6bxP07skjdpdNgj7zsw,42,0.6105457,0.46927873,-0.14126697
CjIpmIHt8Ue14czGQo98cQ,42,0,0,0
CjJhEzdWQNEKa7grwPRQyg,42,0.16185745,0.063620788,-0.098236658
ClTwCETIbt9cAVqZB9Ng6g,42,0,0,0
Cm0QxNfVHNu_zzdIyHNi6g,42,0,0,0
CmLK8cjvcUIKyNVMp8ZyDA,42,0,0,0
CmNi_9VDTOzompGyYcHChA,42,0,0,0
CmOLGYohF5ToSNi8v7O9kA,42,0,0,0
CmR9s-2zH20UkmUt5Qwqnw,42,0.15194751,0.15194751,0
CmjQyDQImnlhXROkVOrhPw,42,0,0,0
Cn55H9B2R6CENLUe5GGg3Q,42,0,0,0
CnCtn4EWLeLuv6RBdFfQgw,42,0,0,0
CniA0uvjsZTbie2w3ZsMoQ,42,0,0,0
Co_4d9b_ESHOnoOgEBCn6w,42,0,0,0
CoxJfsyjWNHV1i1-Lu5nRQ,42,0,0,0
Cp4pUzlmrKWUZ_ZYjH-OhA,42,0,0,0
CpaAjr6_e7fDC4A05PYMXA,42,0,0,0
CpspqvN_1uKnnfCxPkluKg,42,0,0.38685281,0.38685281
CqDTNw9rP9rA2SM1656GoQ,42,0,0,0
CquB5xzRJb9Fo3yPI-0w7w,42,0,0,0
CrzKKrfSjNteud9kJ_5KNA,42,0,0,0
Cs9vrBCHnjXODulXdVBajw,42,0,0,0
CsmRSnIOh-tG-k7Mh3_EVA,42,0,0,0
Ct72fpuF9_e4hmXCnjPC2g,42,0,0,0
Cu0Ytr4AnQPr19RaDc7QtA,42,0.11731968,0.12681702,0.0094973353
CuLJYxPdFFVQtyb0Gktsng,42,0,0,0
CvbJpYZDTOB4-w6jKmW5uQ,42,0.40346988,0.30260241,-0.10086747
CwQgvNdd-rmhPdCK3d_xxA,42,0,0,0
CwieciEGuXm0Zq0Qr-5E1Q,42,0,0,0
CwtSfxxOupTW4wFR0dLnew,42,0,0,0
Cx8SyXD23b24W34fEfU5ug,42,0,0,0
CxRD5BdNXKgTjx_SkhAXPQ,42,0,0,0
Cyyak91WYSrVGR9AfAJLXw,42,0,0,0
CzhKoVMsRK-zylwUuaAjRQ,42,0,0,0
CzqjSTIxzl_R1WRzl9-1sQ,42,0,0,0
D0faGVJFyGg9BiQmjp2EUA,42,0.14204004,0.14204004,0
D1d3adfKGREx_Z2PNCTl_A,42,0,0,0
D1uwgZgwVkNKh47MGpmGXQ,42,0,0,0
D2VBAKQjN2L5P7RxflQFMw,42,0,0,0
D4tNjr9WI69U8rDfp2J-3Q,42,0,0,0
D5VHN977GB-Wk1esSU9VaA,42,0,0,0
D5m8sGSEfkQctw1qkrgflw,42,0,0,0
D674BOyt2VnfT9-yy7audQ,42,0,0,0
D6BU7ZjS1gYhhPGHSr3C9Q,42,0,0,0
D6NDCD312wn4j_WiTcy5YA,42,0.07223616,0.09472701,0.02249085
D6sbowQ7tuKCv8zgMqm_wA,42,0,0,0
D7xBr5tzSiIOJdQjoGpMBw,42,0,0,0
D8EJzaEhVammXsmGEo8dVA,42,0,0,0
D8mL8qwZsH7rbLkbNcc9bw,42,0.1208113,0.1130534,-0.0077579009
D9aw3G-9sU7LbPv7I46ipQ,42,0,0,0
DACWsCv1CBML1BMinPW3Tg,42,0,0,0
DCJsA-mN7H_dnCjfn3ogNA,42,0,0,0
DCaOlH2Fl31ImyGLb67F-g,42,1,1,0
DCazhgGbSkuHfSWMfi79tQ,42,0.75748751,0.48247556,-0.27501195
DDBhlESrtaBVIB0l8ZgtiA,42,0,0,0
DDF7rECL7bRKhtGG8c6Gtg,42,0,0.23137821,0.23137821
DDItoaNRmJJYrhJGz4ZJ3w,42,0.2664075,0.27127839,0.0048708944
DEiAhP-xb4i-71foPKSqxQ,42,0,0,0
DFCA1ITDqu8Nw-2bNKhaAA,42,0,0,0
DGAyRqiCKsER6akI5U7yQQ,42,0,0,0
DH4MN9fymsXFHf4pnSDK9A,42,0,0,0
DHYEqVO4IA2PsS8EJqZDlg,42,0,0,0
DI1XBdIshz0j50oRJ0HvOg,42,0,0,0
DJIAJO8vJ5t_rNXoUE8HEQ,42,0,0,0
DJdp0ia1lZISFZh182E_Rw,42,0,0.090325438,0.090325438
DK35CUWSp13IreVzIoKK2g,42,0,0,0
DMx9EJox_ZlUHgrQE5JvGw,42,0,0,0
DMykhB-sUeUrcmQbp6zFCA,42,0,0,0
DN1WN26wt4o6aJre0-dXqw,42,0,0,0
DNCDgtsmHyELnXA2pe7IeQ,42,0,0,0
DNHhecxtX3mTM0ewUBifHQ,42,0,0,0
DNzgJRdL6kXyQcXABaPEvA,42,0,0,0
DO7IB9G2U4BPllAVsjgzzw,42,0,0,0
DP7ddvk4zqxdbYeHU2Qa0g,42,0.38685281,0.61314719,0.22629439
DPL27Iz4US_cd9ENYAlOnA,42,0,0,0
DPcJ_uf07HgSP-f-noeV_g,42,0,0,0
DR5pTKJzhr85X9s8mi6zdw,42,0,0,0
DRu6KBy6PfXMG81mFECDZQ,42,0,0,0
DTKlhU4GUpOIQK7IjCJc3Q,42,0,0,0
DTKuc_AfULkcXXkcFraYiw,42,0.14545952,0.074148615,-0.071310903
DTNAb-1gJ6e2nyqCc3fdcQ,42,0,0,0
DTvYk_Gx9mJgB9fn555ppg,42,0,0,0
DUUpi-6_Kd7ALUxW401a6A,42,0,0,0
DUnF8qWYGaaY0GeJ7jqu4Q,42,0.24630239,0.39038005,0.14407766
DVXfHbs-Dj5vfsiyYoHxXw,42,0,0,0
DXSWuKH_hKJi3NYHK5eGdw,42,0,0,0
DYsCA0Nv4uXtAfkaIxWqZg,42,0,0,0
DZwGkNgapOH9acyhkRy_DQ,42,0,0,0
D_nT2XwT1TjucgXaGjD71A,42,0,0,0
DatQq18eHSUsK3XNdIZ70g,42,0,0,0
DbiZXAui0L2LGHB5E0blrw,42,0,0,0
Dc7jv17Gkm6YunWbKYaQ0A,42,0.033437491,0.050595683,0.017158192
DcTUXOiNHm0u0GO5k9inkw,42,0,0,0
Ddd0ZKIFQd_NYqclMXYFKw,42,0.48056574,0.37378973,-0.10677601
De9L1xCtbO-HL33URZW62A,42,0.1695801,0.33916021,0.1695801
DeXKbQYNx52OlOizobOLJw,42,0,0,0
DfbWVoNDJJ9n69VrjfyS9g,42,0,0,0
DgC8Z8VmSAlWZpsc_XjbqQ,42,0.35909863,0.22922331,-0.12987531
Dh1P-XNtdpc2RQmO3LLZ4Q,42,0,0.2043824,0.2043824
DhUEuSrGJfONLDixnP3YkQ,42,0.65480866,0.37947168,-0.27533698
DhWUaa1UBzaxNAfEQeVlyA,42,0,0,0
Dhdom-xgrFj1JNvuURnrJw,42,0,0,0
DiZyLkHNsUp0Fm0WJ3YMxQ,42,0,0,0
DjWTA9NjPrK4y7tfMYSlnA,42,0,0,0
Djaa6J18tf-9lA9vV8md3w,42,0,0,0
DkZ0SMwANgwYQRFH-iAVJg,42,0,0,0
Dl8xoQTwMgDG1DZbEHS97w,42,0,0,0
DlFbNJyOovNZm319yKJqSA,42,0,0,0
DmfT2HBhi7iJS2zjuP7LHw,42,0.10875552,0.08930562,-0.019449899
DmlRFoBlJKNYOk9y0TkaWA,42,0,0,0
DmneDtySqrp6NaXvDbRwQA,42,0,0,0
DmpTAM6YIkilbceoHD2L5g,42,0,0,0
DmzgVCLy077BOamdTtweDQ,42,0.33916021,0.21398626,-0.12517394
Dn9WngLhC-utqIS07IlP2A,42,0,0,0
DnCHYugBDpiineW38-YJGQ,42,0,0,0
DoqpE5_OlVNUNm_S25ghDQ,42,0,0,0
DowW9N5tYnjkyozysg4VzQ,42,0.46927873,0.46927873,0
DpHiRe0HUhS0xhnkZlzreQ,42,0,0,0
DpIRb-cy71vc8aMXwzERkA,42,0,0,0
DpfsPx-I_bie2LwyXRSNiA,42,0,0,0
DpgFEf3Rcc9B-9Pe9oJWZw,42,0,0,0
DpnA0io_soKcFzS3cWcVbA,42,0,0,0
Dq5tBQ4w_7drxSTj05A0BA,42,0.60526024,0.61314719,0.0078869487
DqkSHfAfJCwXaOQYiSiwHA,42,0,0,0
Dr1ShQHZw5F8JV4HTC_xrA,42,0.2338647,0.17931408,-0.054550621
DrN3RPS51NntP_vgmJuA1w,42,0,0,0
DrvVmk4AmCKAA_5KayCI9A,42,0,0,0
Ds4kNgSK0bNLJ2fbfZ2sfg,42,0,0,0
DsjDg8brU1zpN3U4PszJFg,42,0,0,0
Dtg1yoASCsJf_txJsqVGhA,42,0,0,0
DuEyHLAXsoPOuGIwsa0YxQ,42,0,0,0
DuaisxE1cLH9a8TAasTcuQ,42,0,0,0
DujXxxlIKTGEPso-C-Rq5A,42,0.17547753,0.22040557,0.044928038
DuvGYvbFjTHy2GMENu8c7Q,42,0,0,0
DvQoy2JA0TrPblhVuE2P8g,42,0.14126697,0.13090199,-0.010364983
Dw5mjNy248aLYNPX_hkw6Q,42,0,0,0
DwjsG4rMBk9GVcV1UJi8vQ,42,0,0,0
DwshcLeRbQzyo-RP1WK5XA,42,0,0,0
DxGDGcFCSXozXh2SNmNfeg,42,0.4400379,0.42122275,-0.018815153
DxUMVLN9RqR7p8D1beJ3gg,42,0,0,0
DxeFyM9rEffHk2B-sndyFQ,42,0,0,0
DxqOAmfXxRbQpAQOnqP7kw,42,0,0,0
Dy9KULFYbZbDj2yrtaa-4Q,42,0,0,0
Dy9erB-Jm6m4cFqUabRThQ,42,0.61314719,0.61314719,0
E-XZffO6FsZM9N8AOOOHhA,42,0,0,0
E-zqtA9gohM22Tn-Ifgq4A,42,0,0,0
E08kDfOTSQrW2MCpa-ydKw,42,0,0,0
E2LFJxs4mbSexaV_Hf2RgA,42,0,0,0
E2m-oovy7vUk0tz8Gb6oxw,42,0,0,0
E4QGS3LSVxDVA0n5bxvp-Q,42,0,0,0
E5jpL1omqpi__votNP9zlQ,42,0,0,0
E6ClR7NB5cUP9SwxbU68bQ,42,0,0,0
E6NZo2tXGS7o2T1WqqO6vA,42,0,0,0
E6pWpRh_McNg3KLwaXDkXg,42,0,0,0
E7dbGtwtIDtJq5iMlmGaBA,42,0,0,0
E7w2XD6yeC2AN-HuMDi1Fw,42,0,0,0
E8BQ4pF-KIqaH5R5c6rQpg,42,0,0,0
E8Brau7LHw454accaAHnnQ,42,0.034750173,0.07437124,0.039621067
E8K6Rt2-m9kHDqHnoo32eg,42,0,0,0
E8Qc_uuCzXgTqctDlye9PQ,42,0,0,0
E8ZPjNX63kfAuUL-U3s5Gg,42,0,0,0
E9FAS-cM4DekfXD7-ef5Gw,42,0,0,0
E9ie-fl14jUToKby8eVd4A,42,0.5,1,0.5
EALlxgEoNryRq6oAKX462g,42,0,0,0
EB3P2uHK7KDViE82UbS2bg,42,0,0,0
EBRsiSFbiqEfxHiJ8blJMQ,42,0,0,0
EBozJrcKS2uiGXkIc-dUsg,42,0,0,0
ECJED_CiTFIkiGo_F2dCtQ,42,0,0.16569577,0.16569577
ECKzQ2DB72e9bfpuxrfGmw,42,0,0,0
EDP-WIrKO3JP6PKu5hrMEg,42,0,0,0
EDme-VW0ivgMMThQARlM8g,42,0,0,0
EEMdoht5cQR6hfZr1KGrPA,42,0,0,0
EFHtUpOjSQoLRRLfwwm5oA,42,0,0,0
EGUI2CjMMKldpVffhKJJRA,42,0,0,0
EGh0HRlN8dyjrAIoEdjqpg,42,0.084790051,0.081334845,-0.0034552059
EGoATgGnBGBfRKUtmfRMPw,42,0,0,0
EHMtuuWB0BNJCYmXM2Y81w,42,0,0,0
EHm_r2QH5bg_Ddx2_DENAw,42,0,0,0
EI8AJSf4bd-8ITSEihJLvA,42,0.13565197,0.15642624,0.020774269
EIPN7GwMqVO9IJV1TKPTRA,42,0,0,0
EIWElrScZkZskWoNUOcbaA,42,0,0,0
EIeQKGMa4bIWpHFKWpbA7Q,42,0,0,0
EIq5Ks5GYc2t0xnYoS_RNw,42,0,0,0
EJbvvP-1Tx3Ie2WEN0R2bg,42,0,0,0
EJzRtdXROAfTyuF5jITFjA,42,0,0,0
EK-zY1eg7MkohcGeYhD5Uw,42,0,0,0
EKE59c8eXD9wDGBsBKLEQQ,42,1,1,0
EKab8pTUJAx3HozPC3ku_A,42,0.61314719,0.61314719,0
EKwetWM3vcmvgekGB7XWlw,42,0,0,0
ELybhSHRPouj9lJnXsEVnA,42,0,0,0
ENZbh_u6v1vT_zTUW3vZGw,42,0,0.074282073,0.074282073
EOAwEkoU9hbI8EhRuTGWCw,42,0,0,0
EOajY1L3ole3gLTCZ2xw1g,42,0.061173315,0.089617287,0.028443972
EOs8FZEHJ-aI_GaYM25pNQ,42,0.041389435,0.12001698,0.078627548
EP0V5j0lW-OOTmPKKBBtrA,42,0,0,0
EPSzhOEb3ZfZ_XkgSD4j1g,42,0,0,0
EQQuSmsN_OSaiMg8rCCXgA,42,0,0,0
ER9f_TJgt6osxnvKBUgT1Q,42,0,0,0
ERh66eWeg5pQkA-vWpmx0Q,42,0,0,0
ESDPrVZqf4gyFw7Tzmmf8g,42,0.52050673,0.25355276,-0.26695398
ET2j1IOqD6L8g5UmrOzoQw,42,0,0,0
ET8n-r7glWYqZhuR6GcdNw,42,0.63610554,0.61199994,-0.024105609
ETD4yYfJAXbfZuIK-3xLyA,42,0.074740926,0.04734668,-0.027394246
ETLyhZGsqp_ZatdUJRaZuA,42,0,0,0
ETyduRMWNWg7cjoZaRxmaQ,42,0,0,0
ETyu4_RFoZNYGYFXk0KuFg,42,0,0,0
EUWeptsNimw_-0EwVLN4VA,42,0,0,0
EUcScagKSsv7LQWkBh8rUA,42,0.090325438,0,-0.090325438
EVVVBxIm05vptKQmgDwWvw,42,0,0,0
EWoXqsctLJUPFUoASCSsnQ,42,0.20210735,0.15642624,-0.045681104
EWpNkukzCsgyeiFjlQz9Ag,42,0.14126697,0.15642624,0.015159269
EWqL48JnT7YWP5YNfWjKrg,42,0,0,0
EXNv7kV34cYYnUzU3Z7kHA,42,0,0,0
EY1zLv0P5D1eq7tkurbb-A,42,0,0,0
E_o1YiQGl2VsSCAOaNnzGQ,42,0,0,0
EaFtAJBslgwPWtjScGupCQ,42,0,0,0
EbUH3xjipxO3Se-A38W9Gg,42,0,0,0
Ebk0VVZ54mPMrPB3lG0KjQ,42,0,0,0
EbzIOck2feoZrGxRjyPDyw,42,0,0,0
EcALn2zLCFa5CcLJU41FiA,42,0.29871002,0.17780476,-0.12090526
EcaLd3kiRE6Jo6vLMLOIcg,42,0,0,0
EfdJfCzZrvUI9v-bI0gv2w,42,0,0,0
EfxPI4afdlW9gQYkTQD0-Q,42,0,0,0
EhKOESkFLOxE72WLLHWnvw,42,0,0,0
EiAOjMQ1MMcT29wu-Gbw9g,42,0,0,0
Ej9tb35go4kmndTcwRiKVg,42,0,0,0
Ekw7wuUTX36BtcPP6XnA-Q,42,0.20597437,0.21473257,0.0087582052
Ekw9VVJimJRDtV6J5xiZWg,42,0,0,0
El6F5GpEWfhVQmWIEwfymQ,42,0,0,0
Elkw8CZONcZa1H5jO17qkQ,42,0,0,0
EmWaamu71BkDoy9pRHxC1Q,42,0,0,0
Emn1XNOGdtonUfpEBHJn5A,42,0,0,0
EnOkfA5dkk7I-w9RsIExlA,42,0,0,0
EnXSXmJYc7Hzka2tO8iNew,42,0,0,0
EoBlVpAMPY8Qu31VgblQoA,42,0.39038005,0.39038005,0
EoW-9Ert43aVfVMkuQ9DoA,42,0,0,0
EpHgw2vPHBV8cvLwDU_l5g,42,0,0,0
EpkCj-k8O40iswbl73VNog,42,0,0,0
Epp3SHBja2SisxGbEJE-WQ,42,1,1,0
Eq4z0BzNPB_BvE1UP74ALw,42,0,0,0
EqF-lnxQscooBJtI4i2OnA,42,0.28906483,0.23540891,-0.053655913
EqJhoyBc5wlHrTWBlUYb7Q,42,0,0,0
EqgK3T7NEXy2Uly8YXwz5A,42,0,0,0
EtS8h4RHupbgMscLIhQf1Q,42,0.23540891,0,-0.23540891
EtxF7UTajZHmhG1JKV9Vbw,42,0,0,0
EuICdCgCIjGRo-EKsqXzkA,42,0,0,0
EuMFWgEnd8HuQGxuUE8zpA,42,0.049089484,0.19635794,0.14726845
EuopqHg-cCgb0MjbIRCWJQ,42,0,0,0
Ev53vF0nolKYdS5xfEYACA,42,0,0,0
EvVbekEpWXAeMNt3mQlAjg,42,0,0,0
Ew-NHxDqARuYL_3uxubWtw,42,0,0,0
ExhcUTTcj_MBhZdFQT9KYg,42,0,0,0
EyfG09xu4E0FBrzQwvWX2w,42,0,0,0
Eypq5gLLjCapBVVnMw_MyA,42,0.24630239,0.24630239,0
EyyTOEYTLIwwwmpfvv4uQw,42,0,0,0
Ez1p_Xv9dr_rrq731Y9TyQ,42,0,0,0
Ez8SvfNm6iq15KgAxVwrZA,42,0.30103,0,-0.30103
Ez_EUDvshYkHxoba5HKmJg,42,0.11284514,0.12315119,0.010306053
F-d6t1H7_A4vvXIh_t5S1w,42,1,1,0
F0EuMYzsOkmAhIkfEEKvQQ,42,0,0,0
F10pNIXKp3VgL6vBCOBWqQ,42,0,0,0
F1T3aX7gTQiqEJVCTLUugg,42,0,0,0
F1Uer9CnaDDH6xp_83vlbw,42,0,0,0
F1Wlk9KlWJty_xktb5HRqQ,42,0,0,0
F1nAk2Pyfc8N4vKg9GPDJg,42,0,0,0
F1uO9Vlwcpfp1FPSANVRJg,42,0.38685281,0.61314719,0.22629439
F1uzcVfHP5olyNdxZI_ukg,42,0,0,0
F2P3IfYy7vpGsQXWqKpphQ,42,0,0,0
F30JdPPMUnYnhrl1nrAPYQ,42,0,0,0
F3DU5d0yXlwR7IyYCbfb9Q,42,0,0,0
F3uJG_v0educVvOFsoPACQ,42,0,0.12011566,0.12011566
F4hYr8e1tsHChae80QP_Zw,42,0,0,0
F5GeBhnsjLkxjKUxzekq3w,42,0,0,0
F6s5dcrVodeoAur3Toiyew,42,0,0,0
F7HPo-1dtqiQatjmpa-YHQ,42,0,0,0
F7WK15KWANbP776XPUkKgg,42,0,0,0
F7hNai6ITI6nK9rJYIb5Ig,42,0,0,0
F8PGl0pWWYeyiLBH5OiXsA,42,0,0,0
F9BMWomBRe-_N1TDTcP25Q,42,0,0,0
F9jU0d47WtdKV4eYGJwmpw,42,0,0,0
FADTGyQiB7ILNSN_-aWGaA,42,0,0,0
FAKE7SRxywqz4cMvEl4pjg,42,0,0,0
FAPDpWyCljDRpRZT3dC3tQ,42,0,0,0
FAt1F9hUUNj_SQvSfSW6Xw,42,0,0,0
FBaIHm075Jbm5I7ic-RbWg,42,0.3065736,0,-0.3065736
FBvt6kTT0RUcoIZV5dzNhw,42,0,0,0
FC1ZSB9fd4WlDMSAbEjq8Q,42,0.47925797,0.47925797,0
FC3ynmCEaRoXhJ36ZNsbdg,42,0,0,0
FC9HMNV70jHlipSK_2oHiw,42,0,0,0
FCZsAjuVKx-Utp8cmc2IYQ,42,0,0,0
FDr3AV8GwfPDOYYoe-yXRA,42,0,0,0
FFZxmRXi8nvgcPhqkONy4w,42,0,0,0
FGeyO9pX0aj1ZSHVU4iu2Q,42,0,0,0
FGs8J5uf6JDiRCbrGQoKXA,42,0,0,0
FHfjAReTovbu0chLv-WGrQ,42,0,0,0
FI-OoM6pkA2bWI53IHKXBA,42,0,0,0
FIH0NF-A1OocRr19Mlftdg,42,0,0,0
FIkjcOgpIn06k4six70rmQ,42,0.27487633,0.27487633,0
FJ_WJdPPA-EynKXuY8RywQ,42,0,0,0
FJax0oEjdOeTrlBGMnLZ3A,42,0,0,0
FJwNDYw0ojHzIU2K6cdnXA,42,0,0,0
FKH03zoehsngXXcTe6bidg,42,0.30260241,0.30260241,0
FKMrn6TIaGvGki8CmrKIlA,42,0,0,0
FKRz94Ehuni4dO04vuw9Uw,42,0.23463936,0.29608191,0.061442548
FK_j1G0tbdb0owbCRVj4Xg,42,0,0,0
FKjD1-bo__9A__2cDpDNrg,42,0,0,0
FKukJ4L7vV_z7WNi0hB1uA,42,0,0,0
FL7VWauq9Zo2UDf5yI8eJg,42,0,0,0
FLKqDlM4QhrIYtItxq6-AA,42,0,0,0
FLRcde8_Gu8UCttSNj_ojw,42,0,0,0
FLva7_LRaH2j5O896uJwhA,42,0,0,0
FM3hremwwIZCDmqlkUm-fg,42,0,0,0
FNuS2P-nQLP7yTtQK2PCpQ,42,0,0.068719083,0.068719083
FPTvONXOLGKrvJ3cps5XnQ,42,0,0,0
FPf6qUtpQFvN0wTP5k2sTQ,42,0,0,0
FQFaju2BbJoWuM2ASeGucQ,42,0,0,0
FRa_eFg0qSnRxAH2HegdyA,42,0,0.11480929,0.11480929
FRiq-Y97LuUjM60BX0THjA,42,0,0,0
FS187tzhIDsomnqgI2TAsA,42,0,0,0
FS2yGHCgLo4mFRevs8E5hA,42,0.30260241,0.30260241,0
FS9EWeUw1mWdw5cYF2Xykg,42,0,0,0
FSeIh80sIG-0JqtCJ2rOMQ,42,0.2529427,0.2529427,0
FSqnEOJih_0BS5ZHRufJqQ,42,0,0,0
FSs22gbuG87NxES73YiJdQ,42,0.16989455,0.23264165,0.0627471
FTM4XQRuB7EqTFq4TRXWSw,42,0.26264954,0.63092975,0.36828022
FTqp-6XSYrWRzsKEVOoMqA,42,0,0,0
FTz8bknq45XQ19ZkGdsmvA,42,0.46927873,0.46927873,0
FUUEU3ZN5cL1nNNR2AYZuw,42,0,0,0
FUVFeJaapsUx0UUo3RcVNw,42,0,0,0
FUgGYF60YpYbO4bc7myF4Q,42,0,0,0
FVDUqdLhAPnKU203TDKeLg,42,0,0,0
FVGrORiBlc-qTiOTyYoqpA,42,0.080218274,0,-0.080218274
FXW16a1QddonpF-h3NtxPg,42,0,0,0
FYT-TBUL3L-fTPKF1WgL1g,42,0,0,0
FZLKQ3d80CMsyPkeZ9dpfA,42,0,0,0
F_mS2MGUlO_GC-fEcn_gOg,42,0.35620719,0.38685281,0.03064562
FaBY9v5YRnCNUhKSJWBb_g,42,0,0,0
FaC_wCEb5IqLiB0_-DM0Tg,42,0,0,0
FaRu0KBhd6D1bk3V-YnZdA,42,0,0,0
FaaYiuCBffmDxrFF-a5VwA,42,0,0,0
FbA8lsZmgFum38k6i8DsGg,42,0.63092975,0.35620719,-0.27472257
FbBggeI2CX8dyCNjYvIsMA,42,0,0,0
FemfJRDjf__PcPkn3i86Cw,42,0,0,0
FezSEf5Czr1rJWmwzyGoMQ,42,1,1,0
Ff8hG_00h6SO5unNTXPFQQ,42,0.61314719,0.42511095,-0.18803625
FfEwIX65QvS8EdnhHHvnkw,42,0,0.15642624,0.15642624
Fg2PSDGWLL7mHhRbp_6UxA,42,0,0,0
FgNZxXjR8agaRB2_2DDlfw,42,0,0,0
FhL7KojOHBilKE63ybupVw,42,0.14804096,0,-0.14804096
Fi1ZvmXY86OUoXjL92Nikg,42,0,0,0
Fj-Vz-5N_SBSXWpAtUSGRg,42,0,0,0
Fj5KavP_CjiYm_E4cY-8Yg,42,0,0,0
FjtXHoLycWK1JzpFFSrupQ,42,0,0,0
FkYzHGWrAQUdKaYrmKex5Q,42,0,0,0
Fl9_HczQUM2TWTGzzwDUwQ,42,0,0,0
FlJFfKCSwRI1nzmViGIGiw,42,0,0,0
FlXBpK_YZxLo27jcMdII1w,42,0.20169609,0.16346858,-0.038227503
FlhZYUEhfpfm0Ynxacftwg,42,0,0,0
FlsiRS7TBOgjWk7GrZilig,42,0,0,0
Fm_2uJ9-qwGEEggHBLUHYw,42,0,0,0
FnY_HW_bmMDmadEl_DYNZQ,42,0.15642624,0.14126697,-0.015159269
Fp4xc2a_Op2Y38vKyIreKQ,42,0.22276287,0.22972463,0.0069617543
Fqii3H_aQHw5h0IcWf_ldg,42,0,0,0
FqkcclDQhLZr8gvw6LfI-A,42,0,0,0
FrP2Y6l_UmvC-8Q9OFn26g,42,0,0,0
FsE1Nn5PGdFzqq2hBnMzvg,42,0,0,0
FscO3COsx6Bmy6tVdSkDcA,42,0,0,0
FshZYB25Azc7W94bqMvWtQ,42,0,0,0
Ft82E6wy4d_WGANtyqFX3w,42,0,0,0
FtaHkK-Gc7VLVHIQ9km5XQ,42,0.61314719,0.61314719,0
FtxS9Ja8u2IeqvBVsr-iQg,42,0,0,0
Fu7DYpJFm9h148x5fIEvTg,42,0,0,0
FuYo0nALoI0nwkbJ_QA1FA,42,0,0,0
FuuSXzxpahlsIQtJ_6hyfA,42,0,0,0
FvfsySugz29u5yVRNPS27A,42,0,0,0
FwJ3piokFUzzK-zwun64tw,42,0,0,0
FwRIArLW3gPwCBoz4xPm5g,42,0,0,0
Fwq8n-rN6veiE3emAMEdiw,42,0,0,0
Fx8YWMRl6cawpMY_t5mnzA,42,0,0,0
FxooKHCiZd1_To18N1z7Pg,42,0,0,0
FyMwJiM5s-Jd2Qzaqrfgog,42,0,0,0
FyaR35w2tjG-og1JA9wexA,42,0,0,0
Fyl4bt9ULgWstqdgTIyBeQ,42,0,0,0
FzEPTC3oS_V7tNPdObNzAg,42,0,0,0
Fzcz78fciJAMccTjfoBlPg,42,0,0,0
FzemMECB9UV6UAPqg3P88Q,42,0.14704034,0.23719771,0.090157372
G-FNSbNJKHZEVmfNaZ4jPw,42,0,0,0
G-LH8wAVBN4GAVjKAFyzTQ,42,0,0,0
G-uv9J_2-0OyeIlNfHuYjw,42,0,0,0
G0CEgVeHe9rYswyUnbSk7A,42,0,0,0
G1HXxzIA80y5Q1VB1mIx5Q,42,0,0,0
G1VmrB6jB6_HE8dlQANfVg,42,0,0,0
G1X4XAnNVCaqCExN4D3lxQ,42,0,0,0
G22biUATL4nU1yq9SM8HIw,42,0,0,0
G2XRG_raVtrrONP4IxF5WA,42,0,0,0
G2yoB8gAhLvqn-peUIt9wg,42,0,0,0
G2zM8Ea8jSr7F5YeQFL2hg,42,0,0,0
G3659TUAxhN6T6zvTOoz6Q,42,0,0,0
G3E69neBDQChbhahmzfnAA,42,0.14204004,0.07102002,-0.07102002
G3v9iDNkuh3DIL-E7h2WPw,42,0,0,0
G3wKnut3kQVLMksLcvR62Q,42,0.11253889,0.14126697,0.028728084
G46oXgURGTgbxU6NJemLJQ,42,0,0.12315119,0.12315119
G4Uv3ppIJ8IzMtIPci1FWg,42,0,0,0
G4dsr2kAAtApUt9GvFvs6Q,42,0,0,0
G5-Pxa2fNKVPBCWBDDnFaA,42,0,0,0
G5-Ti3eSUeHdHgwyRDSnsw,42,0,0,0
G5OLGMmgH1idDBMwKbiSSA,42,0.59232026,0.45718389,-0.13513638
G6lKDOZzRSpaRfodxp16zA,42,0.16569577,0.1418689,-0.023826864
G715ISAkXBWUm7ApCjQaFA,42,0.3065736,0.38685281,0.080279211
G7k-olyu7OqVb8-mzxs1Vg,42,0,0,0
G8z-JeJ_booU3CRHSOHkxA,42,0,0,0
G9D8fK_ffX1q9kO9i-6_KQ,42,0,0,0
GAKWEMwGHddyElAu_3uRqg,42,0,0,0
GBkpGphLJ7-MkE2d7CSaGQ,42,0,0,0
GCgBvm0T1fZINcp1myOKoA,42,0,0,0
GCwPDVnQFg6DdS8KriTHNA,42,0,0,0
GDF7XLPN5kpnoJmV7e3phA,42,1,1,0
GDIQG2c4JIYvESiryNqQJw,42,0,0,0
GD_-QH1XgKT6ZYgx258pgA,42,0,0,0
GEyLSyZHIeUq7sy2uIBe1Q,42,0,0,0
GFW7sZbYseXByobP9QKHmw,42,0,0,0
GFYmLGgUcjanBBb4NvxRdA,42,0,0,0
GG0mFsEXb-02_dzFPqRV1Q,42,0,0,0
GGcs-Ed_6mcWafBlUMca6Q,42,0,0,0
GHH7n36R6xGEvF2ksMYvAA,42,0,0,0
GHd9SranMaaTRKdCt3KefQ,42,0.63668244,0.63668244,0
GHoG4X4FY8D8L563zzPX5w,42,0.1020974,0,-0.1020974
GIOTwvrGY9hlQXduUrWs2w,42,0,0,0
GIoUmry8mvCrhU0xoq-Rag,42,0,0,0
GJ1OvvPjC2JDs9-_zV1Z0w,42,0,0,0
GJS2ImTtZ59Fs7o9CbZJgQ,42,0,0,0
GKVw9mKHEok-Phr3Yc-fTg,42,0,0,0
GL18myzHd62C39MrHdBXQw,42,0.30260241,0.30260241,0
GL6qwC_XknPDwiylqhO6Jg,42,0,0,0
GMA48Ik8fj3JnXcqKR_YdQ,42,0,0,0
GME9GnPTA-on_PudQl5N3Q,42,0,0,0
GMeYzbl_kvY0dGZeA4Lfvw,42,0,0,0
GMp0DRWP3VJ5VkM5wpk22g,42,0,0,0
GN4R4dwqNP-_yvfa-ZnwRw,42,0,0,0
GNG3idmr5-_0e8uwZKFiZQ,42,0,0,0
GOmIhjMERPfhurz4YPzNjA,42,0,0,0
GPk02mhKvdn_KoGg-neAxA,42,0,0,0
GPw9ELBR3zjjtaXPhlNrBg,42,0,0,0
GR7-1pQrgIDcLXAtSpO3cQ,42,0,0,0
GSDw9czWBk_GL53a5NtcIg,42,0,0,0
GT9f069-w-5eUQV8d1DwDQ,42,0,0,0
GTAmhlj02CHIYbn6UrUu2A,42,0,0,0
GThrPkV1qIja1DmPMbK38w,42,0,0,0
GUTHHHARQqEQ0OdRfsSc5A,42,0.16321685,0,-0.16321685
GUjBgR7ykOfcfMyU1DHvgw,42,0,0,0
GV0ZLqZ6Jmo8Z5diY5EbRA,42,0,0,0
GV2OYKrtKJs7_zyugAs08w,42,0,0,0
GVGLytTurADjbOR-kge7vw,42,1,1,0
GVHI67-rQlB6n-a_E0o_7w,42,0.30260241,0.30260241,0
GVR4bS7shlQ5P84XCsqiNg,42,0,0,0
GV_revjN21XCakayg699sg,42,0,0,0
GVr2BuSL06P1MsHKlVCs6Q,42,0,0,0
GWOf1oB2mTalRY_A-EjSiQ,42,0,0,0
GWPDRXlqNOuX28c6Lw73Og,42,0,0,0
GWSm4oJVNmTGcUwSL7kILA,42,0.22009177,0.22009177,0
GX1yS8vZ5Hhg1CmsT5RnIw,42,0,0,0
GX4lio7E96sCpRsyUfzGdQ,42,0.248022,0.17839633,-0.069625671
GYv8xJeLdN0aQq8dZqIH4w,42,0,0,0
GZEYPoD_SED_lXHbzAHZDA,42,0.27023815,0.25595802,-0.01428013
GZUToXxYjjfXA2uzNLJA8g,42,0,0,0
G_3tq1ylvNMS8IRTbMm9dw,42,0,0,0
G_dYyf9Q1BrrH0iINwTK4g,42,0,0,0
G_ewrDXcU0hXovihr2G5og,42,0,0,0
GaXioAwYSzaaof7LX6UuoA,42,0,0,0
GcdYgbaF75vj7RO6EZhPOQ,42,0.12011566,0,-0.12011566
GcqLMAuVVGBEXRG_A97rXg,42,0,0,0
Ge0tsnqB_dObCjUCiy250A,42,0,0,0
GeDPQCdtOBq2BDCgUCA0Hw,42,0,0,0
GfI-d9mQePFA2PvhAd4WGQ,42,0.51992453,0.54236402,0.022439482
GfXrfAsugwiE2R-tzjnyyA,42,0,0,0
Gff6iaaGIhNcfCIszpZczg,42,0,0,0
Gflk362qyCMGLF1bxJJEhw,42,0,0,0
Gg7VwEBqNP4L8-yz9toAWg,42,0.58557007,0.63668244,0.051112364
GgGen6L5WZowpOEKuu1ZfQ,42,0,0,0
GhGn4svo4e3a1_cOuEUumw,42,0,0,0
GhOdSSl4KJgMnsgjzJV9zw,42,0,0,0
GhhhRBpOnvSloxSTrgXiXw,42,0,0,0
GhuMzO3JVds90tweXV5t7A,42,0.85034491,0.85034491,0
GiEf8YOMB2KjFpm457M5fQ,42,0,0,0
GjepBC1ZwOPqPVoNipNhMA,42,0,0,0
GjfGLLK6ckiEK_cZ7qF3PQ,42,0,0,0
GjiZ1hhexXrTtExxTyudgg,42,0,0,0
GkJrjt6WyAPfBgUDzBWpeQ,42,0,0,0
GkoESM9G3qJC3PTLgCif8A,42,0,0,0
GmI8mDMyZeJEVZ3g-6eDcg,42,0,0,0
GnaBQoO2UfzLdxe5pI8Qog,42,0,0,0
Gq4XX6_fGJu3iZgYRkMLZg,42,0,0,0
GqSA5t_OD1uxDZMwVLpoXA,42,0,0,0
GqsFk6P8shE4LfEPSJUJww,42,0.1418689,0.1845757,0.042706795
GrYoyy-a8FM00mNhCSdsxw,42,0,0,0
GrvD-fRAjDnZdyl1Namf-g,42,0.27487633,0.27487633,0
Gs1I7r8jzrKpszdI8b36dg,42,0,0,0
GsVBNe9GV-K1cUON9-TDIQ,42,0,0,0
GtJW6mTDweONksDaCQVwlA,42,0,0,0
GvihKFRYzQgKOnLcQ8ZudA,42,0,0,0
GvjlejH0m2CRdrjwx_Ixqg,42,0,0,0
GwCcOcTD7WWel22mB2_DzA,42,0.082975728,0.094606347,0.011630619
GwvpFG4beL5oMH5_HbF25w,42,0,0,0
Gx7UBwju-qLxxV1SeoGsew,42,0,0.30103,0.30103
Gx7uJDuH_sQrtlwQzXJnaQ,42,0,0,0
GxLeJX2M4Im5fzfzKARY-A,42,0,0,0
Gxm2zAtHM2FYOedRUiDJ2A,42,0,0,0
GyCcOTwcg91ipHnGWotPJw,42,0,0,0
GypsdbOqkqwKb1pP_4eANg,42,0,0,0
Gys4J9fwKIrc2Xl2snOrEA,42,0,0.23137821,0.23137821
H-c0rG4Dmth9Q_EajKXDLw,42,0,0,0
H0N7D8PvP2_9uFrimAgZeg,42,0,0,0
H1NgVwKXW72Dskys8DO2kg,42,0,0,0
H1P2bRnSjuP9K5S1yw7-tg,42,0,0,0
H2RalfY3Jn_GSEB4g_LOqg,42,0.27894295,0.43067656,0.15173361
H2uGBjLQH5s_bRRYMzEG9Q,42,0,0,0
H30mWWgJjTbnjRi91UOQ3g,42,0,0,0
H3gfCZEuy_kZTxO6FfOwsA,42,0,0,0
H40laLp0uu_iTHd4K3by0Q,42,0,0,0
H4sefkMu2CSLPdikbKjPpw,42,0,0,0
H5pubo53Joclw01ZPqhoMA,42,0,0,0
H6-9VdI6cx4vSu_FeZVR0g,42,0,0,0
H6Nf5yIfYFNczFRckZWR8A,42,0,0,0
H70qlEfrariOPsMeFo5-pA,42,0,0,0
H7bB3q_xyhag8uGt7JoYWA,42,0,0,0
H8hanEnc6xr9K7LY4UUtvA,42,0,0,0
HB88pjmR9UVkCNiUFGVT0g,42,0,0,0
HBLDsdGpWd13cnu6hoeR5w,42,0,0,0
HCLGRyXM_UjVAN_P6c6gHA,42,0.27487633,0.27487633,0
HCTtNMgR79Z9Pg_i3rJsrw,42,0,0,0
HD3_INpd5qBCurFTzDxYCg,42,0,0,0
HDZFTlIoi5A383yx8Ia4AQ,42,0,0,0
HDpiD-dmXpDhTcPa38itKw,42,0,0,0
HEZSS-fFZOSXmvjd8Me2Tw,42,0,0,0
HFbbDCyyqP9xPkUlcxeIdg,42,0,0,0
HGILgPfe9f0-oZeETY1Uag,42,0,0,0
HGTdyEDygTqANThO64WDWQ,42,0.12388806,0.098178968,-0.025709096
HH3IyvD1MpxZ-FlazroBuQ,42,0,0,0
HHLJzHVXYfvfGVuSWQ6i7Q,42,0,0,0
HHp96KPsroyYDAHOwo_VSg,42,0,0,0
HIAKsWHN0dZtTZA7BVLIQA,42,0,0,0
HIIKwKeZC4f9OMpNF7QJaA,42,0,0,0
HILkCZD9HwGO1s1wPM0DyA,42,0,0,0
HJdFNtGwRUpDI6KvorA4cw,42,0,0,0
HJoKNi3IJxTcTVchaenRxQ,42,0,0,0
HKSyLOmK_YE0G1fM_Wrs-Q,42,1,1,0
HKkhamPZAXOIx442ZmRb0A,42,0,0,0
HLhA0dL8xHz9HgvAs7HWSw,42,0.24094187,0.18521618,-0.055725681
HM8Q_8s6nZL6RKbVyZRdOg,42,0,0,0
HNh3KomO_n2SQJJeYamp4w,42,0,0,0
HNrz6Xe7PoLjUp8kBUDykQ,42,0,0,0
HODkDiOSVCyDCT1MruHnBQ,42,0,0,0
HOkN9P5rGOLnUePfRhrBmw,42,0,0,0
HOkQSlFfnZ0mng3QOgM3Dg,42,0,0,0
HOy4vtxyF-UD9bv9jmZGEw,42,0,0,0
HRkYISguuiBbt_JNxJV2Cg,42,0,0,0
HRlmvwYRgW5ZWrdAawLiog,42,0,0,0
HSPQqdb_mwB8jULnxwQC6g,42,0,0,0
HSZzE8goeBu3IuVHssMt2Q,42,0,0,0
HSiZWv9PS9x3gG2O1uJ0tA,42,0,0,0
HTa2KMHlWJJ5qdmQag7y8g,42,0,0,0
HTvYtV9fYYZSSLq7MpEAKA,42,0,0,0
HUm2iSccJ1-itnBfuHnVNA,42,0,0,0
HUtDmB2kr4eNaZpA1OkUQA,42,0,0,0
HVQKFDi-vZbawtmLMq3ZOw,42,0.29168562,0.29168562,0
HWp93pUcVcfvQpsUpvYoVw,42,0,0,0
HXZnDSvjuGNaHKATRyMvXg,42,0.61314719,0.61314719,0
HYA7YRKDQiA_bWG7z1zBjg,42,0,0,0
HYjcMLgVLmB-9p-tG5vp6A,42,0.63092975,0.63092975,0
HZ0uRG1Xct8eltExJ6_jZQ,42,0,0,0
H_aPVn0P8DL24C3pckD4wA,42,0,0,0
HaPM8iQhyjm2pVh3g4bUGw,42,0,0,0
HaTwLhU4GPvp5v_ZWtPUlA,42,0,0.15693994,0.15693994
HbYeC1vrPaiSOuFwNQJdxA,42,0,0,0
HcpRgnXnBk4wixWQdZdetQ,42,0,0,0
HdjbOoI9hXxrstGStvvP3w,42,0,0,0
He0vJhp9oL405A7ysSKHJw,42,0,0,0
Hf3328ygirIBIzlJrA_3Ag,42,0,0,0
HfGKgfULfqWkfPvB_3299Q,42,0,0,0
HfnU2ZhBqf3ltLZHkedNgQ,42,0,0,0
Hfswp9VVcNJVtpVv6alhHA,42,0,0,0
HhafMjHnfPjR-RWU5AKbWQ,42,0,0,0
HhbzZ0jwY0nP3XpFUh3I7w,42,0,0,0
Hi10sGSZNxQH3NLyWSZ1oA,42,0,0.052086393,0.052086393
HiBq4PxEa_cjF385B-5b9g,42,0.1130534,0.098039286,-0.015014116
Hixk-gWc13XwvExs5lFmIA,42,0,0,0
HjyeYbnxg20fzRK7jyqPHg,42,0,0,0
Hl-KqVW7BiBBu1NUthg3MQ,42,0,0,0
Hl6YAHjk1lsXfBzb9yZmDQ,42,0,0,0
HlBq0El3-46ahRHIGZLKdw,42,0,0,0
HlOP4AEX88c0VtnX8Hpjgw,42,0,0,0
HlZV2uK9R_2GFLSG6Xr-QQ,42,0,0,0
HlsHWMFPBOAJrpI9IpAtFQ,42,0,0,0
HlzCUA7gwXpfo841o26iXw,42,0,0,0
HnFwMrQkm8949QGEAdCIuA,42,0,0,0
HnpouZXIQHeqezf5gWchhQ,42,0,0,0
HoJ0ye2hXqfD6L22QkN1xw,42,0,0,0
Hp1lYarvJDw1EPviC-Sr-A,42,0,0,0
HpM02X_YVluE0FDTcIF3Rw,42,0,0,0
Hpcudq4CGKL9YogepfgNag,42,0,0,0
Hpf0XejkQAIMSsZhZyj-FA,42,0,0,0
Hq4TO0FHqH3MKeJO4ZmUHQ,42,0,0,0
Hs53_WOZdZXFcr4wEQBL7g,42,0,0,0
HtTULraJCT5tGFjGOQkUHA,42,0,0,0
HtsDJlGBe5LH7zlDEIqE8w,42,0,0,0
HuvJyylBZhBxRRe079xLRA,42,0,0,0
HuyEgXPq6vg604OE6tbzjw,42,0,0,0
Huz20UDDMaNu-nH7NTK6Yw,42,0,0,0
Huz3u-D76tz6LRLvYbvbkQ,42,0,0,0
HuzEe2OMR_djNGVsZw0sUw,42,0,0,0
HwL0cUMC7-qghiAKBzMpXg,42,0,0.28906483,0.28906483
HxN0IAaV0MIz2McCiixtzA,42,0.06912041,0.065415185,-0.0037052251
HxdiIx27kTDk8Htjj99_fQ,42,0,0,0
HxhoBOxtWlfSGz86Vl23AA,42,0,0,0
HxquZZ00x9utretrAZ8gXQ,42,0.29608191,0.29608191,0
HxyLRaoH9PS09M6R3rV-EQ,42,0.69892716,0.76442039,0.065493231
HycJkwRLEgYFZG-hDh_zdA,42,0,0,0
HyecqwXeafZ9umTSw5WdOA,42,0,0,0
HzEmzPSHcvCBUzf2d8cNRw,42,0.3618792,0.41253178,0.050652585
HzoQKKHDq9BI37dyJAAtGA,42,0,0,0
I-4m9OqNjpWwE01ZBrIt_g,42,0,0,0
I-kDntNSbhS8M9BOnMbWlg,42,0,0,0
I0A55-ZZtVcTOHYk75jePQ,42,0,0,0
I0CH7lt3EHQCns8-yfOmkQ,42,0,0,0
I1UOCUGCd3STY-PYe_9HRg,42,0,0,0
I28lom0iOPibv5iN7BM0BQ,42,0,0,0
I2WKw4msnVHpuF1r0gZkWQ,42,0,0,0
I2Y4jNvIW-vSaodxg_ZfyQ,42,0,0,0
I2mHtOnroTmBkuCtYSKl9A,42,0.25850284,0.15310412,-0.10539872
I4Kq6r6SYXoti7D1zLPXZA,42,0,0,0
I4S2OUVoznUPWcXrMRMURw,42,0,0,0
I4bjcC1FvjOih-CRhK3xQw,42,0,0,0
I54YSiWpcmHy4KyvJ27Uqg,42,0,0,0
I5ACdQhu3PziQ9r8QWGztg,42,0,0,0
I7Fmd8WQA0FozWOEZQNdkw,42,0.18166111,0.14204004,-0.039621067
I7d4Q4QrJSg7se5LcDK3DQ,42,0.63092975,0.63092975,0
I7hV1q0L_rZKi7GyWKhcyg,42,0,0,0
I84mHxpc8hMky9I1j7x3vg,42,0,0,0
I8exYimcQuYvYBz15QYX9A,42,0,0,0
I9rIRoFSIZC1AZkvC1VgFg,42,0,0,0
IA8lo5KEAU7XEnUyuNppXg,42,0,0,0
IAIjs6U2BPkrtO6B7f1guA,42,0,0.21840744,0.21840744
IBWpwDwCjCm0D3p9wnhQPQ,42,0,0,0
ICU2sGDu3jo9MOMMYzYh1A,42,0,0,0
IErVzM_4FOtDhukSVqTkPQ,42,0,0,0
IFRAIIjI4yJQ4KPJCWQNZw,42,1,0.38685281,-0.61314719
IFgtmg1CXeaCrO_tYB0Qig,42,0,0,0
IFnbM6ombHEWhQLUZeFEyQ,42,0,0,0
IG2PEklShzMF1YOU-Bzadw,42,0,0,0
IGHZDboZjSUJsBDKQvgxhw,42,0,0,0
IGHh_a7IOYixclHzh1DjuQ,42,0,0,0
IGmwo_IZy5VhUww5U32_oQ,42,0.35620719,0.23137821,-0.12482897
IH0ToaZ8hJXO2pVieN7dpQ,42,0.15958908,0,-0.15958908
IHwqiLph8rb-o7NXjwBzRA,42,0.12011566,0,-0.12011566
IINInT5gKgNGJ46qKAis5A,42,0,0,0
IKJZMVGh3-DnJZNSJyGLew,42,0,0,0
ILHs0uKAZ5kbv2M5GCBCXw,42,1,1,0
ILKSYMWKPhollNtqEn-Z4w,42,0,0,0
ILKityCUzq0dQWHY72GOGA,42,0.41039157,0.36435617,-0.0460354
ILicYV0XNcbfiWEgWlIZ8g,42,0,0,0
INNwrCZ3KCKokbLp1zz_Xg,42,0.30374357,0.36185283,0.058109263
IO6yhUCiFhI1qeial3nceg,42,0,0,0
IOBbQDBPTk8bgc1fejdqyw,42,0,0,0
IOjwt-cRHwdenA63T_rt5w,42,0,0,0
IPBLxqObAk8YFRw6ufbkBg,42,0,0,0
IPD-mQZlyAx78UdZcnDEyA,42,0,0,0
IPXvfef1sgOAaUE788dzfQ,42,0,0,0
IPh7HOPFRKXIV7lQAkB3Nw,42,0,0,0
IPyVdDGXX5gF0OpVGcFsxA,42,0,0,0
IQRiDkzlCZObo1WlHHXRog,42,0,0,0
IQhb-lWN01QApNcZgKTmTA,42,0.39038005,0.24630239,-0.14407766
IQsF3Rc6IgCzjVV9DE8KXg,42,0,0,0
IRVMXWg8Ttaf_JTIoU-abA,42,0,0,0
ITpldUH1k90kuxJfccW4SA,42,0,0,0
IUZRIkWPjCgQmyPHkBlAMQ,42,0,0,0
IUfLCdhKfs_0O-g9BLadIQ,42,0,0,0
IVqXMGaA-kI_-jIzA6tIrg,42,0,0,0
IVtWtFm3DXr8PvIa85oCcQ,42,0.26406812,0.17723929,-0.086828836
IW-aJ2Y7xxJQQiY190xtyA,42,0,0,0
IX8gKNiGDncqrWXfcLwX7g,42,0,0,0
IZ2UpUYIDGEw5eR_XLgyWQ,42,0,0,0
IZX44aWucnkn1qwOpiC9tQ,42,0.091092403,0.15130121,0.060208804
I_QvvtVzEUlPm3pW68fWWg,42,0,0,0
IaQesI4LmTc6x8pJMSctXg,42,0,0,0
IaX73WNkQtspGsF3Xwgm8w,42,0,0.10699313,0.10699313
Ia_irX_xqSQuAtrk3E1BiA,42,0,0,0
IamJgFZawc2zBSLVkzXahA,42,0,0,0
Iarl3Xxp2DT09MqA9vIaBQ,42,0,0,0
Ib3uXHSWeBed2kK-BKLGSw,42,0,0,0
Ibopg0NYDx-M1X-V1F-IUg,42,0.23463936,0.15642624,-0.078213121
IdYplEo8X0JKo_-QHgrcuA,42,0,0,0
IfCgLrjasxmPyRoARBazQQ,42,0,0,0
IfOpyqFmq28-rr2brq7-Yg,42,0,0,0
IgXmkMnfVWSUNyUFaGPHmg,42,0,0,0
Ih30H32YlBC1u5O6i6ub1Q,42,0.12325584,0,-0.12325584
Ih_n0t4D8F1kN1cjc3Wyaw,42,0.16716045,0.20210735,0.034946892
IhsNZbCjwwPB-kFHxaAz1w,42,0,0,0
IjHtQ2x7Z5ahg8nuOQIY2Q,42,0,0,0
IjmeX7t2h5gFAvyesW-0jg,42,0.050595683,0.089617287,0.039021604
IkxNSP1OK8B0hLlPukqnNQ,42,0,0,0
IlGYj_XAMG3v75rfmtBs_Q,42,0.46927873,0.46927873,0
IlejTl2AJo1W_COCIOTXJg,42,0,0,0
IliRkEd0W4W32egVNn200g,42,0,0,0
IlvXi_Prbd0RLdkYGj4kCA,42,0.77573862,0.75369761,-0.022041007
Im2l5juff2JF8aJWi-pOEg,42,0.10764243,0.17060922,0.062966786
ImMDSShc4mjEgPlAJ8KIbg,42,0,0,0
ImjRB421s7xcDLnqs8N2hg,42,0,0,0
ImpJbfNAxSKcT0ZZp5Ykbw,42,0,0,0
Io3IpnLC3dTnfxPrCzdGvw,42,0.06912041,0,-0.06912041
IoAxGYcVLvNdwY4yGDJSsw,42,0,0,0
IoK3XlDg5n8KzsrvXLT79w,42,0,0,0
IoS8IZai5Yfa3ULgO1ktKw,42,0.18422215,0.13355144,-0.050670711
IoeQwKZCS-nSOSD91GqriA,42,0,0,0
Ip-XdrL7uInJmkpPY6OMhw,42,0,0,0
Iq7iyven_FPzl4s0wdKd7g,42,0,0,0
IqAYsDCBVKTQVtD2rPlzKg,42,0,0,0
Ir3H2KMmL1hYWFn2ptI8TA,42,0,0,0
IrD6hj_GdjWLt46aZiO2yw,42,0,0,0
IsXy4uiCoElOhmEdLY7QTg,42,0.37149598,0.30260241,-0.068893567
IscC4oHVlGyHIQ9sxIUaLg,42,0,0,0
IufKA98FFrk-mxaQ-ZqTLg,42,0,0.18154179,0.18154179
IurzOuZP7eI9oMXZ9Cz0fg,42,0,0,0
Iv2TqFgf_jxaCvA5Mqv5eg,42,0,0,0
Iv411IFwWulRPvH8X5d5cg,42,0,0,0
IvOtKZVtU-yefm0lEm5XRA,42,0,0,0
IvtzA736qCBVK7ZkXKp6lg,42,0,0,0
Iw2yGSfnlhuxOTSvF2zKpw,42,0.24942134,0.25546756,0.0060462224
Iw6uScVAE_MA7cHZey67yg,42,0,0,0
Iw9-gnQJJYyxqbbo_mGBjg,42,0,0,0
IxSEFw5AlHqNCbueWkRxKQ,42,0.61314719,0.61314719,0
IxXXJNHrctPE2e7RVcsdIg,42,0,0,0
IxjJVifP8eQ7ZWbJOse48A,42,0,0,0
IxqXMZ2uVeHH4fkxCqkq7A,42,0.1934264,0.2043824,0.010955994
IxsSNx9VjlcYa63pcEpENw,42,0,0,0
IyZvF8H4NmrbJLXIAHiQvg,42,0,0,0
IynOXKF-9JIOVRVlkxo-mQ,42,0,0,0
IzatvCbvAM8FKupoYU4C9g,42,0,0,0
IztY90vYxroiYozEO53SxA,42,0,0,0
J-gaDImpuNN6KbbkIzWdKw,42,0,0,0
J-yiZPRoS4_TeKiB2lakxg,42,0,0,0
J0CuAADSmhjDvJERqBqS6A,42,0,0,0
J0FP9-f7To3pHvxrC-JCTQ,42,0,0,0
J1Q9w7aF2ABxlKo3Qs5pAg,42,0,0,0
J1SgWi9jmWtTevgZLh3IvQ,42,0,0,0
J3Ck2-PDd-NWSXPOthUoxA,42,0,0,0
J4tuQLiBDJaVgR7puYcLBw,42,0.27487633,0.27487633,0
J4ulowZK4-0b_q3rT-W1zg,42,0,0,0
J4wKefe5fEmY0zIO_q-dpQ,42,0,0,0
J59X5VXH1kyjkwZBNWtBuw,42,0,0,0
J5wsOJCeZBYzo4jSzMaWPQ,42,0,0,0
J7EL9N9a_q8KQDVFuYmPMg,42,0,0,0
J8ziAD59ZOtSRrprDn4whA,42,0,0,0
JA2gZLhtrP8pAzGCY1PsBw,42,0.46927873,0.29608191,-0.17319682
JB5oK3veSrIwIG6TqUijbA,42,0,0,0
JB7XTruIsJ3g-leF25uq4g,42,0,0,0
JBInDuMqeZ3fGLE2XegKXw,42,0,0,0
JBWygnyTfTtqbQrf5Cc1Jw,42,0,0,0
JDBlafv8p0UBtVFZ4LnRhw,42,0.25,0.28906483,0.039064826
JEIWidsaVqi-K6E5s6J7JA,42,0,0,0
JEJ-nTLhRZdw0MnySM67Qg,42,0,0,0
JENzmvrM1QF8b4hW3OJJrA,42,0,0,0
JEo4oz6J9r6iPGIsG9p1EQ,42,0,0,0
JF4FZw98cXx_syHHdGL_ig,42,0,0,0
JFA2EfdpOhFEZ_WTZQHWNw,42,0,0,0
JFr3VYiojnO6l5xfXh2M9w,42,0,0,0
JHBoYPU3HMgUg3Mz9PspTA,42,0,0,0
JHCQPWHsWOa3qWBeqExlHQ,42,0,0,0
JHWtYE4OX5uMg5fHfUAwWA,42,0.1532868,0,-0.1532868
JHrun8pPOxs-14Aux_5iqg,42,0,0,0
JI5y5pXbrwi4ATbsll1KaA,42,0,0,0
JJFkdHRqQ0LAv6S_QABpBQ,42,0.63092975,1,0.36907025
JJYa2Y4x8zRreWWCKPRVtw,42,0,0,0
JKlcPu7IwDn-rDCGoLMGyA,42,0.061393046,0.061393046,0
JKxxv3BJ3VxUC7yme32fRQ,42,0,0,0
JLv9gCd1etfFf6VbDv6cQQ,42,0,0,0
JMKRGI1r94UXclURaAgMpQ,42,0.38685281,0.5,0.11314719
JMU1w_0RQAy0SLcFKrBB9w,42,0,0,0
JMUP-NR2Zlp7Gsz2rzE6pw,42,0,0,0
JNVGChHwcoVEL1cEd2wWtw,42,0.11731968,0,-0.11731968
JNiS3sZAUGRV-Es-9IbWNA,42,0,0,0
JNtC3flT9u-FmcN335Q9kg,42,0,0,0
JOrDiXIgpb0sjtd7Cr3CdA,42,0,0,0
JQRgPKhzPHxOAStYoW1_gg,42,0,0,0
JQeb1zUh-zEaKbuk7RtWYA,42,0,0,0
JQvMNDFsvT_njvRgWUir3A,42,0,0,0
JSBG7uMpQMJ5EoOp077UUw,42,0,0,0
JSWtmumKmF8HjvAbb05ybg,42,0,0,0
JTNPV4-p1bKW_OHKXUc6pQ,42,0,0,0
JT_BRir890qm6kaJC7Cvdw,42,0,0,0
JTqQ9C9S2Qc8_aHtO1965g,42,0.33916021,0.21398626,-0.12517394
JUZCIVqZwQ_DD3Rg_m6jyg,42,0.35620719,0.43067656,0.074469371
JVEG2AJ1gADHhTspOQqO5w,42,0,0,0
JVTb-qDeWjaj_e9-7f1hKg,42,0.28906483,1,0.71093517
JVTcWzNNMgHXD4hEiaD4SA,42,0,0,0
JW5W4OZCohTvZlRF1jzrTg,42,0.29434408,0.320246,0.025901916
JWAr362YHIDwBPtTvy4_Dg,42,0,0,0
JWeXuv2B9lRhiXBcIzsi2Q,42,0.63092975,0.63092975,0
JXR5AtQzzcV-PUNrJwKNfg,42,0,0,0
JYX0u99wOZ0jrjiRQXVjcA,42,0,0,0
JYY66Iwvw7bW-vNIN6cpKA,42,0,0,0
JZ7_NwOexwsy0-gusF4vZA,42,0,0,0
JZSwwC6jbDtIhMTVEGTqYQ,42,0,0,0
J_NZejScaR5_D6LerjASew,42,0,0,0
J_jerijrgPX7CRvG2mMWMw,42,0.26264954,0,-0.26264954
J_v42xK6BG7VdYiK3EkN3w,42,0,0,0
Ja0OGDZD0Dc0nd7Cs8cTkA,42,0,0,0
JaGMcD5MD4tCfblBfRZBuA,42,0,0,0
JaT9pTWJWLlM9WWZ06UPiQ,42,0,0,0
JabrjJv3_pYspcUhN3OnvQ,42,0,0.11253889,0.11253889
JakQRw_9dW-j5kJchUf2OQ,42,0.13905618,0.16812754,0.029071357
Jaq3aXvYpBAjyoKiQwhnzw,42,0,0.077216688,0.077216688
JbEhTf-smujTggj9yFAlqw,42,0.33890359,0.2875795,-0.051324086
JbIsevcScUIGSEuGmViNuQ,42,0.1695801,0.17931408,0.0097339808
JdZtBaU1XDRV_LRQbMp4Gg,42,0,0,0
JeERFBZyECRwzscG3dvKQQ,42,0,0,0
JeH9Q7i0blYtCNMC45SXPQ,42,0,0,0
JeMPH8vo4dPZGvBn3oR6ag,42,0,0,0
Jedxm7YobfXiXUHdx1X8Gw,42,0.074031845,0.17986924,0.1058374
JgsixYSXHyvcqaz1d7wrWw,42,0,0,0
JhKAgKjSuhzATNByqHTANw,42,0.33916021,0.33916021,0
JhhGRMvf1kZou0ZqK3NJwg,42,0,0,0
JhvlUqAhydwG08kuxrzoyw,42,0.14204004,0.14021297,-0.0018270695
Jhwj7oaRB_-wg1_uiljHZg,42,0,0,0
JiPMk9WmbJu-VfTRAKpZpw,42,0,0,0
JiZhr1u_2YuoVKeir5wzxQ,42,0,0,0
Jj1TkmtKitbC5QDRG35J2w,42,0,0,0
Jjuc1_S7cSPP6SUZbBHy9A,42,0,0,0
Jl0KQyXprSzuCGNYEa0V-Q,42,0,0,0
JlUFYRdIvbElmUqQX8wF8w,42,0,0,0
Jm6NRD_CLjSE1FOd5bALaA,42,0,0,0
Jn9ZxDFKI8VVwIy40Vdqzw,42,0,0,0
Jo9JpnnIT-xaCKuUgN5TTg,42,0,0,0
JoG8VM2rDkJe1C8w-1SPWQ,42,0,0,0
JoJY7SZNUUmTa5t-OG1pfA,42,0,0,0
JoVuMN8MjB7uVcBYS4IbZg,42,0.15101962,0.24630239,0.095282771
JoWcRQF7DmMPH6BYHjeLEQ,42,0,0,0
Joqt9XoWuipJPg46KlVn4A,42,0,0,0
Joyhg0QncvFOpKFOOVAfUw,42,0.2043824,0,-0.2043824
Jp_YGp-4KTJnexFdev1-Yw,42,0,0,0
JqA2lLtVwUTeZ1oOk93CNQ,42,0,0,0
JqIPq7TVp12LHpQ8HI4SJg,42,0,0,0
JqT6PAZ84a9F140iLDzwig,42,0,0,0
JqbqUhDKIrqzoUvEEgtyVA,42,0,0,0
JrQ4kKePypqQh_d_vlNocA,42,0,0,0
JsAC6cQ2FSad_1ElPj1wxw,42,0,0,0
Jt3GylPuH64uA3zTdbMdCg,42,0,0,0
JtNuZiT0YK3hR0INxZEqLw,42,0,0,0
JuHHLydQ7RxjWmtZpSEZvA,42,0,0,0
JvORgjylhvxElcH1GUdnUg,42,0,0,0
JvUPonIfl51OeVVlKZ4Fmw,42,0,0,0
JvY3T5BH5UxVf8d0jMyWxw,42,0,0,0
JwQMmU4pJLDBdDVFuJhKoQ,42,0.61314719,0.38685281,-0.22629439
JwkKk4cG--kzkD-fLMhHeQ,42,0,0,0
JwulbBFNBMyinY6KAorrDw,42,0,0,0
JxK6iNGstXVXk56kDacLfg,42,0,0,0
JxpjlWFT13G527sL9-1ePQ,42,0.11480929,0.20210735,0.087298052
JyixUQI4wRG8IiGffdMKdg,42,0,0,0
Jz775JaeZ5-qd8eRY9ykXQ,42,0,0,0
JzGXwXXri7KqkiwBP3qUpg,42,0,0,0
JzPPcIDxQ2Is07lT_ppilw,42,0,0,0
JzaexFe2svFGjEpnOaJsRg,42,0,0,0
JzjoSceWEeqGhN9GmJEKTg,42,0,0,0
K-Ze_LlzlbjWV0SPLmVpBw,42,0,0,0
K-hvr3qqcRlJcwkISgOpOA,42,0,0,0
K0Zx5kdqDaAwL1P0qKGQWw,42,0.074031845,0,-0.074031845
K0vxsF5Cpdyze0BvktpQAg,42,0,0,0
K17847uudqPFPIjSPgxs2A,42,0.53834882,0.49894646,-0.039402365
K1Lg1JVV36ylbJu1txkVhw,42,0,0,0
K1Z4CV1kCmvLYJnA30yfAw,42,0,0,0
K1atdJqtMk__T3t_aR1sqg,42,0,0,0
K1xaNvJAmjtRu2BKgX2Z4w,42,0.5,0.43067656,-0.069323442
K2GkgW-VmQzMNFSOfgDA9g,42,0.1418689,0,-0.1418689
K3BT4Z51sMiJT5wrP08qHQ,42,0,0,0
K3JUUE6209BUNkXKzDHMyw,42,0,0,0
K4uKK5Joy2VgBRcg-fzNFA,42,0,0,0
K5G7p94Tc81ab15hqfnokg,42,0,0,0
K6Jqw4_mIJ6Qwh0N07T69Q,42,0.40346988,0.45694496,0.053475078
K6YawFQbXKRYaJp7U3YBNQ,42,0,0,0
K6ZkptSIH0RjEd2t52N5-A,42,0,0,0
K7DOy9ed82T7jIG-9uMRlQ,42,0,0,0
K7XacurUg5CYoyqWn_sy4Q,42,0.33916021,0.21398626,-0.12517394
KAtUyADBgnlz_-fACwuCPg,42,0,0,0
KAx_lj5FQzXsxjdXf0MLIQ,42,0,0,0
KBNWnXrZ1oua8r-2XqC_2g,42,0.099920907,0,-0.099920907
KBh3N6Th5H9xPuOuHPru4w,42,0,0,0
KBmKxSPxEZIFKdpJFcxAiQ,42,1,0.5,-0.5
KC7TeSrNHgzURKg5WKgG1Q,42,0,0,0
KCFyvih3sGNST-WoyF1F9Q,42,0,0,0
KCV-jezsN2Zy-UvI8vPhyg,42,0,0,0
KCxxh5tUtPFJ1itRl6L1Jg,42,0,0,0
KDIzcYEhJVDBx-yHdq-nwQ,42,0,0,0
KDw1B6VZ-c0cSobzgRx06A,42,0.44830399,0.37278926,-0.075514732
KEnvorQ-3IYbmZn-0F5agA,42,0,0,0
KFelw8C3xjAAGRFLf_0Wgw,42,0,0,0
KG9wJGEbeIYtoHlKXcudGg,42,0,0,0
KGEdaKlPI-Sv2K_pa2HKgg,42,0,0,0
KGnPTPP-i2l3__OTzA0-kg,42,0,0,0
KGslCssugNfMLpg0O7tIHQ,42,0,0,0
KHap5IDWpce1YN--TUkCyw,42,0,0.15693994,0.15693994
KHsa9LuymDe5oQr4VSE-3A,42,0,0,0
KJ3gDnRQqOeLPIVaqr1BoA,42,0,0,0
KJU2-wVqjc564-TfQUDJRA,42,0.63092975,0.43067656,-0.2002532
KJhBBzvW1j8fc5neToCPWA,42,0,0,0
KKVaxc9egdsWqo6puI1rJw,42,0,0,0
KLJEugmYo552iwcumLexIw,42,0,0,0
KLmRc1_e8XBU3KrfTI7oTg,42,0,0,0
KM76791235_ozKYDmvLBIg,42,0,0,0
KMi0ac4RBfbWldT974DDiA,42,0,0,0
KN-buQnAME-90bszLThpJQ,42,0,0,0
KN9iuJeZvbN66wWDCoRYDw,42,0,0,0
KNH_UkVfpuL8KUYAlC6-ng,42,0,0,0
KNI32keq5Xl2JYIppfDfHg,42,0,0,0
KNK-JvuvvhG0CT9w6B6QTw,42,0,0,0
KNQz__F64qvKPOxeXPc9Ag,42,0,0,0
KNw5Ogzt1MNLOvmeuB0saQ,42,0,0,0
KPYdacGNQeYGIcPIb_MyJw,42,0,0,0
KQFw8ZysXk9LzVVUfrUmRw,42,0,0.16569577,0.16569577
KQSRUu4Aapl0hG6eu2v8iw,42,0.46927873,0.20210735,-0.26717138
KQVyujlx9sMmtsEFJXwvBw,42,0,0,0
KR5jXb96ao9MNcbazoUu2g,42,0,0,0
KRCo49o_EiW16dvwKbxK3w,42,0,0,0
KRYsPjfkDvce3zXuxAOmHw,42,0,0,0
KSrQ-qr-dXCcJadevuS1RA,42,0.050460967,0,-0.050460967
KTYetzyfqLQDrXNS6L2LFQ,42,0,0,0
KTZETcx_AknqBhWxeTqTMQ,42,0,0,0
KTjAW90RJnFK0qaFyJpQKA,42,0,0,0
KTkzUh-3RtIBZF3BAgb5BQ,42,0,0,0
KTxe33TKY86VJRm41iBm1A,42,0.61314719,0.61314719,0
KUNb3U-wxhNOpP6hyiKXEw,42,0,0,0
KUdkYM_INLNV13t5-I7yNw,42,0,0,0
KUeLqYkpm9ZZXpUVZ4itlg,42,0,0,0
KV4asf7Xm9StgU07poBe_w,42,0,0,0
KX5djyGdfP_5cw2SIwvndg,42,0,0,0
KXNwateTKpzzL_wqYCjoNg,42,0,0,0
KXYRjdlgg-Gw7mwF22ZAJg,42,0.12422155,0.10477397,-0.019447587
KXshrp838UN9M_J6hjSyyQ,42,0,0,0
KYeDtGXTg4lsc0MyAwTmtw,42,0,0.041739638,0.041739638
KYhEM7n5adDGSB6ZhhgvBg,42,0.49155015,0.47271367,-0.018836484
KZg0CL06YnHlrvi01vU4BQ,42,0,0,0
KZjEo1CEvp2NCZPFbe0tBw,42,0,0.14434031,0.14434031
KZocgSIZE67mCDQ1tyzLhQ,42,0,0,0
KbkoIiXYNuA0nd11pZpROg,42,0.20362905,0.17285459,-0.030774456
Kc0OHglUoZN5tWh9sl9iCA,42,0,0,0
Kc7IwXLrJVqAVMkX6pxWbA,42,0,0,0
KdGGV9cAFMk7v_7BsWObag,42,0,0,0
KdIvBUWH78enOn8KlmpxyA,42,0,0,0
KdOuhBZOpKRDFnLL25CQHQ,42,0,0,0
KdTcxdCMdOHZtnJCF6qUCQ,42,0,0,0
Kf5PVQUdDvQYf-MXoeWqZA,42,0,0,0
KglUzB9w3T7ElPQLYysHGA,42,0,0,0
KhjpIrCWLIzkkPrlu5_caA,42,0,0,0
Ki0t_-elZgqAQRsaZSOmew,42,0.33333333,0.5,0.16666667
Kj7oovbL9IWpNRqBBS7wWg,42,0,0,0
KjJaXF23qJxyy-ckZ0Svew,42,0,0,0
KjRDTAoxM2aglc6bwxWlYQ,42,0,0,0
KjlYa3Wlr60j-PSUZ-KfOg,42,0.61314719,0.3065736,-0.3065736
Kk6X_pzmWK4q_fgseMJm_g,42,0,0,0
KkmADj2xPhJL6DbZRVQcLQ,42,0,0,0
Km4fALsqos2glOBMz5uyeQ,42,0,0,0
KmSAsT3sPkZRE2LIMU8Gfw,42,0,0,0
KmlAcSovYEagg_UOBb_nSw,42,0,0,0
KnMYCdeVJP9QSY_ZSiwRXg,42,0,0,0
KpPmv-99jCtrJeYVXl-syQ,42,0,0,0
KpdpJia6v1bAEjirG0CcqA,42,0,0,0
KpoPHaTdnKpE8IH7nSJRRw,42,0,0,0
KqIKwbNtxAc3QjKaps5uFA,42,0.4086208,0.29608191,-0.11253889
KqpaOz5LaeshAHpZJ_XvgQ,42,0.30260241,0.30260241,0
KtRN-Fp5M8HvEqL0PGb_rw,42,0,0,0
Kv81CkNfyOcLXiGiV0Xjjg,42,0.46927873,0.29608191,-0.17319682
KwMpbm3hkfR9OslAbOTbBQ,42,0,0,0
KyjGiDiXPizjePw8mr8dZA,42,0,0,0
Kz1s7GVA3RYw28_fFBUqrw,42,0,0,0
L-GYXxNLLX73hFOI96B63w,42,0,0,0
L-JOEwP6wq5v1GzKuon__w,42,0,0,0
L0L09rkV4mb1z_B4-BCvog,42,0,0,0
L14EXo2TXxM8aZccNnZLrg,42,0,0,0
L1dPGOUpJLbPf0Ddtqxg2w,42,0,0,0
L2G5L_Rr00wqO2QAlnP8FQ,42,0,0,0
L2q0wwC3ye1Zpwr_4ymHZw,42,0,0,0
L2wya1xJQFG4BBunz43gKQ,42,0,0,0
L2zh8S5jpDD4fqCO6Z3AsA,42,0,0,0
L3WswuV8N3AwJZoixb5z2w,42,0,0,0
L4z_gpxzHFhjUVTxgY0N9Q,42,0.38685281,0.61314719,0.22629439
L5-vb-2aosPUdDJ_VEb-uA,42,0,0,0
L541HhOM0bNJJ9Q0xPhpHA,42,0,0,0
L5mbAu-5fXSDSzSaqHiySQ,42,0.27487633,0.27487633,0
L5vrQnmQJxQiIAqa3x3dhw,42,0,0,0
L62_4r_zHyyI_d5Crizk1w,42,0,0,0
L73y-zwI6QRXsI-hDVkibQ,42,0,0.12315119,0.12315119
L8VPewsXl2sHcyuBCqtXtA,42,0,0,0
L9dWF4VE6EIOmgxba795bg,42,0,0,0
L9e8Ld37Dca2o0lciqD78w,42,0,0,0
L9fwROLv90l_JcFlFbPR-g,42,0,0,0
L9iwCjd6GFGBFAbRfqqzVA,42,0,0,0
LA4DxijAdk04kf24k0_7fg,42,0.25936664,0.15695956,-0.10240709
LAOpiMxzYofaxldIfFNrIg,42,0,0.1418689,0.1418689
LAaYMVy5XSfopa5kD2YJLg,42,0,0,0
LBvlm3xTYAm9j3Nk-KXBDg,42,0,0,0
LBx6WqhoUc8fTTR-6JIocg,42,0,0,0
LC0s_RIoX0MMrCYUpnzQjA,42,0.10633668,0.24377485,0.13743817
LCIb3pARGJQBIcpKwDeMXQ,42,0,0,0
LDDyvHQZnIfbI4gOH2yjEw,42,0,0,0
LDw_VP9a22nnxueeCe7BHw,42,0.26536064,0.11047239,-0.15488824
LEvPHj9Xj7FOFUn67dLuyg,42,0,0,0
LEyRdfEh33INkU_qK3-FAQ,42,0,0,0
LF-K_ErXvM2V6Lyy2kaE4Q,42,0.17444768,0,-0.17444768
LFbespOrrHZWnuayx5DI5w,42,0,0,0
LFeGW2zPI3CONp6pj3acEg,42,0,0,0
LFeO_-IiI97B2a9K37LuBA,42,0,0,0
LGSCqlNcHHv0cOF8u_eBxg,42,0,0,0
LGdsPbczjK_7H6P0ADZkxA,42,0,0,0
LHsCa_aVta4UbbrcL4hE5A,42,0.1695801,0.21398626,0.044406162
LIXxRgGZi2mJWrLf6BERVQ,42,0,0,0
LJ7_2tA1lL85vUQEVU5cPA,42,0,0,0
LJDjijp3I5xJ-ujEsLhjMg,42,0,0,0
LK2cFPrCgHc8shHfG1bN-w,42,0.12011566,0,-0.12011566
LK73Jp98VX4eHkEIR-8L-A,42,0,0,0
LKYnw9PXqlotUFiCdLEtkQ,42,0,0,0
LMYlEkclQNHbEQ3W1COvDA,42,0,0,0
LMgQvD7RFHvJsUtj7lV6MQ,42,0,0,0
LN2eNwjoyTq350CyO0SGzA,42,0,0,0
LNHVcCbz5L5IfzR6aI67Dw,42,0,0,0
LO_uLZ2ya4VC4JSXqzSFKA,42,0.39038005,0.39038005,0
LP883AysBJqOAIzQnIvqnA,42,0,0,0
LPv176CEXCl7Ggls98FebA,42,0,0,0
LPvDAfuODxZLoB1aLlQsOg,42,0,0,0
LQXOUX3_uS5N8j4SJy5Vng,42,0,0,0
LQqzNWVmMh3wl7UkiN9yVw,42,0,0,0
LR-Io6XbeZh8omSk9U0Uwg,42,0,0,0
LR5KLo9TkFbuLTUnQXz0xA,42,0.27423337,0.2131465,-0.061086875
LRJtjAHA6cCMNvcrhEzteA,42,0,0,0
LRj6zNRY7h2jIQusw6LxiA,42,0.11284514,0.15101962,0.038174477
LSBgWs4JHYzaICHrF1HFmA,42,0,0,0
LSgpMM4vX0uSLLWHopfbOA,42,0,0,0
LT2IcjdLzKdUiTa6fdQLwA,42,0,0,0
LTl0cbH2a8QeQQ3XSA3_dw,42,0.38685281,0.38685281,0
LUNYOzST0BxpkatFjZb-OQ,42,0,0,0
LUNo6gSbyxEY8GX4f3FEAw,42,0,0,0
LUm7q4tqAETrWVwBKsE56Q,42,0,0,0
LVLvf4xOZNUESUhEZdufaQ,42,0,0,0
LVT0AbAlo-kF0uDKEOjxcQ,42,0,0,0
LVZx4OuHSy3DENWylUaDvQ,42,0,0,0
LWZPsSBB2F9OwzFSyHn9qQ,42,0,0,0
LWuQdBn6vp0BFQiR2KEvbw,42,0.30260241,0.13032377,-0.17227865
LXpyqnUwfxlh2cwlj98ODg,42,0,0,0
LYbV_fjPzbRs6ePlomPXcQ,42,0,0,0
LZtBo1-d482VT3slTnOKAg,42,0,0,0
LaGysanTNxMYRr7ecBy_zA,42,0,0,0
Lb-0y35-vafOkfd9YBWXLA,42,0,0,0
Lb4tcMqkfeOmstBaIYi2yw,42,0,0,0
LbEZNRa1bJ0jIscNMjcZ0w,42,0,0,0
LbHhjXMAqy60eWzUAYZZgQ,42,0,0,0
LbUgWrsKlfUCU2TEMNGA4w,42,0,0,0
LbsFlpZDv9cEFkro88OYQg,42,0,0,0
Lbya7CziNPkqmNI6ZuLlnA,42,0,0,0
LczTdwPxaReILvU1mAwyUw,42,1,1,0
LdF6t1mSXZfQIGTno64FEw,42,0,0,0
Le8CZWLze1L9yCAUExQIiw,42,0,0,0
Lej4AcvQu6FJSiG9WKDiHA,42,0,0,0
LfFVSs7JDKaduaDhb-UGbA,42,0,0,0
Lgt7Im9mQOGQeC27UQrmOQ,42,0.16104283,0,-0.16104283
Lgv4kGbOAB5M6FNIU6RsPw,42,0.30260241,0.30260241,0
Lh3WK2H1bX2WacbGTmLJSw,42,0,0,0
LhY9_D2sx6Vu_k3Zg5n3vA,42,0,0,0
LjKuR2y29K_g_xxavtKgIQ,42,0,0,0
LkCs9CH0LbNzvPzZDfxwoA,42,0,0,0
LkTGf2kvp65XcSab4osw5g,42,0,0,0
Lkavnmc1J9TTvk_Vbphb9w,42,0,0,0
Lkcy1YwwvDuWC8MOPbrGMQ,42,0,0,0
LkhJe84hwqwbp_vUrTLmHw,42,0,0,0
LkjyAJk14Sreon1kFMMhpg,42,0,0.11253889,0.11253889
Ll7PZ9e57oYEw4MiBvyRWQ,42,0,0,0
LlNSYCjK_NcQBDc9ANQKBg,42,0,0,0
Lm6cMA8asvYEl6yak3dljA,42,0,0,0
LnFIWZM_l__4t8Qxj3pnOg,42,0.17525597,0.33916021,0.16390423
LnVjm9CpW3VbYRTLVdf60w,42,0,0,0
LnkP3dnG7ICAYO4GFfM3DQ,42,0,0,0
Lnv6mh-gRQ9jDFnswIQzyQ,42,0,0,0
Lo71ebI_B5R2l2QdLtP9HQ,42,0,0,0
LoIJhr2YWPC6T1OUAwr1Hw,42,0,0,0
Lpn57OK2ubkFrUF62Cmwkg,42,0,0,0
LqKbaXH4b5KXEvpdtXFEsg,42,0,0,0
Lrk7Q6eJcu1nyDdW0SMiKw,42,0,0,0
Lrs2ahfuTY40gjPvjivnuw,42,0,0,0
LrwdJ2NP5IBN4BqxpYcUug,42,0,0,0
Ls2aG3aBEGvEV5SLWAmJEA,42,0,0,0
LsEMXiELa5r88OFvVhTEqQ,42,0.21840744,0.61314719,0.39473976
LsiJxeThPhqOXIzHkdtBPQ,42,0,0,0
LtkSNQiCRQPg4yAP_8_RYw,42,0,0,0
Ltn-FyXdf8F7GW0nRB6nyw,42,0,0,0
Lu61Se490C1-rIFqczx8AA,42,0,0,0
Lu6GNx6PnQIbapYTiVHddA,42,0,0,0
LuyljkMoQ7qYIkRVuSN02A,42,0,0,0
Lx6GBILcQ0i8NVh4TPjhIQ,42,0,0,0
Ly3H9o6h9thZpDh-XFJVXw,42,0.61314719,0.61314719,0
Lzl6Hvp0qT0vSMHajz3__w,42,0,0,0
M-dAPAXxbnnwtS6bPNZwJQ,42,0,0,0
M-dZt24z-7vZQOAMncSWGQ,42,0,0,0
M-yTiWKFcFvhc4zOep8Mmg,42,0,0,0
M16zbbRi6grYelJNETHTkw,42,0,0,0
M1Rg1pBkC2Co1NZP5QSSDw,42,0,0,0
M2v9ADSNCbR_dwzUlmfe1A,42,0,0,0
M4mi7ziuhVsgu11HfNRCnQ,42,0,0,0
M5QAuzQB9ee0ntf9RKkx7Q,42,0,0.16104283,0.16104283
M5R1vCodK6Img_fuUOwBMA,42,0,0,0
M5SNo-S6p-oPzfDhIQkbDA,42,0,0,0
M66nakzSK154_MWlwMaNjQ,42,0,0,0
M67YKAcFxK7dlxKLEdtDag,42,0.067943401,0,-0.067943401
M67gqdQIpd5fSPS52DBecQ,42,0,0,0
M6lYbYEL66cyL7ssHBGD7A,42,0,0,0
M70w-_qBjGdSb7elHjKYsw,42,0,0,0
M7QyhI3YKX4JTIz8ys6YaA,42,0.61314719,0.61314719,0
M7XPWbierjOgpEIA7zNpYw,42,0,0,0
M82JEGjbS-zuulVk8wTIMQ,42,0,0,0
M8rQPcQcOIo2j-dTp1TPhw,42,0,0,0
M8ug2RGyPcDoBJxTexXgKw,42,0,0,0
M9JJt9dn8NGUK1ohQqqIJQ,42,0,0,0
M9nU5MlA8DXVYVveTp2-AQ,42,0,0,0
MA5nOvtyvJhdmTbG2fe4yQ,42,0,0,0
MAMcVyRLCqbF0qtvWBR-Ug,42,0,0,0
MBr-zUCEJP4DNYtWj2r2zw,42,0.074031845,0,-0.074031845
MC1BMWcQlA7bgdKvXInZHQ,42,0,0.3065736,0.3065736
MC8D2gbr-tA_ZJ2BCkbk1Q,42,0,0,0
MCTuJmeSmaLl9mPpjtAK7A,42,0,0,0
MCdNO9oTAiE62ZVAapVViw,42,0,0,0
MCzlzlOw7IGbRAKVjJBPtg,42,0,0,0
MDsCNPhMI7Ld72SU0sMU-A,42,0,0,0
ME9Wqs7-ipE8ulmY3kM0fg,42,0,0,0
MEYgLM75-2QpDMycAxQvoQ,42,0,0,0
MEminjfQ5NDcAow16LJ7jQ,42,0,0,0
MEsAlfjx7NZo9vxN1Dd8YA,42,0,0,0
MFJT6gvGirEjPW5-isqsjw,42,0,0,0
MFNxlKyz85Kz7X-bHjE_tQ,42,0,0,0
MFrKgETT6h52BS2BDPZUOg,42,0,0,0
MGgWGBHEUkIOc3zc2xTKtQ,42,1,1,0
MGhd2nlRMNtMapKIstA9qA,42,0,0,0
MHP22e6cQgxsjblN1TFv8A,42,0,0,0
MIjgrNyy1DVjJ7vE0TjU-A,42,0,0,0
MKkCT6R15R2nrURE6VTOgA,42,0,0,0
MLUnl_DTWJo08LUvcmkL3Q,42,0,0,0
MLdndQcJLJA5Z5m2xJT3OA,42,0,0,0
MMYlce0L_M65xeh8SwV3WA,42,0,0,0
MMoQ22Aow5trC8GQROtNAw,42,0.30260241,0.25216868,-0.050433736
MMsC3QACRbkUz9hTFTjd0g,42,0,0,0
MN1f6pyuuDvfmd9LLJ_PgA,42,0,0,0
MNE-2jbVzA9apB_2F4L-og,42,0,0,0
MNk-bnHSkcovxkiIFuE6wQ,42,0,0,0
MPkaITLNFLHgQfp4DZ9Pdw,42,0,0,0
MPw8Vl0UmfjFUxbhJMoMQQ,42,0,0,0
MQb4_RgMz2nvEM_P8p1NrA,42,0,0,0
MRLSdcoNQoPbZyMCYQX31w,42,0,0,0
MRa2O7cX1507JEOkijR8Ig,42,0.10699313,0,-0.10699313
MTanub3Bs5SPVHshu6vI3w,42,0,0,0
MTxyaJvKjvWRpKJ1s9kAoQ,42,0,0,0
MUO0B36Chdh7F7gKqoDcBg,42,0,0,0
MWFIY_Va5WRkBn-2DsWS6g,42,1,0.5,-0.5
MWoMoSMa5jUYVJx4HIsVrA,42,0,0,0
MWpsxUPDU53K5TfkZDrnVA,42,0,0,0
MWw5HQ7tn7x0s8VmWYaUqA,42,0,0,0
MXkZMiDX8oH4d5UhwMSWdw,42,0,0,0
MY2UnJWmniPtNtqmD6m_zw,42,0,0,0
MYNZPsFwjUgMzkiG3Xc0jQ,42,0.61314719,0.61314719,0
MYiHZj1r8dSKTA0TT5rCBg,42,0.15000679,0.37066569,0.2206589
MZPQ_BdeQEjG1IY194vEVw,42,0,0,0
MZUAUyIWmewSDS_TM_QFEg,42,0,0,0
MZlpZ0VbJMmgPafylWvWVg,42,0,0.068893567,0.068893567
M_S48HaB4FAWECEtrkQCWQ,42,0,0,0
MaQAiUF7Hwae3qinq0EoRQ,42,0,0,0
MaRHn1fHEUO87NAuvFk5-w,42,0.18154179,0.46927873,0.28773693
Maac2mE6nLtol4-xA8DPIA,42,0,0,0
MbulS5k9kKQ-KpzuC9ZQNw,42,0,0,0
Mc4H_z_-lEv-AFTKO01utw,42,0,0,0
Mc8hT8SLnE7MgEovQ4UeEQ,42,0.084790051,0.079841335,-0.0049487159
McmtUYsIBm83KG49SRxfHQ,42,0.14126697,0.20210735,0.060840374
MdYhRwctt21HA2AbtNvSxw,42,0,0,0
MdaiGLPoMby-kr-JMw-cZQ,42,0,0,0
MeXZLDWn4cOz0JLZjMb53A,42,0,0,0
MfAo-QPgFrcziuygx27K5w,42,0,0,0
MfDqmwzf1WxvJFtiRKi4Sg,42,0,0,0
Mfk76Y5Log62B8d-2X5TxQ,42,0,0,0
MgVnpA76FgNZ6_yTaN04Cg,42,0,0,0
MhS7agpg3QIqtzV7lqTiIQ,42,0,0,0
MhbjMiuR74hpqgrjdlZmoQ,42,0,0,0
MjK1-niGJE32rkrD5a5slg,42,0,0,0
MjWAKQFv4x_3VuferX1y4A,42,0,0,0
MjnqhdVybN1mfUFLuwnitg,42,0,0,0
Mjtg7MxxhO2zSOH2aSr_NA,42,0,0,0
MkOmStSNJGmdBTgdNsG-Kg,42,0,0,0
MlglNYibK_ym5EISzUkY5w,42,0,0,0
Mn5bNE0PxKDCv5S6Mgo9ww,42,1,1,0
MnLV2qASGYPNjLYGBLjqRg,42,0,0,0
MnXsBKQlmmdjGBqTUpUxRg,42,0,0,0
MnrpYPKStFZ6a3yyfGBCYw,42,0.13959537,0.14434031,0.0047449405
MnyugICMrmiArOSZFxvxFQ,42,0,0,0
Mo4jAwTr-etcBQXQN9gBJg,42,0,0,0
MoJ2wizogHUmk-TkYFcaiQ,42,0,0,0
MoqK23CgDHaN0pc26wyJTw,42,0,0,0
MoswiXgmx6x7eUfQM-zd0Q,42,0,0,0
Mp9XwacsS3q7Sh53-kSrnA,42,0,0,0
Mpm1I9-Hd7oL6DnUylEjCg,42,0,0,0
Mt4iYBMsNmsXLjHe4JIIEw,42,0,0,0
MtJ1XM9PYJlFqjX0n5caKQ,42,0,0,0
MuQhiK9Z7xIymRRcxJMojQ,42,0.089617287,0.07102002,-0.018597267
MuXo92j7jqQ1s7l2Nfj8mg,42,0,0,0
MwVqMIGChaj9ktX55UBONQ,42,0,0,0
MwgzzE4wO-obvUEQt8v21A,42,0.16949228,0.15130121,-0.018191071
MwriKPfglITzrbjCtqI5WA,42,0,0,0
MxC6vFBs6NGuN1j236413w,42,0,0,0
MxEU8pOa1CcNfzmo3mRp8w,42,0,0,0
Mxn7pIFJQRrwDcYtZddQ3g,42,0,0,0
Mxr8j9SIIoqvPteBM5aIrw,42,0,0,0
MyacB6M-zvo-8zmzhhMMWQ,42,0,0,0
MymOX9wCNglnezUFWXuHcw,42,0,0,0
MzFUUGOjUkqsMrTyQJRbJg,42,0,0,0
N-Ht9C0IG3In6rc653NhiQ,42,0,0,0
N0Jt_JFMD76MftOX0EvsmA,42,0,0,0
N0z6z49Ae8xJXE677xuGYw,42,0,0,0
N19NgDb6zDEfctJAcpQwNQ,42,0,0,0
N287myreS385BJ45fMVDrQ,42,0,0,0
N51icCZQjs9gG-IgJCn5xw,42,0,0,0
N5TnzrBWuF-B5EAIpOP1Xw,42,0.33916021,0.21398626,-0.12517394
N6KG4rRiHr7Z3iviFElBcg,42,0,0,0
N6ZKHypB-R1rPp4y2wGeIg,42,0,0,0
N7s1np3lTXrZRDKFurz81Q,42,0,0,0
N8ITUUDRBpo1hTNDvk1byA,42,0,0,0
N9gcGZI9bxNHj9UIrZUeMQ,42,0,0.08908027,0.08908027
N9m-ToOPrr_PIpMZJOUr5g,42,0,0.13959537,0.13959537
NAOL5r19bYFjjA2MwJnYmg,42,0,0,0
NARV_o6P-FnAuj5sOknvRg,42,0,0,0
NB0EI-WmobnhXgplPP3Sdg,42,0,0,0
NC6wR35fassyqbijJAT6Dg,42,0,0,0
NCOLtZ2PYH9s-LPrZbVr0w,42,0.30260241,0.30260241,0
NCX1H6HH5vkKeEmc2gHoQw,42,0,0,0
NCjQXZnTwxsLYZR-12uUzw,42,0.27048448,0.35412827,0.083643784
ND2dBckgVv9qGA0te2Qcmw,42,0,0,0
NE01gVUp3dJEr2o_QxEBTQ,42,0,0,0
NE5_9qTs-U5Fxljc1EhHKg,42,0,0,0
NF2plo71mxnUOEsV7L17dw,42,0.30260241,0.30260241,0
NFJXv4Wg-NDtK3Nbbj5FLw,42,0,0,0
NFhDlQZw8D5_H5wD8PoVkQ,42,0,0,0
NGGd_11d2RXR8wTurenLgg,42,0,0,0
NH8eSRqtvb29p5KiftDm6Q,42,0,0,0
NHNI2F-xCzx_-3MWOMFfog,42,0,0,0
NHQrYpzT9pmXy9klzn5DRg,42,0,0,0
NIhcRW6DWvk1JQhDhXwgOQ,42,0,0,0
NJXzSdsGOppRW-FYnd83HA,42,0,0,0
NMOxipsnXc6olWdHYzXiYA,42,0.11706259,0.13032377,0.013261173
NNgQ8fV5ARQgHw-Ob7l50A,42,0,0,0
NPKfJJfJ9VlMmV_ke1rKsg,42,0.83155463,0.5912352,-0.24031942
NRdwH14W0IAW5XojqjvJSw,42,0,0,0
NS5_H6As8moDGcaAeyUyBg,42,0.46927873,0.29608191,-0.17319682
NSyumEovPw1R58bdPOK5Ww,42,0,0,0
NTC1siBWrE257DJ1OlAKXA,42,0,0.14434031,0.14434031
NTId6AmXei4tRhxSoZ9U_g,42,0,0,0
NTUyI9W69jke-6bx1M9qBA,42,0,0,0
NTuR2rhdAqHzcnY-mRb1gA,42,0,0,0
NV5EoM92xLRhf1r-dD7txA,42,0,0,0
NVQO9Gt-3S_QxzufCMcuqQ,42,0,0,0
NXgMTKURIo9--f03WoF1OQ,42,0,0,0
NXzMECltIUurfWyfJOe1jg,42,0,0,0
NZ87ZISv0wrqSwNObZ-7yg,42,0.16569577,0.15000679,-0.015688973
N_YhgzpcirpEcfNORYCxgQ,42,0,0,0
NajX5fDsuIVzbRCKMh24Mw,42,0.16104283,0,-0.16104283
NbA5og9Bn_5Tqe1IfBKiPw,42,0,0,0
NbJQmy9ZMiFiboSTPHLr_Q,42,0,0,0
Nbuce0D03EQdaGND4xEotA,42,0.13388954,0.27694818,0.14305863
Nc62LdCltCmotSWIU0SLBA,42,0,0,0
NcOobrUnuD0PMMieAA49TQ,42,0.064708339,0.082746021,0.018037682
NcR2g5Rwqvvhw2KtibHCUw,42,0,0,0
NcWwNkXrneBMGjZ09gpmlA,42,0,0,0
Ncmnnq4FmwI9MpNCzBKV6A,42,0,0,0
Nd9V0NC_FKC4sWP_Oxuuhw,42,0.070356803,0.27487633,0.20451953
NdSNQXoxiFeNZQ1M6uB9fA,42,0.61314719,0.61314719,0
Ndf2SEVjdVLEyoVu02eRWQ,42,0,0,0
NeHob7fIx06Npl2lQBE9Qg,42,0,0,0
NeQciVI-AT4i0KUiLPLt1A,42,0,0,0
NeSlwdkb2hGN5S4kN2xsxg,42,0,0,0
NejwGXWgAt2mA44mRT0obg,42,0,0,0
NerE99TzQoSR0arpX-cJCA,42,0,0,0
NfQOO5jBV8MUGu5IhwWHgw,42,0,0,0
Nfddrl4wLxFW1c7EY4JL-A,42,0,0,0
NfvTc-UVsbToPvrLG-xDYQ,42,0,0,0
NgDJ129bTsO5BYhjP8JhkA,42,0,0,0
NgSkFWM4EqJaVI1Iel1Qjw,42,0,0,0
NgdpI1UFAlCDWSjCwElhcA,42,0,0,0
NhQnrNCf2U-tLtrTUs62_g,42,0.27894295,0.43067656,0.15173361
NhS0E-rFpfYvBpidb4epyA,42,0,0,0
NiXjMXmabXxnbIejn7VgDg,42,0,0,0
Ni_NuPz1eqlFkkOdjxh8eg,42,0.61314719,0.61314719,0
NizNX9WmAbr7scyxdYAEOg,42,0,0,0
NjqFMy4LC3taVB4Vs6_eAg,42,0,0,0
Nk1lcym955cxWcd76i6f-A,42,0,0,0
Nk5rMh0-gexhcqYm9cE00Q,42,0,0,0
NkKFTgewHoNPq5ivhsV-gQ,42,0,0,0
NkRwFcPq4sj7hwv-ZL1F3w,42,0,0,0
Nkh7pUB6LVFQlxaVnhwkBw,42,0,0,0
NluBCz5vwqPFQrQahoJMBw,42,0,0,0
Nmb0TzV7VayddteEbO2zxA,42,0,0,0
NmnGpKRiS_nVCHwEvafulA,42,0,0,0
Nnz2QtnXOfPxvHO95oAYXQ,42,0.63092975,1,0.36907025
No96XjSac4MY64zWOs7lwQ,42,0,0,0
NpJo9JfDdkKOr7pxLUMd9w,42,0,0,0
NqaVoiXSVUQLcYwmy-k9aw,42,0,0,0
Nqlfbw-p6WVmHzgFrsSX7w,42,0.43719949,0.098039286,-0.33916021
Nqsx1iE8MIgPlSVq6WBEpw,42,0,0,0
Nr_PThiVFPhyZ9Z56zGrwg,42,0.061173315,0,-0.061173315
NriyYJu68BXbOAXp-2OsMQ,42,0,0,0
Nrz1IcfbSxBXGNUwvGVIpg,42,0,0,0
Ns7JZ_BvgI9S6-Rbck4EuQ,42,0.49352328,0.34222207,-0.15130121
NspEkToYxKfni7BlRlA7JQ,42,0.30260241,0.30260241,0
Nszq4ZiLgPaYwGTYmdsx-A,42,0,0,0
NtRI2FHME7rw_gLB3ssIug,42,1,1,0
NtVcy09923OKy4ybExessg,42,0,0,0
NtfpzvbqsOlpv51rBbvnTg,42,0,0,0
Nv7e6vlwEWbFRufyDWU1fg,42,0,0,0
NvHxW4eaIjlbrRE-9Qr-Jw,42,0,0,0
NvK1Gn-Y8IiYVMyLl0YuXw,42,0,0,0
NwTbzfOu_kttjT4f2g2ZCg,42,0,0,0
NweI_7czVYENz-bf0MGwHw,42,0,0,0
Nx4MN1OjCdRXvN5TloFwgQ,42,0,0,0
NxI3Xy5Lj94g3CdhGL9SeQ,42,0,0,0
NyJFbWZiDAMmiu3cSl0ckA,42,0,0,0
Nyg3m6skSRjBm8nttfY_mA,42,0,0,0
O0Y-NG7Yf8aaRCjyrSWE9Q,42,0,0,0
O0kOZXgwhg8yeIBNtHnVZQ,42,0,0,0
O23HmGlwGn3WQomZiK6-Ug,42,0,0,0
O2ION72ezaJEg22roOGjQw,42,0,0,0
O2JRQjzrPKMzJ0zqVfMv8w,42,0,0,0
O2nSiafJ5kHuvWZUprPISg,42,0,0,0
O309sD2Vq3b200i0Roru4Q,42,0.14126697,0.15642624,0.015159269
O3s4C-SZfWvEQJD1XhI7fQ,42,0.21840744,0,-0.21840744
O43tL4--1RlSe-0TDiPIdg,42,0,0,0
O68Furb5kE07-FqyobuLGw,42,0,0,0
O6Dfyj2QyIfTXVI3a7RELw,42,0.30260241,0.10086747,-0.20173494
O6fyPA6qm7wXOLlbBv17vw,42,0.28906483,0.43067656,0.14161173
O7bu0A8vlfbP7aiJxg-Zvw,42,0,0,0
O8M-LETl8rMBPwr9E8HxXg,42,0,0,0
OABGPaj3t_gha2RSgq0IxQ,42,0,0,0
OACjhgf8nnYGzFnOhA7uhg,42,0,0,0
OBs3ljwDsXT4l33XMM1wOA,42,0.63092975,1,0.36907025
OBuCYHySOZ8jbNZUI297AA,42,0,0,0
OCDmQNP5BA4KEMPp0lvgWA,42,0,0,0
OCpnCxoy885Ot63lf2FVNQ,42,0,0,0
OCs1rWzfoZKw8prDq_83Nw,42,0,0,0
OD1GkmP3MqdhbaMyW06TwQ,42,0,0,0
ODSyLo8F6lEprX4GA75qKA,42,0,0,0
ODYvyr7WwXuJTHC7Ho6MRg,42,0.16032446,0.13088024,-0.029444222
OEEecY20Wtb7KEKUlx6bNA,42,0,0,0
OEHnuBCqWFyumJywI4Jehw,42,0,0,0
OEYC1UqzJe8ueS8j4mu31g,42,0,0,0
OExmdhEdcKHQQqXrv6ftTg,42,0.35213882,0.35923191,0.007093088
OF_3GY_Ys2SEIRrzefYI5Q,42,0.21398626,0.21398626,0
OFgjDxPpdWROhjevpJX60w,42,0,0,0
OFj6KTUzQaAi-ilVJ1OxlA,42,0,0.1175161,0.1175161
OFuAbvvcZT73bIY5Gw0nZg,42,0,0,0
OG1plHx9jfsrojJ7qrN5TA,42,0,0,0
OINYv6r1OMFK9wbDpno9AQ,42,0,0,0
OIaX_WTVzRL_rqr12FPFSw,42,0,0,0
OIexgzCdhIRWdrB5bh9tBQ,42,0,0,0
OIgRxyn7NsaM5ey7NKA97g,42,0.63092975,0.43067656,-0.2002532
OIl_ZSc0rDE8iphiAjS-xQ,42,0,0,0
OIwWH9h2kO-IiEAXUZBrzA,42,0,0,0
OJPJDdU0lJ6KA1xw96Y4Lg,42,0,0,0
OK1YQ1VOevNthyEdCekSRQ,42,0,0,0
OKpnJVmBUlAODxpHe_D3Hg,42,0,0,0
OKsj1wle2qij2ap6sYKw1g,42,0,0,0
OLGQ7alK4VKl3YdQk6UF5g,42,0.48838053,0.47466567,-0.013714854
OMbFNPoyGMWK0cZT_7pupw,42,0,0,0
OMvpxF0dEIh9RUNuHPL1Uw,42,0,0,0
ON0cBq_HOcLJHzUAv--1Qg,42,0,0,0
ONQANgDo244EXaZP_naChQ,42,0,0,0
ONlzjNW4Zc757SdszJAWkw,42,0.23719771,0,-0.23719771
OO0uXgpwcWE8WFoHxOFchQ,42,0.11752277,0.23504555,0.11752277
OOxdh40Y4D4JzPUHQkRbqA,42,0,0,0
OP225qIqZ3GO9qKLbQ47xg,42,0,0,0
OPD4_ms_n-MVe9Y1zdXR7Q,42,0,0,0
OPHjqOToMZzO8kOtDKJDSw,42,0,0,0
OPJ9dnrBz7b2Sg-XtVsoEQ,42,0,0,0
OPSTvgOmSOw1pIeba23zYQ,42,0.61314719,0.38685281,-0.22629439
OQGylmAGV8S1ha7gT-ueCA,42,0,0,0
ORKDF2lN0elxvh57CTz1ew,42,0,0,0
ORRYaqPCCsxmKwmkDw9TCg,42,0,0,0
OSSrITRM1GI_FOZJq9x3Yw,42,0,0,0
OSWm8WinvceKa3eVD_V1MQ,42,0.11838279,0.091625444,-0.026757349
OSvhWnl4HmxXVCCe3j15-w,42,1,1,0
OTmkaUxsxybXutgdyIyTlA,42,0,0,0
OU0XvyzxaiYX-GQ2P0cr6w,42,0,0,0
OUBcB0odYLI2_EC_FD0dZQ,42,0,0,0
OUKg4qpovErGyaK2o4lS7A,42,0.19092087,0.15130121,-0.039619659
OVQuFp-DL-JZv_ld3G0R1g,42,0.63668244,0.63668244,0
OVoM0VzWh_Mneq-69_GzeQ,42,0.31904202,0.3372016,0.018159579
OVp0y_DCselvK1qYLxDV2g,42,0,0,0
OW9Nl09o0y1-PujUpFp5HQ,42,0.11284514,0.13012668,0.017281542
OWtSteOrlj4EXnIY64MHFw,42,0,0,0
OXlfFHsM15JYh_lvat2w2w,42,0,0,0
OY0lWSo1kw_B84JF89kAFQ,42,0,0.14704034,0.14704034
OY9XDmZIqh98AuVTISsRuw,42,0,0,0
OYRdd_IBcWaIT9tUfLv0YQ,42,0,0,0
OYXF41CIn-A6YvFWIwjJuA,42,0,0,0
OYZ_kaSN82mZ1U5dFpogcA,42,0.15130121,0,-0.15130121
OYbOVRGiRcZX8H6qWDBXhA,42,0,0,0
OZLQdl_796gZY6KNKiDOzQ,42,0,0,0
OZMbCqYlYzl14vz5wYEWtA,42,0,0,0
O_-4xX-JfhDm6S4guIPNdA,42,0.091898943,0,-0.091898943
O_ImSm4Nr0Mu1pP9obQS-A,42,0,0,0
O__5zes2PLGkgweVpZhXLA,42,0,0,0
OaIQ_FXhjRyuExKuQsly7g,42,0,0,0
OaUXiNC1JHQwj18TVPij7w,42,0,0,0
OamCzklBesaI_es2dgfQrA,42,0,0,0
ObERAhPDYXlKSWMURaHlaw,42,0,0,0
ObdiYzks4mmkMdPBkOk1AA,42,0,0,0
Obqxlnd9tqJg79eSGDz7_Q,42,0,0,0
OcVozqwe5DY2boGC5qRP1w,42,0,0,0
Od2Ev0b92eKrciDJIRVNpQ,42,0.55053788,0.56834852,0.017810639
OdEg-1KfHxMw7NsVu5IdFQ,42,0,0,0
OdhVPRZna4JAW9O8Ih9fcQ,42,0,0,0
OdpYWPfo1cfXTYpAdVqaug,42,0,0,0
OdwGzNH5mdiAXkhAm5VV6w,42,0,0,0
OeMDHEXQcsq0ZGhk9Ta7qg,42,0.23165733,0.22148346,-0.01017387
OelREhgIRTQyhzjlAJugXw,42,0,0,0
Oem5e-7g5QIifQw2YEtpjA,42,0,0,0
Oenq1G0h8OKf5aJoJrrqVA,42,0,0,0
Ogz6hTmdEaNSHr0fpOdfmg,42,0,0,0
Ohs0wfY7twxUBtbr3KHByg,42,0,0,0
Oi9pGt_YNIfwy3eh3vfQkA,42,0,0,0
OijPMqx5yPxL9rqPSyErqg,42,0,0,0
OjRpY468e2bzGweJ2RPHmQ,42,0,0,0
OkRTinpAJmz6F85_RVvlMg,42,0,0,0
OkiqWNJ8TIMI7O6o7k0DrA,42,0,0,0
Okt01PxUVkpZ9IryIMzXhQ,42,0,0,0
OlK66KgKEaIA1wQZfNfG0g,42,0,0,0
Om79cAwee6BxWKTgpFYJJw,42,0,0,0
OmL2bjLvvRxg1brM5Pehgw,42,0,0,0
OmXFBEYuLpHMClXphGt8kA,42,0,0,0
OmyuyYiGw0uTs9TNaxgWsQ,42,0.050108347,0.057807,0.0076986529
Oo-Sim3XTQXb0oVHJJem8w,42,0,0,0
OpVo6uoypyDGIuGiGrwLEw,42,0.16716045,0.23463936,0.067478908
OqMDY9sHyATzGybL0caygw,42,0,0,0
OqNRT6eb6dt1cjc5Os5qDQ,42,0,0,0
OqkHQ8MwreMyo8Z7SS6g6g,42,0,0,0
Or5xse0EKb2M-XiRWHZetg,42,0,0,0
OriZprtD3fn9PPHIdQq6Zw,42,0,0,0
Orlm0XkQ4w2aESR8-xnx8w,42,0,0,0
Osl6vMbpqZaFDG37WYmVCw,42,0,0,0
OstxoVH10OUxZJF0-Qa-Zw,42,0.27894295,0.43067656,0.15173361
Ot3dwSCZ-1m_z-rIoG5tNA,42,0,0,0
OtVHJZSvBK1E3XhqyZwyiA,42,0,0,0
OuD6n50u0Sj99BrKWM77GA,42,0,0,0
OuQZuqvUx90zIBPHzDX7MQ,42,0,0,0
Oui1mlslgSmqe_W4OqXwyQ,42,0.63092975,0.43067656,-0.2002532
OwWOl11P1Dg6qP_vEiXHQw,42,0,0,0
OwsY3Fu3ZwkQQ5hTdgf62A,42,0,0,0
OxA9MaydLWwXSxntvCOf5A,42,0,0,0
OxOQ7zAyo5r2b412YFWN_g,42,0,0,0
OxPwTirxr6jsthULWBAuZg,42,0,0,0
OxTyCHf7XnTq_5wCyzTUEg,42,0,0,0
Ox_r62-qno_BZUGw-cPXPA,42,0,0,0
Oxa18NucUK_yjdND3u7jug,42,0.15693994,0.14704034,-0.0098996037
OxaqY6xoDhFFxyICEX4QQQ,42,0,0,0
OyGZvP_BcWfhQAWe_M0Ijg,42,0,0,0
OyR30NL3vv91Ue4soXejMg,42,0,0,0
OysFen6HrLBZqgkceMzPYg,42,0,0,0
OzFlKHvGPAny2XSW-Nl8gQ,42,0,0,0
OzIypRYjodjAlcCgprvpqA,42,0,0.060161795,0.060161795
OzvaEOC8eEdkZRNdZYUh9w,42,0,0,0
P-4deFDF0j7La0-Hlv9b1g,42,0,0,0
P-XjTQhjj3KYpgZp4n4qfg,42,0.63092975,0.5,-0.13092975
P0gPl0k1Wj3NX8iD239s6Q,42,0,0,0
P1n1WG61-QM7gvnWJLc3fg,42,0,0,0
P1ql2eJpuyFkeZP-LG0JFQ,42,0.15642624,0.11047239,-0.045953847
P241NkCS4JR-QxUwpsA9Jg,42,0.55314647,0.55314647,0
P2VwTR-pwCZK-IAtNZzU-A,42,0,0,0
P33YhBFNnILhM3LpP_6RGA,42,1,0.38685281,-0.61314719
P4AH4oEApJLwPjcmnXhlqA,42,0,0,0
P4ZH5wVCpBro0dMPqKNPMg,42,0,0,0
P4iywYHwhZuersWm5moVuw,42,0.43067656,0.35620719,-0.074469371
P4lw069E2a49BeDCCDBFIA,42,0,0,0
P5-Ozd8SH1hWsnOVayrYWg,42,0,0,0
P5NJyc2F0XqF_PpUGhxYZA,42,0.53072127,0.62570497,0.094983694
P5mgmd_5b6yNhMkjMWWFgA,42,0,0,0
P6I3coCpOqy_XvnkX8q4xw,42,0,0,0
P7C05LjMBFK06qKUkAvbkA,42,0.21398626,0.21398626,0
P7YC-vY40th4OP95FcbfRQ,42,0,0,0
P7yOmRREbV0y2I-NGNUmGQ,42,0,0,0
P8RWak_Re9CQWMivIW0fRg,42,0,0,0
P8cwH7A59NgHKFrNjoiojQ,42,0,0,0
P8rHjoGYScawOd_cJlVVFw,42,0,0,0
P9-0_aUcjMiVW1sUXodekw,42,0,0,0
P94TxI8PXfebkUpOei1voQ,42,1,1,0
P9A68Bua9uXTx00oLVMZ4Q,42,0,0,0
P9CZ-fov-0fkoeJuINHtKQ,42,0,0,0
P9D0oyIduE2g8LpgsrfgZw,42,0,0,0
P9SZzPvQYqj4-l-YlPsNkg,42,0,0,0
P9VcQ2CnhJlpEaWO2Yd06w,42,0,0,0
P9i9HZ2dpcnMHzgQtV6p1Q,42,0,0,0
PAVqZDfQFKK4syQTVoRh_A,42,0,0,0
PAmWhKSUyuLOF10P3OcUyQ,42,0,0,0
PAz_E7AYc_rhuvEQPy4Fyw,42,0.61314719,0.61314719,0
PCdoT57DhcolXAJHO1J-Dw,42,0,0,0
PDsv1jjpNUv8jFl0e_bCxg,42,0,0,0
PE1S795v9Jk08fGSo6gylg,42,0,0,0
PEhyruu0fJtayrVJ7qYzaQ,42,0,0,0
PExl1_8Nem6RRSFONFkojQ,42,0.1532868,0.17723929,0.023952489
PEy4bNhloknboiJazEN4ig,42,0,0,0
PF6XfLREzkN396Q90XXbkg,42,0,0,0
PFGVcS24whf4aujnA4tXBw,42,0.46927873,0.16716045,-0.30211827
PG0xfupKRqSWqudtgghNEw,42,0,0,0
PH3PiwKhbji0O-2dmFQ8KA,42,0,0,0
PIWe5VYOcgzum6ush3nycw,42,0,0,0
PJCM9FMaRxZvUKmwfnv2VQ,42,0,0,0
PJHB2s57IVvdPxSA30mlxA,42,0,0,0
PJcq0kTcTWFYIzc53TxXDw,42,1,1,0
PKWxrZWyfCoHz9TIRfdh-w,42,0,0,0
PKzt4KMQpQIRSvOYo3EdFw,42,0.2892564,0.31472926,0.025472858
PL33J2uP6FM4a5_uv82_rg,42,0,0,0
PM5GkLmQOyAhYm_0gjp_XA,42,0,0,0
PN-cx-Cqmg9Dv1OgYtI-7g,42,0,0,0
POXZeTQNsugdHQGlTGlbyw,42,0,0,0
POo7dAHxT5klNdEMT-ECoA,42,0,0,0
PPjTsKzk3GPQZsqjoQO04Q,42,0,0,0
PQrpCEgd9KLucrJgr_3q_g,42,0,0,0
PRmW4serpMhAnmbWohRleA,42,0,0,0
PSwmwGF-8XzINvZiK-Xa9w,42,0,0,0
PUj0839L0bqfcW_PdDMCLw,42,0,0,0
PUj5BTAscm67FZQkqe2qwQ,42,0.083724914,0.074148615,-0.0095762987
PV0U0arT_AUfjVBtrKfPSA,42,0,0,0
PV694DKna7yhZr59aVjLMw,42,0,0,0
PVrvSes-P6E4lWdNfG-peg,42,0,0,0
PVuLz7If07qR2Xg-RaEw3A,42,0,0,0
PX0jBsLZe-rfxbEKLrmMCw,42,0,0,0
PXAzIqui5G7nkdITpvjcAQ,42,0,0,0
PXFDj-b3QvDvyc7ZjxhVBw,42,0,0,0
PXhz-vP0d1VWnNqFWrfmMQ,42,0,0,0
PZuAsruu-sfYHBXJzEVn2w,42,0,0,0
P_-nXPCiBGaIxllJVKLevQ,42,0,0,0
P_2DQxHwueC4Jm2qM-4Uuw,42,0,0,0
P_UQgUh0bYwxqfuG9Ja_fg,42,0,0,0
P_zYdFLcWZBVrZypphWBqQ,42,0,0,0
PajPv8UGfqHcTmVBn_gnWg,42,0,0,0
PbSEEEHZ1U65qltWUEWdTQ,42,1,1,0
Pc9KwDxcubbJt_q8sLJjZQ,42,0.33333333,0.30103,-0.032303338
Pd0H6mlVHwzWxrYgwpdpow,42,0,0,0
PdOTxqTDRuYO1nyin1rzbg,42,0,0,0
PdTbDMWOd8IGAVXhilWIrA,42,0,0,0
PdYmhoq_ZZXjEr8YC6KxXA,42,0,0,0
Pdb0CDLq5cjQwXEh1MCxUA,42,0,0,0
PeAsdBlxW_-ixUpE91cEJw,42,0,0,0
Pg_TVuQdH-pg8nM3SblTKg,42,0,0,0
PgdIkNN6naDX5PVE7Tp-zQ,42,0,0,0
PibfOlyhlkgHQQ7QpyQ7ng,42,0,0,0
PlFPd69WmqqLNB76dCX3Bw,42,0.18154179,0.29608191,0.11454012
PlGOItOtSgiiHvwpIM__Sg,42,0,0,0
Plhj0ySNsfUItaEDSL4DkA,42,0,0,0
PnQdnMneO4ad2bC14TEkKQ,42,0,0,0
PoDa9_c1Z0nk2dYtsWcKCQ,42,0,0,0
PoT8cFP1IE1HGpr59qxEMA,42,0,0,0
PoW8vfKfNavWIgkTCw79uw,42,0,0,0
Pozl5pBEIl1h1lfuHD37VA,42,0,0,0
PpDgljq-rlsWfeGpi7CaAg,42,0,0,0
PtKK6dxxgmI-Di3YSifgUw,42,0.17723929,0,-0.17723929
Pte-HFCQ-u_7uTverbo_Ow,42,0,0,0
PuE20IfZb-d8xWcVP0LN-A,42,0.2529427,0.2529427,0
PuXp3mTMRgrUu9MjQ_zyRA,42,0,0,0
Pv21UqJ14y9tqGXY2nIXqg,42,0,0,0
PvCZ7xfZqOE8tYTca5yRyg,42,0,0,0
PwT-fc4ARKVbAfZZwsNNCQ,42,0,0,0
PwVUM9uFdF_ZliTcAzbuXw,42,0,0,0
PwqpfSOPTVrDmOuOZYG_pA,42,0,0,0
PxOPw_T32jFlMqIuM3dcfA,42,0,0,0
PxV93xTBBBuZl4mdR02CVg,42,0,0,0
PxXeGcukE3rs2qBp3shGFg,42,0,0,0
PxdzBkkd3SIu0Mhns0vRcQ,42,0,0,0
PyVYQfFWGc-zVn_cdem_8g,42,0,0,0
PzsoftVaj2rwo5CIfFZDkg,42,0.30103,0.30103,0
Q-23ZJVyyouSn6uMeOiPwg,42,0,0,0
Q0hm5H2T7OIi6iei0QXeyg,42,0,0,0
Q1-jGQjH6O3fxbpREyVJWw,42,0,0,0
Q1hMFc9HKoOam-GDwTgXQA,42,0,0,0
Q29HIdum2E2HUoRCVLqOag,42,0.61314719,0.61314719,0
Q3Wt6TeCLVJYJlEjTZ5JgQ,42,0,0,0
Q4OPHhni8IqZzJmNLIGNOg,42,0,0,0
Q4b0TjwnZUDW4FNkYaE7Xw,42,0,0,0
Q4gSDUYBtrcNwEAfLR9VjA,42,0,0,0
Q55n0IkKN_Yn_gJLl0t4gg,42,0,0,0
Q5mN4LibpUgHpC7UksUDng,42,0,0,0
Q6h7l3gr7YByL-XhAeGP5g,42,0,0,0
Q6t2SBwkvKS-HRpAuL3QjQ,42,0,0,0
Q8-bpG6jMCMst4hS1gzDcA,42,0,0,0
Q83sbl1_z-B58thtpDExqQ,42,0,0,0
Q9ep3AJTCnA-SleCNCBkxQ,42,0,0,0
Q9uDr4Gh1x9ustx8bfIawA,42,0,0,0
QA9_GLoltUtAhvYvWM9wAw,42,0,0,0
QATvP2P-tyEiKfsq1TRtIg,42,0,0,0
QAxPC4NQYEXbxRMgjfYsVw,42,0,0,0
QCRjg4R8eBDLKGPki8sK3A,42,0,0,0
QCZhSYO1wYtepsI7ybQhuw,42,0,0,0
QDwLFoqjb10c4UjFqyljRQ,42,0,0,0
QECIoC39Y9IV1No3MQ7gMA,42,0,0,0
QEcsV6kCG21ENwXjob9Z1g,42,0,0,0
QFPtpOs68yDy9EHOUPtw9w,42,0,0.11047239,0.11047239
QFVcf9iML955o77em4Z1wQ,42,0,0,0
QFicJJb8i47vx4MmzDOmPQ,42,0,0,0
QG0IuQWcCOE6dWQQV5h-Dg,42,0,0,0
QGOtNZfasBwWCuawKjypYA,42,0.11706259,0.15870702,0.041644426
QHd1GXGSTdOKKRwXxCQL4A,42,0,0,0
QHgzi9eC-LWb86oUrPB_KA,42,0,0,0
QIr3Q9BYz5YL9mepS7lPmw,42,0,0,0
QIuguXNpP_q_3y0RqHLGVw,42,0,0,0
QJRxdKbLm3eJguT0BhjlSA,42,0,0,0
QKi_awsYOV-grP2yTMsYvw,42,0,0,0
QM2YesmCmxTvt9BadRxSPA,42,0,0,0
QMWP7DDG631i8gMQo3L1zQ,42,0.58557007,0.58557007,0
QOIqH25Cp31Z8D9sQmGZUw,42,0,0,0
QP-CmQqlpTDFzQuA1ldEJw,42,0,0,0
QPPRfD8JxPypOgIP2ekTTQ,42,0,0,0
QPpKiulFZB-U-Q8ewZq3iQ,42,0,0,0
QQ5XXy4Io-_PxkRtcBiJzg,42,0,0,0
QQgvQ4IpMimc5cBNWY4Kpw,42,0,0,0
QRN-yAxnzXMa0zVH_k-6dg,42,0.078398269,0.094788364,0.016390095
QSPUE8emCtBgQ9P1w9P2HQ,42,0,0,0
QScz2C4EPz6VsFAZT0EDXQ,42,0,0,0
QSmlNt90OYAtRwT9C5I7iQ,42,0,0,0
QSqU9yuhBpcCz42BDufXEQ,42,0,0.23540891,0.23540891
QTYedYZa1kecqsKEz265Rg,42,0,0,0
QUDc8OsOEGwAVbq-xq9U1g,42,0,0,0
QUYg-igiM4Wgrk3o027HhQ,42,0,0,0
QUjUTDuO31X76TO1W7k4Gw,42,0.38685281,0.43067656,0.043823751
QUyMu9FKTNPv0xreZUPd5w,42,0,0,0
QVven8caZ_HPkSncLMW8jw,42,0,0,0
QWYkm2MgrfAc-L28d9CGOw,42,0,0,0
QXBHj7TlW76kdPh-oQJ3EQ,42,0,0,0
QZAhLIAmM7TjFy2gsfQFHA,42,0,0,0
QZq6Co89xnT6hyjIZkgwSw,42,0,0,0
Q_R-_KEwykXoz7v4S4HRmw,42,0,0,0
Q_xF3M_vSAtW-7oBkYfO5Q,42,0,0.13090199,0.13090199
QaVE9VFA4HcHHkJhf675oQ,42,0,0,0
QaYoOconVZj3pbA6Zn5-Aw,42,0,0,0
QawkMsBeNVEACEK_tund2A,42,0,0,0
QbbgxHXA2aABVOmDPJCVmw,42,0,0,0
Qc2iqVraqnuA7efVdWscOA,42,0,0,0
Qc8gaANGOwIctSCyfeVh6w,42,0,0.04779447,0.04779447
Qcl-ka5E-8to7WZIGuNTig,42,0,0,0
QczCdRxNPg08FGbrj9n0VA,42,0.39038005,0.39038005,0
QdNYs6KbD8rlo1dEUOFFMg,42,0,0,0
QdsCvj8A9CQpach6_-f2uQ,42,0,0,0
QeaG8ZW52nwJJdHHoMqw9Q,42,0,0,0
QffRnelrbdkinfCfBlkvbw,42,0,0,0
QfsnvINOd1a_ERdRfRrQCg,42,1,1,0
QgXmfJtDOVHhXGMYfGhdLw,42,0,0,0
QgjbllbQdfN-aHFibYhqhw,42,0,0.072567831,0.072567831
QhWb0Bs-q9T9uTjOuaiVeA,42,0,0,0
QhZX4TYYfUxTAKfnSd_OLg,42,0,0,0
QiQnYLP4cNMufoZsnxHjUQ,42,0,0,0
QigcKGefGkJMhVTVXpAvCg,42,0,0,0
Qj3D2t1AeMIDGPbQtazguw,42,0,0,0
QjP_u1S__spN5E-fxz8Fog,42,0,0,0
QjjChjoRF6glRkHlx4s3Iw,42,0.10756265,0.11163901,0.0040763563
QkNgjepXTejTwF5_XHEN-w,42,0,0,0
QkfAe8aWsmxYQm79DmTTIw,42,0.29608191,0.46927873,0.17319682
QkxkoGiIX5L2bhgtJpeJ-g,42,0,0,0
QleicUERSrGL8fibf7Mp2A,42,0,0,0
QllbZQT_3Y9m8OeWM4jc5A,42,0,0,0
Qlvnhz7kIQ69jzgE4dEFlQ,42,0,0,0
QlzPGhyazdripYUNKv41cg,42,0,0,0
Qn08B-MKSYv4mqrEfoKxgg,42,0,0,0
QnHPBx3ZQRBHEYqbZO_5LA,42,0,0,0
Qom3SKGBa-eWglHe3DclBw,42,0,0,0
QpLQzRIvNFM9QjqEUdUR5g,42,0,0,0
Qpddd2y-_LwCpHRvqfZRzw,42,0,0.090325438,0.090325438
Qsk0aTclam9W_DIK6bx42A,42,0,0,0
QsodJTfQmASzICAvSX4c_Q,42,0,0.079841335,0.079841335
Qsx0KGwtJGnlZfUV_VokcA,42,0,0,0
QuXY2IRH9aIdexbc2ClN4Q,42,0.4269839,0.70391809,0.27693419
QvKS2MD5HhGlure_n5NCMQ,42,0,0,0
QwDH0X_jDivSy4MTiMCHVQ,42,0,0,0
Qx5RP0y3VzyKplHYD9WHlg,42,0.064708339,0.070356803,0.0056484644
Qx8WMsFNHBfx6rIH_G0nBw,42,0,0,0
QxTMiqAE4Dw-PbeuOcgvzg,42,0,0,0
Qxb_RDQMCAb_3G1yDXrxew,42,0,0,0
Qy0zhduJMSLeOaqDaXYGJQ,42,0,0,0
Qy4qBiz_ZjNaEl8-uNmhwQ,42,0,0,0
QyR97-cNMAnRI2hJxvPteg,42,0,0,0
QyTT8QswP1Mj3fT241eMEQ,42,0,0,0
QyaONBq9-ZHt3my6iygW4g,42,0,0,0
R-e7QGvUpADgawuEDKpMZg,42,0,0,0
R-s0RjtnCRaeVW_dZ5DYbw,42,0,0,0
R-uPcPp8ErRTj8uOA-461A,42,0,0,0
R0NPQEVtdE-3atyhMFt6PQ,42,0.16023492,0.22018031,0.059945397
R1GSH7SMdj_D_SzFlJxESQ,42,0,0,0
R2wdfvckYBXNdse6NvB17Q,42,0,0,0
R3BNk75C3Qwk-a0EgyJ01w,42,0,0,0
R4X8nwA8LFTNRx7N_ns_vA,42,0.090325438,0,-0.090325438
R4ggOJm8NNSCDCqZqPCnqA,42,0,0,0
R56CBNooRN0xOjUMNuatqA,42,0,0,0
R6H5Bh_hvmQivtUAcx-41g,42,0.3065736,0.38685281,0.080279211
R6QCy5sVlySKgqvHb-HhTg,42,0,0,0
R6TEmXzQ5SYrxxs2MiyH0A,42,0.49352328,0.49352328,0
R7L6Fz8_SJuPJx3TqwzfTA,42,0.22009177,0.22009177,0
R8LJQdJh_jMel1RJT51sng,42,0,0,0
R93hqQN4I0GE4k8nPlKwXA,42,0,0,0
R9NPZR3RxACKsiwy3OIiRQ,42,0,0,0
RBCQewnh3PorMAy5EIvf8Q,42,0,0,0
RBH68BxAFbakcnhyNnLwPg,42,0,0,0
RBK9DtlrAOhMtDhfCskthg,42,0,0,0
RBQkmdMQJAMJUK6O_J_J7g,42,0,0,0
RCM9xJ7dBVnZaM9rFbD9AA,42,0,0,0
RD1laXKh5zBiiTIR-zSwhQ,42,0,0,0
RE0UqmTZH0V-omBNz7jhJQ,42,0.18672776,0.18672776,0
RE5YnCzfjaaTj_zD3ctp_A,42,0,0,0
RE8PnBEBQ0cPQHSuc6Krmg,42,0,0,0
REFGsoLynoBWxdTEJeXYfw,42,0,0.071235305,0.071235305
REmj73mVB8Vq-xgQr72ZZg,42,0,0,0
RErGEI3dkzKOXV1yiT_iBw,42,0,0,0
RF3Sj2_sWHKzpVi4zOsp-w,42,0.33333333,0.33333333,0
RFQIFBt1degq26pfaUW1Lw,42,0,0,0
RGO7_81aYXGvgTp8Ta6sXw,42,0,0,0
RGbO0H0r09lfTYfwfzfotA,42,0,0,0
RH-SLGR1BN9K6DcfW7JVyQ,42,0,0,0
RHGu3IoLlY43Y4-Ssz8pkQ,42,0,0,0
RHdXUq2tcQwxDsmFfCVRwA,42,0,0,0
RIGw5WGHK9D4Cj_XPwa8uw,42,0,0,0
RJFHEJpYndyXYFYozaDuAQ,42,0,0,0
RJrCpLb6jjfLVIbXV1LuPg,42,0,0,0
RKGTfi-PkNQYNJvw2nRlzQ,42,0,0,0
RKPkxOYQlM0BjhM-H6_vAw,42,0,0,0
RK_q3_WaVFy5Guq1erXPHQ,42,0,0,0
RKoGprZLKQe2iTwwRRyb_A,42,0,0,0
RKuB8P9Qifcw2HVy5M5MhA,42,0,0,0
RLh59rr3vXX9qnqMzUGbgw,42,0,0,0
RMlnIKv29QoI5b--Lu93MA,42,0,0,0
RNNGukTRICVvbgPbzjQTdg,42,0,0,0
RNoj1MZ8fwvEMf0XCrnJaA,42,0,0,0
ROsac3BfoP3IbI8FVBNhkw,42,0,0,0
ROzJ3UppTc8AKpSpKs-bzA,42,0.5,0.27023815,-0.22976185
RPOK4FncLO7ZFvL1La_lTw,42,0,0,0
RPjCBiB0zM8x2cb8uVU5JQ,42,0.21398626,0.13120508,-0.082781187
RQgRo-TA79LpLm0KSpTzzA,42,0,0,0
RQnJqB6YEixnrKUXa1jUPQ,42,0.19092087,0.30260241,0.11168155
RR2RIpU3YhkSENifCC0G7Q,42,0.1418689,0.17103308,0.029164182
RS2jaexiKYNpUzjpAwAJbA,42,0,0,0
RSSnjaGB3csBvVAojOCkXg,42,0,0,0
RSVufKiElGeC8hpn6COhZg,42,0,0,0
RSi92pZnRZC1Qt9EhEoc5w,42,0.11253889,0.46927873,0.35673984
RSiis4GE8resC9fnbzLw3A,42,0,0,0
RSnevtiu9a5C5odCuodhhw,42,0,0,0
RT5LDpIgI0u2GlprpwwONQ,42,0,0,0
RTQ9HEPfrUrtwSDtzY1cKg,42,0,0,0
RTqmb5g1ya13T_d1AcGFTA,42,0,0,0
RU3uXJxBBEKy0LkWSnrTFA,42,0.23540891,0,-0.23540891
RULNu9f_GvtcOcz_gf0YGA,42,0,0,0
RUpWqyxlEdW_6kWBUELQ8g,42,0,0,0
RVwAeCTcd9P6g9y1eqQVPw,42,0,0,0
RW54QoTkuyAWU5SM1I7lUw,42,0,0,0
RWzBJ-9JzJB32DFczkPWuA,42,0,0,0
RXIeMdM988krQQDj6cXwJQ,42,0.1418689,0,-0.1418689
RYKF-828hPSbjlsGw8ZPpw,42,0.39038005,0.39038005,0
RZMA13MQoFpA6G1xVsWs3g,42,0,0,0
RZO4mXMQ3ETRSilbtXoL_w,42,0,0.13905618,0.13905618
RZpUrkKNEQ_9qzuigz1ytA,42,0,0,0
RZtZPQkDqGLUPgVuINGtTw,42,0,0,0
RaqNKbbCXIIC5_vdvD4TcA,42,0,0,0
Rato4dlfntx6UpyTfOkH9A,42,0,0,0
Rbi4_j_QTRRfoUkSxMyXJw,42,0,0,0
Rcrg_WMhz6KUu-uDhEt38g,42,0,0,0
Rdio2P-n_5-mfwF0KWrl6A,42,0,0,0
ReOxQXEQAUJSPrwm5NCT7g,42,0,0,0
ReomZd6vQUU08tJZiQdccg,42,0,0,0
RfprZthzb2W7VWhJxmzSXw,42,0,0,0
RfvxsUbtavnboeo8lZqCrA,42,0,0,0
RgeU3JYPzIbg3m3jfsdXUQ,42,0.10858087,0.11480929,0.0062284216
Rgf3LmaAm59puuS2q6rUQw,42,0.17342766,0.27487633,0.10144868
Rh6zgwhiV4jDP8be99AkgQ,42,0,0,0
RhctH2CY3WDimZHTBEibcw,42,0,0,0
RkFshRb7-ya7-HwOII5jZQ,42,0,0,0
RkY3bDoxG4a1FSA_tuD3Eg,42,0,0,0
RkkLVLZUGHAf1jW0l8Vq3Q,42,0.11047239,0,-0.11047239
Rl2IuP0Ur2Z__1gVGNrxSQ,42,0,0,0
Rl2ZJuOEVo12Q1MLREMVGQ,42,0,0,0
RlEryoNlZnAj6r-9GSwLPg,42,0,0,0
RlND9RT8rCwawH7KHO4CqQ,42,0,0,0
RlOqxqYFCUTBohlpxRn-Qg,42,0,0,0
RlhRj59gChHcfqVNVr0iYA,42,0.1068408,0,-0.1068408
Rmrn-574b7-wpphvsWia1A,42,0.1695801,0.14606835,-0.023511753
Rmt2ulyMMXxIrmseOjGKMA,42,0,0,0
Rmx6mTKPP_l-pLE4pSzqAg,42,0,0,0
RnCmtdyeKmiVFFvz_NZD5A,42,0.1934264,0.1934264,0
Ro3wf_oJaL3xdbHE3NzfHA,42,0,0,0
RoB6wgJwPBHCi-dplCR2rw,42,0.22767025,0,-0.22767025
RoaW24eylvH2ZA6NUniE1w,42,0,0,0
RocHF3CKht-UD-Ca0vfjEg,42,0.76018753,0.2043824,-0.55580514
Rod8ij036KYYX6ZTpONTpQ,42,0,0,0
Rpg5D_chzAbkQTA8ks_now,42,0,0,0
RpuHjlLqJBIQoszxwBokzw,42,0.056760173,0.065452645,0.0086924727
RrQQ4TfvnyfrHrQU_Ux2Ug,42,0,0,0
Rsgdryta9GXIXrwlxuijJQ,42,0,0,0
RszODUabSVmwm8LzeT09KQ,42,0,0,0
RunzAiqo8ypoXQBZQPIVUQ,42,0,0,0
Rv4tFeGI0Y9W36HEc0iCbA,42,0,0,0
Rv8seYVcBW28UY8a_1nC8w,42,0,0,0
Rvn-Ymc8_9z4vbcm2ZwenQ,42,0,0,0
Rvpknpf-tqhEe2zc4qmJDw,42,0,0,0
RwLCUabG54ttGGzL-t1bZQ,42,0,0,0
Rx-yuTcHTBZ8cJWQPTu9IA,42,0.46927873,0.46927873,0
RxwQtY9MjPMdQWqv57yvYw,42,0,0,0
Rz1w4WzBRDYZOMHtOoWDRg,42,0,0,0
S0ES0FcpKsZeo4aEP1Kx9A,42,0,0,0
S0k6z0PW1yCGPsr5VnyFKA,42,0,0,0
S0mnUtaM2FctSXcGwxsUfw,42,0.33333333,0.28906483,-0.044268507
S1-cbVcXw7PsW1GGl1H-xg,42,0,0,0
S1BnbE7NLgidjhbqPGJlsg,42,0,0,0
S1c-e2hdfXPH5MFIKNxTjA,42,0,0,0
S2H9vQ8H_SPH_QAD7a3_jQ,42,0,0,0
S3IUiaj2TELlZSUpIZ7cRg,42,0.24630239,0.39038005,0.14407766
S4JeThIhKiKjnZWkZgIlgQ,42,0,0,0
S4YtUN6caZHcXXEYG29xjQ,42,0,0,0
S4b6AJ09NBYCde-kUVVfKg,42,0.38685281,0,-0.38685281
S59QzY7MKj6MHedX6gTaHw,42,0,0,0
S5Dicm4VnvzPBzuJDOFolw,42,0,0,0
S5NIuxh8fx7THxtl81rFYQ,42,0.1418689,0,-0.1418689
S6FS5m56P5IUzIjl0aOSBg,42,0,0,0
S734_bHNK2aA6B3CLl4VMA,42,0,0,0
S84rIUvqA2S0gtpmoK3k_w,42,0.2529427,0.12647135,-0.12647135
S9tQLRs4lkR8QK1bjKH32g,42,0,0,0
SAaFAf82JpQsbHBGSnkn2Q,42,0,0,0
SAbmtqOzEvzYKT4Qo9z_7w,42,0,0,0
SAfSKcsaKe9TghNC5174WQ,42,0,0,0
SAgf1IxxuomOWSIDzy07pQ,42,0,0,0
SArvvUezHN-9AcXs5bg39w,42,0,0.26264954,0.26264954
SBLXtRTOaZ0hu8bwpz-alg,42,0,0,0
SBYCyB-fEM1o03tW7id1QA,42,0,0,0
SBal_DUb_bBdp6eVSUx8RA,42,0,0,0
SBtI1hglZZcviXaWLa-HgA,42,0,0,0
SCPc0B1NccA79yvM2nTzVQ,42,0,0,0
SD23bg8BuhCl5JUiAu6nxA,42,0,0,0
SDSqjDHBBxix-vCK_0bmsA,42,0.079841335,0,-0.079841335
SDkGatUfx1KfKnwXKfkTUw,42,0.044810432,0,-0.044810432
SFqfCznzp80TAlQitbxPIw,42,0,0,0
SG9gzOvhFXjTnmZD6IEV1w,42,0,0,0
SGPCLi-kVZ_pz1w7VJtkeA,42,0,0,0
SHYVuK2Xk3jPL6ESR-Xl2A,42,0.61314719,0.61314719,0
SHgi3Vu9WkokLzxQjKQ-0g,42,0,0,0
SHyWxJxb-mKiNgHPUSu3_g,42,0.044808644,0.03730675,-0.0075018932
SIPopkw4prrb-Zy43e7YZg,42,0,0,0
SK44xBO2pbOuQ5249ks_4w,42,0,0,0
SLTSC9rnESejXJhj466aYg,42,0,0,0
SLutFo-ABke3cNjDVhTliQ,42,0,0,0
SNcM_q22GwHCLx0DEMi_zg,42,0,0.1208113,0.1208113
SNfdtNKgPf7seqxF2NKwNw,42,0,0,0
SOE_XdI0k-M6YJ1vIqbo6w,42,0,0.095506691,0.095506691
SPFbEfTgtcLdMs-uBWIBUw,42,0,0,0
SP_xjw_WZwhCLSMJuKGPMw,42,0,0,0
SPuP2IsXl79IKaHQcQ2xRw,42,0,0,0
SPuzzZ0VZ1yyD3s9ObLnaw,42,0,0,0
SQinyR2zvyQChsqI-b52KQ,42,0,0,0
SR25hx0umMJoZMcv-9QQIA,42,0,0,0
SRWKHVJzA--CfRrT5sKzIw,42,0,0,0
SSrLztnvLFYaAfBxJN3hFA,42,0,0,0
SSuPn2A4f-L4h0B6KEhojQ,42,0,0,0
STO9KprPS0pZVO75VX_bvA,42,0,0,0
SU9upI0FSXM5I2sqoMHz7A,42,0,0,0
SUDPIeLdAWsKbMxVq3IT3A,42,0,0,0
SUaFTwRpkLOd8QwE0iDaaA,42,0,0,0
SW5W5fIy6w5kRxNLmphwIQ,42,0,0,0
SXSeBBwE1RT5ZXwUBkB8yQ,42,0.090325438,0.091898943,0.0015735049
SXm3Tb9h24GHOr0NOy96gw,42,0,0,0
SYJ7-EFUATb0E7qkKedw-Q,42,0.24630239,0.39038005,0.14407766
SZ-cdOCtzvu7UHwbq_HJdA,42,0,0,0
SZGYN55UWVgCR62899yfsA,42,1,1,0
SZMHe7wuFY6d71QrvXP26g,42,0.38685281,0.61314719,0.22629439
S_UP_ifYBO7bupTPzRK8aQ,42,0,0,0
Sa1GPVlNdgFsGm-yloQNRA,42,0,0,0
SaYctOj-v2LNNkD4EXtZUA,42,0.13442593,0.26850132,0.13407539
SafmfVz8JcH0jQ50nJTt9g,42,0.073477391,0.073477391,0
ScTmA4hTN0x5Ug553epdsQ,42,0,0,0
ScmsypB6yw-UrlGzfETB_g,42,0,0,0
Se5ay5HqEa_cPS1ZXmJ1cg,42,0,0,0
SeTHJctzkxoX5cT2valCew,42,0,0,0
SeWsQoYPbQuMAqfRNNS6Jg,42,0.16569577,0.16569577,0
SejRcRXlLmQYZPNBiSPlcg,42,0.11731968,0,-0.11731968
Sevmy_LxMAuUqK6E6rImZw,42,0,0,0
Sf3LGHUsHr5ZocB5b2TdNA,42,0,0,0
SfUNvdUFys8CkgRDKBOpvw,42,0,0,0
SfjmhttjXH8wAuYTciNwtw,42,0,0,0
SgMryjAlGfW8KGxgPGd3eQ,42,0,0,0
Sh7VW9oiQ6bSMzb1ExQfdw,42,0,0,0
ShAOVNAF6QDFABSrcvhcLg,42,0,0,0
Sh_vUlHHY2Kuj14eF8NYZQ,42,0,0,0
SiQYmVeOiCA44GPBvokTXg,42,0,0,0
SigXA2Ff2Cm8hl9U47ZzPg,42,0,0,0
SjC79vcEES6fQZBBCiMdYg,42,0,0,0
Sjs1rEw9uUSrk_XnYFmwmQ,42,0,0,0
SjuPkIFCDW30P3dEAHIgXw,42,0,0,0
SkH6Ih32-AXVbQ-vVSovFw,42,0,0,0
SkTfptyQGBQV5EuH4i_Ebg,42,0,0,0
SkljnlkwP95Ak-C_MRMb4A,42,0,0,0
SkrqglaWKXpeuFMniJO87Q,42,0,0,0
Sl9o87a8YDOJKdGUUkjWYw,42,0,0,0
SlY0sqfR5ICp9wXwwRxEvQ,42,0,0,0
Slc16vviuuTWgZ9OsaJzKQ,42,0,0,0
SlcrEk8sE9whYKkiWgR3hw,42,0,0,0
SlioFfHyDspFlV8IM06mnA,42,0,0,0
Slp2CsM93OBoTrbt6iPpvw,42,0.18438461,0.23267418,0.048289568
SmDz9XEBEhM-MKQWZUX7nQ,42,0,0,0
SnbjdOdKpV1a0FKJmWYNlg,42,0,0,0
SnkCFw-qkZpbfucAqnvnHQ,42,0,0,0
Sp1_SPbLT89WlLv1j-78Ng,42,0.13012668,0,-0.13012668
Sp_Ok9Z2azGHv61ovMOG2A,42,0,0,0
SrDmD3UP8QBsJnjK4iOLZg,42,0,0,0
SrLubbVCO5NmVQTATq2ysA,42,0,0,0
Srlku6jQD9CHav68Iwev9w,42,0,0,0
Sru74jmh8G7Ny70RVUnU1Q,42,0.071235305,0.077453516,0.0062182107
SsA3yxts39e2YjVPWGO8Rw,42,0,0,0
Ssi_i_Em3npe0PcQwiazxA,42,0,0,0
St4SwA_Ngw_hJfmw2HS_DQ,42,0,0,0
SuB52LlawFfoJQvzMGUN_Q,42,0,0,0
SxY-gdlcWLJG4X3lrPzILw,42,0,0,0
Sx_VnRbh4TMOzz4oNAGvDg,42,0.14606835,0.21398626,0.067917915
SxkOo0Ox-ijvdK4mjwZXaA,42,0,0,0
SxxvSAvwZWBNZnGBcUC_IA,42,0,0,0
Sy4XrEySTmKaPkH0zO4RSw,42,0,0,0
T10FtMoGMhyOsc8OzsGV0g,42,0,0,0
T3wdKRBfHPpydOob4rESPQ,42,0,0,0
T57CqtZK-Dc3vlnLb4wLmg,42,0.11284514,0,-0.11284514
T5S_vB-syX-Nwin0nwMZzQ,42,0,0,0
T5UVwLPzLLJKmlUgJ9ZHCw,42,0.1782103,0.1782103,0
T5_sIy-5rsrqzh5Dri8PmQ,42,0,0,0
T5cxi0xkaLgJsw0U4z4d0A,42,0,0,0
T65MUTdDVeSQx4mQBSglNg,42,0,0,0
T6TInNEhz-qm5tT_ZjQEoA,42,0,0.044810432,0.044810432
T74YydMjw7NJX6RwmMgSaQ,42,0,0,0
T7AVmkj5XlSu9PbE2x_kBQ,42,0,0,0
T7GOu_HC3u7xzJjQY691KQ,42,0,0,0
T7RQKxz3PMX0g34yOp2_Qw,42,0,0,0
T7vY_gyFK9GfvmNp6K33OQ,42,0.77199706,0.74689789,-0.025099165
T8RXJupSDfSc1Mb-iV5gbA,42,0,0.24465054,0.24465054
T8wqkLyaktHi9a6AtHnTCA,42,0,0,0
T96rfdKfWCNIKX1W6rr7iw,42,0,0,0
T9HznDnlvehxInpzxWROYw,42,0,0,0
TAbUes8h_qzYAb6t6Hs2qQ,42,0,0,0
TBtZ0m-FG22_tjaZRVOauQ,42,0,0,0
TEVeRSvzkVdC29MTUWdUYQ,42,0,0,0
TFYwPj2wHBA4aHSiZHkTAg,42,0,0,0
TGLXE79kyltqL4CJHkNHqg,42,0,0,0
TGhd6FvWsVfOyXpm3VbvzQ,42,0,0,0
TGphCFbodes5J6c36F-xYg,42,0.41253178,0.34304271,-0.069489068
THB5XX9AB9dmDcN4CmLVmQ,42,0.38685281,0.61314719,0.22629439
THJo4sOXgM4jxA9UUocJag,42,0.35988308,0.29849004,-0.061393046
THqNSHvZAyeJKuL05Wzbhw,42,0,0,0
TIOaPyCdAY8I6qo3A7AAYg,42,0,0,0
TIXmjkgPQo8sYnryivAHGw,42,0.24630239,0.13012668,-0.11617571
TJ8Hawan8jDIZHS7AAZJwg,42,0.075131077,0.068813145,-0.006317932
TJLkTkFZKwPzYcsGy5Aoag,42,0,0,0
TKh6KhL749k-aNzNske4rA,42,0,0,0
TKiOTvHSsQ_c4D3f81yYwQ,42,0,0,0
TLNI1VHqpKDz8W7xQhIbAA,42,0,0,0
TMTe5IQSA_YBupSnpkwhUA,42,0.5,0.63092975,0.13092975
TMvw_P9T36Jqm3Q8pxlwEQ,42,0.11706259,0.095460433,-0.02160216
TN0VgSVMPG58PO9DNEJS4A,42,0,0,0
TN8MlAzzOhZu9mvX09F6cw,42,0,0,0
TNwbpJSkflp3HPCal_m2mA,42,0,0,0
TOgWJlfkKXrkbZUp9i0-aA,42,0.16716045,0.20210735,0.034946892
TOtCT6RbDCALsfcM_Pqe8w,42,0,0,0
TPdzRQGdxoF3MOrJFrASLQ,42,0,0,0
TPe_Fjjy3c5vHbu0S6p_RQ,42,0,0,0
TPjf6z1K51f6jUlSFAqQWQ,42,0.61314719,0.61314719,0
TR1I05l15RZM3BtWrMG9_Q,42,0,0,0
TR4nD7pSr5LqGLEYj7Fd0g,42,0,0,0
TR7ezcRznfr1Jif7euZZJg,42,0.19519002,0.15101962,-0.044170407
TRdefJK49S_7K4IpG2dMZw,42,0,0,0
TSHXYGNL7t4PLAK6vSYKyA,42,0,0,0
TScQOePItzkSe-Iw6oX8oA,42,0,0,0
TSg7QXEzlATI1yBEgpz8Zw,42,0,0,0
TSzhi6D3KbLgXtpdQPl8zw,42,0,0,0
TUOAjK2k6EpBExfYGdjcBg,42,0,0,0
TUrTnoXPx3U_36FeW57FCw,42,0,0,0
TUwu8kdkdz2RNHqeaSKcKw,42,0,0,0
TVN3qoXU0-sateboutdCZg,42,0.19092087,0.10086747,-0.090053395
TWmxIDteMA-_Pb4AttY6_w,42,0,0,0
TXBlXlRepEljAkDpWjI8tg,42,0,0,0
TY0VBMQoRQF9Pv3x3Ekqhw,42,0,0,0
TYCkjEHPSJSnFb6m6GDluw,42,0,0,0
TZdq4_qM2NZBQkigO5m6ig,42,0,0,0
TZh5qEew8_f1qpbuWEON4g,42,0,0,0
T_XXcWSA9eMp0U7k7jFlFg,42,0,0,0
Ta1lLyGqPxJbOAwWqQw16A,42,0,0,0
TblUttf3s3eMBeW9KTCsNw,42,0,0,0
Tbzt5g2KsYRlzHMtsuaTEg,42,0,0,0
TdDxMS27vu0fXXxIvz16bQ,42,0.63092975,0.63092975,0
TdRW7_XEJDibEUPo-IGSzQ,42,0,0,0
Te3BwftEFN8C9WxImhfM_g,42,0.29283064,0.32834065,0.03551001
TeRRWmSTokpfPV-FxhnwOg,42,0.081334845,0,-0.081334845
TfEkEzxjvs1WDM6cxUnzKw,42,0,0,0
Th-A3NlhCWBqbTzBZ9Tc2w,42,0,0,0
ThE_x8A_n4vihdTMYjeOQA,42,0,0,0
ThrbbVj_TZ8V6I24DBPLuw,42,0,0,0
TjjmUb-Sxryk4Npt1QVgXQ,42,0,0,0
Tk7jxxIRAL83NakQkDkMoQ,42,0,0,0
TkXMUw-JsVJa-qtX-EVHOg,42,0,0,0
Tkd0zyvvU2_cN2SiGdNjOQ,42,0,0,0
Tl5Xtd_LDMN6mQTK1Rxu_g,42,0.61314719,0.61314719,0
TlwAJNdq5xgl-81lKoLsfQ,42,0,0,0
TmWLsjALoNouy5UkdVMsWQ,42,0,0,0
TmfrpEbLtBrrY6Cj8d3kQw,42,0.33333333,0.63092975,0.29759642
Tmg3uetxUI8nuR-KHp7gPA,42,0,0,0
ToF1FkCN5kFo4nS4XT6TLg,42,0,0,0
ToG-oQVqhKp00tjlSxQZTg,42,0,0,0
Tok5zBSJdWUhew9rqVHIeA,42,0,0,0
Tp9EvdZZzFFwfH1m2SVJ9A,42,0.28906483,0.38685281,0.097787981
TpKt7rQVO475RjNi_PJ_rQ,42,0,0,0
TrOgeAyvIgIQn619jJDhaQ,42,0.14204004,0.14204004,0
TrWDuLzeq145toGpoXOEQw,42,0,0,0
TsKCKb8RvMLo40ZBPIYlpA,42,0,0,0
Tsxfh-GlWLiBjG6Sgte6-g,42,0,0,0
Ttn1RtATzZBtWsx6MoPGqQ,42,0.30267735,0.34342633,0.040748979
TtnKZsZvtVaLUiC5ZAtarw,42,0.31546488,0.30103,-0.014434881
TtuLyYy4Gf41XA2JUQgY8A,42,0.11243818,0.17465669,0.062218508
TuRtYw4FvpGffb8z_00Qxg,42,0,0,0
TvRR10a-WvrfO7i3BptQoQ,42,0,0,0
TvormoEZU9XbdjWZfXCjow,42,0,0,0
TxbNdf6t6k_ap7JjKaPCJA,42,0,0,0
TyXoKaSUkkAXdd2R950hIw,42,0,0,0
TzEpR2MQzNoFaRsDVcPJFw,42,0,0,0
U-GZYnsSYuTAwDL1HrHJlw,42,0,0,0
U0AkWphEhV-q9F3C8cQvMw,42,0.08908027,0.094606347,0.0055260765
U0FyH4O8YBk48g03qzbjNA,42,0.3065736,0.2043824,-0.1021912
U1dP2OptDNV6gUkYSjvztg,42,0,0,0
U1jT2RtGyYM7eNilWw-3sw,42,0,0,0
U39V-PPTgJwFm-AjG5sn7g,42,0,0,0
U43Y142p-WpNR2I9KztTPQ,42,0,0,0
U4IUVP5oYoLdUoIf5TgbDg,42,0,0,0
U4WYpjKw10iW_zUgxQi0Iw,42,0,0,0
U4bbjn2NtjyFOf6JUM29_A,42,0.61314719,0.61314719,0
U4dBJgRR_oWYl8b2WSsvHA,42,0,0,0
U5qVyl-JP0scbJLDZvYc6g,42,0,0,0
U6-6AaTVUQLwJp7j7v-tYg,42,0,0,0
U688Gazae9NXbYYwolmYCg,42,0,0,0
U6Ro-OI_fQv6aIX6q95BJg,42,0,0,0
U6We-QO-l3rOnhiRtu9nrg,42,0.33916021,0.33916021,0
U6aIMZbBZxH3wKQZs-7WOA,42,0,0,0
U6vKvA3SxF8Ji2oDj42YMQ,42,0,0,0
U7FKiS1eROsSzBg-7Ohr4Q,42,0,0,0
U7FNfBRQ0JdgjGUYSvKBHQ,42,0.61314719,0.61314719,0
U7aysStyFtCUVdFRTpMQ3A,42,0.52498103,0.38685281,-0.13812823
U8zApucx3_B92sqmEdUs9w,42,0.27101621,0.15618141,-0.1148348
U9O0_DHtkdRaic1cWgXXjA,42,0,0,0
UA477JC4yYwk0sX0HdqPfQ,42,0,0,0
UAIcZS-nCgTX067uUT-fTw,42,0,0,0
UA_qr6abNcBWsRgXPldEHA,42,0,0,0
UAwn-0rPwoXe1koJN-Pp1w,42,0,0,0
UBYIZvyDoqSmvyM65QLUKQ,42,0,0,0
UBiJ0YhkHZWM1CuUTy-2qA,42,0.059544967,0.063235676,0.0036907089
UC7Nzj-YqDKrYqtbKSiZvQ,42,0,0.1934264,0.1934264
UD-8cTOi8Bac3SZ-TBk3xw,42,0.15693994,0.4036635,0.24672355
UDQI6MyqcoC5MLF7tS6aow,42,0,0,0
UF93ng54bB4981krwCMmKw,42,0,0,0
UF9FzbSw8DaxuDKYdLDLjg,42,0,0,0
UFWLdBejhqMt5c4uq2-mpA,42,0,0,0
UGuE28WBdxqvbg-f36ViiA,42,0,0,0
UJGimjz3mriAAWQwzeVWfA,42,0.46927873,0.46927873,0
UJSe-x7OSLZ-sIsv4gqfng,42,0.5,1,0.5
UKU5x7fgNWzzdpCh3PqS0A,42,0,0,0
UKjsdQvypama0X_henp77A,42,0,0,0
ULUa0fQawIzMX2SpcDT9-A,42,0.18154179,0.29608191,0.11454012
UMjZw1nfSbT4Y1i-c1D_6w,42,0,0,0
UN6MXJuhyGcX7LTj4-b7FA,42,0.20321336,0.2514447,0.048231343
UNoo0lO-A3EazsWT53REdg,42,0,0,0
UOj2QYz-h2ulUQ6_neLikQ,42,0,0,0
UQQR0cuTHEjeGNkmGSBLNA,42,0,0,0
URl85BbSrpLfsGHytTYHxg,42,0,0,0
USJDTNYrWHnn73YOIPpTdg,42,0,0,0
USVo1Inok4PqkbP-hNKgIA,42,0,0,0
USfovyfryenT69j_tGmI-A,42,0,0,0
UTOcFxq-MQ4kYt2iokiq-Q,42,0,0,0
UTf4tyyn1SubhB3Eoqgcaw,42,0,0,0
UU-Th5R_o0I_v7Z5eARz_w,42,0,0,0
UU1H7HHPZwP64h3BgEipsA,42,0,0,0
UUiUo5iI2WvaIxUDe1-smA,42,0.079478383,0.087471714,0.0079933309
UUlsjgTZVzzTwBL0fqWK9Q,42,0,0,0
UUvbwEKCAZcwQ_Nif_2pAA,42,0,0,0
UVMWfFx7cZTnwooIYkpw9Q,42,0,0,0
UW9lHlMmAWWNshOU56cQ_g,42,0,0,0
UWKbL2ti8i0GZYBHpXkwxA,42,0.61314719,0.61314719,0
UWV8IMR-eYOLOvLB9U5ZSQ,42,0,0,0
UWfzWr4egGzG7Q3_GOT9rg,42,0,0,0
UXeuqC7Mz9rgKocbN6Q23w,42,0,0,0
UY1y7ceTlilwE2rZAGIucg,42,0.87721532,0.85034491,-0.02687041
UYgAC9mvMYc12Ufc5KVUnA,42,0,0,0
UZn3xktbK-kqbMk0zQQj8A,42,0,0,0
UZx8E80vZoZdaxg22e82dw,42,0,0,0
U_p6ne9CgPFVoj5KMjhgeA,42,0,0,0
U_pf5JE4Wrxq-gaYWa55zg,42,0,0,0
UbFvaKHHIR9lDYI162eCJQ,42,0,0,0
UcvBVjQqjNwmV_5-N71w4Q,42,0.3065736,0.3065736,0
Ud13tub_Pkhrgg6aknYPUQ,42,0,0,0
UdyrulYllDxVNmX-32FLFA,42,0.17723929,0,-0.17723929
UeZopw1iFCn7gld3thNOZQ,42,0,0,0
UettuAsx9mBKaoBuIPWMRw,42,0,0,0
UfCo5uq_IkVkBgfkG_yELA,42,0.15000679,0,-0.15000679
UfXWUMl5YDRugGOAwwtMwg,42,0,0,0
UgYi68PFYWqOjY0Eb_wZGA,42,0,0.12681702,0.12681702
Ugh7DCWR84BglC_3Z-NugQ,42,0,0,0
UiIkgpprbNLqh55971rJhA,42,0,0,0
UiK4Tv3lr_IMEuo-I-g0xw,42,0.13083037,0.13083037,0
UiRx8jyS6H957ItwFsP2nQ,42,0,0,0
UjPoD-gNqT5vVhs6NiOAGA,42,0,0,0
Ukkugenqv4q8qhOqJPd7FA,42,0,0,0
Um76wid8nCClTta3JxrVNQ,42,0.30260241,0.19092087,-0.11168155
UmfT9o_iiPzpLf_5PzH1FA,42,0,0,0
UniMVIU5-JglqwXWVEkvcw,42,0,0,0
UnlEej4c5-s6x86oUlxJEw,42,0,0,0
UnmzO7490NG7i_vUQgiLpA,42,0,0,0
Uo9xHmYyZ8F1oAxORUdPOw,42,0,0,0
UoUcF53xTWeGtrycA5A0FA,42,0.46927873,0.46927873,0
UomQKpEl_NJQORq-XM_n7Q,42,0,0,0
UoxRImM1z5AAHYQd2l6bOA,42,0,0,0
UpE0HeoDpX6dkna31cOxxA,42,0,0,0
UpGVyygMdgOViwdvilwGfw,42,0,0,0
UqTvUrtM9VZfcnjMyvfZxA,42,0.38356637,0.45221361,0.06864724
UqbnGiOpb4Jh1KVfhU7_NA,42,0,0,0
UsFFRKCmYp3jzfgckHVMWw,42,0,0,0
UsG1GUJA4mlfsA8Cw7AGlA,42,0,0,0
UtGspuN_2N-1TjZ0a4AvgA,42,0,0,0
UtI7Hd1rTP0GOirh2u9w7w,42,0,0,0
UtU76515GYpQwz1dP0jhFQ,42,0,0,0
UtoHv1RMj_WmOahnMIINKA,42,0.23463936,0.29608191,0.061442548
UvGrtngH9e8MFhaWznAXww,42,0,0,0
UwVpw19B7uDli1XZYJsC2w,42,0,0,0
Ux4aqo8EOHZjBQNHUtCVHQ,42,0,0,0
UxFLy-Unqfe6NefWjF4Png,42,0,0,0
UyA_TRYpL3M-2zHPU3lENQ,42,0,0,0
UyK5Sjy7H4tTzEJEnS0T6g,42,0,0,0
UyXqGEKod-veD6m6Hq0EDw,42,0,0,0
UznT9x9Mkn7BBkYFvUtcgQ,42,0,0,0
V-Tv_2hv1Ag3wQrqOpVnEQ,42,0,0,0
V-jiTqYCFl0Tdxg8cmx1NQ,42,0,0,0
V-y5BWIQGU0YwxvRKI8Gag,42,0,0,0
V-y8jqK18Ld3WebFXcvOKw,42,0,0,0
V0Op-27HpdBLzmGGbIU0sg,42,0,0,0
V0c-AS2FFCeSaV-3JfG5vA,42,0,0,0
V0t4DbK0NV6PBGwDdv2aUQ,42,0,0,0
V12HIIwQU-dYEQZBxEQTPg,42,0.14204004,0.14204004,0
V1YgQAuxtj97UACFBg27Qg,42,0,0,0
V1swFWt_8ofnG_aj0Sf3tw,42,0,0,0
V2cp2mTPCgDvK_nHZew8DA,42,0,0,0
V2gIAXNN5LSi8iNsxoYS6w,42,0,0,0
V2oYhxFl5gbT7xHYfz261g,42,0,0,0
V3__vNSGlOYADaNhIxMT2w,42,0,0,0
V43W9fnQ-Mstgnb-WLOsJg,42,0,0,0
V4TJ9mwHnq6qMOM_ry1p_g,42,0,0,0
V56BQ_g62xVHwnxFJyJUyA,42,0,0,0
V5N4ssqlefSTJex-2hVD3Q,42,0,0,0
V68aQyvejS3-VjORfb77mQ,42,0,0,0
V74njIb9fS-Ktt3QepblyA,42,0.27648164,0.31593422,0.039452579
V7VZT9e9qhk9_-7scBtFTA,42,0,0,0
V7n8Jo7jIFkOhRxjyiC-kA,42,0,0,0
V7vFZ0z34ndxLT4wqrExfQ,42,0,0.12011566,0.12011566
V8yjJRz0y4M2h5_ZVc6ksA,42,0,0,0
V9-i0JZ4hlKx2inVDDpytg,42,0,0,0
V9NB72DrZ-yj8ewsI43WNw,42,0,0,0
V9qLMoPYxK8C4JO01nf_HA,42,0,0,0
VA27YCEmn_Ex42AlCxb28w,42,0,0,0
VAFqUK5d2tVtG0IRC2aoDQ,42,0,0,0
VAkwYJXqpQ3Sp-q_5v_u9A,42,0,0,0
VAlw0kMMWj75mkE8aUVfaQ,42,0.23719771,0.26406812,0.02687041
VBLOJ1kmtCkZ0-_fWoQ1gw,42,0,0,0
VBSvIBQ5xVf4l1QCg7-fig,42,0,0,0
VBZUYxhbLFPj2s2x3pYIxw,42,0,0,0
VC4tgIe-pCazLnbzZFJrWQ,42,0,0,0
VCGtMjI2baDvfvt8ep-thw,42,0,0,0
VCX3CrvQGGGIyQx_HAjFlQ,42,0,0,0
VClMTiHXXYlLNjalD3N4XQ,42,0,0.069944108,0.069944108
VDseKKt5Oe-4fU-z9bHJiQ,42,0,0,0
VETPB3vkKRpvyThFBGPibA,42,0,0,0
VEaljaTd4qcneYKFPgBbWQ,42,0,0,0
VFRIv3-_Og34wZyy-LigQQ,42,0,0,0
VFi49jfNoR5YJyOLDF3pcA,42,0,0,0
VFiqbVX_Uhh209_lrN0eTw,42,0,0,0
VHvo3sQQ5gz-cCSnB5j3cQ,42,0,0,0
VJ-mbBj5KukiG0thhvZeaw,42,0,0,0
VJ5H-Emw4JK2RAP_4YYn5w,42,0,0,0
VJibUSYBdFQZ_iMcJb_IvA,42,0,0,0
VJvOMCjU3_PJJR4-RhAkEg,42,0,0,0
VK3djwAI_3-0kDLss7BTjQ,42,0,0,0
VKYF5WV8-ay9eZhQzPc4FQ,42,0,0,0
VKj6LamoMDkzwrqZS76Gdw,42,0,0,0
VL2NGgDqG8CoKt7VsG2j_Q,42,0,0,0
VLxDw93NsvT-1ukkNwzk_w,42,0,0,0
VMMX1rxaO6cB2dDhm3fwzw,42,0,0,0
VN3HUv_KRZj-56lb8VyKvg,42,0,0,0
VN3apynnuv00bFwNOnXqqg,42,0,0,0
VN48Nby-iMfDlrr3vieUaQ,42,0,0,0
VNgaEoVkgkEb1LwLcMj7ww,42,0,0,0
VOOeq6ceXwC-EEyImaAZrg,42,0,0,0
VPWsjvB-YWoH8M-1BGENcw,42,0,0,0
VPhcoGcBfrDDtThkX7UzlA,42,0,0,0
VPryWejfgtEZB9BRcTrCmg,42,0,0,0
VQl1X9nuLQ4FRd-oQ1Pgog,42,0,0,0
VR9bXJJcCFOFuHc5gUNhOA,42,0,0,0
VRHIXvswHP4cXrPnFNAEWw,42,0,0,0
VRIpqpZSlQE66UdL5OMGNw,42,0,0,0
VStnohg36Mjqliyp1sqAlg,42,0,0,0
VUFb5monKirGUv7o98rQXQ,42,0.12315119,0.19519002,0.072038831
VUKoeNObTjuNQYJG7HUAzA,42,0.30260241,0.30260241,0
VU_iMC9xrM3PvobEAZhTHA,42,0.23504555,0.23504555,0
VVktaBGTgHuR81tO8rcnoQ,42,0,0,0
VVpKSGwLj-6cmOUNDXRSWQ,42,0,0,0
VVs0OoDD7ikOS5Qtme6YQQ,42,0.37383772,0.22141617,-0.15242155
VW1OCVR5X9NnLkvl5E6__g,42,0.13090199,0,-0.13090199
VW5Huy2PwIkxeZ9f37Ofcg,42,0,0,0
VWEsNC4Q9zhU-cTKWZ2wMA,42,0,0,0
VXwH_pQH8YGNP3TTcCQ1pw,42,0,0,0
VYPkzfD8HAims9BAqQ9HUw,42,0,0,0
VYuuNzTWju8D0rr8SvaZjA,42,0,0,0
VZBEaT-i5BRisVfDirzPnw,42,0,0,0
VZkfSUttsSGggV0W2lsUVg,42,0,0,0
V_j-mYsa8Xrn_KEw-ZbyUw,42,0,0,0
VacSjQO-tnA_zGQ5tvY2wg,42,0,0,0
VbngpjySUH5A7GbxuM6S3A,42,0.28699639,0.21624063,-0.070755761
Vbyxj5X9NQ4A4dw-6PVvGg,42,0,0,0
Vc00aW6ssGrSRY_DbK7iXg,42,0,0,0
VcIo6Fz06MpGEg6JF2hnIg,42,0,0,0
VcsCdoefmZqcIC-Ub1JxFg,42,0,0,0
Vdd3dW7Hr4UTDgkPxobKog,42,0,0,0
VdlDFTwkHxuJl9s7kqyxfw,42,0,0,0
Vf231unsXIB_7Go11_ayfg,42,0.61314719,0.61314719,0
VfhSlbKEMaHzlwEPE3gd-Q,42,0,0,0
VgUR1tjCQ9-W-ujE9S_l3A,42,0,0,0
Vgjy1fsnCHLdm7yTv7HqEA,42,0,0,0
Vgk5Cnye-wjiSMGDBKoK9w,42,0,0,0
Vgx_0jPlJ-ji1VvMmWL56A,42,0,0,0
VhR2C5x80KZjZlJZi0O0kA,42,0,0,0
VhfoNPhmSXGj2Vz4vOE63w,42,0,0,0
VhyMPBkWc1mcFpuu2CAAKw,42,0.14204004,0.07102002,-0.07102002
Vi8Eu7Rw5NI8o2rNo4F1gw,42,0,0,0
ViryJoPv2kklhXAr6DzDVQ,42,0,0,0
Vj3AO9BrjVuFCwqoNFbeQw,42,0.1695801,0.21398626,0.044406162
Vj6r3d5UnB-_653B0N3Ndg,42,0,0,0
VjPvHU3cZ4qw3IRJITo26w,42,0,0,0
Vjb8dsOwTXQU-4bdmNzfbw,42,0,0,0
VkHcPJMAsXKat_q9fsq2aA,42,0,0,0
VkVk8vlWVuTfD18cYWrAmw,42,0,0,0
Vkq2Ej-YzYGPPYTRkN6z9A,42,0,0,0
Vl_DijFhgI7LxvJwN_aysA,42,0.064708339,0.072196141,0.0074878022
VlbzHJut6vDyuwm7fn_0bQ,42,0,0,0
VlfYvru05K3Wb_5ZxdYozA,42,0,0,0
VlskOcH3psJzXZG35le4Ow,42,0,0,0
VmRxCP4Mcs5_tMMsUQPw3Q,42,0,0,0
VpQnOP_YpbLf3jblrxvMmQ,42,0,0,0
VpRxmyY98MiwPsUZy1d7RA,42,0,0,0
VrRUmL7jX867Vhnf0nE6QQ,42,0,0,0
VrcCi1FOw_VHQK6dL6tF3Q,42,0,0,0
VsWNYa6IdLv4X9sWUHOPgA,42,0,0,0
VsdFRZlW8jCvWIGz45PQJA,42,0,0,0
Vsx7Dmpjzn-ZtlGQhBOmDQ,42,0,0,0
VtzHLZ2phOGNlADbiyxFjQ,42,0,0,0
Vtze65lOl7gtYqSDOOGA3A,42,0,0,0
VxiOtmp82aPefMIoO5oUkA,42,0,0,0
VxuZkeNKkQk7swMrqE-gsA,42,0,0,0
VyEJ9Asea7SYaxpYFB589Q,42,0,0,0
VyOOe25sT5R_laBlQgIEuA,42,0.46927873,0.46927873,0
VyU5wZeQeijq1HRbu5UEXw,42,0.11752277,0.23504555,0.11752277
VywmuczOB6HTvqO2q_4r5A,42,0,0.088877923,0.088877923
VzDqzJzccrKY4zKhkkL7cQ,42,0,0,0
VzdBpqH6AadzkClxqqpU0A,42,0,0,0
VzvlG6oXAvY89bURD1Rhqw,42,0,0,0
W-Z8HuwoCGjFWd2XmqbvJg,42,0,0,0
W-flFACtJ-MkRSp9IWdX2g,42,0,0,0
W1PwuOqzqRE6YdH4YC24LQ,42,0,0,0
W27Tu_ydNG9IAg-OtJBc3w,42,0,0,0
W3o61WWDdvFXc0LURM1L7g,42,0,0,0
W3ysWL_V19TTmAvxMRKnxA,42,0.05252809,0.038553077,-0.013975013
W48aWI8oACKFjTt1hBZb8A,42,0,0,0
W4h7DuY4Y6Rahlx_253ggg,42,0,0,0
W5jd3rNCahJAZhJy6-PvKw,42,0,0,0
W6PNO7pSpMwl0V1bKWTg_w,42,0,0,0
W6_HAvErr18PWOyIUCDdSA,42,0,0,0
W6mjfWkADJER2jvNfbnQCw,42,0.16716045,0,-0.16716045
W769q2Z_YzE1ugI16H5Gnw,42,0,0,0
W7Kz2IfXL6aVsFXnFWSwrg,42,0.51422276,0.37278926,-0.1414335
W7ybV7GHkzUMXJxvUSqjOg,42,0,0,0
W8mlBTC5VPLD5sqW_36Heg,42,0,0,0
W8yJxnBg-KmQxiuuc5TwOw,42,0,0,0
WAU7iIVZ-H5u0IFl7SWCIw,42,0.61314719,0.38685281,-0.22629439
WAtUBiZsrlgPEhgC1_jH7Q,42,0,0,0
WBlAiBpB9kMG2YbO7ngYvg,42,0.10889376,0,-0.10889376
WCONLWz4OS0eG2K2TECDvA,42,0,0,0
WCiRV0zpH1PGDI8nfPIYWA,42,0,0,0
WCpwB_uJlljwDG3ubjkhhA,42,0.46927873,0.46927873,0
WD-fdj-uLSrEZwP_F2KzEw,42,0,0,0
WDH0zFOo4MhQ63Svc1gJhg,42,0,0,0
WDW7cqr-qhqARM_MDXCcGg,42,0,0,0
WDrVbBxsNZt-0ytEyUAaBg,42,0,0,0
WEXb26dYGZAPlh0540ruNw,42,0,0,0
WEZPHhsXnaxOdjng7mao5Q,42,0.081774718,0,-0.081774718
WEcDrK6Sf4WbktpEMGXZYw,42,0,0,0
WFAZQyWYj9bBxggA9l603Q,42,0.17723929,0.23719771,0.059958426
WFEaOGIAzkpPhjCVfM0FbQ,42,0,0,0
WFP-b1Aep71xjS3TiGEC2Q,42,0.59253457,0.46927873,-0.12325584
WGAnBmYoculahF8BbZ8v2A,42,0.098178968,0.075961619,-0.022217349
WGkGYrSrP0L38H52Y_rgqw,42,0,0,0
WHSPIgsr5R6xCafCHyKKlg,42,0,0,0
WHqJA3KlqPm-qVqCIP4_HA,42,0,0,0
WHu2JdtgC77zDBzJUV7yrA,42,0,0,0
WIDiCSoG68ScNeLLhORN6A,42,0.40732682,0.25574954,-0.15157728
WIdUAxJqXKp2imC_BfcxMg,42,0.13743817,0.17342766,0.035989491
WJVedIAJN0FRxDn6M1tLkA,42,0.23430673,0.081886688,-0.15242004
WJbcmqbzNh3UmIbzmi3cFg,42,0.050259389,0.050259389,0
WJu9RMMwJXlnckCxmVim6w,42,0.066302462,0.069221259,0.0029187966
WKM6RSy7wzRoFX8osMHx8Q,42,0,0,0
WKcP6_H_490qqUKb81TdpA,42,0.43067656,0.22767025,-0.20300631
WKlNDaZmb9SVCgtazxm_7g,42,0,0,0
WMK-2Su_q2GoxhchmotOsw,42,0.1695801,0.13120508,-0.038375025
WMkfatZgnJQvRTwKFuzt1Q,42,0,0,0
WMnqNdty00qsXIB6mCQmfw,42,0,0,0
WO6L5yMX5LEeJuMNMjerRQ,42,0.56815185,0.572874,0.0047221565
WOnrTnfIvyqM4fHrUSoyKg,42,0.61314719,0.61314719,0
WOyX1oiMVAc-MQ4Z-6MGXw,42,0,0,0
WP79j6RwcAybe1q2Dnbprg,42,0,0,0
WPUbM4wD6WbcFo4PHNLQjw,42,0.23137821,0,-0.23137821
WPpDKTDoPmmBBQP_O0DAog,42,0,0,0
WQS9QcrCc74LM_XKiXHAoA,42,0,0,0
WR6fL_DyhlBvOZSE4VCnAA,42,0,0.10253314,0.10253314
WRiISaV3b5e_AXmsIkfeHA,42,0,0,0
WRkUybH2IXGDsBV1ikP-Tg,42,0.39038005,0.19519002,-0.19519002
WSTmVo-gHS_Iu78t_bZUKw,42,0,0,0
WSutZH3DF678KmAV2V3aug,42,0.30103,0.38685281,0.085822812
WTipt6SzbfxZSqpXNaXScQ,42,0,0,0
WU7oWEpvF4Lv58-tAMHCow,42,0,0,0
WUgxsRUFjATha8L4qWYDww,42,0.48522856,0.47036528,-0.014863272
WUhNrFIJDefgH5D58PNQGA,42,0.33333333,0.25595802,-0.077375309
WUzwj-60jO0vE9SDkEFztg,42,0,0,0
WVFOh-dbgV4HfVcrzikU0Q,42,0.15130121,0.10086747,-0.050433736
WVOBKV4rISRKavUpP1ff3Q,42,0,0,0
WVQ6hAz0FeCUY4Gvgmujxg,42,0.38685281,0,-0.38685281
WWoUn-pToYQFE1RpZU8LJw,42,0,0,0
WWqwM-ge3QZNrkHzZYgWiA,42,0,0,0
WXNi47QBnu0CkMBRsnKEqg,42,0,0,0
WXq-T0anQraysdsqhDpMbA,42,0,0,0
WYHIdfB8OI2e737tFYHZfw,42,0,0,0
WYSPCs01_qOhZQ5GjuWa9A,42,0.14704034,0.15000679,0.0029664524
WYakxy-1VlIFy99Nw8r-xg,42,0,0,0
WYzkUzve3km_iimyfw9wfQ,42,0,0,0
WZqPAfDW4OLL_luPInKIlg,42,0,0,0
W_NVP-2PW3d2kBdFpY7LCg,42,0,0,0
Wa2NsScza_oXyOC-h0toNg,42,0,0,0
WaH25kk8oiC94aaSU8YXfQ,42,0,0,0
WaX5rCOD6UFIPHALwugTHw,42,0,0.069944108,0.069944108
WaaY7q4O2EbKyX1DbzshkQ,42,0,0,0
WbBgU1pdguRZW46rFnhuDw,42,0,0,0
WbFt_MePdPAtRv7CxoryNQ,42,0,0,0
WbUPo7dCgVCxTpqOwfT2Kw,42,0,0,0
WeTPJIVlY6Nidsi-ddPdbg,42,0,0,0
Wei_XGP0f-zv8Q6v1W1oTg,42,0,0,0
Weneo2nyrgw7kjXfbfh18A,42,0,0,0
WfBe3uL225QWCqzLzc-Jxg,42,0,0,0
WfmL5RA3N6A6DvwMhzhgeg,42,0,0,0
WgB7wefzCwbLsi6Q84xFoQ,42,0.2529427,0.2529427,0
WgIyexEZKh8-qkqRPCF9Mg,42,0,0,0
WgSYAN4h4zURvbo7DuOXSg,42,0,0,0
WgiUHca4MNLC1_TCfB6fVw,42,1,1,0
Wgu91gFc3K6mzAFm3glEIA,42,0,0,0
Wh2sG-n65m4u1zZ7whPG5w,42,0.18154179,0.15642624,-0.025115551
WhPENQwvwEtKmPHGkhD-7Q,42,0,0,0
WiTmfps0NhG_K_3QmQHFCg,42,0,0,0
WiWVUgQWW4j_x2z5bUopZw,42,0,0,0
WikE3QVN3x5wpsagFvG06A,42,0.086713828,0.10633668,0.019622853
Wjjfsieg05NXJz3uioWg3A,42,0,0,0
WkKVjnkD1mIPr6da2IYwtA,42,0,0,0
Wk_xohYcysEWnkhOp3sBSA,42,0,0,0
WmvyZ4nBx2K5XuFCSgY5-A,42,0,0,0
WnQWPIEGmzdSeeJS57Wzcw,42,0,0,0
WnWIbVFWCoTX03rceuAuDQ,42,0,0,0
WoJoRt-Xcg-smZfqMtBHeQ,42,0,0,0
WocT_hSzVTW1CEFYONRjSQ,42,0,0,0
WqeE5e5ROfaVEgkb9dAkiQ,42,0.22009177,0.050108347,-0.16998342
Wqs8A4GTN_5s6xC_EroZWg,42,0,0,0
Wr05k7PYVpxjf6d0RmXAsA,42,0,0,0
Wr9gMDnwfDumFye-DbclKA,42,0,0,0
WrAlxbeMxLoVNqDfLYJJfw,42,0,0.065918771,0.065918771
WrLe80KxpEoV9aiZMR5fvA,42,0,0,0
WrmUzCpfiwU7_kW5MEDqyA,42,0,0,0
Wt16yqsJAy2XYQyJ6mhsJw,42,0,0,0
WtEiu-f6oN36pfClndou9Q,42,0,0,0
WtY_qt7wa7OsBwYLyywJbQ,42,0,0,0
WtnerGVQjEgJHNM2rnJDEg,42,0.18714192,0.25268113,0.065539203
WuGmedUnECjKFAhi49SEHQ,42,0,0,0
WuiEYopWZOWOuWQD87fVSw,42,0.073477391,0.17060922,0.097131827
WuxGYrNy3eKo0zo_mtn-4Q,42,0,0,0
WvsnN6KamVC7SCGf9KkNoQ,42,0,0,0
Ww93-NvLc-48C0VotXfW3w,42,0.38685281,0.35620719,-0.03064562
WwQS-BdfGxOFR2iQGjGI9Q,42,0,0,0
WwV7gH_tm_p2AC22a4mcrw,42,0,0,0
WwXBUUjLhOzrresGF6Kf_Q,42,0,0,0
WwXcQxvbCXQ1FyVTLvua5A,42,0.33333333,0,-0.33333333
Wwili01Lgz-zXLvZTe63kg,42,0,0,0
WwtemXxK2bOKSLrfT5II2w,42,0,0,0
WxEjSjQ30XWpgSiymEG3bQ,42,0,0,0
WyDoIlJXTrrE7x290PDOdw,42,0,0.11480929,0.11480929
WyK9pPXLpkBjNYIQAivMaw,42,0,0,0
WzhoLpHMXI59ETuQ2sRVeQ,42,0,0,0
X-amyxsPEkrxDcWpLD065A,42,0,0,0
X-vcl3qEX-2TyXeQIVCGaA,42,0,0,0
X0ThBT2nXkeEFzd7RSuy6Q,42,0.2277217,0.21511112,-0.012610579
X2-CRkBDuTpDVvsjQNau3g,42,0,0,0
X25_R-Eq6krGixe8aKa0IQ,42,0,0,0
X2Mrrrf-0vXO0eRweYtdsg,42,0,0,0
X2RXhwiOcMs80Oqu4PDwTQ,42,0,0,0
X31wY-lmKTHlZSnTTIliug,42,0.11047239,0,-0.11047239
X3ZiMVOZHWFADCnK-a7kpA,42,0,0,0
X5942llNd4x3MUIVMRbHAA,42,0,0,0
X5YvZXiyRnsisq2rOWcnCg,42,0,0,0
X5eJHB_FPiDTmqtoP6z7WA,42,0,0,0
X7SLxcgTztX5pxtveuRxyA,42,0,0,0
X7cXuXASGDPhFyPhQtn7og,42,0.23540891,0.28906483,0.053655913
X7jauXYv9ypW5yenyvxtjA,42,0,0,0
X7zm8FuL1iDfIbfFK9WFBg,42,0,0,0
X8i-TAgTLjXL64knoBRr8A,42,0,0,0
X9r1TeJZ14dtQU71yOGJiA,42,0.33916021,0.13120508,-0.20795513
X9uzuyZ09EJEXD54d6Rxag,42,0,0,0
X9w-L5IKSyF0u3n7rv1mfw,42,0,0,0
XAbSqdzmYLwg0Cb3TAXMMw,42,0,0,0
XBMj4kvQJ8Q6DlCsV3AFvA,42,0,0,0
XCuw3_AOU8UNvvgoXS-H2A,42,0,0,0
XDD5XqPtWB1jdsfPAZnoJw,42,0,0,0
XD_SGGnLRR-NmdI_jjobZg,42,0.17490501,0.089617287,-0.085287723
XDr8lhIRiwIKNSe8AssCBg,42,0,0,0
XEwEdPIjryudxfU098wapg,42,0,0,0
XFHhiKVclPnQ7wGK_iCLzQ,42,0,0,0
XFj5kPAKh4yXzoPYo5Auig,42,0,0,0
XFjZZ-8embQUlQ77a3hX0A,42,0,0,0
XFlYbb_mCmDEtvbqEG9oog,42,0,0,0
XH6Y_I9lWkbGHuHhNuG15w,42,0,0,0
XHNdl0kaMo20Y5dDY1Rvxw,42,0,0,0
XHpl1JrAMvkXxNLRblmsCg,42,0.2529427,0.2529427,0
XIBnJEuWOsyUQD9wc5U_wg,42,0,0,0
XKKaSI1pAGiZ6TcnokfjBA,42,0,0,0
XKNZnfHJ6EfkQp8AgOcOJQ,42,0,0,0
XL0_FA6B9CceFH0jXhM3KA,42,0,0,0
XL5ZzHfa881s1IhJ3-o1BA,42,0,0,0
XLiKD8qS8VodTy2QD8RNpg,42,0,0,0
XMKNNh_DTQ12U8u9R70deQ,42,0.25,0,-0.25
XN1N7gL7c9WpXQ0Ks9r_3A,42,0,0,0
XP5hqB6A9rvXlH_LHtzUgA,42,0.52039789,0.5147009,-0.0056969964
XQIah0kkExdDVFSRGRfR6Q,42,1,1,0
XQk1uBZuavl2INvbrflpYw,42,0,0,0
XRvmpSKAM5St2pkweG2GYQ,42,0,0,0
XSEbLukGIr45dU__Lnn3Yw,42,0,0,0
XT-P6LKB96Zmj_M-q3bqXw,42,0,0,0
XT8U_rCZ4c15BoFkDjkOIA,42,0,0,0
XUijXbIyQNrGFNicQAcShA,42,0.43067656,0.5,0.069323442
XUyDnaKfA7xRfZzaZ03L4w,42,0,0,0
XW6i1_9QekbOzEbdXt9L3w,42,0,0,0
XWpIvZaVQ4pmZnICEXouoQ,42,0,0,0
XXDSnBwj1h0Y_sUO3O26Og,42,0,0,0
XXPvWVBIU1LRIKp4wBMlbg,42,0,0,0
XXm_EbEdCT7SYYFS-8Oc-w,42,0,0,0
XZKpVvWDT0bSm4y4DzUoaA,42,0,0,0
XZhUoXvEgrhj3OdocKmVVw,42,0,0,0
XZk1SPhiCI6acusRLrJpjw,42,0,0,0
X_EP3kbaQpqTFtI10oAg5Q,42,0,0,0
X_HiGQolJnAaAAZcBkINug,42,0,0,0
X_LqMZtELMrT4l13Uwu58Q,42,0,0,0
X_RMhFoyV9e-EQSuqKs1yA,42,0,0,0
X__4-RqxoKvT6rGIFIa5Bw,42,0,0,0
Xa8kFFBBtn_UIINQ6-SumQ,42,0,0,0
XbZt0hG6xP8JX-k1FGgIDQ,42,0,0,0
XbwMo8eTjoieTPKWBC3PFQ,42,0,0,0
Xc1PYgr9oyCG1aKy1r3q2g,42,0,0,0
Xca3XaX66luta0w6XLqbxg,42,0,0,0
Xcu4DqYBy83f4xS-FSZnxw,42,0,0.22767025,0.22767025
XdyC7x3VCOscloPNdp8biw,42,0.075650603,0.070015606,-0.0056349976
XetBcu9wS-py5BXtJtTc6w,42,0.16377338,0.037286325,-0.12648705
XfA2JoFqbLFcRrKi3Fp1-Q,42,0,0,0
XfL5-Ygey6pszU7sgXlXQw,42,1,1,0
Xgp8shQ9oseGhvvDchVLwA,42,0,0,0
Xh9oUo-dRfeKITOZlqAJeg,42,0.19739453,0.2230721,0.025677573
Xio37ARSzibBRNu70SYrXQ,42,0,0,0
XjLvFaNKzzprEDRR-3kxsQ,42,0,0,0
XjuGctJx7VwRXSx-Km0B3A,42,0.20980215,0.19092087,-0.018881283
Xk0US9OZz-YgodHoorfCww,42,0,0,0
Xk6ZzhcWxX75itP-4Am3Zg,42,0,0,0
XkLr9hQUN6OSeILrOEOIOg,42,0,0,0
XkOa5apLdxsEISN9qseteg,42,0.1068408,0,-0.1068408
Xl4GuxeCK5t_x91Dla4tsw,42,0,0,0
Xl7AcPmjg13omTqjBiQGSw,42,0,0,0
XlV26dOxOCYir2VEpjjgiQ,42,0,0,0
XmyRqZqwlBvrq_-9jOIcPA,42,0,0,0
XoBB5cDwgP69TVTo9AZDuw,42,0,0,0
Xoe6bjc9Qamd-wX6XDl9FA,42,0,0,0
Xof225KneC9JrUbn5Zjv7A,42,0,0,0
XogL8eho2k3RPwi9SCAjuQ,42,0.24592503,0.23665085,-0.0092741836
XqUJbuo_ZIa1uMESArG0jQ,42,0.25,0.25595802,0.0059580248
Xq_IhjXqj5L9lxLlz70WXQ,42,0,0,0
Xqr9B0KrJPYn0ln9it-baA,42,0,0,0
Xr64BDXkLCWZrslccQBN-g,42,0,0,0
XrWAdRK4CUUK85Ak3x-HDw,42,0,0,0
XriEhnKC0Sa0s2yEVIjwvQ,42,0,0,0
XrjhjaU3fo6Q7bmiEvE2uA,42,0,0,0
Xs72dEsypfmB6jK8XUxIUQ,42,0,0,0
XsDVYWnBhOgNGJOsak8NDg,42,0,0,0
Xstf9n7v8rSOryJAuY2S7Q,42,0,0,0
Xu7itIAz90gMsN33mzbO9A,42,0.25617368,0.26014149,0.0039678072
XuaqlmZdRldcw97I_TtX9w,42,0,0,0
XuhpPK0bZgVenkGBh7KA6w,42,0,0,0
Xur1PwRYVP_XBpZMcQQQgQ,42,1,0.30103,-0.69897
Xv3ckcl1D7bcsWJc3ZHdQQ,42,0,0,0
Xv5xbm0IVJ29zzDZJQHQIg,42,0,0,0
Xwn46TsxnY48gZI3_ELKoQ,42,0,0,0
XwnKXff-UPOx2Hx_fyS0dg,42,0,0,0
Xx9jjBtv9DS9jSMEKtwBRA,42,0,0,0
XxG5SZOPkihWeJe3r9XL8Q,42,0,0,0
XyMb5PfeqIj-WCErtMUF1Q,42,0,0,0
XzatI3VtSOCyq9FwPHB09Q,42,0,0,0
XzkAuSae-i9_6Mxe02O41g,42,0.062581163,0.064708339,0.0021271758
XzpJ4uHkxARCFQiZ9bffyg,42,0,0.10395392,0.10395392
Y-4RCXXrQ8hS5bR5uTp48Q,42,0,0,0
Y-P0-dfy2ne_VCHyIkMyTA,42,0,0,0
Y-RgbJng4SjUkL3eD76pjg,42,0,0,0
Y0SsDKgvyyJiA1bUJUnQ9Q,42,0,0,0
Y0bU1sUobTqRTUA15nyJbQ,42,0,0,0
Y0ymek23PIy8SavJQOLYDQ,42,0.15642624,0.16716045,0.010734213
Y1ZlH1POk3OCT8xGM7Exnw,42,0,0,0
Y2CR8JRZVR5Qql0wmnYkVg,42,0,0,0
Y2GgRKzWgNma88jIZ6fI-g,42,0,0,0
Y2dhNLLyzeHTJ4zet86rRA,42,0.26264954,0.38685281,0.12420327
Y2znUUlJVlBXxlMZ4I24zA,42,0,0,0
Y3SuYW73lQjqDhgi3tg3Fw,42,0,0,0
Y5Cm1W5xIavEjFF5cEqJlQ,42,0,0,0
Y6EwtRSR8X_ODTLtlPtMWw,42,0,0,0
Y6M6P80TVtOls_WRFN_Svg,42,0,0,0
Y6gA9-BmO0DT_4KL0XZtQA,42,0,0,0
Y7gSnyxb74YNfdAuvByFPg,42,0,0,0
Y8K7xihLy-mlO1XZeUkEPg,42,0,0,0
Y8L1xsq3MjtO3K94iQ26dg,42,0,0,0
Y8feumhKHDt8f7O1Zlsurw,42,0.16716045,0,-0.16716045
Y8uEQnccKOpgdYOE3ls1ug,42,0,0,0
Y91WAsGW4gCx0pwKhGLyrQ,42,0,0,0
Y98OvuKyneVdT-ou45x30A,42,0,0,0
Y9oJKRhdO_Poa4awK6XyEQ,42,0,0,0
YA4vx_4sLDYM2qmLOkMXgw,42,0,0,0
YD4H2Q9PblePv7r_uQjV5Q,42,0,0,0
YDHiKc9bdJQDEfl17L_wPA,42,0,0,0
YDNpK_Mic1T87ydaISva_Q,42,0,0,0
YDss19FKlGBB1cB-9u4IcA,42,0,0,0
YFHWA1cTiCW5F6pSnvPRow,42,0,0,0
YFVnvzo8c4Q_Yu6kMgPJBw,42,0,0,0
YFjhpiXIC6r4lQNQHXq2aA,42,0,0,0
YGBhHN84Mo7cHWjqZx7ipg,42,0,0.22454263,0.22454263
YGJGIFYlCNB76Ltd88PQIQ,42,0,0,0
YGc7p_3i4esYBVUOSED8XA,42,0,0,0
YGi5jGcm0CaVyuou8fhdiQ,42,0.20469393,0.2404623,0.035768372
YI0M1tTcrBBkGTQip4M3sg,42,0.39038005,0.10549558,-0.28488447
YIAsRzpLeUw1TGpS6tXZGw,42,0,0,0
YIHUC2UIztKeQlsf2DIXug,42,0,0,0
YITkUpFtZLlISKCQT4q-Eg,42,0.12325584,0,-0.12325584
YIlGbZJKTllSiSeHhlUDMg,42,0,0,0
YIxKH-Nb48riSiYeEoeEiA,42,0,0,0
YJ4PpnlQvY6SkD2704xobQ,42,0,0,0
YJCCpBdK_YrmFOWg-hedxQ,42,0.6105457,0.46927873,-0.14126697
YJE5eD_PmNmA1tvz4HqRxg,42,0,0,0
YJO-VbFhtIq1ipnjbK3crg,42,0.1845757,0,-0.1845757
YKGKifvl3BrL5d8o4_7MNg,42,0,0,0
YKXSmvWn95LfXn3FOPo_hA,42,0,0,0
YKrMaknUqQWdWRPF7gTy9A,42,0,0,0
YKubepkxyPpL6pkz5FO8Fw,42,0,0,0
YL0jWZP_P9tXyrHxRn5EOA,42,0,0,0
YLInM21z5dI7wJmDLvGyOw,42,0,0,0
YLc7Djf3GsC8IT84YkZMzw,42,0,0,0
YLrXKz9XL_EDzVK3yIIerQ,42,0,0,0
YMkdlZLq9mJU1OpYhVPj2w,42,0.1782103,0.1782103,0
YMpVSfZ56CB9egxykFunjQ,42,0,0,0
YNGmEYqmNja-Rj03239K4A,42,0.46927873,0.46927873,0
YNO7wE1BWz4WhMOs2ejPSg,42,0,0,0
YO5K8LK8lMcaGdD4hShkXg,42,0,0,0
YOIorhfo8hHhilRyam2c4w,42,0,0,0
YQDSPTtB3oDaU3rHpxFUxw,42,0,0,0
YQfqyaEXmf_ZGjKMCWH4QA,42,0,0,0
YRrg-rXMFK6iY_xetu8Znw,42,0,0,0
YV6uaSzANkraOQQzN0alWg,42,0,0,0
YVWTqpJGwh4Jc515jCFlHg,42,0,0,0
YVhPnISPfEvHJyti7vSlfQ,42,0,0,0
YVubQ2A2EDTxbxcF6lkMcg,42,0,0.27023815,0.27023815
YW-3YXtHEg49e1A_VlGbfA,42,0,0,0
YWJFfBTUdgAH-AXW9JnYxg,42,0,0,0
YX2qyh485h2oqVhyFFMWlg,42,0,0,0
YYAEwDqJuSH-aD_T50wOvQ,42,0,0,0
YZI55_8xRngkvJs-vcMH0g,42,0,0,0
YZJxCGJYGYR-IbazxS3Exw,42,0.16812754,0.16812754,0
YZUV5q2kPZWIBkCJjpQXuQ,42,0,0,0
Y_2jMUKz6pvJ0JSWG3u10A,42,0.084790051,0.081334845,-0.0034552059
Y_PEkVJ4Rutlzr9-tBXqzQ,42,0,0,0
Y_WwBUUNGCycxqbwUJgp8A,42,0,0,0
Y_gj5S1GVOFQJzk8wCriGQ,42,0,0,0
Y_kH6P402Ekxt05Yg5M2mw,42,0,0,0
Y_oNFOjxXv-1IWI_qEW1OA,42,0,0,0
Ya35yDaVXR0PlL4s64hTzQ,42,0.22767025,0.27023815,0.042567906
Ya56iEbphaAEtD_LpmiXvQ,42,0,0,0
Yad7w-eg2rUxoaEcHVbrLg,42,0,0,0
Yb49HvFA5IpponePEptBsA,42,0,0,0
YbUubACDewutJvBkMySh-Q,42,0,0,0
Ybgx8qP4fFJ_duO-5LQimw,42,0,0,0
YblYp9PAsDj5eLvr5CqYAg,42,0,0,0
Ycb2MvdSCdRV_p8F7YGHEQ,42,1,1,0
Yd1Km882eEAhOUoDEnqbqQ,42,0,0,0
Yft76ogF5YzCQ4mn6vSQ6Q,42,0.17103308,0,-0.17103308
YgD_Y0DWVIESue1Dk307tg,42,0,0,0
YgF4zJnHiG9vXnGQi4JxFQ,42,0,0,0
YgMjWahfUzJgg5aehgUdqg,42,0,0,0
Ygi1otJvXe_RLyIAVulsEQ,42,0,0,0
YhHZZgKbgvnvqO_N5AeVVw,42,0.19092087,0.19092087,0
YhSehDEgJVSpBRbGM9ipag,42,0,0,0
YhdXYhX2VC4SgixBH3ernQ,42,0.87721532,0.81752959,-0.059685725
Yhqwmu2kdZk7emS5YShyQA,42,0,0,0
YhwK5asefiAVyV-GoR5F8A,42,0,0,0
Yi85sEOGS5D3vniLTip77Q,42,0,0,0
Yi9SBOp4R9EMY2QLQ_Obwg,42,0,0,0
YiqffynITkvL8jWIHWqABw,42,0,0,0
YitGmVjTec53-Z2Ox9E8Pg,42,0.27894295,0,-0.27894295
Yjer78RnYr7OCzirgdcOaw,42,0,0,0
YkUAL7BSvjbOjrtCWZ0OOQ,42,0.11047239,0,-0.11047239
Ym1aoNq4sA4wYDYl4ts7oA,42,0,0,0
Ym524rEHZr-rkNrZSzZvqg,42,0,0,0
YnWZDVcBqaqo71nW52Enbg,42,0,0,0
YnlCpuaBa3qWBp4te8pGmA,42,0,0,0
Ynor9dGrFmKcLc01t42wvA,42,0,0,0
YoGgAVtAnWq8Z9OXdj7pyQ,42,0,0,0
Yp--CXG6q290qjC2XBnL0g,42,0,0,0
Yp6dwRBbmAaskb3sIppM4g,42,0,0,0
YpZByJIgbMsTvPdOjURFsg,42,0,0,0
Ypry7Bl5BF_ybgBCA-r8CQ,42,0,0,0
YqZRbZwn3YNRIFY19234zg,42,0,0,0
YqevbK00R25jhQJINrr1ug,42,0,0,0
YqjW3aqnM2fUyyDHYnuiiQ,42,0,0,0
YrQJgQolEDP2qMn8TClN5w,42,0,0,0
YsXgjHv1TMhvmx1X3u65Qg,42,0,0,0
Ytvz_TTtY7R_y6H2Htb9GQ,42,0,0,0
Ytz8t9J06DB8wMez8lz9Hg,42,0,0,0
YuLnSePP9bElDBg0Fyslvg,42,0,0,0
YuX70bdZdGXUdyU1mKaP4g,42,0,0,0
YvZG-SGe5Y73xD5FVEVoCg,42,0.065564298,0.053512879,-0.012051419
YvZPiIqWUFg9NhIf3rOzTw,42,0,0,0
YwYNhoqFLOjixj89wctf2Q,42,0,0,0
Ywm3BEgjWz8dY7lIIlk5AA,42,0.13905618,0.39038005,0.25132387
Yx7Qa2LGjU_TB_lxCXAw1A,42,0,0,0
YyH-ytiAKjls_6QqKge60w,42,0,0,0
Z-yGoo0AZOjhWGaTW1MzZg,42,0.14704034,0,-0.14704034
Z1OPkLv4gPt3NnxcZOfWrg,42,0,0,0
Z1psaE6HGp4_h_UJo3eKJA,42,0,0,0
Z2cLxtoRfTyk0dTID2Uarg,42,0,0,0
Z2joEy2jPFzKjw0tBfNlLw,42,0,0.10778915,0.10778915
Z3jnxma03DmhlvZOKpNFcQ,42,0,0.23137821,0.23137821
Z457ffarXrn1EDlU-EGgxg,42,0,0,0
Z54pcWCRzLrSA8DwQPOc2Q,42,0.39038005,0.24630239,-0.14407766
Z6HWbWxdioqygy_X1-7QwQ,42,0,0,0
Z6MroMIk7lGINtLXcky_5w,42,0.060161795,0,-0.060161795
Z6l4EBQohw_4TwJHkv3UfA,42,0,0,0
Z70vC11ff6oOBunv4WF1Gg,42,0.20210735,0.34944866,0.14734131
Z7rVo0GOLa8cPAe3PciZmg,42,0,0,0
Z91pqh8onhb1-aKXGkyZxQ,42,0,0,0
Z9C0t6IlQEZ6q7khH7bv6w,42,0,0,0
Z9uDg72GXfdY0eXBhBg4aA,42,0,0,0
ZAML372eRdIFS_XzwH40oQ,42,0.050108347,0,-0.050108347
ZBUSFEyaulM6OXB4ra2E6A,42,0,0,0
ZBoQOK5J-CzSdbrwtzzSUQ,42,0.63092975,1,0.36907025
ZCC3YD65JnjjMv4c3YyzEA,42,0,0,0
ZCCXm67HaqnBjginWABkAA,42,0,0,0
ZCJ3Hk1tGRUrf4Z1fo9cFg,42,0,0,0
ZCVEZmTB_StK-UXA3WPVlQ,42,0,0,0
ZCwUAE5rkvJ6SKpuSX450w,42,0,0,0
ZDVGfg2e4LPtK3dbs0fhLQ,42,0.13012668,0.15101962,0.020892935
ZDgLHZYnPGcxrFJuzlJTZQ,42,0.5,1,0.5
ZDrT0uD421_LT2eFDig5Sw,42,0,0,0
ZERNMW8xIk7Iz2mQqJHBqw,42,0,0,0
ZFNWRNkinRkUxp5eCasgyA,42,0,0,0
ZFQDjaCPY6CxF03Z4jtxSA,42,0.11480929,0,-0.11480929
ZFiCP2iBozULUUaW2Fg9Ng,42,0,0,0
ZFzYjfDFsRkMvzYAjT8HZA,42,0,0,0
ZGPiwpURy3oseaouPJWT5Q,42,0,0,0
ZJPeKDSlpOA74aOhxGcGMw,42,0,0,0
ZJVBWQ0PwJWFEQKvghqxWA,42,0,0,0
ZJb03Sn_AoXc-G8P1ePpmA,42,0.23719771,0.26406812,0.02687041
ZKb2n4H9kOpiRptLU3wYlw,42,1,1,0
ZL21m3-qBm7WP-aEtTBvXw,42,0,0,0
ZLK74cYiw1rolqzxn_zE1w,42,0,0,0
ZM4c-B6PvJMHrqX7yz97Ig,42,0.5,0.38685281,-0.11314719
ZMAHe2llnHN3rzom5GSoAQ,42,0,0,0
ZMF3sfO9su-GUxGfaEOu_w,42,0,0,0
ZMl12B8M1BGhoKI886VJ5A,42,0,0,0
ZMzaOGUlCXY6kWXEnHZbvQ,42,0.075650603,0,-0.075650603
ZNbF8pW5CfbEhNfgs2nsUA,42,0,0,0
ZORKRArPzQDKrBVolmJ54w,42,0,0,0
ZOTO_NYeLXgkzAlI4UaTGA,42,0.066513772,0,-0.066513772
ZOg7-YPt3fRJRQsCRilTmg,42,0,0,0
ZOqhpXPwPPvP5nlW7W_EAw,42,0,0,0
ZPRt0huWpZyqMw1WMlhQwQ,42,0.27763285,0.41089121,0.13325836
ZQP3sQWomg1duVicGjCXgw,42,0,0,0
ZQglJsk6SvEGF06Jq62YIA,42,0.21264254,0.068719083,-0.14392346
ZS1QA9CV1AjkSzGS6snFBA,42,0,0,0
ZS85bkvRejJaPKMhxfx1GQ,42,0,0,0
ZSLIMcGIMAB-yU9sbQ5C0g,42,0,0,0
ZSs1RT6qN2lzPwkXmBGxCg,42,0,0,0
ZTP790lFzO-yZa5J77QUMA,42,0,0,0
ZTvil7E2JbtORKm0bu6MKQ,42,0,0,0
ZTxJh-CC9kZDDIWqzacG7w,42,0,0,0
ZUoEqKfsd8E5bgebqU5ISg,42,0,0,0
ZVJvlDWkmxtIsxISJgNuvQ,42,0.090928031,0,-0.090928031
ZWAP8xQdSZ-lHVTtlee6dw,42,0.46927873,0.46927873,0
ZZxGyDytDMmI1_cFUdjRLA,42,0,0,0
Z_ry6Gl3Xm5Olgo04suf_Q,42,0.25,0,-0.25
Z_wbKUG2GCn2C4iDYyP_RA,42,1,0.63092975,-0.36907025
Z_zws-kYr4gQckOI7NFykw,42,0,0.23981247,0.23981247
Za4YW3c6I-x40I1ffjsh1Q,42,0,0,0
Za55xG7jr28NLa4r5hce8g,42,0,0,0
ZaDO7VuGWhNFd52aWmZovQ,42,0,0,0
ZaHrVKYhf0OKUYRKx3UFLw,42,0,0,0
ZaJ6zPDAc7YaDTE2QEBGPA,42,0.19519002,0.15101962,-0.044170407
ZbZj6V1fpaGplK_oLrGZLQ,42,0,0,0
Zc4yxA5ljT2ZpS68apHlWA,42,0,0,0
Zct7UuMCzK96tr4y-GspwQ,42,0,0,0
Zd2MiIfCHT52WXoUKtYONg,42,0,0,0
ZefLyxAXx3SuecQpQyTuwg,42,0,0,0
Zf2IXMpMLfz77u4qiMCHYg,42,0,0,0
Zgd8BPMuBb8310UwyybmBw,42,0,0,0
ZhsdbCuMVCRkzYg2arwoZw,42,0,0,0
ZhuI2EeoFHt8TJ4Mj-hWcw,42,0.38685281,0.61314719,0.22629439
ZiI3SU6eOzce1-8o2Ojk7w,42,0,0,0
ZiTFDy25g-g8Vr07uZwYLw,42,0,0,0
ZiZPe9r6MzsY4x0hJO5iMQ,42,0,0,0
ZigqA1_qM5nSxv14431Nhw,42,0.25,0,-0.25
ZjjZBB8_lhCnEzUz3Sj8zA,42,0,0,0
Zk1KO-G4IggPoibinZ52tw,42,0,0,0
ZkJdOOQtyhrwOH9MfgPQrw,42,0,0,0
ZkiFNYl11aVg3SsonmJjTQ,42,0,0,0
ZkmIJ--oo1NGatq7XbvjuA,42,0,0,0
Zl1fJNTzNULZiqBRShxUYA,42,0.5,0.63092975,0.13092975
ZleHCVNN22e7osm4IbGqnQ,42,0,0,0
Zo3K-CTwE1rUhtVXwEIrnw,42,0.10253314,0.099920907,-0.0026122321
ZoPHrcZY1csJbAY4ZcZpXQ,42,0,0,0
ZoeEv5jvJiVCUWFlGwyjgQ,42,0,0,0
Zpb3qkFUeQOY5e8ZrNeGaQ,42,0,0,0
Zq31drx-JM2R1MKQg8uJQw,42,0.21398626,0.21398626,0
Zr_ivvV8F2tBUH0bMqWibw,42,0,0,0
Zrwx0ibeHt8tbjV1mTQmQA,42,0,0,0
ZsPNMo7orTXfWcW5S47pyA,42,0.45658039,0.62405052,0.16747013
ZstTo1OpzggAGJn5K07TBg,42,0,0,0
ZtQr5DOhdD0yCJxal6oqlQ,42,0.15101962,0.095506691,-0.055512927
ZuR-G07B_86tzp7ffvHc1w,42,0,0,0
Zw845wvdPNLz_L597rYavw,42,0,0,0
ZwV9OMvh2j8-yrpZpA9yog,42,0,0,0
Zwfc-SpPXhXmhFWq_DhQFA,42,0,0,0
Zx9QQe2Fgw_2kbL7qBV7tQ,42,0,0.15512899,0.15512899
ZxZXpfjv7QijHLfJ3C7o9g,42,0,0,0
Zxw5DLH8KNHyY5SnxqPABw,42,0,0,0
Zy_WV3MwEIBjNHjw3oCe9w,42,0,0,0
Zywg_JbfMjlGI0tWVhqNKw,42,0,0,0
ZyzclV3jUW_Cc7tCs8WVDQ,42,0,0,0
Zz4KTqQdjY1YdsH6K5tzGA,42,0.48399805,0.49291319,0.0089151359
_-tb2KM68CnGQ4MtIGpQSg,42,0,0,0
_01JsTD9N7syNMThio-nCw,42,0,0.070356803,0.070356803
_0F-8gf7qYLkjHTPsM_3dg,42,1,1,0
_0z239KlbOThV5HlcVkwvg,42,0,0,0
_1TIXBB4VuHqaHZBRtvRQw,42,0,0,0
_1acEeF29hjHbAx8jZieNQ,42,0,0,0
_1j3uJrBFrfOsp-34rv2hw,42,0,0,0
_1u8zd51m6AIK21w8hjcAg,42,0,0,0
_2v_tfLXiIkFM1fmvnZ0Zg,42,0,0,0
_4Wn2zRkrmDfowBrNcji0Q,42,0,0,0
_4n7plsDsywEij4B0U0hnw,42,0,0.28906483,0.28906483
_4p7zRkT_F9tjjk_8cFtsA,42,0,0,0
_6PX7sVmxK63tzL49jdxQw,42,0,0,0
_6R8FO9krIOBHKDjnQt2rw,42,0,0,0
_6uFgGQdEuAPqhzz55rZTw,42,0,0,0
_70v4nkJu3hbw3Yfpvc4vQ,42,0,0,0
_8QKc8zMtDofWXmHSh1NPQ,42,0,0,0
_96OwXF-2Wc1tn05zgji0A,42,0.047341123,0.047341123,0
_9NIhIgbq9RFDvq1j0rp1g,42,0,0,0
_AHPkpG45ccz8Vo6EzG7Ng,42,0,0,0
_AIlDxZmjofML9-LZdcDJQ,42,0,0,0
_AKKnLVR45aUGKPgZzEqtg,42,0,0,0
_AZmORhB2n_R83r69caP2w,42,0,0,0
_AapL2o8ueQcXVHewnS0Vw,42,0,0,0
_BSD3T4KxmxIUnMTHEVj-g,42,0,0,0
_BY1Hep2S73e5jpvVRY5eQ,42,0,0,0
_BcWyKQL16ndpBdggh2kNA,42,0.52672891,0.38667355,-0.14005536
_DCsVuJNAMVHNJyZIkz8OQ,42,0,0,0
_DM3KG4xQVnLo1t70TeJPA,42,0,0,0
_DTH_j6k6iv1QM5H1Cv7Ew,42,0,0,0
_DyGIB-XpLHHIK9s9VlVsw,42,0,0,0
_DyQFk4IYIX32IKybZwyLQ,42,0.25411884,0.23165733,-0.022461512
_ECmKH09eo-wWJDJilFIgw,42,0,0,0
_EXT8rzsCfxAxSAmAQFe0g,42,0,0,0
_FFwWvMzCJVmRHXvkBmQ7w,42,0,0,0
_FHLJJ7QRV0M9ebveb-5_Q,42,0,0,0
_F_Y8Zy13ZpQGVrsLFKDqw,42,0,0,0
_GGiUDIIT8Odq7OeNQFp8Q,42,0,0,0
_Gue2c1IoumoXoWyQt-s6Q,42,0,0,0
_HWO-L9Nx4pbNPMMyieshg,42,1,1,0
_I9p55KefLBPrRzaYtojHA,42,0,0,0
_IIEv9aKcSqImSADr76itw,42,0.19092087,0.19092087,0
_IJM86fhgqqePbX07TnjBw,42,0,0,0
_IvKYxvq4cYzsxj2cNFMpw,42,0.11731968,0,-0.11731968
_J48nMqhzVol4tPCYatTCA,42,0.26264954,0,-0.26264954
_JCaRjLKQrTy1wdkk6ROpw,42,0,0,0
_JH9y4lzXiz1AwfVRZsc_A,42,0,0,0
_JMr11FZy2h8SkthoBMSmA,42,0,0,0
_KBsHn-aONpQURLVbRlYGA,42,0,0,0
_KZNV5RNCJhAUcjFw3hQoQ,42,0,0,0
_KeAuX2sKECc9p-19uYB7A,42,0,0,0
_KtFW6XpKl3OiRUEd7Rmew,42,0,0,0
_L3N3ur_5OC8Zlrsuf7wtQ,42,1,1,0
_LDFxHmPPfegeJQHhw0hsA,42,0,0,0
_LNCGYNoGKxyVUag3EG0-g,42,0,0,0
_LuS-6m-h5WOAoIy4MG98g,42,0,0,0
_MBqCwJmgzknImniSdHy9g,42,0.1695801,0.1695801,0
_MZ52rjB5EvxiXj6knA0_w,42,0,0,0
_N12HNDI5zrNnpeUgvbUnQ,42,0,0,0
_N8kvjHWS60R6xjhs0em9A,42,0,0,0
_NpSl8OWMrQH45mfqia9zQ,42,0.23719771,0.2043824,-0.032815315
_O07bgm0k4AvHlqf9jDWYw,42,0,0,0
_O_bvXST4SLVxEX2pY039g,42,0,0,0
_O_c55meYW8kNUkXYMmZIA,42,0,0,0
_QceBp5iYQK7Q1T7ctT4Yw,42,0,0,0
_QvUf1oGvZpUz0zu0Cxp9A,42,0,0,0
_Qw9VdgM9oV1OHR4zUA-5w,42,0,0,0
_R-xEEF119h1faZ2xfSpjA,42,0,0,0
_RD91KuqIeEkUQkVNR_j0Q,42,0.27487633,0.39325913,0.11838279
_RamAYhTCx3icKGk32tgYQ,42,0,0.046681941,0.046681941
_RjEjv5czu7cfxOhrAnEOA,42,0,0,0
_Rue5m6AKJsCz2JSjAMT-g,42,0,0,0
_RzOVlLVGaVFWmMAkH6yTQ,42,0,0,0
_S9BoLmq-GjDQm4uv93OEw,42,0,0,0
_SgNu-6rP0XRdelq81oVEw,42,0.16812754,0.24630239,0.078174852
_SmaZMlCXF4spqjbfnnqbg,42,0,0,0
_SsfXv5sT76DIjmgbvDdBg,42,0,0,0
_Szo6i4oFRYXANpF3JvX5Q,42,0,0,0
_Tagma4xmXxpD7HjgekuJg,42,0,0,0
_TuMjMp-enfDkkhtdgd7lA,42,0,0,0
_Tua-z0N653wqvP-VFZhJA,42,0,0,0
_UELEuFfdxpGdj7Lg83utg,42,0,0,0
_V2BZA6ZKxSM6J9wTBszkw,42,0.080218274,0,-0.080218274
_V4g0SAkIcfC5vL-rrlx7g,42,0.23719771,0.26406812,0.02687041
_V6o3Z-zdfB27pJAk4sPFA,42,0,0,0
_WGMDzEUxrslcjmxJ299zA,42,0,0,0
_Wkeh_kgtuHWVlAL4zoHdw,42,0,0,0
_YdmOf9xwZbb8K04feHXlA,42,0,0,0
_ZlJA1oBI1JotQviBUBa8Q,42,0,0,0
__GHy1xxetn0SBqP4b_odA,42,0,0,0
__kU2-Wxq-b2HlWsyHnWXQ,42,0,0,0
_aNhS8P_ZKdhuekobjqsLA,42,0,0,0
_aR5B9L1uvvRG71GMJa76g,42,0.10086747,0.071235305,-0.029632166
_b6DPOY2z1jnDcLv4wv_zQ,42,0,0,0
_b7sWPWtHFHMrIaq_4PCHQ,42,0,0,0
_buMJCCAJN2sLKKtnC4H2w,42,0,0,0
_c4XsEQfqz3AybRDWa8hYg,42,0,0.10858087,0.10858087
_cBcXTHWR3V7d0ThAdrQRQ,42,0.43067656,0.27894295,-0.15173361
_cEuH9i5R7u1hbcgK253bQ,42,0.08930562,0.051840307,-0.037465313
_dmNxWOwzQiqsB47tT5l5Q,42,0,0,0
_f0NfALRDLw0noHK151LxA,42,0,0,0
_fF45EoxrYMSX3XQPN1esg,42,0,0,0
_gRY9p7P5v_QAWZo-qJg3g,42,0,0,0
_hPjqzQDiyw1-4U_IAETpg,42,0.071235305,0,-0.071235305
_hPlOmIDB_zpqmJ5QPMyJA,42,0,0,0
_hlhhNACb1VylCPDsWuVmg,42,0,0,0
_i3uTqtUfyVZDryKzUGGiw,42,0.2511306,0.12388806,-0.12724253
_i_1_VdQHtlTFqOTApF0yg,42,0,0,0
_jKKicORwRzO8k-Tl2qRIw,42,0,0,0
_jQ4QD84l_CUpsLD8L9LSg,42,0,0,0
_kb012xMj52yImWbv4rl9w,42,0,0,0
_khU0FCzQKjeQPzP7SLyMg,42,0,0,0
_lXS9wZ9yajEikWBptksSQ,42,0.15642624,0.14126697,-0.015159269
_nU3tfS0zOOzV0rRz8KL0w,42,0,0,0
_o6KSvXPLk7oFd6BaYoNyw,42,0,0,0
_oJxxnVyS4pEXAx4gK5U8w,42,0,0,0
_p9_GXbJNUJLkieaOFfhHg,42,0.24630239,0.25700546,0.010703071
_pF4l2bsxsS-NHDdYNgF-g,42,0,0,0
_pIgvX90vh7-yzWMfKeXUA,42,0,0,0
_paclj39JIG8yWCHxwf2ag,42,0,0,0
_pigynCPR9FRa6zA5gyU3w,42,0,0,0
_pok0EzLh5_WXVJR9UEMPA,42,0,0,0
_qZAiLYf2GE7KjBb9YhBfw,42,0.61314719,0.61314719,0
_qpzBLTiSjWCi3N9xq-VCA,42,0,0,0
_rVlbC15nRQPSq-o3hMzdQ,42,0,0,0
_rkBxV-UTX_LW3JmnNneoQ,42,0,0,0
_sWha3z3xUK_BXqjl9DPaA,42,0.41900154,0.1130534,-0.30594814
_sZ6KsJyDRvaTBRZY9Welg,42,0,0,0
_s_Q9pkdq0q8bcySQcRoRQ,42,0,0,0
_t5X_TW_CikdZw8Gq20xPw,42,0,0,0
_uBAYgyauBpFy4wdxygsEA,42,0,0,0
_uXsvqMJYALJLaP0DaCWsw,42,0,0,0
_udKyAh3AZr3pNONobWoyg,42,0,0,0
_ueHePP73ubrkrTzqt31Rw,42,0,0,0
_ujLUn7K0I2NjxRNoagnQg,42,0,0,0
_vgG4XF8NCZBmZzP-5CTLQ,42,0.11758015,0.041389435,-0.076190718
_vgSf5L68SXBTegrVbxCrg,42,0,0.31570256,0.31570256
_wRTBeEpjXvH6oSl2dMhLA,42,0.14434031,0,-0.14434031
_xWn57tbQ1nr39we2Wt_eQ,42,0,0,0
_xkaxXfeODnO_CBieaeQzA,42,0,0,0
_xyV4Z4VZyu0MvRP3zNfbA,42,0,0,0
_yRKTBGymWyWoBj2YJFCmQ,42,0.039621067,0.09021675,0.050595683
_yfP0BJ8L6L5KEbwGhHMrA,42,0.33916021,0.33916021,0
_ytUHRh3UVGqlWmO3iIqMA,42,0,0,0
_ytx-JT-RZcTA4aovdmR_Q,42,0,0,0
_zI4ykeqKVtl22jCcJS4dw,42,0,0,0
a-8ZuiQk4EsWgebrG-K2HQ,42,0,0,0
a-E9ybiFGl-kOvXtIyslYg,42,0,0,0
a-UFwyQI2nyRHTFTrbRnbw,42,0.2529427,0.2529427,0
a02h-nIjmzf_Vkvu__XB1A,42,0,0,0
a1pu9OpkUiqTLkvl-P39vw,42,0,0,0
a2JdNtFqB-C38ga_06BHvw,42,0,0,0
a2SeAQWwduCEljiCVi_o4Q,42,0,0,0
a4ARQ10d2JCizg0za0D4HA,42,0,0,0
a4I9ZjzQc-PnNmbOJhMsAg,42,0,0,0
a4oitV8lYoLFVPhDO8k-Pg,42,0,0,0
a4yIl-ix2u_WlEiBaAeNZQ,42,0,0,0
a536VAnQz5VUOnMUaXYBdw,42,0,0,0
a5GncoOg4e7DAoC791q8KQ,42,0,0,0
a5IxLTRuQpYVI0kamEo12g,42,0.23137821,0.23540891,0.0040307002
a5qmW2hvqRkrz_HSWzDLtQ,42,0.25595802,0.25595802,0
a6_IDlSvtPUb2CDdiKSazQ,42,0.23137821,0.25,0.018621787
a785WJuWVC2tNmQLwgQfFQ,42,0,0,0
a7sUmuiKSKEhDY6q7MB0yg,42,0.12325584,0.10858087,-0.014674966
aAG0_Rz3GnUlQY1auAsN-A,42,0,0,0
aAhN8V9UFLpQj-OgEvKyrA,42,0,0,0
aBA76hKuLWuNVTS-is7fGw,42,0.15873263,0.083724914,-0.075007715
aCIIluXyGoCNXAzOLqHTnQ,42,0,0,0
aCT5tLjCrNdJazQ5kDECOg,42,0,0,0
aDSFR8WDMkG3wMCxZCVILQ,42,0,0,0
aDhZb3CPuYdjMCzLqWGU2Q,42,0.27580465,0.320246,0.044441352
aEQ-CdWunsYjpuf5XSOsqA,42,0,0,0
aEaZGRATp6X9TvVMCeYVRA,42,0,0,0
aEcZXUxXbNW0SQixu0T5Eg,42,0,0,0
aEqhUqUJn3pZ7uDMMN-yDw,42,0,0,0
aErRZ7cRAXFxkc8F1DhL1w,42,0,0,0
aFa96pz67TwOFu4Weq5Agg,42,0,0,0
aFft-D0CCy6Ik1L9Bj_cDw,42,0,0,0
aFyEZ0Iv8ZaNHNULMPgOsw,42,0,0,0
aGDtObhCNrySrrT2qpljfA,42,0,0.1418689,0.1418689
aGffyvYdXpT7Eq0a4H590g,42,0,0,0
aH-uJUN3nat-vaoo2bdRGg,42,0,0,0
aH5x8mMN8njbFnApPAmzOQ,42,0,0,0
aHJ8Jqbadtw-ASIEYmYe6A,42,0,0,0
aHfW5LEWJzzdWKL6ZCpJwA,42,0,0,0
aI3n3hp8ZyX0RNekn9JysA,42,0,0,0
aIz24cPzQM9Nt_WUIpzvQg,42,0,0,0
aJzehVpvN6oNLAhfCZw_0Q,42,0,0,0
aLfIY6FOC1xn4QLuOleZGw,42,0,0,0
aLtvIGucNiiC1bIuTLpmqQ,42,0.10251001,0.032338291,-0.070171721
aLyabX-Q7504zElfBAjkMQ,42,0,0,0
aMxT74JTfrH4BL5m8rmtlg,42,0,0,0
aNu11OSW0g_hVHrcLiJwmA,42,0.10508299,0.082096853,-0.022986139
aO5IU2vsvRW8hyUFoSZ1mg,42,0,0,0
aO78EAQXcY0_6cX5LdosLQ,42,0.14804096,0.23463936,0.086598408
aP9U7fiZTnf8U5PiTzDNDw,42,0,0,0
aPTwqLnmlJuRXIh2t-2uRA,42,1,1,0
aQmA4I6OnCPAvAzWL14QAQ,42,0,0,0
aR6kzMUkIUhpxJrT7XbHsA,42,0,0,0
aRYk2snBNhxAk6hBgWD-Aw,42,0,0.08908027,0.08908027
aRZkstJ6Z8j5NeV-K37WRQ,42,0.46927873,0.46927873,0
aRalYstdWlyiXL_u7pCBvg,42,0,0,0
aReKTs8YdoHV_fkeGgFHOA,42,0.46927873,0.46927873,0
aRpbB8Pp7iCuR9vANLch_g,42,0,0,0
aTmDh2aGyBwTGBkuEy3y9w,42,0,0,0
aU487Da8GLOWONON8YKNmw,42,0,0,0
aV2eutOWIInmgKE_kczrjQ,42,0,0,0
aVQnEoBiWTuPOtrLxW1AAw,42,0,0,0
aVoIhTlHIkUaWFxr1gYQ4w,42,0.3065736,0.61314719,0.3065736
aWFzduZe0eaqr5dfIsybEA,42,0,0,0
aWcq9zSmUMbCTGyfrSAoLw,42,0,0,0
aX2FV_bS34Vt0U5XYGvINQ,42,0,0,0
aXEqpBc7mlSegvUTgFJOkA,42,0.61314719,0.61314719,0
aXLzJNf36s0gHlqUoC2Btg,42,0,0,0
aXRzdtPakasykk99CzsTAg,42,0,0,0
aXU9f01w5xustiZfhpeKOQ,42,0.29608191,0.29608191,0
aYveEctPYcZiubXyEgLhTA,42,0.18672776,0.23452223,0.04779447
aYwgDcVJJO68ojXUEiPY7Q,42,0,0,0
aZ-5N30YHfC-kCKPZybY5A,42,0,0,0
abv9GQCNO-PfJYzLIC0TNw,42,1,1,0
acHG5V09guzUCdP_3aUBqQ,42,0.27023815,0.63092975,0.3606916
acMsMOJ-FJtl6mPYCkbQ_g,42,0,0,0
acshnsJsMZS9iIx30bSuUQ,42,0,0,0
ad1oc5DDEZ8cA4KxxHFIvw,42,0,0,0
adMjyYAea_A0a36MrR5zBg,42,0,0.1532868,0.1532868
admamOqKZBd6Nh4uEOkKKA,42,0,0,0
aeCpAiEQdRdbQaSSEu5ZXA,42,0,0,0
aeIlClrYOAeNyG4ZJ7byKQ,42,0.38685281,0.21840744,-0.16844537
aei3V9A1pZWQ5Ph7UiohSA,42,0,0,0
afJ0J9dcfPvN-23c2dS5eQ,42,0,0,0
afjPvWfviPjx94X_NE7Ndw,42,0.46927873,0.46927873,0
afudnUcRyZ1PwjlNY1HP9Q,42,0.1418689,0,-0.1418689
ahM4S-hghF7-al13d_DPYA,42,0,0,0
aha055JQo_MKHlBGAqPkWA,42,0,0,0
ai0MlRtZjG-egMz-PyQrhA,42,0,0,0
aiUNKhWsm3mWAllfajU3Iw,42,0,0,0
ajTYBum5Iq-AnSU3YK0C0w,42,0.63092975,0.38685281,-0.24407695
ajXTcNUPYfpoqPQ9vFkChA,42,0,0,0
ak60wKHLdPYq8j7ImjvMjw,42,0,0,0
al-88kr0SAphNMTjdft47Q,42,0,0,0
alsigtlICIwbGjeleoEy6A,42,0,0,0
am7-gkH_PDz598oTdYSD6A,42,0.14434031,0,-0.14434031
an6AvA5g-ysd-3RAWQ9VLw,42,0.070755761,0,-0.070755761
anA_ZREYbGYDIh1cyexXyg,42,0,0,0
anJSIZERb5eX8vapGrBFXg,42,0,0,0
ant59d11IsDaepaxZL1O4A,42,0,0,0
anv4jZa1kg4v8iKoaLpPMw,42,0,0,0
ao2DWGjcU2hhPNWcCXfK0w,42,0,0,0
ao3KmeB-DG7scB6VpeuOpA,42,0,0,0
aoPIR79XTT6MDrZScomWeg,42,0,0,0
aqA5bfDTKEOrjbWpa97ZYg,42,0,0,0
aqOa8rLU5Fvq9tkl30p4ig,42,0.11253889,0.10858087,-0.0039580157
aqoDY1ON1KNtCSsgN091XQ,42,0,0,0
arrKbfFr1ksZSCCIeBgPBQ,42,0,0,0
at-raleZTWjLRqdDa0CIgw,42,0,0,0
au8pbtG-n-tADWb0OnKsYw,42,0,0,0
aupFMhCaIcULqFeLzDAAJQ,42,0,0,0
auuCtUBXUNuLVL0XmospXQ,42,0,0,0
av_8mRH1QkwbCvkADGbNEQ,42,0.099920907,0,-0.099920907
avnHYdaQdmyUujzrthkeZA,42,0,0,0
awYxGwoKnQdcGHTcSsqHCA,42,0,0,0
awrLsmPaLWqR7FAFxq9gLw,42,0,0,0
ax6PentCVOBmeWEcLSZnNg,42,0,0,0
axw79CwUOpbLRho17C8OBw,42,0,0,0
axxK4lKVn0u6x4GL7hRrAQ,42,0,0,0
ayh-p9OVESQaF_RZH_RHRw,42,0,0,0
az4agMaSGWrZr9Ygii0SDA,42,0,0,0
az86xaP37MUQL2qHF9QbhA,42,0.63092975,1,0.36907025
azhYuAZnnVpKRvOEc-Vc-w,42,0.14829723,0.23504555,0.086748319
azylke9XcUaqUg-TR9MnhQ,42,0,0,0
b-05O8JtzamgsJOrfhkw7g,42,0,0,0
b-3BAMoq56CcFvK5N1uKgg,42,0,0,0
b-7y4e1NcEzclgyi2TEy7w,42,0,0,0
b148kCklWACiyegSS8-rHg,42,0,0,0
b1Azuyq3u4zHASkiwJId_g,42,0,0,0
b1UhGHe68Pyn0vzsftYLhQ,42,0,0,0
b28NdulNRDYdtXWFl5_VCA,42,0,0,0
b2iK-oXT9onUeODm80oaaA,42,0.25794226,0.2680374,0.010095149
b3DwFWcdQnhKfq-Q4zyEGA,42,0.13120508,0.25639088,0.1251858
b3uUjaTqxfIh5uGV98bptw,42,0,0,0
b3uyg2m1HIxQKsE5Eg4ZnQ,42,0,0.26264954,0.26264954
b43wuCIyWsENYvoeRm2lnA,42,0.61314719,0.61314719,0
b5OqNUIJPRi-onpMGBCZRA,42,0,0,0
b5Pp_fOZnMHg_Z1NZcmMIQ,42,0,0,0
b5z-kyMJr8TBryVPSRg3DA,42,0,0,0
b6tv1o3JvD-GDH8f9b26xg,42,0,0,0
b80BrMm6R5VYjj21gOQGPA,42,0,0,0
b84U4lyNTGzuP7rMg6JErA,42,0,0,0
b8RJG-1BRwCzv4MVMGjicA,42,0,0,0
b8SWcnxNL_czKgvRbzP0Mg,42,0.31546488,0,-0.31546488
b8aCjlTJDA0hoZLMAE-iLg,42,0,0,0
b8cagRGAlBJtfQmjS2_D2g,42,0,0,0
b9HV74ZB2neuy51hWstUGQ,42,0,0,0
b9vYEd5TJPYCEWr98ylp8g,42,0,0,0
bAV9OzddT7ufO7cfGPGabA,42,0,0,0
bB6BlbN88WzijTj6TAVSYg,42,0,0,0
bBThiF-1XxSatDOM49eCGQ,42,0,0,0
bBd8sOgkhbaEeZHjczV8ZQ,42,1,0.63092975,-0.36907025
bD3Xrd0HWnaM1cJ_geFbyg,42,0.14126697,0.13090199,-0.010364983
bDCCzWxv2fU-z7eeaFzKxQ,42,0,0,0
bEGLhmfZB3wgVZcn9Aswwg,42,0,0,0
bEKDlxJgqFOXKODPnvXNFg,42,0.63092975,0.5,-0.13092975
bEVgYA2HzHpqdQtv-KnuYw,42,0,0,0
bEadB1h4l7kSU9ApZFTeHg,42,0,0,0
bFDwzNhDoiTwsaqiwRilrQ,42,0,0,0
bFNn1jLP8bC_stWDEnhzuw,42,0,0,0
bGhapzumnrHl42wtjiKenw,42,0,0,0
bGjjXHdlIJSvfHEq497OYw,42,0,0,0
bGknNx_hlu5ciXaWhxLDAg,42,0,0,0
bH3yc4ZI4CGd_wPpZKML5A,42,0.15067062,0.20678838,0.056117759
bHPpSsGbFM9BxwiG3OYqTA,42,0,0,0
bINIb2jxeZ2GmWu0B0soug,42,0,0,0
bJ5FtCtZX3ZZacz2_2PJjA,42,0,0,0
bJfzYcvRfZ-n8gQAi9_vGQ,42,0,0,0
bJgfxs6_h5Tcp5anvdTtYQ,42,0.19263572,0.16982894,-0.022806785
bKDEs0ujjT28o3K0TtUOlA,42,0,0,0
bKzRaHF0HmGti_4ROJxJ0g,42,0,0,0
bLEltq8yMvBcnUmsKjNiig,42,0,0,0
bLUq5Yt9ILWHtNY6o2O8jA,42,0,0,0
bL_K0uuXTVgUzmZjjVwrUg,42,0,0,0
bMOTnVsvHkVEzSBlNjUbtw,42,0,0,0
bNVKNecoSQJ7196xZVzB4g,42,0,0,0
bNenfi9OcIhLLuuqqN8ExQ,42,0,0,0
bOwDOAbFeRtgjHePGDNhEw,42,0,0,0
bPEwGZOLL3lftkFoNZlIiA,42,0,0,0
bPJtJwRN12reIhTcdGkXVA,42,0,0,0
bPiE0Ztrobl-JGtI9XHgsw,42,0,0,0
bPrGT59MQPMxy95ixEj0JA,42,0,0,0
bQCHF5rn5lMI9c5kEwCaNA,42,0,0,0
bQCsL97RJrfBsU6T749-TA,42,0,0,0
bQUchPRG1QVOEqoQ-PO72Q,42,0,0,0
bQYqdcu6c5yuoTnUy7ze-Q,42,0,0,0
bQZVPlso-PPLhxrCmJryFw,42,0,0,0
bQbTlM4TRjodo_59GPp3Eg,42,0,0,0
bQnaTbU39ejYufe6Z6JN-Q,42,0,0,0
bR5d5ppWy2V1X0_x11-ZXQ,42,0,0,0
bTRFge5pRWMh7IoCLn7lBw,42,0,0,0
bTiQztu4X5tG45Lnt-GIwg,42,0,0,0
bUN-sLR8fN7jKuhXoa0mvw,42,0.11372825,0.10820281,-0.0055254425
bUyZ3DN2nKPhZNjtTnWMlA,42,0.039274897,0.090939646,0.051664748
bVEQOCwSOlaCNIBHWRPfHA,42,0,0,0
bVJHUaQIOBn-1hDVe1c62g,42,0,0,0
bVPD0vQDE7LbRSwFSKp5zQ,42,0,0,0
bVdCjiSf-9X6Yidt6b2YSQ,42,0,0,0
bVfk-rSP6-BSRjez29-C_Q,42,0,0,0
bVmzV_JahHoPxUrPRYLCfw,42,0,0,0
bWGj7L2HLV6ELRKII_3h9Q,42,0,0,0
bYJyfPhqD916gWLeyB9vfw,42,0,0,0
bZ-VCrtfiOj0-mahWc-3CA,42,0.21840744,0.2043824,-0.014025039
bZtlEeyawNfVucIBzCAQag,42,0,0.062581163,0.062581163
b_-gfruhwOecFOwyKVCCPg,42,0,0,0
b_JjdOKTGa0QIuG3DYpZVw,42,0,0,0
baWLqajM0hJk4rVH_jEupA,42,0,0,0
bbN4dSqLNWfiTYZTTv62sQ,42,0,0,0
bbZFiGdRJlxs1ys5RYfZWA,42,0.33916021,0.21398626,-0.12517394
bbf5hkBKZDNMnZ8Sacc6hg,42,0,0,0
bbtc1OcdwTOsz3i7WwpHGA,42,0,0,0
bcNgc_hXnsVHO0iYZAgoLg,42,0.61314719,0.61314719,0
bc_A6NRe54_MhlRIXffAvA,42,0,0,0
bceU1PXUmtM7Hz8baZXZ7A,42,0,0,0
bd7KaALm-AJbSfoLJ9Em-Q,42,0,0,0
bdP1x_cDKdXrJen3QkzLEw,42,0,0,0
bdS6Aq26wMaw8juFGc0AyA,42,0,0,0
bdSDXHQF0LoUweNdsI9IAg,42,0,0,0
beSqvtodazXd59ZmyVcjFw,42,0,0,0
bfJpL3-nDiqgfmZgUpjPiQ,42,0.34373613,0.2874313,-0.056304827
bgdFMsxMlOrUIvjRnLJPlw,42,0.21541965,0.21671434,0.0012946884
bgmhRGxb7-gzw4SthxvGDA,42,0,0,0
bguBryEPhyNWWDIU6aismA,42,0,0,0
bhAB5wo9iLsaExSw4apR4g,42,0.043015001,0.081886688,0.038871687
bi76Ih6tRv-ghYWFCJ0dag,42,0.086713828,0,-0.086713828
biXvLE9j8tzt1iZ1adBPOQ,42,0,0,0
bj8eKrfiYC8nc7uH4jyxcw,42,0,0,0
bjxN5wW6mdpe2GIzVgEo4Q,42,0,0,0
bk2WkWrsZBNF5uLQOTzVlA,42,0,0,0
bk_A2fCTWtT0zaqYreul4w,42,0,0,0
blj3vXi-F0Nc-liEkExU6A,42,0,0,0
bnHCAZTk-btf9H4aZH21fQ,42,0,0,0
bpvlhtK-AV4NUnmG3yepMg,42,0,0,0
brtnNqHM2ER44b0nFXNziw,42,0,0,0
bsRj20h6r_WBdffZaQaUhg,42,0,0,0
btab31-ThzQ15PoaIfWkug,42,0,0,0
btdMwcbzwNPbsCcI-cLl4g,42,0,0,0
bttMaiREeZH_6KgjraiFnQ,42,0,0,0
buWot5DMN-w7MEoTPqBejw,42,0.11253889,0.30165745,0.18911856
buXV7Vn7ki4YZuXqVgLNAw,42,0,0,0
budxX8l3xleFTM8QlNWgqA,42,0,0,0
buspPncTFgQIzORc5ELhXQ,42,0,0,0
bvDZ3n7K33299U47WvrpGQ,42,0,0,0
bvdyM5OR9kQHl2Jegj-9bg,42,0,0,0
bwvscWCSPZD1tLgzywAgCQ,42,0,0,0
bxDzgr0a8d2cFYBl_h8d0w,42,0.16377338,0.20232709,0.038553713
bxKtZwV1Xr6JUksBASxiRQ,42,0,0,0
bxVg7WgLSDoZRGShYZK_XA,42,0,0,0
byIpgEbSQo6KHHhKymgU6Q,42,0,0,0
bySwOkKdTvxj3XoHNdHqtg,42,0,0,0
byl3l7SvvUOHo0rMxIC6dQ,42,0,0,0
bz3P0iXJ0oeBzdZq_7Nuig,42,0,0,0
bzBkcAXoD-qJDChKBt2yLA,42,0,0,0
bzNrQWSCwh41MULRarijyg,42,0,0,0
bzOCV6S3h5412lUgjMIFhg,42,0,0,0
bz_5z6jzSloYZaAYImdPaA,42,0,0,0
bzkBOTSd88QP5vVSad37ig,42,0.098039286,0.13120508,0.033165792
c-7z4kQjlzd_Lp9iMCkHqw,42,0,0,0
c0K9ON2zP3ORSK-t1K7Vmw,42,0,0,0
c0VeS87oL1XnLxCyqAScMQ,42,0.63092975,0.27023815,-0.3606916
c0tiWWhq7QxJOJ5iCkOACw,42,0,0,0
c1IW78R9Qb4mpmLXmam0Wg,42,0,0,0
c2LH6JfmaNLG14o3TZ3ItQ,42,0,0,0
c2iD04NaZ5dIB42I1Zagdw,42,0,0,0
c32puiLR7wLx7Z5Yt-OlMQ,42,0,0,0
c4kfRCXgIag-zMrly358Hw,42,0,0,0
c52vdp1FpkOVhn6iimGcgg,42,0,0,0
c58LB4hCJcL93W52whHgKA,42,0,0,0
c6CEwuiDgKzXt4pdznEGgg,42,0,0,0
c6JNl4nzIGR5lmt3VK3sYA,42,0,0,0
c7ZFB3lBGd2QVQSVtRLTDg,42,0,0,0
c7nC1NiMplU9RXmmLvBcUg,42,0.14704034,0,-0.14704034
c86PuhFwaWdcHHdl9F1nwQ,42,0,0,0
c87zSGqkAh_HhGM7nR13vg,42,0,0,0
c8aTh6t3UGnq3d8Qw_Q6vg,42,0.20736123,0.20736123,0
c8pMZVU9GxiuL-B14vkajg,42,0.20210735,0.46927873,0.26717138
c8utevVplmca-SAxp62DRg,42,0,0,0
c8vZ4DFxv_Jnem1JBTFnIA,42,0,0,0
c9EefkB_2cK8rOB53N99mQ,42,0,0,0
c9ZkkYwVdWs5EarrmViFOQ,42,0,0,0
c9kbgFM9uxrQn5p_AdGfgg,42,0,0,0
c9nnnaox3miKi5p10yXtSA,42,0,0,0
cA-xf9zd3y0DS6fFrJD3eA,42,0,0,0
cAEZTpvv1F-hPQpwnn8G4w,42,0,0,0
cAGOrXtZr165JleILpfTzg,42,0,0,0
cAU6u0P--AX071hVQRkd0w,42,0,0,0
cApR-VuIXu5G-zcQPmPesg,42,0,0,0
cBUw8N4owUVo69M8Juh-JA,42,0,0,0
cBjSRn4TgD6T99b7vDRFtA,42,0.27023815,0.26264954,-0.0075886194
cC9flaguB3JXdQSghVT03Q,42,0.14126697,0.14126697,0
cCIR5ru9IG3rGTbgAGbFew,42,0,0,0
cCeCQxErE9ToaQQBEVFuFA,42,0.063600395,0,-0.063600395
cDQG_OGCpu4ATDz6rQSryw,42,0.61314719,0.3065736,-0.3065736
cDcakQinxKO8szOx4rtP3g,42,0.12315119,0.13905618,0.015904985
cEWQEFAhMg7SXdHRK6N2SA,42,0,0,0
cEgEq_y_w_LFiODcexOe4w,42,0.23719771,0.21840744,-0.018790276
cFKMbVWvxbSfWU9g_J4qMg,42,0,0,0
cFoI3jF3gK0p7W6iJRuEOg,42,0,0,0
cG-6LfrPXpKNdcEe6nOHUw,42,0,0,0
cGEyvvuGQr2vWqXmjo-T7A,42,0,0,0
cGNlFHX1EQtLNRmDtpFw0w,42,0,0,0
cHxDxFfJHyim96tb8jr-yw,42,0.23137821,0.23540891,0.0040307002
cHxPxdA4Y4M5S7d0gJf6MA,42,0.10086747,0.095460433,-0.0054070381
cI78WL_iGzmZKlSuKmCN6g,42,0,0,0
cICyKh_ZeIIXpOkA5jcQjg,42,0,0,0
cIVmIJD7nIiEcVGamfBoVw,42,0.41323517,0.32970966,-0.083525503
cIp8FWbkzrwWeIHVMuiTQQ,42,0.61314719,0.61314719,0
cJ6oDYzAdHS_9ejY4DZCRw,42,0,0,0
cJ7XcXG5-U82VN3LNNOxGg,42,0,0,0
cJCYCEfDL4n5TgU9y8RTWg,42,0.29608191,0.29608191,0
cJNAg0RtRYKhUvmMPGSh3w,42,0,0,0
cJR2dSsbg7Z8zDklnan-Cw,42,0,0,0
cJfkKNg2yVPhp9Q8eR-dmA,42,0,0,0
cKTA-iJbfrioKWFiDreghw,42,0,0,0
cL4n5spJuAvlndSMdo8u_Q,42,0.17342766,0.10633668,-0.067090976
cLXP8gb-uHI-ZL6AxTRlaw,42,0,0,0
cMIVlEuCKkiEo1QkPBbMaw,42,0.44149241,0.72462625,0.28313384
cMPJlsuY5IQgJ8N9qICdDw,42,0,0,0
cMVqaehdc5ZmcTP8BWPrSg,42,0.26406812,0,-0.26406812
cN9E0Z78ViWBiwhUfZhCXA,42,0,0,0
cNgeX7WVodQcIDx8JxSXNQ,42,0,0,0
cNrcl3sOkPl1l9QXH2rn7g,42,0.63092975,0.43067656,-0.2002532
cO3qx8O0ZZToztcWf30d5Q,42,0,0,0
cOl5Zx-q-ZHNq6EX-DaMaQ,42,0,0,0
cOtS5qFKqpU8C1htHc1NSQ,42,0,0,0
cOudgqbymQwq-amv-3-WhA,42,0,0,0
cOvqqI2u2Dqm4aXrn9NPOA,42,0,0,0
cP6jm-Lk5pZ6YAiHiaaaSg,42,0,0,0
cPKzSTXXap2MEg1NFxyaQA,42,0,0,0
cQ2fN2WsrmO32-wL0jnQcQ,42,0,0,0
cQ4WTCe19v9jwyE5n02MyQ,42,0,0,0
cQi5KWvQ3cbWqWTTwa7fxQ,42,0,0,0
cR5bvpc0xeQpm-Bsx67A8w,42,0,0,0
cSQk6DuSVJlWdny_8AAAGg,42,0,0,0
cTgidQke3_loMTZhiVQ7rA,42,0,0,0
cUB2WhICFuSe7DwXAIoo0g,42,0.18672776,0.18672776,0
cULJIe7whsGb6Agz_pTVbA,42,0,0,0
cVIHmtaYfEm_fmKPLcp9Kg,42,0,0,0
cWm963v1BLwTpSiwawNfKA,42,0,0,0
cWp5SI50JZsVfllfCAj18A,42,0,0,0
cWvP0mEmM5UC6OOUykdAUQ,42,0,0.062581163,0.062581163
cX-0hiimt8D1D04Tpq6RHA,42,0.3065736,0.3065736,0
cXSyttl_8F03HbDDeKnyyA,42,0,0,0
cXeORmtyzb7kpKtLBFGqsw,42,0,0,0
cYBIS0ULPL4lRhZmApY5ug,42,0,0,0
cYcZCpH-oi-28lIZHxS06A,42,0,0,0
cYri1iWhhfH2UCxvWag1xA,42,0,0,0
cZ2LBJ8Qz8j0lXCmOqs68w,42,0,0,0
cZJJPbAEUuSZKZ9nVdtuvA,42,0,0,0
cZnTDZ__FvT-Fy6MyWU93w,42,0,0,0
c_Ap6RsFcZpqWN9QM-qIlQ,42,0.3746367,0.31529215,-0.059344551
ca86pKyVVbJacCQQGEBJVQ,42,0,0,0
caYicwPqwGy_khwMO7oZ_Q,42,0,0,0
caorYo2PbF_dux_qoZ8K1Q,42,0,0,0
ccL-5xiw2Yq-FdUToySfnQ,42,0.31617838,0.37696551,0.060787136
ccboyo-sSWqEZDVfBSY6nw,42,0,0,0
ccce_-dw_glnLMQbKMabeA,42,0,0,0
ceOgTpuVltWRkwr3Q5Yj-A,42,0,0,0
cf5RlpeCGkithqJ-Dp7elA,42,0,0,0
cgKu0CHBNN83ucaUB_oSVQ,42,0,0,0
chq0Ycuf0tTbX-7FaqD3uA,42,0,0,0
ci9JNxqrdWZ-zgBWmHNRVA,42,0.13905618,0.19519002,0.056133845
cjC-rcZOWv_wiPxhmtaicA,42,0,0,0
ckFC2OotVWf7jPZg2f4JJQ,42,0,0,0
cki04-dtVHO6ZBrbveOynA,42,0,0,0
ckoYvWD77zpWUCY5O_8SIQ,42,0,0,0
cl-c9rAAbb8rwyk6sXeOPQ,42,0,0,0
cmMYzA1UQZymlgx3aDOSAA,42,0,0,0
cmY3BvUi1ibRhhFzIVJ9Vw,42,0,0,0
cn4Iphre0CFtkJeN7_6tYg,42,0,0,0
cnA1ucA6KSZUUeosDQIJjg,42,0,0,0
cnrV83qYHYSwaV1MNlq71Q,42,0,0,0
cpZbwIhnGUXFmh7AWsTrrg,42,0,0,0
cqS23cIPG0LMvciDirIBhA,42,0,0,0
cqcmrb7Cs-AwWRr0pG8Brw,42,0,0.11284514,0.11284514
cqrhOU811XB9kFYRvIgmnw,42,0,0,0
cqvIoYROau70eE6mFZzpXA,42,0,0,0
csFArSJaWtEXKalZCXbVTg,42,0,0,0
csxphawVKwodqwnI5YU4sw,42,0,0,0
ctb9dQLc8HFMCtTHCLLkdw,42,0,0,0
ctq5ep2NMKKHu52xG-JA1Q,42,0,0,0
cuFo8IKX4zc6vF7UCxbr2g,42,0,0,0
cuVmAqWlB7i_e7N1kSrSAw,42,0,0,0
cunpzBkEboEewYlFofWhTQ,42,0.090100009,0,-0.090100009
cupTlUHJBF1B3jWS6FVwyQ,42,0,0,0
cuwv0cwD0qwTHIcx-K7q2A,42,0,0,0
cvtVhdDwyT0eF6CV9XgxLQ,42,0,0,0
cyO6nw8M5-2y_zcUfciPZA,42,0,0,0
cyRZcHSazagn71IkMi8aEw,42,0,0,0
cyd6Dvh1Si8keEHhMbVyQQ,42,0.22009177,0.22009177,0
czZfkDYawbI1GkfAcwUKDA,42,0,0,0
d-8BkC8w0uMRLkGjY4pZjw,42,0.41039157,0.30260241,-0.10778915
d-PVB7w2vDLdIFT3-yxMkg,42,0,0,0
d-dG958YIg5aLlsBv7U9YQ,42,0,0,0
d0FbFaZuJWfai0RYsUS7qw,42,0,0,0
d0xjrf1CL0ollZNK5xewWg,42,0,0.088877923,0.088877923
d1uSqpNav2liDr5qeutTRA,42,0.46942058,0.30901094,-0.16040964
d30YmrHWxYUl7ODpC2Q2Eg,42,0,0,0
d31c-i_LVFs1LTXzDp_Xpg,42,0,0,0
d3DfcZEVo2ntAC_Mc-ZLCg,42,0,0,0
d3IjjMYpGRrl_OiwqEqolw,42,0.2529427,0.2529427,0
d3IwmrTq8eCw8g8tVZqbzg,42,0,0,0
d3i582wefTonNg8DB9WKqA,42,0,0,0
d3yM4XI_qfHnKct9TtMGzg,42,0,0,0
d41DrZzEooYd9oAMLv6HjA,42,0,0,0
d47dyqCgr5f7gzATn773xA,42,0,0,0
d4Kzoe9pXQx9mo4VMGOqPQ,42,0,0,0
d4PTX2lM0cM2Sf-A8nicsA,42,0,0,0
d4u3hxVegG2LcNwAuuJPkg,42,0,0,0
d50UUxmCMpXXjOuSGZiM4w,42,0,0,0
d53Yh7Do_pFFk4wwXFqPUw,42,0,0,0
d5UPpH3NNlfs98ZEMYel9A,42,0,0,0
d5bTmxYf-I08fvogo8YpaA,42,0,0,0
d6DBPeuD_cOKqqUwfqP8OQ,42,0,0,0
d6H0HhqyOLiihCG6gbV4cg,42,0,0,0
d6ujK-5FqqzIczIr0U3R2w,42,0.14126697,0.18154179,0.04027482
d7Mc11oeZ7csVyw3nu2baw,42,0,0,0
d7xA2kRYIH0m8muwOWnsSw,42,0,0,0
d80ShWXSeNoSuya6fJjyiQ,42,0,0,0
d8NutNI8ScRUKTV8aCQ2zQ,42,0.10549558,0.12315119,0.01765561
d9VhjE_kqUe9nFpwoc6Upg,42,0,0.037571279,0.037571279
dAO-APJaGsXKRSn24pdFsQ,42,0,0,0
dArzYnlZh0gBLjA6YkJeoQ,42,0,0,0
dBTkbILURRXXXf_hCJ1B5w,42,0.1130534,0.094606347,-0.018447055
dBlDmgYACHsskfOuT4qlrg,42,0,0,0
dCATwLTGaDZAbSFxA-4pkw,42,0,0,0
dCOonQ7Md1ooief37g1SHw,42,0,0,0
dDnfnlLZpF7ufvUw51BQTA,42,0,0,0
dEHaRAaHyA39nr_AFyQuTw,42,0,0,0
dEKozQU5YkDuhy4y3DlJUA,42,0,0,0
dEcYAgpFD9KTIA2H1vrTKg,42,0,0,0
dF450JP4LMJYJKRU3fTrYQ,42,0,0,0
dFLppA6HboRiBiT5-8j7Zw,42,0,0,0
dFsZHNkZAhCsN_A7g8BJAQ,42,0,0,0
dGFQUhcBUSiz1Gy7KTzBkQ,42,0,0,0
dGT0g7kHt9IzryiITiP2Pw,42,0,0,0
dGkAskGHxJS_gjU3_lbGTg,42,0,0,0
dHVP3UbizpEsJaOPdcKG_g,42,0,0,0
dHZ4h6mbWWAvvlm7YRGyiQ,42,0,0,0
dIKGGMYW2SocsGVqp2ZXCg,42,0.43067656,0.23540891,-0.19526764
dIKvjW_c6DmsHMoCjCMAcQ,42,0,0,0
dIRTUvNn9HSG7SlCB1CdKw,42,0,0,0
dIh7pPwdVsmEf0KDfJKHmQ,42,0,0,0
dJcWI28T1QYgRBJEs_fZMQ,42,0,0,0
dJnCcW_dFZ8SeU2HtqkuHQ,42,0,0,0
dKbXMlv3C2dfiGWXlAdszA,42,0,0,0
dKwzOOMQte1WbozogRMxmg,42,0,0,0
dM2bWLUvK82XsrjjNL45vg,42,0.20210735,0.14804096,-0.054066391
dMBzfEZVid6__5D4D5IgBw,42,0,0,0
dN113LRbW5q5CT4La8ZMgQ,42,0,0,0
dNENGU5i6F1D4p118hn_9A,42,0,0,0
dNYRcQBMUmb8QquI5WWQsg,42,0,0,0
dNdTHvVEUZqRKIdhQJmZGw,42,0.15758427,0.15758427,0
dOFrTw_un5lk3P6P3xevJA,42,0,0,0
dONIjfGevnStP5TOEvd1mw,42,0,0,0
dOX69tY9pYtxvQetUp4f-w,42,0,0.26406812,0.26406812
dO_9i8HfapTEWAzAN-h1IQ,42,0.2257842,0.29871002,0.072925822
dPtp9PKFL-uAaijlyu8b9A,42,0,0,0
dQIB3S1Y_oSD-9ghqwr0-g,42,0,0,0
dQZOOYT8fi7KRlj5drsySQ,42,0,0,0
dR1IZUQ8Ymzi8jyDBRw7yA,42,0,0,0
dS-0tIYXMn2bXR308J_WHw,42,0,0,0
dS7kxY-JZnyAfaQTv3fr3g,42,0,0,0
dSYnzfwLiC1pxR3XDCyARg,42,0,0,0
dT6sOAggtl3OIry192lhag,42,0,0,0
dThZ9eQR5LhYqIDqz_9FLA,42,0,0,0
dUv39VwPgN5ZSsVGAzVDBw,42,0,0.097595012,0.097595012
dVYyV3fDdTSeiZK8G2PLnQ,42,0,0,0
dWHnB7dGynte4w7tolcJwA,42,0,0,0
dWomYQ3TweVLrHdlzcwMkQ,42,0,0,0
dYJPAlkQx_K7WVfbg3aj7A,42,0,0,0
dZJcJ-36Na--Iht_ZdAhsw,42,0,0,0
dZUrYvwXEFzNZ6IzQXQptw,42,0.61314719,0.61314719,0
dZizT8DEituZ404ZFRNzuw,42,0,0,0
dZn_Aqvyh-Fx0CkbcQdYPw,42,0,0,0
d_Blgv9PgXX5CVnFwpURjw,42,0.20736123,0.13083037,-0.07653086
daPpL710LNttL2FwvJCnNg,42,0,0,0
dalL2l5U1JDVcT_aDh16Ww,42,0,0,0
dbLz7YfH5Fy6AAB-5-vDyA,42,0,0,0
dbhPkOfmv4RYNzb9rDkHlQ,42,0,0,0
dblMeSI1ohQXU-AjiFFNYg,42,0,0,0
dcIMQveZpojXgPggygNDaw,42,0,0,0
dcdXcpa_1JBWQWou-OL4TQ,42,0,0,0
ddmhl3fui90yCT15MO7ylg,42,0,0,0
df4oOKSWoWPgsJtokCcd4g,42,0,0,0
dftHlm7RrJqNFrYmz0kkLA,42,0.61314719,0.23719771,-0.37594948
dgGUKdOh2a01OwLw1qgfDw,42,0,0,0
dgS3s8MW5ZkPbfMS3XC52A,42,0,0,0
dhDFioIydbshgDh27QuWVw,42,0.23463936,0,-0.23463936
dhLizr4a2oydrv15y56r0A,42,0.18154179,0,-0.18154179
dhhueHEUCV2Ya8A8WHIciA,42,0,0,0
dhuRgFqkbs-VLqMpNPBZ2A,42,0,0,0
di4JcdfaqfIljIXKt-mBAQ,42,0.30260241,0.30260241,0
disUH0hHS1nYoWjrlayCbQ,42,0,0,0
dkE7OXULjSZyCQwxCFyvIQ,42,0,0,0
dkfWNTseuKiZGkAYI473Vw,42,0,0,0
dl1BK33CCpuMrc-nZWLv_A,42,0,0,0
dlAZ0T60iW_HXyC_vc8FJg,42,0,0,0
dl_zO_5XMpLD4-KzxkmHeQ,42,0,0,0
dlx7-mP-8vRyocdtAEXLvA,42,0,0,0
dmfuwKm_-fc36XcVTvKziw,42,0,0,0
dnzPsL-kTrLWdjB8QX_RAQ,42,0,0,0
do3HpIxxM0rFKDV0np0pig,42,0,0,0
dofgdgVUJO8e8SDrrgpl2g,42,0,0,0
dp-1NZDaIkcbJQtPbDJ68w,42,0,0,0
dq8X0XQ-N8my2rSjWQOPdw,42,0,0,0
dqM6ekoksMf5PQr-7REWtQ,42,0,0,0
dqhkVgVVAXCcJuWEMMT86Q,42,0,0,0
dqucQwA-CHWhUczwqIxKKg,42,0,0,0
drLSG84LnnighzakGx6dOg,42,0,0,0
dsN2SF82WKnBUruurcjo1g,42,0,0,0
dsigYfF0MUXPX379Rpj54A,42,0,0,0
dt1Bp6gRkQWmm4wrUAhFxg,42,0,0,0
dt7hSz_Uh8-PdIlvefVwbQ,42,0.26399562,0.27661043,0.012614808
dtHAM1wr9dKhjBh9f92ZsQ,42,0,0,0
du3Lh-DrDfJb9ra3giCtPQ,42,0,0,0
duRuzZ-GitlP34qyW8s1OA,42,0.068893567,0.072567831,0.0036742644
dw4DP4_lMacxQ_IGxlmXVA,42,0,0,0
dwmEc7acSWOswF021KhX2g,42,0,0,0
dwn8crOfw3HD0Yo3sOglEg,42,0,0,0
dxEU4v4fSX9aD3tH8dy7cw,42,0,0,0
dyAaNxc4QGNxOIYz5uSy4g,42,0.058781322,0,-0.058781322
dyPBzXdOVyT5tJzwEzjqQA,42,0,0,0
dysHY87X_urEc2ojEs87LA,42,0,0,0
dyzaphUiajbO48x-OpZnTQ,42,0.15693994,0.17723929,0.020299342
dzAZWHtJ52JI8J4zB2mkow,42,0.27487633,0.27487633,0
dzC4DU7P-kcKntHtv1YqYw,42,0,0,0
dzZZl9mTut7T_srEWRjxyw,42,0,0,0
dzlDB2uabWOzbQHw-J3y2g,42,0,0,0
e-CUYkWVWQwiYdmhumx9Rg,42,0,0,0
e0bGaiHgKanzSwkzwnhRuQ,42,0,0,0
e0jxeRbUJA0pvC5jJ5JnhQ,42,0,0,0
e1Mh_DtPV3hxoFtJnBaGXg,42,0,0,0
e2M7L6Ksx650TEFQE7bENA,42,0,0,0
e2T4AgLGE98Ps6f8_KNibA,42,0,0,0
e33l3ucOBsdsb8jyegZVVQ,42,0,0,0
e39z_fBuq0r_FFHJZC6fYw,42,0,0,0
e4KH_B4O2R03j7-YC4Kr6g,42,0,0,0
e4brzGSmkYbEQ4yuIpZ6nw,42,0,0,0
e4fHPrp3DlLMbzJV2pzkdQ,42,0,0.30103,0.30103
e4hd3J5hDY9YnxbbXq8-Cw,42,0,0,0
e4ivdEYPdEzvEo_afG9-hg,42,0,0,0
e4mqwfJb1rBNk12XVzijcA,42,0,0,0
e73U5LOCxSUU143E-_NE8Q,42,0,0,0
e76o5LO_rWK32PefXfmIgQ,42,0,0,0
e7LMLf_OmyUcdHjNuBfa0g,42,0,0.21840744,0.21840744
e7V5B3xq3rRNxmABwFKqVw,42,0.45321561,0.53517549,0.081959881
e89yBp9E8eigdRwWfwktgg,42,0,0,0
e9ngbhCBxqM0ZbJ-I20vBA,42,0,0,0
e9v_62hQaqAbs66WWOlCTQ,42,0,0.25595802,0.25595802
eANjVSZl9jt3FyeFZHQcGQ,42,0,0,0
eAjTEqqzps0yMJBrNz_fjg,42,0,0,0
eBgZsWe63Wa4hkWhF0qW9A,42,0,0,0
eEMvOSF4TWqzblF2F46VQw,42,0,0,0
eEi1L3HukfplQJE9h7oXYA,42,0,0,0
eEriUnFk-_D-dH8RUsh7XA,42,0,0.28906483,0.28906483
eFS6uTKsFqwwv2l9gAZHjA,42,0,0,0
eFUcc2QbaW0InWgsBsMiwA,42,0.35172904,0.27403375,-0.077695289
eFd9nltG8seiNGEvjZGe3w,42,0.46937449,0.45906844,-0.010306053
eG1Tur78lGPRLPysNSzadQ,42,0,0,0
eG3FZXCVaQmL82Iu9JhTPw,42,0,0,0
eH1Rmb5sytONhhHGGcvhdw,42,0,0,0
eHALrqFUZqGvrg9vvgrOTA,42,0,0,0
eHaHSuipPLECuDwIIKdm4w,42,0,0,0
eHdl3Utb5zundQubiVQ2XQ,42,0,0,0
eHpr2pc8h8YoMDA-Figm9A,42,0,0,0
eIXSyYTMIGsVuKCwZydw-w,42,0,0,0
eIZ-CESbnJ1gDsdvZKyl0g,42,0,0,0
eJLr0A9_xW9O455rZ4kIOA,42,0.35620719,0.5,0.14379281
eJnwyot0rLyWN84DwyC0RA,42,0.17255126,0.2102277,0.037676442
eKT1Uvzc6MYcIP5nS-TqiA,42,0,0,0
eKzkRNayNSfP3HzIDwR3Qg,42,0,0,0
eNCspK1fdkTxiPQH1fUgGQ,42,0,0,0
eO9ViZv2mUm5Arc66-44Ig,42,0,0,0
ePA2mGDLqauSsJJg9qWfHg,42,0,0,0
ePCQzrTnnMC0JjgG2D2Etg,42,0,0,0
ePmanjMTkYwpO65_9_fwQA,42,0,0,0
ePo_RBIlnldnIolruorjSw,42,0,0,0
eQB-zeNwKOGk3F1xLQDp5g,42,0,0,0
eQQs6Cgsco6nAwbet4QrAA,42,0,0,0
eQTgUlc-GQxYTq78l3Vcow,42,0,0,0
eRwo1yuxmejnS4_edQ68cg,42,0.56155026,0.55371289,-0.0078373705
eS1uSO4VEPgDWH9EyvD2uQ,42,0,0,0
eSXG5M-mGZF_mPcHKea3zg,42,0.64695232,0.74474047,0.09778815
eSlOI3GhroEtcbaD_nFXJQ,42,0,0,0
eTH22xWja2k6zrX6rJ-CaA,42,0,0,0
eTU4xZS6KbmUl3yrAfGJbw,42,0,0,0
eTjdsdJNmoDDXSDGvY2plg,42,0,0,0
eVUmxx1kN-Acni0t7gcg3g,42,0,0,0
eWh5uuH3kMuU8DRHl588vQ,42,0,0,0
eX0lRHOuhl0agJGv-8ruLA,42,0,0,0
eXEmyH7UvUaaL-dXu3ZeqA,42,0,0,0
eXych7LFgg5uI6VaRAUW2w,42,0.24630239,0.39038005,0.14407766
eXzYjRp-ga_e1Zsqmj3hsQ,42,0,0.1934264,0.1934264
eY2ZgvK7gmUS_kUQWZYk9Q,42,0,0.060161795,0.060161795
eYJhuFcj6kMWVXdQbJ-Pkw,42,0,0,0
eYg71ima9LQxZDrfMfB0Kw,42,0.084408809,0,-0.084408809
eYhImFGQ2mI-_sU5cXZy5A,42,0,0,0
eaBrGjFai1weY2QE3KQOdg,42,0.43522086,0.39325913,-0.041961735
eaLyVS16vp5suddGUqddvw,42,0,0,0
eafMG2OyM7w_ArEGNcAA1A,42,0,0,0
ecptImHT4hdiVJJzRKCD8g,42,0.3339881,0.18274573,-0.15124237
edFNPGqQDlKVT8_NtI-5cw,42,0,0,0
edZabMpWKLiUDHKrVe2vMA,42,0,0,0
edZrlpSDWD7FpxDHFzX-Ww,42,0,0,0
edlf0nEAsld7DX4yCKyXHw,42,0,0,0
ednyeWhn75PZ5ZfCqeVCxQ,42,0,0,0
eewlPlMN5f7C1NFNMJSZqw,42,0,0,0
eezobBKna5Qqqv8HA8HjPQ,42,0,0,0
efoFHUP08msKW73LPkZxWA,42,0,0.16887072,0.16887072
eg0cwrodeKGLeLIDTSCXoA,42,0,0,0
egMB07COhbixrLLbz7IToA,42,0,0,0
egqQiDiiXj0V36zaWmJ0XA,42,0,0,0
eh-U66G5Bbo2tLww2DmD8g,42,0,0,0
ehINuGHaJxJGjS3730dAGA,42,0,0,0
eiiXoxbl2nzTy3VTsOd-Qw,42,0.38685281,0.61314719,0.22629439
ejDUqEJu2KWK8SGnrMDu8w,42,0,0,0
ejFxLGqQcWNLdNByJlIhnQ,42,0.16104283,0.16104283,0
ejodn7PCiZ1xLTMSZ29W6g,42,0,0,0
ek6BhFgw9oITxrnurqUuxQ,42,0,0,0
emH4pDc54pEe3jRGKrTpTQ,42,0,0.068893567,0.068893567
emWdy8DFSjuKam7ygHsPng,42,0,0,0
emahlBK9yn7MEWEt7PQy-w,42,0,0,0
eo-2OFMSHLfsm8Wkd7Eo4Q,42,0,0,0
eoVVQVTFFj4UGQ_J5zE6ig,42,0,0,0
eo_g1lVqmbOeselosg18yQ,42,0,0,0
eod1mk6q1p155DTZqLoRqg,42,0,0,0
eopmkPjbMQz9uh1hnZ8nhA,42,0,0,0
epC6bUHQGleshgwcapuDzw,42,0,0,0
eqDDNHFO1juY2qDEz8topA,42,0,0,0
eqSSrJRApywSMpSWvC8OfA,42,0,0,0
er7w44xkBKHaqT10b3S2ZQ,42,0,0,0
erBDslOZXDI48j5QB_I_SA,42,0,0,0
eraq9PAfE19ewya6EN7uPg,42,1,1,0
eruUtHID3MhB0jehrueuZQ,42,0.33333333,0.43067656,0.097343225
erwKZe1mY-hQpcuC0LxLsg,42,0.61314719,0.17723929,-0.43590791
eskGH1Z0IBHxrz4s4An_Cw,42,0,0.081334845,0.081334845
esoGbswMT7VQeJPxWGhWNg,42,0,0,0
et7Ndr07Kz-4wX8bbmQjWg,42,0,0,0
etLA7u9VoTVbuyJ34FUAww,42,0,0,0
eujwmBw0-a6yDGvZk37J5A,42,0,0,0
evRwCG9m-lwfL5TeCwrAhg,42,0,0,0
evSTPfN2RjZwKhLIWRp7fg,42,0,0,0
ewHZnpWChCh38FtLmvvOuQ,42,0,0,0
ex0hjYWW_kHJHhzN0LQmVA,42,0,0,0
exMcVUxhd_SKTV2ZZvek9A,42,0,0,0
eyDMRX8RnSE6bzpGCeQAcg,42,0,0,0
eyMBa10sJI8DgA22G4GYjw,42,0,0,0
ez1gpYG2F9El6I0bFv8MEA,42,0,0,0
ezGbeI2kBxkX9fuDnjGe5g,42,0.46927873,0.46927873,0
ezsDAOqzK_w2BPdf1qQ7fg,42,0.61314719,0.61314719,0
f0Xd3SPyfYdqKqnwSXdePg,42,0,0,0
f1I3wxxzB_3aNoIrJ-IHRQ,42,0,0,0
f1Mk3ZALeHfs3YnM9ikVsQ,42,0,0,0
f1rCQ9caKvGUDr-cOFirhA,42,0,0,0
f2MCyl8TZCeCuO2sO2yzUw,42,0,0,0
f2YjUi7qGcDOB5rKOhm8ug,42,0,0,0
f2i3_nxeI6nS_HRUK6CIOA,42,0,0,0
f2lysfZjghg8KyPF4poZGQ,42,0,0,0
f2ojVhuI7x3gqjstCtD62w,42,0,0,0
f2qDQ8KnU6szwpTiaz9tVg,42,0.1782103,0.1782103,0
f3ZBI7v6aLOCecagnx3uMQ,42,0.053512879,0,-0.053512879
f3iXHsmzafnUAE85IfuOcg,42,0,0,0
f4eODkTXIqUdCGvAwkrM1Q,42,0,0.042512357,0.042512357
f4v6QDA88r8RZAEpCsVsTQ,42,0.10598196,0.10229527,-0.003686691
f5PbzdLFw1R476NdlLC-1Q,42,0,0,0
f6-m6N7UekNiHVMZHLhjLA,42,0,0,0
f6gCPRAPcFOCsXWBulTKpw,42,0,0.079478383,0.079478383
f6h7XzcZHiK1uwf5x_B16Q,42,0.25595802,0.27894295,0.022984921
f6whHtyZTNFMRtREBcyGfw,42,0,0,0
f6xS_-hD1lZ24oWeYKnkQA,42,0,0,0
f7ZPmi_oR-5p7Otjf49bUA,42,0,0,0
f7xa0p_1V9lx53iIGN5Sug,42,0,0,0
f8Ht9qzyxW0knjr63AgARw,42,0.089617287,0.061173315,-0.028443972
fAJ4v8WKt7DYkC2dskayvQ,42,0,0,0
fAifVnX46ZwIpxqlH0hj0g,42,0,0,0
fAoK3Y92c8oHuNL-qTNuQw,42,0,0,0
fB74w7w3dOZcmW46cY1yDw,42,0,0,0
fBTRvObv06mj43gBGiWJSg,42,0,0,0
fBr9Y_xgEES5LaG6p2Sflg,42,0.03551001,0.039621067,0.0041110571
fByH7HF-mFP-CwTMHrKhYw,42,0,0,0
fC-PdtqFvX6mlvoU1v_sew,42,0,0,0
fCX8CygpnULMyYOt9m2cFg,42,0,0,0
fDBZPiu8aYEM2XgVDqYh1w,42,0,0,0
fDitHiqFzqYph3b53tSkiQ,42,0,0,0
fE3I25foF6Isyt3ORwf7wQ,42,0,0,0
fEhRVcAJ2qproQ-ipWoZWQ,42,0,0,0
fEptE7AEC2GQqHJjfzh0qA,42,0,0,0
fEtWwhNKSoTqIWTSEwGIvg,42,0.2529427,0.2529427,0
fExL6u06xTSg13k945IPAQ,42,0.38685281,0.3065736,-0.080279211
fGDiNBxX4XaCPnU-PX_TZw,42,0,0,0
fGSTxgfx1TOFywy34aDEQw,42,0,0,0
fI-iS82j7Qp0lPO2Y_R_JA,42,0,0,0
fJ3iKa2YmdNMOOy4L_R9kQ,42,0.63092975,0.63092975,0
fJhr0G2JBNkfqpbIwkEQHg,42,0,0,0
fKCWtd9xRl3yFv1WseHRlQ,42,0,0,0
fLhc4AVfVOnbQcSqUq1Eig,42,0,0,0
fMFq6WFgYr8FACkLRtZezQ,42,0,0,0
fMg591KP-lXkzQw0uSDh2w,42,0,0,0
fMm9byMvqg7ftyq9s84RuQ,42,0,0,0
fMnpQNa9urGAbVvu349iPQ,42,0,0,0
fNfW1b4VMX2bCzbNMsoY6A,42,0,0,0
fPA2bfLDnZ2iVpW9DhW7qg,42,0,0,0
fQl_sfLGDBAgQgnwDfgYgA,42,0,0,0
fR6B55QeTluwPCCRMwwqOw,42,0,0,0
fS6huoDFOk31wKHVe2H58g,42,0,0,0
fSfegMflm7DHSXUHBOmz5A,42,0.16104283,0.38685281,0.22580998
fU1p12SheMBOgftFlbooGA,42,0,0,0
fUaC1gayXqRTJnF4GqrsKA,42,0,0,0
fVH0f-gFnqno5fss-M-JPA,42,0,0,0
fXHw9UBEjoKOnGlVcpbcgw,42,0,0,0
fY3ELHueVWweWjQ-Q_nSfw,42,0.14434031,0,-0.14434031
fYShPchxH88HJpbJYxgD_Q,42,0.032338291,0,-0.032338291
fYpbP4shUjYLS15tse0HDw,42,0,0,0
fYq-MSwgcg5fowyY0sHROw,42,0,0,0
fZCBT2-px9on2buxM7WckQ,42,0,0,0
fZRxBbhnv7_9bgNcS23YNQ,42,0,0,0
fZSZr6JzflBLV0_DN1MsKw,42,0,0,0
f_CPBJKFAML1XnHxUnf0hg,42,0,0,0
fb9eDPNW21CSbYyOfnnwIQ,42,0.22018031,0.13017835,-0.090001961
fb9oASYqx-Trxj89jmzujQ,42,0,0,0
fcN7Qz23S-9yAEW8E5B7Sw,42,0,0,0
fcxvoLKvWNZR3nPWXdAl7w,42,0.1020974,0.091654028,-0.010443367
fdEp-UKApvvf9wucfQrHFg,42,0,0,0
fdWWfRFIS8ySjdKY42Fqlw,42,0,0,0
fddYwIkLW9hzhEIoTS4J7w,42,0,0,0
feU-fb6Yx8_WdADBJz26Sg,42,0.071235305,0.10778915,0.036553849
fegUHze8ihummWgTzQ2VYQ,42,0.17878018,0.28801527,0.10923509
fft-TzOP7yuDcvCg_O9dYA,42,0,0,0
fgEpaNSxoaamOgGyZQVDkQ,42,0.25,0,-0.25
fgZlHZlG55eyPKe-VzAehQ,42,0,0,0
fgcWUeTHjeN2GD9foHUyyw,42,0,0,0
fgxCCajAwdvNE29xMuKlnw,42,0,0,0
fi1S9w-wAJijOi_YYlJuqQ,42,0,0,0
fjiDAZv5DMfbtLULXrl5xQ,42,0,0,0
fkqQfJZ_Anp_J8F47WHWtw,42,0,0,0
fmMKoIQK307Vztgyk-om_w,42,0,0,0
fnnW9C-K44zvOIg819VPig,42,0.18282934,0.20214615,0.019316811
fnxXONGMKeOF8oMmoCTuWw,42,0,0.13120508,0.13120508
foJm_c8-YY871uQsVyr2LA,42,0,0,0
fofoYDiVaI9uQF3Hw894gQ,42,0,0,0
fosiRqaQ_pGesUW3Yeig7Q,42,0.10858087,0.23463936,0.12605849
fp8Wz5Z5wsblpXQD0iKpvw,42,0.078398269,0.078398269,0
fpzizzHFIv-To2gBy8BaRw,42,0.48522856,0.33916021,-0.14606835
fq0nLWwyTv3mVW-l_OnSAg,42,0,0,0
fqN5tpKlZNJObIZFBhjtxw,42,0,0,0
fqvVczGcHzp1YlgIMnRaBw,42,0,0,0
frGLwZ9iv4dQJ07vl3w7VA,42,0,0,0
frIiDayrnrLs0kZb3_kTAw,42,0.18938672,0.17755005,-0.01183667
frJrxxG4Mm6oYOP8qONO1g,42,0,0,0
frSothHid7o3nAmcxfCBtQ,42,0,0,0
frfA_E_j6YJaJg5-qsnwQA,42,0,0,0
frsPOt8-KDwpD4yVoxCHTA,42,0,0,0
fs5bpfk-2pvq2v8S1De5pQ,42,0.61314719,0.61314719,0
fsEbn77_SMn743MTp3ptPg,42,0,0.14804096,0.14804096
ftIPVahZ98qFdtxdOoQGmA,42,0.61314719,0.61314719,0
ftnxIhMATvcDresRLrfscQ,42,0,0,0
fu7wU5WrMxqwYUN7mvyCUw,42,0,0.039475256,0.039475256
fulmvcKa9nIXhKJDjagI6g,42,0.095506691,0.24297182,0.14746513
fuuhCaOp4qoh8lNjWD_BvA,42,0,0,0
fv-5QhnClMVFQPVmL_39bg,42,0,0,0
fvaGSLyJ3Y8KQKe7f1Vr0A,42,0,0,0
fx3PjKIil6sTTyHGRtS6Sw,42,0,0,0
fzTlgQxguS3V1pGfj_5iEw,42,0,0,0
fzaqzDJuXg8YPxk1pPERqQ,42,0,0,0
g-pTpYfV_rYlC8yhCbidWg,42,0.61314719,0.2043824,-0.4087648
g1RWHlySrOYoCqH9AJrjnQ,42,0,0,0
g1YYZRklnq_BzKdaAaZ5eA,42,0,0,0
g2msNh9EGVSnTdYG8pfEDg,42,0,0,0
g2ow-khD4b3KdaICxrgvCQ,42,0,0,0
g3alcy1r78NiJlVBkgecdQ,42,0,0,0
g3mPWT6ff5U3AmD2MHRp7Q,42,0,0.17723929,0.17723929
g54vHWBC9WftTq1LBKKiEg,42,0,0,0
g56HtkHdwTZ5IyEbYxVXsQ,42,0,0,0
g58N3qGKr-5cJg1Kqs7AWQ,42,0,0,0
g5Wbr_20Jd2dgOISb09z3w,42,0,0,0
g5XwC_XeolxZ-wMsfX6arQ,42,0,0,0
g5rqNyUoJg-kzBx8IR1MXg,42,0.10858087,0.10858087,0
g6PmCZC2Ld48U8tSnvx_vg,42,0,0,0
g6Raa8bzfuWNgs3YeTGbdA,42,0,0,0
g6a7-HvcYUrBVaTEe_V2fA,42,0,0,0
g6fkvvB4o_eRcTsQrvdukw,42,0.71746959,0.71912657,0.0016569837
g6wCTsTC4HxuiqCG9yK6gQ,42,0,0,0
g7fPWlhCztg9xBFpi5NpAw,42,0,0,0
g8Wrs02Za0rkbFTH7rt3lw,42,0.046681941,0,-0.046681941
g90BuzOSmlLCDXbDSpI5OA,42,0,0,0
g9RJ3rbeIp5ZbMnGPqvOUA,42,0,0,0
g9o5-IASNLq-KSKRbMLTbg,42,0.1695801,0.41763449,0.24805438
gAGH3nP7se_wrlA6ejU05g,42,0,0,0
gAM1J6cRGCYdY9QWoJe2HQ,42,0.16569577,0.38944052,0.22374476
gAvuqk1q2uAo2BJzZDLmDQ,42,0.61314719,0.61314719,0
gB7_aM_xC_jVZ0sB5jARTw,42,0,0,0
gB7buT5SEk9BDtsAEiCBFw,42,0,0,0
gC2NfaQ_KzCNXZokxoiJLg,42,1,0.63092975,-0.36907025
gCOh7yykGkDRsG3bkT8RXA,42,0,0,0
gCo0Z-a5bF3w609bd9Bcaw,42,0,0,0
gDJqHKhVB6zEUFZ90Cu3Aw,42,0,0,0
gDPx0buG1jh51Itd1UTV0Q,42,0,0,0
gDSX6mPS0pBnGXN-JoUAJQ,42,0,0,0
gECTGhoToWi4PPxhSlJ40g,42,0.063479789,0,-0.063479789
gEy6iQRCSdjEwzm-TaBAoA,42,0,0,0
gF4l6uxzmELPPZfaap8i3w,42,0,0,0
gF9BKX9fuTPQL-EFvSok2Q,42,0.42831448,0.41253178,-0.015782699
gFbCHlcIDfrEt1wuzWHFLQ,42,0.15130121,0.19092087,0.039619659
gFqz7g0K92i_7DYssVP0Zw,42,0.65524387,0.44686539,-0.20837847
gFt0Z8P8ZndOC-i6YcXKqg,42,0,0,0
gGO-GdRgaHxzTKI3j56F9w,42,0,0,0
gGT_87S1-VOB-Y6HtXl0kg,42,0,0,0
gGW-gPyI8wWkiz9Z7sr3tA,42,0,0,0
gGgFKHjBup0wPNmxJH6R2g,42,0,0,0
gHQLPjTkNuh0a0d1gWjlXw,42,0,1,1
gKJqQ8mjFHtGnfOxTuaaQA,42,0,0,0
gKuqQiRZUCIFBlyJ1xuW1A,42,0,0,0
gLdovZNiipF7NUrhfUxO3g,42,0,0,0
gMSFy0rSacPXNYYQVpB4EQ,42,0.12647135,0.097851595,-0.028619757
gM_zT7DdH23fuUHHz8lF7Q,42,0,0,0
gMfiGKtpVIi99vDlqVgT-g,42,0,0,0
gMktqMh4PIbk6FudOnmQKA,42,0.39038005,0.39038005,0
gNtQyGKf-s2pXNH-HMEX5w,42,0.46927873,0.15642624,-0.31285248
gOwgQ_I3vdFznrMEb5EfhQ,42,0,0,0
gP7rdiBuDGRtSfBfV-oS2w,42,0,0,0
gPI9QQegyALB4fhvaKv3fA,42,0,0,0
gQ8F2voTNXyrpdTS_xJSUg,42,0,0,0
gQoEjCuDP2JQOJspq1RmiA,42,1,1,0
gRGYox73sLg90b3r9xx1Gg,42,0.23540891,0.22767025,-0.0077386647
gRtDkEdF3rg2mbDetBcLng,42,0,0,0
gS4hsRnOvQIn9tEpgOPeZw,42,0,0,0
gShcfDuFLpppnLKv-GSjIQ,42,0,0,0
gSl1k0WfAd6mwu5Ol2pcMw,42,0,0,0
gSxtrtxrmipXW8tYHjHv6g,42,0,0,0
gTeW8C9rnISPqI3IUKgujA,42,0,0,0
gTrPtdmbcUBK4nromLt6UQ,42,0,0,0
gTtpAu4b8Pp2fAfooP48lA,42,0,0,0
gUaYljrISaJ1bSEFG3fexw,42,0,0,0
gX0CnXpgP-pwOQEadFx_8g,42,0,0,0
gXlf3KCkTUF8F1Z36nEVQw,42,0,0,0
gXyuECWmHq6whsQEDiRLWw,42,0,0,0
gYjSqRcUkgLN_c7UPD75nQ,42,0,0,0
gZKrQxAG2cpsXpwOMLvcow,42,0,0,0
g_xvwFsXufyeBVjNFjruDg,42,0,0,0
gb8UDnHlu3XjcjwZryVNPA,42,0.25411884,0.27646597,0.022347132
gbOwc68yvfmAvGoniNpJ7w,42,0,0,0
gcCzq7k3kQNNKZliOLlXTw,42,0,0,0
gcE_SsmngRWALhhRxYk45Q,42,0,0,0
gc_RTl5JgfVU6AdmtHJgkw,42,0.38685281,0.38685281,0
gdE08fH1krgdIykCyWUj1A,42,0,0,0
gdbitELNIkLWmqn3v1CojQ,42,0,0,0
geHVCFog0jxllBRnGfjJFg,42,0,0,0
geKvzk8sZMzB5K6WNqZhvg,42,1,1,0
gejdiQVlLjVuptpC4jC6Eg,42,0,0,0
gfQqQYI5_hCAGEHlHXIz2Q,42,0.33390796,0.33395259,4.463161e-05
gfgmDx2NPT6he--w92mFvw,42,0,0,0
gfhh8Oz7d8Non2KRiO0SRw,42,1,1,0
gg7yc2NySerE0X0XKVLAcQ,42,0,0,0
ggYC7pgQ83A5ymBuCnB-vg,42,0,0,0
gi9AeHdU5170jddacnsX1g,42,0,0,0
gifLZixNqFnePJP1KQl7Sw,42,0,0,0
ginuRaya4wRom3kB91PGCw,42,0.13743817,0.29164477,0.15420661
gjxEOfClIs2IRrg4XvnhkQ,42,0,0,0
gkFTta5Y-0mSUGwdRxXXvQ,42,0,0,0
glYvMIz34SEc3-mkKSM6uA,42,0.13959537,0.16104283,0.021447451
gmCK2ARSx22S_4_RQF9Jwg,42,0.27697036,0.2498779,-0.027092468
gn8iQUt5wNvu7evr92sHPg,42,0,0,0
gnSH3Qk1T3wEnDoy02axzg,42,0,0,0
go1LRb_LsfsIpu3iioG4_g,42,0,0,0
goj5Sx0qGtXhc_IupQDArw,42,0,0,0
goot-ycMTE1ITE9rI0FPuw,42,0,0,0
gp0yzvt-g6YNS3c7AefpDw,42,0,0,0
gpXLAdgNBglNB_DuQ4JFXA,42,0,0,0
gq1NgzN4HkT2-n38D8lswQ,42,0.16812754,0.13012668,-0.038000853
gqimocAPnvr9V-YjYhfElg,42,0.63092975,0.63092975,0
grLPP_5KVbUWKcP6LZaFkA,42,0,0,0
grQxw6o0JGu8ftwDiPEJZw,42,0,0,0
grmiM5BkyKczv-4jRrscig,42,0,0,0
gsLR8zgNY6fouu16A3y8Cw,42,0,0,0
gtOr0JcxR8f3PMR4PVVdVA,42,0,0,0
gu5P7Jxcj7GoqSKGksfm7w,42,0,0,0
gv0coNUFY-fibRwP8IKqPA,42,0.29069672,0.39038005,0.099683334
gvxas5d-rEhZa9_xcicUag,42,0,0,0
gvzS-0QCR1CAgi1wDuuizg,42,0,0.30103,0.30103
gwUNrClCimj5Tk4lRmrPSQ,42,0,0,0
gwf9IhlsBo9bAGbeZQkUGQ,42,0,0,0
gxDLM6O2hdSlD8ud5XX-kA,42,0,0,0
gy2pRLi_i0PtBhVAUryZyQ,42,0,0,0
gyeZ0BtRBQ5C0_lMrCS9fA,42,0,0,0
h-NFrVwhhCvxdle_3pBwiQ,42,0,0,0
h0-hvODz_t70_j7YlOyqmA,42,0,0,0
h0OTWzInglzjRZwXygib0A,42,0,0,0
h0bD7BzzJ4ix6e4VjZRduQ,42,0,0,0
h1YLk3M96ZYaQuMEkyUVoA,42,0,0,0
h1kMMscIoT1Bnk-3a-pW5w,42,0,0,0
h1wKEXFcMAMikSFsJyisCA,42,0,0,0
h2LtQ1s5X20d0yrdqUMJ0Q,42,0,0,0
h2fMWiP7mzjdOC_GescX6g,42,0,0,0
h3KYuVHhr59Q-UFloqhLHg,42,0,0,0
h4CvnY6SMdg_jEuupsp9jQ,42,0,0,0
h4EJcXHPHzgDIGIvMwO5-g,42,0,0,0
h4pt1pleLJfMo1XBhn-E3g,42,0,0,0
h4u-CFz7evIkAQ9Kk5jXKA,42,0,0,0
h5RfuRey9oAJJB-dmwOvuw,42,0,0,0
h5Uyui19iR4ZfiuSz237Ew,42,0,0,0
h6CBkFkvVe1AXtwzz3QKIg,42,0,0,0
h6_AMck7djAmqw5AGZ8rMg,42,0,0.24630239,0.24630239
h7DbYWJyknQfLX9cbwmxJQ,42,0,0,0
h7GlV-dKPHJvJN83BgXETA,42,0,0,0
h7Jt1l6QXalQSa7j12OnAg,42,0,0,0
h8L_oYRfB_fhpwPM9-pgpQ,42,0,0,0
h8SIncN1VOS6p4BDMb4xMg,42,0.38685281,0.1845757,-0.20227711
h8dJ-6jCcobe2HMcES6TCQ,42,0,0,0
h901YPWEBOF-3S952SUIMA,42,0,0,0
h99O47kP446lHkSii80-jg,42,0.27487633,0.27487633,0
h9CC0vN_58Dz70LYEGFV8g,42,0.46927873,0.46927873,0
hA2X9akTxboda17YqbF20g,42,0.35620719,0.35620719,0
hASfWv9EQvd4eKsKflBi-Q,42,0,0,0
hAh8miQTDg91tUZoqnA-5g,42,0,0,0
hBU_5OIzsGVTnNq5m_QEbA,42,0.43067656,0.43067656,0
hBzlZJivyH-FDo2rJJgmHA,42,0,0,0
hCmwWxVKWakZY1gQR067VA,42,1,1,0
hDNJi6OXHgbP0MVjrEkDtw,42,0,0,0
hDNa6d892hdhNYIsKYBNMw,42,0,0,0
hDbkTFmfd9s8pfk7Usk3rw,42,0,0,0
hEsPn8Z8-fHAwOvQYrWL3g,42,0,0,0
hF68a0mpu97u0oaryFYhyg,42,0,0,0
hFL0CsXeJqb7sZN_vTktiw,42,0,0,0
hGLcwdfdSIOfomXgRGxpEQ,42,0,0,0
hGRiCnLg1zAqkKOolWfvDg,42,0,0,0
hGUS_MpjG4esD49WKBLfqA,42,0,0,0
hH2Xc-0QBu9mztsrGYSZkg,42,0,0,0
hHO_13VrZ5YZQqBGMNnGhw,42,0.35027146,0.38895809,0.038686632
hHnzWvFZSM2kAF3w1LdThg,42,0,0,0
hILJ3-JPKMwd1BAPrNC9oQ,42,0,0,0
hImphCrKdXy4rYj7TSZRgw,42,0,0,0
hJW329bPVpqXyh5XmdD5Yw,42,0,0,0
hJWF8jlRJteHDceAwtw15g,42,0,0,0
hJXBiJRNEUHnyLubmlxS8Q,42,0,0,0
hK4_YzsYoQvGYZwmStrRSA,42,0,0,0
hKuFJ_0IcX-nqkgPm1yIRg,42,0,0,0
hLVMSWU-Rl_xNjvLX_lL8A,42,0,0,0
hLVq7VSJBHZwqurwWoCmpg,42,0,0,0
hLrVYIKUgsyNNwyDz2RtUg,42,0,0,0
hMwD1ffKead6Q2dQL_XIDw,42,0,0,0
hNZdJS0qpClBMua7WNp-3g,42,0,0,0
hNc9ICYav-FcOkcKaGBZDw,42,0.18686728,0.18867232,0.0018050362
hNlE1qp-xt98Hqb6q2jH0w,42,0,0,0
hOg3E9BRnXdwPbjHSSGBZQ,42,0,0,0
hP3Y6-m1aA_UZaa4X3T1cQ,42,0,0,0
hPWBomuKWChcRp5d2GAghw,42,0.61314719,0.61314719,0
hPZx8tn2cQXQ15diVLZzrA,42,0,0,0
hQSYK6SLvQyLEFbkr6PBKg,42,0,0.08456676,0.08456676
hQ_eYwA0KkCJwK77T5F2nQ,42,0,0,0
hQjN1FuYaB4pQACZwfrclw,42,0.22078106,0.20711156,-0.0136695
hSBwDy6bQBUsW3M9_QZVIA,42,0.61314719,0.61314719,0
hSEH1zHycmFHlcAsuofEKA,42,0,0,0
hSWcQKAXRrndD6T0gObWdg,42,1,0.5,-0.5
hT2Mw5m_SXBDVBuvA3KY-w,42,0,0,0
hTZu4j_SZsiABuU29sQXww,42,0,0,0
hURhPAvhEcwQ-Bu5hvbbug,42,0.39038005,0.39038005,0
hVPyu7QWaSQgOlz0rppmkg,42,0.26756445,0.25660986,-0.010954597
hVdCVwzzszVWl0HdgXnWCQ,42,0,0,0
hVmFyyFW3JI6b-lYq-HIiQ,42,0,0,0
hWDybu_KvYLSdEFzGrniTw,42,0,0,0
hWGY8i7qaMYdkVhQezXgGA,42,0.084408809,0,-0.084408809
hX9Uza5h-s9B7OKvB6qw_Q,42,0,0,0
hYNjLuAebVKPn5XRuit50w,42,0,0,0
hYaRNmn7pTI5uWDju29OyA,42,0.1020974,0,-0.1020974
hZSWEjV0JAAQ9nq0k50aNg,42,0,0,0
h_2gtzMu36xsjxuWbIuV6w,42,0,0,0
h_nWGXq2vAuAKQpS-vUnew,42,0.3065736,0.38685281,0.080279211
ha5jq3G0RMr2wQ0AGnyG4Q,42,0,0,0
haa2RMAMTWoxNAvlciH-Eg,42,0,0,0
haebF6ELoYWkHcwODPPBmw,42,0.16411721,0.15192111,-0.0121961
hbDC_encFtVnTKzZmjiI8g,42,0,0,0
hcTjjvDdRYMBSHVTnBuNIg,42,0.063217667,0.14678688,0.08356921
hcun7AM77av9jTuYRAAiGg,42,0,0,0
hcwif1bHAD7uwzYOyQC-Og,42,0.27487633,0.27487633,0
hdEm5r8fXhJUFwEbsCd15g,42,0,0,0
hdorMOwOph4ZKQ4T9VqUgA,42,0,0,0
heNA1Zk8KX19bt9p_zn8KA,42,0.31546488,0.33333333,0.017868457
heSD8DBMNMW77Eqi31I9Xg,42,0.089874122,0.063217667,-0.026656456
heZh0WCmbUc5guWJHYi95w,42,0,0,0
hfB5vHwP-2eFOzpEpxtFbQ,42,0,0,0
hfZiJgz6ipKp2oBQbtnehg,42,0.16113186,0.053075771,-0.10805609
hg4jjvY4g3S6UqHHeA29wA,42,0.5,0.5,0
hiPwylkGpsPiNcQtb4IyqQ,42,0,0,0
hj5Ja8M2vSTLgmcgzOW0Gg,42,0,0,0
hj7sIOq8sS52K2jPlORnfA,42,0,0,0
hje3rKR2xYlvxbDCS0e2eg,42,0,0,0
hkrTsoQzPmIE6bZqNMotwQ,42,0.18154179,0.20210735,0.020565554
hlL-bjtW26u6W-74a-Hpvg,42,0,0,0
hlPOotTeYCyd5TQAKpv5LQ,42,0,0,0
hlfq84LrCALma-yHxt0mBA,42,0.46927873,0.46927873,0
hltOHAZKtagEMgpLoKB5lg,42,0,0,0
hmU56cpReAJ4Szn10XiDuA,42,0.039621067,0.034062972,-0.0055580948
hnPTPyh6wNfZe1GxOm21Gg,42,0,0,0
hnQ6sVBJpXQ7vHJ2Z12eLA,42,0.05384557,0.19270801,0.13886244
hnVXeRIxCf6CQc1wcRx3tg,42,0,0.21840744,0.21840744
hoEKtckOR1bf0u8X4k0HPg,42,0,0,0
hogWQi--Ht_Rp171YFky6w,42,0,0,0
hp5zPAfck4u3q5hTga4c_Q,42,0,0,0
hqwg7OQ3bmF0Hxq8yja2kw,42,0,0,0
hs84CBuTvMV4J6ZpvLW0vg,42,1,1,0
hslJT_K_RXvjV2VqhpxjcQ,42,0,0,0
hsu0ULtk6zKCgqo4-7CM8A,42,0,0,0
htKk-h8d3NaZVAQLLJidKw,42,0,0,0
huZT0xpKKeXaX_G-g8bc0w,42,0,0,0
hvEPZ2OiL6g3mEOuGA3zsg,42,0,0,0
hvGspChzUx9daHYImMYDxw,42,0,0,0
hvJga-B55vY-aAQ_t5Fe8Q,42,0,0,0
hvmsseaFq-jcKjyUSlTVkg,42,0.19092087,0.11706259,-0.073858273
hwOGeE4xqrHEWih1mQW_dw,42,0,0,0
hwgGVwGM9karoHqfhM9Meg,42,0,0,0
hwm1TJudmwhIx0yfwWRS-g,42,0,0,0
hwpdZD05Uc-heB4e00WEEg,42,0.25,0,-0.25
hxVNtQuN5B5lMKGhGvEuQw,42,0,0,0
hxndbrPeZiYvZHWT4H0qGw,42,0,0,0
hxzBUgJyk1AuJgsxmlyU-w,42,0,0,0
hy1RSfRa_zu74enNVn2SNw,42,0,0,0
hyEFKkWXCsKZBIcI7keneA,42,0.3065736,0.61314719,0.3065736
hy_GlBc7tn0oWVYQuzv9uw,42,0,0,0
hyv-a2bBQehwaTIeYlKecQ,42,0.35895421,0.35895421,0
hzXK1HcJtF_Y7qCbuyfWIw,42,0,0,0
hzs5bkTwCVzqoQ0Iw2z1zQ,42,0,0,0
i-AimJE55t8VQhXMs8cv4Q,42,0,0,0
i-F7UDrmMhQtNcLK59aA_Q,42,0,0,0
i0L2_PnofKoRgblsM-0IPQ,42,0,0,0
i0N4XE7OrT_jP7mtvJNiHA,42,0.19092087,0.13032377,-0.0605971
i0uSBvSZr8uLBvKfh404YA,42,0,0,0
i0x6MWNiFLQ2cV3aIVjO5g,42,0,0,0
i1Oxr_XAscirXOB5F4Pacg,42,1,0.63092975,-0.36907025
i20Nt0pIUoJpN6Rr_t2hKQ,42,0,0,0
i25GoiDkZFchtwL9JARUpA,42,0,0,0
i350uwKLfC9oDRRf1XZ8-w,42,0.23981247,0,-0.23981247
i3jcM4k0rjUYrnPD-Pg5fQ,42,0,0,0
i5HTNIBhhCPyYzrJOryXbw,42,0.3065736,0.61314719,0.3065736
i5QBMt0ShT2SEBfYYZqJKg,42,0,0,0
i5bMwdSBVY1eC52LfTqvGA,42,0,0,0
i6b7ltjoL7JXAjMWtsZr7Q,42,0,0,0
i6t04ohe_hUhULa1txSOkA,42,0.23463936,0.20210735,-0.032532017
i6taQMvkZCScqW-e-EGrxw,42,0.61314719,0.61314719,0
i7EGytxYPfSgTa8TdI6h5A,42,0,0,0
i84YDhPbxtq9F8ipmtR5vg,42,0,0,0
i9TdF8OaX6SRw8IEit35SQ,42,0,0,0
i9dnGoiHpJ883mEcI1wYaQ,42,0,0,0
i9pHdGTNsm-Uh8dHDwKATw,42,0.30267735,0.22181062,-0.080866724
iA0GzXHIgkDTe6M1tjS_vg,42,0,0,0
iAkAWd6FkCDNhJNBTRjIXg,42,0,0,0
iAn_zPYPo_bFUVN4nlBspw,42,0,0,0
iAznr383xhSezN2xud2BFg,42,0,0,0
iB0uM_eLDvB3hzUdJAw6KA,42,0,0,0
iE82cd9eEwKwwevhKjdziw,42,0.1175161,0.16812754,0.050611432
iEQHAu1sJIkjAgaB0eh1JQ,42,0,0,0
iEmopVOkkLtMVb2MpFgSew,42,0,0,0
iEzH95vnlEpCMqjuQOi0Dg,42,0,0,0
iFPSzu1CQcjDoaXQcvIg_Q,42,0,0,0
iFhS15esm1T13cpbsgEF4w,42,0,0,0
iFqI2jR2N-KryNZ4dwxWog,42,0,0,0
iG8tP9Y1AwVfGOGCham55A,42,0,0,0
iGThcEUFWbh96foi8zrh-g,42,0,0.073363922,0.073363922
iHSMdHSNtub1v9G9sqx0zQ,42,0,0,0
iHSislm3HLyg0Znd-BPILw,42,0,0,0
iH_xg_g9oFSsSC2Z7H7QNg,42,0,0,0
iIMCQ4CZcXdlmgruaO6WiQ,42,0,0,0
iIj1sm78e9ZwyxWbSevBTA,42,0,0.27487633,0.27487633
iJE3RnVcfHM3jsM4I6WFCw,42,0.19813728,0.27423337,0.076096092
iJF0pe09jiYE7BvBTvniIQ,42,0,0,0
iJMDvVg6Mgl43is4XxIKsA,42,0,0,0
iKOMD573kiMJ1UzC0fzZTA,42,0,0,0
iLHyy332Tu4hLvaGA9yq9Q,42,0.23463936,0.46927873,0.23463936
iLX05kzrufY7E4bAmEF6WQ,42,0.47925797,0.48797506,0.0087170894
iMe-BwJitkKSiKBK77_gsg,42,0,0,0
iN5ojYRkP8XIAHOVi4TVFA,42,0,0,0
iNBLonWxx8ibByGJpZtfPg,42,0,0,0
iNXAN6Vgz2RX_Ax-tYrEuQ,42,0,0,0
iPAs2OzjPHeZlRhkZa4VLw,42,0,0.057807,0.057807
iPv40J2SCa-0RCdZisYQKw,42,0,0,0
iQ7aOn6YsNBLuXmKWAtRGA,42,0.10253314,0,-0.10253314
iQHfsx4zaz3n-5EssvYMxg,42,0,0,0
iQRbDXTPhf_84GjqG6YCpg,42,0,0,0
iQsIhLv6dyQDXxdCyORkRg,42,0,0,0
iSe2rooxZ9QVwXnTu1V0hw,42,0,0,0
iSoQ_4nDmHZJs20p-QeLxg,42,0,0,0
iTxe2v2SA8jQXl-kZ3boaw,42,0,0,0
iUdqEMvl2JLzhP5QjDFgTw,42,0,0,0
iUhVPCZCgTaXZ2x5iYlkRQ,42,0.038384638,0.032864971,-0.0055196676
iW2xWp1aiclvfsni7H-2nA,42,0,0,0
iWATdPcMb-fv94UBLXSFsA,42,0,0,0
iWYpLH3KZXkWCQvTNWSoEg,42,0,0,0
iX1msXXgIPXTa6vZ6izCZQ,42,0,0,0
iXMSceiYsJQT0burbNAA5A,42,0,0,0
iXV4P8aiDaPzl7H_Owb6Ew,42,0,0,0
iXscBaXhOhzMGlGCjbdnDA,42,0,0,0
iXyBIcoNCZ9KZgoRVuPl8g,42,0,0,0
iY-H0IElPxnsXx-rjKFPlg,42,0,0,0
iY262MNxieewhtFInDY4Rg,42,0,0,0
iYCIBVEvF3vljTsgBa7RNA,42,0,0,0
iYGt0BtSa9PYQ2AUYLZ_mA,42,0.61314719,0.3065736,-0.3065736
iYtCcBjXaQAALTSBp5Lkqw,42,0,0,0
iZTtgFn4X5ql09L3Jg_KMQ,42,0,0,0
iZZbwVIFOE1GLOkO4j0kDQ,42,0,0,0
i_-uGItWO67aG4jBoqFUpQ,42,0,0,0
i_Wgpe52zViN-iTcWAEqVQ,42,0,0,0
i_ZBS4w36LtjhmJmGukhog,42,0,0,0
iaIwGalVbRYZQrmL9c45ZA,42,0,0,0
ib75TCR2xGLVH3zctj6_bg,42,0,0,0
ibRVueJnYNyxvLBOtArW_w,42,0,0,0
ibYII6UrPwrdAnyduWwGWQ,42,0,0,0
ic-JWW705n5GAsiIEGhkKQ,42,0,0,0
icjh9iTdNKUYAj32ER8K_w,42,0,0,0
ictcdY0LGbBvZuPlhkEWbQ,42,0,0,0
idq2ag6jgcpzBcvjAZvGdg,42,0,0,0
ien-sP_aLl2A96BlW9lPsA,42,0,0,0
ifNaz6i4s95ByPtFf-rCyQ,42,0,0,0
igAD1HvypYBNRbxmW1LL_Q,42,0,0,0
igWmuGCx-iK-goSBmK7iRQ,42,0,0,0
igYkMEOu4NwDD-JRp7FYzg,42,0,0,0
ih5SaH9l3lAe6CBVAQ-Xjw,42,0,0,0
iha6SziczriCl8N12jWJrw,42,0.16569577,0.14704034,-0.018655425
iiycBiDHqMY-QLg6ondA8g,42,0,0,0
ijkuEWkdMKwcyyU1L5boKg,42,0,0,0
ikA5c1rXzscTWTFdePelLQ,42,0,0,0
ikIT45t6zrQQ55JBoozHFw,42,0,0,0
iktppSfxNZRZZtKB96qLvg,42,0,0,0
il64P3G-9k2-8r0UPgzXCQ,42,0.11480929,0,-0.11480929
ilP0sXxd06-Zc_TPyyO0Ww,42,0,0,0
ilsqW1FWTjSLiYuW5hmXQQ,42,0,0,0
im8ZZSw9XsGFLXDrvLlu9A,42,0,0,0
imGQirCh-t_Kftb4U7VuUA,42,0,0,0
imOM0o-SD7f0Cscsmvbc7A,42,0,0,0
in6FMh6fYmzxUUgAUsHeTQ,42,0,0.11731968,0.11731968
inAorlf6vhc1QMkYEIWDFg,42,0,0,0
inYwYq9erPn94KA039x8Rg,42,1,1,0
inYx06D0vuz6MnYDBpYhXQ,42,0,0,0
ingS0cGkImMEpDpl2NPzDw,42,0.079478383,0,-0.079478383
io9ib3Of3h3aUe0lbF1GwQ,42,0,0,0
ioHVGVU55SgL4CNMIsyBlA,42,0,0,0
iomYOtGCrI2ECFEG8sVuHg,42,0,0,0
iovSO6Xrd6Az5Ia2FWCQtQ,42,0,0,0
ip4YfbrJCUArDcb-zN0EWg,42,0,0,0
ipg6eNxagm0xbljbbpKdSg,42,1,0.63092975,-0.36907025
ipz5Yrcur-TZ9w4qPQKmew,42,0.13565197,0.14804096,0.012388982
iq5cvFo0UHJKsW4foWScyA,42,0.20956063,0.14816913,-0.061391499
iqLzp5jQn5Hnp6bxQpMDdA,42,0,0,0
iqVJrIFUVMgdLPEt4uGhfA,42,0,0,0
ism7RcRwOLGHzEZJ2G9DIg,42,0,0,0
itcyGJsassJ0iutr0gBMjg,42,0,0.04734668,0.04734668
itm7J1IWFo3YGBwcZUin9g,42,0,0,0
ivFR170hYEy6IdCkq3k5Mg,42,0,0,0
iwBJ6E_2Q6ybYuoYezS4hQ,42,0.21840744,0.17723929,-0.04116815
iwL0ccbBiNFQQFW-zNg3eA,42,0,0,0
iyOzbo_h56AIP0EdTIf5xw,42,0,0,0
iycy4wfL6zoxpKUSPrbWlw,42,0.14804096,0.12011566,-0.0279253
izIOKXQlf2o3q1qVvyjh_w,42,0,0,0
izWNobWCSPLk46Vpa_3p6Q,42,0,0,0
izbKQPDgGjGhE0uFdI8l7g,42,0,0,0
j-bEZhvBw3tl6iruUQ8wMA,42,0,0,0
j-jgKQJL1670UixfD_fsBQ,42,0,0,0
j0wUc7QIRG6q1hkiyX9jpA,42,0,0,0
j1j0sihFSznI8zlhIp3tZw,42,0,0,0
j1uGBey6CkyntcjlkpOq8g,42,0,0,0
j2uupEhc_4OXbCmF1q4SGw,42,0,0,0
j4enWVEAYz8V33Qc3nP5hw,42,0,0,0
j55HsX7PlvXvBTFpokAwDA,42,0.23137821,0,-0.23137821
j59m8zESozT2K1_-AQBnEg,42,0,0,0
j5gwNYItx2hziZaaUJKEeA,42,0,0,0
j6Dk4auogPz9obXWNWkdWA,42,0,0,0
j6MhudOkFIDNS90rHgAD7Q,42,0,0,0
j6ktXHmVr9rlGBaYd3vJ8w,42,0,0,0
j6ohktF342Oo9lTPz01E6A,42,0.30260241,0.30260241,0
j7gM2jTyQu3EIXVDvZSQ8Q,42,0,0,0
j8DRLjowFEi0tGxAy09RCw,42,0.37975363,0.25813033,-0.1216233
j8UODb7MWmuraUTg9RGcXQ,42,0,0,0
jA2-YjW9ESjDLLqDlbT-Qg,42,0,0,0
jAfujoByoKgESAd-RfhXEA,42,0.1845757,0.3462513,0.1616756
jCCNf8VlDwam9lyP-U_iUw,42,0,0,0
jCSuQQYkVO4eHfcr-zrr4w,42,0.39038005,0.39038005,0
jCWQW5KCYlOwy_j9s8VXfA,42,0,0,0
jEBxFjFNHfD--0cVDSvsXQ,42,0,0,0
jEcSGHkE31zEGt7p_8Mbkw,42,0.50345791,0.50720471,0.003746804
jFKTlyFPFvWyVEk-rRmFwA,42,0.39038005,0.19519002,-0.19519002
jF_vE7-hsuw850zuvr4-yg,42,0.063479789,0.18727653,0.12379674
jFodVxoElzlB69pPTqPazg,42,0,0,0
jG0FZPgfOGKHMgbPumN0Ag,42,0.098039286,0,-0.098039286
jHkKBs7LxpoaPpxjM9pZ7Q,42,0,0,0
jK1_pM6U50seuco7Tvhing,42,0,0,0
jK9vreZhMXrVNBtxp1SUkg,42,0,0,0
jK_SY5ciS1IL82Cf3Ed1_w,42,0.51420358,0.47193297,-0.042270607
jL38_ogeJAXnqW8Aqy83xA,42,0,0,0
jLKBQVdcHKJLh0nusE5sfA,42,0.21840744,0.1845757,-0.03383174
jLxGktuXtIFWFuI2Sf1WTA,42,0,0,0
jLzXLiOvoIk4Q1Qkmt7CSA,42,0,0,0
jMKcvtQn8RVSyXSt2G2iAw,42,0,0,0
jMMX0zfJL9BNki9JnrFnBQ,42,0.090100009,0.12647135,0.036371343
jMNbi2ap9K-4q1_uaxX_JQ,42,0,0.1175161,0.1175161
jOU73K85NeMzBsqwJtfu0A,42,0.26406812,0.61314719,0.34907907
jOgPtY1LdbCNoNoeCLvUkw,42,0,0,0
jOlFTzMi17zNxyVQenBsEw,42,0,0,0
jPLn_QfZbVQZks5WpLccrA,42,0.3235867,0.3578952,0.034308505
jQk3MOrdoT9rKNsvS03miA,42,0.15693994,0,-0.15693994
jQqjOFKcQ3y_qsRDqBQ6Xw,42,0,0,0
jR2Kb_GQ04Lf2ZgO_-rdgQ,42,0,0,0
jRVs6KNh30LgOcAcWttJMg,42,0,0,0
jSx-T-kuO7WHQBTqHwJhQA,42,0,0,0
jTFY6nPeTvG2ffsNsil7kQ,42,0,0,0
jV994QtHdF1k5K1K6M4QEw,42,0,0,0
jWN-BgwCh210KzFUmDi53A,42,0,0,0
jXX-G_goCYZZrLSDY8qXdg,42,0.27487633,0.27487633,0
jXhSMz7KxMixxvcNDMx7Tg,42,0,0,0
jZ7gwktCLMYxTJiN7ILVDQ,42,0,0.25,0.25
jZMG0guBWjgFDgETR-u0AQ,42,0,0,0
jZgihdS6_xxldYg-Eo64Rw,42,0,0,0
jbKi-tS2ySbcJ-ENnZHXHQ,42,0,0,0
jbWWG-7nXAgtRae2RxGKmw,42,0,0,0
jc-K_QFFUfKhv7xCnv9vxw,42,0.16281706,0.078474282,-0.084342781
jcG1-HgxFuk-NzJZWBxjNg,42,0,0,0
jcK6d6xrb_byQxzrBGswFg,42,0,0,0
jd3tZmIqS6yFdB-mTJc1Wg,42,0,0,0
jdAnhCSuzLNZIBaXGreq9g,42,0,0,0
je08G4XiZIJMV6RCUOoZSg,42,0,0,0
jelEhQhZia9FBPsMq0WeJg,42,0,0,0
jfbPuZ_uPB93OaqSZv7YrQ,42,0,0,0
jhDEh1YBOPcqKaRzR0WbAQ,42,0,0,0
jhF2aD1k3Pp6RjgbLzJoRw,42,0,0,0
jiaSrQknZMwyfKm5O3HpHA,42,0,0.15642624,0.15642624
jidLJOEoxJ5-GiEKGpzJVg,42,0,0,0
jiiVEghxAusmeYxw1OYpQw,42,0.19888156,0.071235305,-0.12764625
jj78-kDHKh2lzvKbfUvd3g,42,0,0,0
jjCuneJ_dX81A5jW4pIf8w,42,0,0,0
jjssleQNtIBcS7JNXiB0xg,42,0,0,0
jk5oDKpRerjJ_U5Z8sAz5w,42,0,0,0
jkJJXpzCpuw2xYIM69Yc_w,42,0,0,0
jkijlQdvTYIWFJQWekFY2w,42,0,0,0
jkoQgU0cHqB5j7w0-4ZHPA,42,0,0,0
jm6zCII7rtT6y04csSUUfw,42,1,1,0
jmHCRUxkVf7AUMvUICkJUw,42,0,0,0
jmb-gr1KBlFPQePMWJxVeg,42,0,0,0
jmhG9UJAsdAn9EFjN0WaXg,42,0,0,0
jmmne1DuO3N1G0xFSIYxPA,42,0,0,0
joF9vYIvkCtPaIDHsXXfVA,42,0,0,0
joanms0fTKN3jHyDUeMzYw,42,0,0,0
jofRlWezV7QJpCjBGRXnEg,42,0,0,0
jpY8IGiem6A7kXfPrFv0PA,42,0,0,0
jrQ-cDLTqx-Xjjxb7A-vDA,42,0.23463936,0.26246899,0.027829627
jtb5-3GYQf7gYFN31jg1Rg,42,0,0,0
juR8F3qqhnqDaqapOWnNYw,42,0,0,0
julh_sf_TLtVkl2TRhudiw,42,0,0,0
juoTJ0_8r3ImVTo726qLmA,42,0,0,0
juwXP11YonKnEvleWkmZ8g,42,0,0,0
jvRvgOrKX3jzJvi6BXuFKg,42,0,0,0
jvuiHdPe2wg4Msp_9-IdOA,42,0,0,0
jwYcIwlpFR73DeMhfxt76g,42,0,0,0
jwtTBTYuL8249q26lmJH6A,42,0,0,0
jwyg6Bo4aYJYvJhz-UHbfg,42,0,0,0
jxac2pQOPQvYY32Zk-SM1Q,42,0.23236829,0.20339562,-0.028972674
jxj5xTascQZ01qYfYUiGbA,42,0,0,0
jxvdKemetSt8jFi21K3kaA,42,0,0,0
jyIvWjsYhxMEJRqpNk67Pg,42,0,0,0
jySWq88Y7BE8mru53Ql5FQ,42,0,0,0
jym_vGpElQ1DttwNHSccHQ,42,0.10858087,0,-0.10858087
jyo36hAYLNrmNPZLbXsBBg,42,0,0,0
jyoRTd9KbwzWI16gh8sdaA,42,0,0,0
jzamul6RO5Q2pkq5qSQf6g,42,0,0,0
k-VVZ613e-7pFz9bShf_uQ,42,0,0,0
k0ItOdfAkjrvH7Hj-u7lVg,42,0,0,0
k0PV5GT4lTx-kFdNx89qeQ,42,0,0,0
k0uqCO3pGxQcT-fVUTsHCg,42,0,0,0
k1seducTq2YHpyD49-cVYg,42,0.39038005,0.15101962,-0.23936043
k24QIVcmhhOnv9MCY3dELA,42,0,0,0
k2kYJSZWIiSW_79sFGpz9Q,42,0.23165733,0.23165733,0
k3Xxkt-rplj8-kDpwQ33MQ,42,0,0,0
k3dnhhJaxQl7PFfyEONECQ,42,0,0,0
k3unLq8yPApU4y7JvZ1Yiw,42,0,0,0
k3vleCExr52KzSmzVInMRw,42,0,0,0
k4LF4mv4KXuXbsU-7aKeJw,42,0,0,0
k4NTFS_bOZPkcww5EitoNA,42,0,0,0
k4W4BRYvZemxKJHEOFkCLQ,42,0,0,0
k4XjNX8Mju434hDMli7k2g,42,0,0,0
k5Uqg9GmF_Z_9LBAxjegpg,42,0,0,0
k5iA70JBHhY8ucLXGR0npA,42,0,0,0
k6AwCajLT06J6cwC3SqFcg,42,0.092973323,0.10936702,0.016393695
k6Gl3_OZVEXV7EpJBqKE2Q,42,0.15642624,0.20210735,0.045681104
k6GurG0wmHVyiZGzmxs8eQ,42,0.43067656,0.63092975,0.2002532
k8KZKWtU5P3184mo8ABxYQ,42,0,0,0
k8XYJH8a7VjL4sM_jahXSg,42,0,0,0
k8lsITXfOwBOesuLnFAsyg,42,0,0,0
k9BCIgi9UdGaNkDxBkIR7A,42,0.38685281,0.26406812,-0.12278468
k9BP--nQ45tD6fVDNtn93A,42,0,0,0
k9VvSC6kRUSHBFn6sh4S8w,42,0.19519002,0.13905618,-0.056133845
kA16WmCbqMsU4nwzYpJBWg,42,0,0,0
kAE7vcgafLO5N6WmG2PJVg,42,0,0,0
kCMfy1_8YSWhOF2O6PZSuw,42,0,0,0
kCwKq26mfhmwi8FUDV0ZQw,42,0,0,0
kD52Br_KSfANXJ_p8lY27A,42,0,0,0
kDKWKnb5WSLk1SjLcP84Bg,42,0,0,0
kEQghZ8PcOTdpyL0fF4uDA,42,0,0,0
kEcMLkQwMEnMYsYfUMOXBg,42,0,0,0
kEfG0D2ga4vl0xbIUjZ3mA,42,1,0.63092975,-0.36907025
kEyRH-wIsIw9M7T-pfQZAw,42,0,0,0
kFX8p4NbflPsTLWKYnc0Ig,42,0,0,0
kFyVpGIJKkXIlORaatoBpg,42,0,0,0
kH4MvwDaTNkMnKiU2WjIgQ,42,0,0,0
kHmXUEOAsIbguUrPoX6Tkg,42,0,0,0
kIUDNNr0lCzYZ5WjNjsRAQ,42,0,0,0
kIkw_hlSkANX5_xwwW1amw,42,0,0,0
kItyNkRiDBtN8NCN8JhblQ,42,0,0,0
kJnbLIPdJ6QOu_USBdfuZA,42,0,0,0
kK1VqkVSMkRewP6KP7hJXQ,42,0,0,0
kKPtzymyBkIuRpc7KTQSJA,42,0,0,0
kKncnVGJRsJ8j9UnbqmdsA,42,0,0,0
kLEH7BqR1NSaJZ0yGCdCSg,42,0.61314719,0.61314719,0
kLm3B6LeboEZWX_4otpILA,42,0,0,0
kMQpdrn7N5GEAPtmIxL1yw,42,0,0,0
kNj-CSpMrzSC99fiqSlkNQ,42,0,0,0
kOG9KvVJ3A-FvNx5WILuwA,42,0,0,0
kPu_ZlCwtwInEjdE4PuslA,42,0,0,0
kQE6wYjjph14jrIZttOW2Q,42,0,0,0
kQek0Ft9uFPRuxP9Z3g5-A,42,0,0,0
kQrrTVy2kvuGz-Flv9Htww,42,0,0,0
kRD9SybtzNVuKcpbnXhk6Q,42,0.50454978,0.58898371,0.084433931
kRRyU-jWHu-yiczlupobBQ,42,0,0,0
kRyjFBqU8bt-8NcJOLIciA,42,0,0,0
kSfFD0gNRiuixm0F_bjhAg,42,0,0,0
kTk9ZjSJUB391At76D7ixw,42,0,0,0
kTpsjDUhl9BlRl0FVuNreA,42,0.19519002,0.13012668,-0.065063342
kVQHTSp2YU6Mpka6ZCrPZQ,42,0,0,0
kWBkbLuOFac2HFt3zcltRg,42,0,0,0
kWOApx9Yhmpe1Hj1moA-eA,42,0,0,0
kYDEGwHzWBxyC-R1eo3SDA,42,0,0,0
kYEMdA8erJVUpDOa_XEBeQ,42,0,0,0
kYNtwV_NYUSJDtBXLjjpuQ,42,0,0,0
kY_GzlFxLkXK_2ln4l-l-A,42,0,0,0
kYflv5tITinh4n4solpxMA,42,0,0,0
kYujA4d-zud35Zs2yfoq0g,42,0,0,0
kYyszsVktocplfjPsupZ8g,42,0,0,0
kZGB0vboBRDCjsqcsAjMMw,42,0,0,0
kZS93CWlO0D41iNhFGj9Eg,42,0,0,0
kZ_RstLIIDXqmQkRfO10qQ,42,0,0,0
k_QqFbnVIMkDo3M7bbpSrg,42,0,0,0
kaOV2JYS0-hdGm0ce3AIDQ,42,0,0,0
kauJmG3ZiA-m5u0nPrjb4g,42,0.23165733,0.19698863,-0.034668699
kbFzYCzq9WkmitCXkxsWEw,42,0.63715238,0.56378846,-0.073363922
kc4kn028zSyl7NPvxJ47KA,42,0,0,0
kcLWNtG7gA_HWgiLxzqXtA,42,0,0,0
kccmmpuPbFvTmFtQF9CKaw,42,0,0,0
kdF05ql0bquraoqcTwrweg,42,0,0,0
kg66FxWXqggr1hq4jz86Ow,42,0,0,0
khDfwbNBvJ44CzvWJUiWTw,42,0,0,0
khYCwrUnEY3DkI-F1ahfDw,42,0,0,0
kj-jdhOYqi85101EEu1kTg,42,0,0,0
kjZeiNWPzvVZFWDKW3mdoQ,42,0,0,0
kj_DV5bdZjTLxa2ODGV_Qg,42,0,0,0
kjjsLDsa7EUp8lLKUY3_0Q,42,0,0,0
kjlhPieXBPx7PqX8K4aQ9A,42,0.26630204,0.19635794,-0.069944108
kkHcLQqS5If2ohMvoLhAMg,42,0.27487633,0.17342766,-0.10144868
kkHdxY0j7tU04Y6eDl75rA,42,0,0.13959537,0.13959537
kkKo6_qwbiu9SdZwOv2Rbg,42,0,0,0
kmM10yUMt62-oDNDB8eTHw,42,0,0,0
kmQPHpob2__bYTWs0CVwYA,42,0,0.23137821,0.23137821
kmmqamXMEB0qLIorrS46pQ,42,0,0,0
kmuZJhe2UERaTtIm44Z9Ow,42,0,0,0
knm6obTHwvxH2fMFYEu3pQ,42,1,1,0
knrupsullzWNqkUzGHshpQ,42,0,0,0
knwK1zwTWQylqEvGkVWzog,42,0.10549558,0,-0.10549558
kqhR7c4ZhWhnkhXNHlt6tA,42,0,0,0
kqlXCOXymKHbO_w2kRLPgg,42,0,0,0
ksBWrqnjT6fL6nulF_GYZQ,42,0,0,0
ktCNJpjtIWVSnQRjZT1iUQ,42,0,0,0
ktk1ADOeTUgAjE_Y5bvtqQ,42,0,0,0
kuyawcIRvZE-hjOWUntgXw,42,0,0,0
kwUgEePIpX2ik7FxKr4Bfg,42,0,0,0
kxVwdG68BctSAEYXd_HyGQ,42,0,0,0
ky0awPVmGZBB8wCzbCYz9g,42,0,0,0
kyQKElpkSCDRka7ti72qng,42,0,0,0
kyVJXFsIf_JaHMy51rc67w,42,0,0,0
kyc_Jt9r4Su8liaMa9raQw,42,0,0,0
kynpayfZunwfm8bMR8fRZw,42,0,0,0
kzExLqulSFnd5iBXWyxewQ,42,0,0,0
kzHl-XB5ubTxgoqQbm9yGw,42,0,0.22767025,0.22767025
l-BGQL_dveUG2ab-2KEyQQ,42,0,0,0
l-z55nydXM644W0oVwBcuw,42,0,0,0
l0e_QnB17xqzv5BAFOqiGQ,42,0,0,0
l0oWM0S4wpyGTsKQJ5GWBQ,42,0,0,0
l1BxkplUwWczHNulfYEkIg,42,0,0,0
l2JpmmYO-5OXSYehBvTfcQ,42,0,0,0
l2o_pjuS5T4jEn-8T4Z8KA,42,0,0,0
l3CSbTbrptAz8Jd_xKzqYQ,42,0,0,0
l3ElIU_Wsz16qnBp690mvA,42,0,0,0
l3Xdak0KOMN98PnD2HmVUA,42,0.38685281,0.16104283,-0.22580998
l4GzwJkLRel2kaoKiDEofA,42,0,0,0
l4iQ8z7Q6PFatFx_UUMpCw,42,0.2529427,0.2529427,0
l4xendC5jJ7Zp7OReyL6Hw,42,0,0,0
l62nMXWXyiLqtYrXBGCEyw,42,0,0,0
l6FQna_TOyj3d6C2mCNKKQ,42,0,0,0
l6TG_9SJa9diNH0Eayccrw,42,0.13442593,0.16063731,0.026211376
l6uGXP3qRHuPF97Iv3i-sA,42,0,0,0
l792-VmF1_fax2-h2lmg_A,42,0,0,0
l7dEPxOqm3KAoKBCFgurCA,42,0,0,0
l8YT0FqbvwEzrCH4HrrDKQ,42,0,0,0
l9P5RI9w5AplgAdlymkv5A,42,0,0,0
lA2ClQhpbFx5X-rQYGS1tg,42,0,0,0
lAG123sv99BMtyILjaazKQ,42,0,0,0
lAGVeGUk3LKnIQdrEy0trA,42,0,0,0
lASXNxCyR7wqwgRjh8fU3g,42,0,0,0
lDTZPQtnfl-OfsGEb8jf1Q,42,0,0,0
lDWnAJWWylzSWFL6EOBQSQ,42,0,0,0
lDyu0zxDc0jXR3QAtw_tGQ,42,0,0,0
lE5y0ccZdlQbdvny6PVECg,42,0,0,0
lEFLQEI0qP7QvxqTCtfTQA,42,0,0,0
lEI5lN0QHVRFyHen96c85g,42,0,0,0
lEYdBIixXIM3SJ_D4_ma2w,42,0,0,0
lEklU-0ebR_ZWFs8v5YA5A,42,0,0,0
lFLSuHyr22QfQxr26KkvGw,42,0.24630239,0.10253314,-0.14376925
lG046VqgCpgW_qzOhKmGVA,42,0,0,0
lGZclrwA3HTMRq4iNmRAqw,42,0,0,0
lHJIhD0vQ8xjyHUb-IxByQ,42,0,0,0
lIE2RpoYvF0Cg5jCEBKGtA,42,0,0,0
lIpGqvvmg3glkkK48PHTPg,42,0,0,0
lK6vU1_UCK1owB6VEIOZPQ,42,0.31241316,0.30641152,-0.0060016448
lK7bEhOIdnQWWSvopiBW2g,42,0,0,0
lKtd3RfLNQy8nev7rFPkcQ,42,0,0,0
lLHbU0-h3xeI226SQubrYw,42,0,0,0
lLKBshoFXqizrPt25Pc-7A,42,0.20210735,0.46927873,0.26717138
lMTqYsCmQ780-q_Tm_-LTA,42,0,0,0
lO1ZJdZcQXvtpXK0tu3_cw,42,0,0,0
lOPdCFAkCrEfuc97DxNFSQ,42,0,0,0
lOdZoda6Hq0Wi3RR2V8Y0Q,42,0,0,0
lQ3z8tjSxOvqrWdcKjUlrQ,42,0,0,0
lQ_dbuM6xIthZ63nnd8cHQ,42,0,0,0
lR2CWLz7Y_76WGMl0OeWKQ,42,0,0,0
lRLMfXSoYAErQdnuyFgt2w,42,0,0,0
lRRuTimITgwzoXLIM3g9qw,42,0,0,0
lRa8LUtA5DMrkTu3NpNNlA,42,0,0,0
lSLFvLbgWmvB_nIWsYpW6w,42,0.10122861,0.061734604,-0.039494004
lSxbxkHMeMOqvWAtgxSl5Q,42,0,0,0
lTMdCdU_z-NSZzb-e4ejDg,42,0,0,0
lTxPGJx5PNTSVgQnFqe5dg,42,0,0,0
lTyrc6Isxnu6_yq5v0d5sw,42,0,0,0
lU9v6r4bo6nh1i5z4Z-BDg,42,0.22827521,0.26463477,0.036359555
lUc4LbgjbPniRso7txzVuA,42,0,0,0
lUgyk9vHUmBlt49WSdpD0Q,42,0,0,0
lV17W9GupGzhRizZtbzGSA,42,0,0,0
lV9epgzUWlc53rqkf51XgA,42,0,0,0
lVj6rc7Xr_FCaehzRMmPtw,42,0,0,0
lW9xTvoDyPn2AhreAUjEww,42,0,0.11047239,0.11047239
lWNEBu8S3f1dbYsEdkaV8Q,42,0,0,0
lWhowBlZFOWzWGryS2LMxA,42,0.61314719,0.61314719,0
lXcc2mdDhBRYW1UFwuF4Nw,42,0,0,0
lXnRjF3mNga32LyRiEclQQ,42,0,0,0
lXrzXv1tWbCMh6hPXqcR4g,42,0,0,0
lY2Cfx3fOELseFH0HSG9ZQ,42,0,0,0
lYEHrma-v7DI2aZ-DRxJQA,42,0,0,0
lYtxh-L5yvp41FYXL2r4-A,42,0.61314719,0.38685281,-0.22629439
l_PYlgyZLEnZm4jCp8Gmdw,42,0,0,0
la6VxtOrm0rzw1iAWLprfQ,42,0,0,0
lahQZzrrOG9xxGiqs977iQ,42,0.25324154,0.23150741,-0.021734126
lavyYLh68LxIBhJdIE5f_g,42,0,0,0
lbDYppQgGowSJIeD3xS4eA,42,0,0,0
lbGn0sxC5OuGjdccSoJJQQ,42,0,0,0
ldCg-SHasDf59p-qTPkGew,42,0,0,0
ldrQtLPZzX5RTBMxOy__9w,42,0,0,0
ldtxYghu6OLAMxRkkKh3uA,42,0,0,0
lepAXOBZWyGhLNJhHbT1nw,42,0,0,0
lflWLPxgcvu2rf9-zPyzbw,42,0,0,0
lg0yxTsNyCHy89DAD8rElA,42,0,0,0
lgB93Q5dePzMBWXu_GVHEA,42,0,0,0
lgUHdLdNQlcaUCzkKPVAmA,42,0,0,0
lgUKLRsqvhu4DbM9syzq_Q,42,0,0,0
lh4-936qzBe9z12iwDgIrw,42,0,0,0
lhtWUXD6zQW5UOvUpZCXUg,42,0,0,0
li0KxXvLCZlPD-aZZ6b_KQ,42,0,0,0
liw7-Jkd9Jn5bOIgTRGcPA,42,0,0,0
ljzRGc17tlLoyv9AYEQrPA,42,0.055331817,0.056366853,0.0010350356
lkGB6HVoFe5-hJq3Mp0eTQ,42,0,0,0
lkbY1ahEEW5S2th1yAdn2Q,42,0,0,0
lke1vhsIqio4TaeJFs4bnQ,42,0,0,0
lm2uz_4jZJL1Iz2RDQHKIg,42,0,0,0
lm56NZaqG90rCIq7mdZYgA,42,0,0,0
lm68iuxsqDEZ3u_EkDIE6Q,42,0,0,0
lmJy4OwP_TyHIg8a8Q0RsA,42,0,0,0
lmL1P6wJi0Z8Jg8DTPqawQ,42,0,0,0
lmjaCVsRD9DnBlns7r2l-w,42,0,0,0
ln3R5ujXP_n8fXvRrKxAng,42,0.14804096,0,-0.14804096
lnQyKu1NZTMThnUYGh6jgg,42,0,0,0
lneyam99jHB_ITEyTXT7bg,42,0,0,0
lodcjNGaE1B-lAWfn-L2Qw,42,0,0,0
lp4D-epxES8G-EIGZay4SA,42,0,0,0
lp4n-BGrNB4Mf9z6Lk1R2w,42,0,0,0
lpjmKkdcUo4sjroCawuwQg,42,0.12681702,0,-0.12681702
lpnI226_ekGGvkx2Kd-biQ,42,0,0,0
lrtGPAmDqCFnbfAKiB4NmA,42,0,0,0
lserqDseBmOizRQk8zbU4Q,42,0,0,0
ltVVan0-7G-mQt7QW3rKjg,42,0,0,0
ltv6-0NLK9GweBbRjC9Avg,42,0,0,0
ltzqwSA474YxEzLoD1MVIg,42,0,0,0
luM_UHp6Yc4fdI1yKQZ_Pw,42,0,0,0
lurVw8WAzlEYLYMm8dOOCw,42,0,0,0
lvhpSWe2vae8uTlnf7alyA,42,0,0,0
lw1EuTo6vV_biYruLwFXHg,42,0.3065736,0.3065736,0
lwHDxfX2z2ufI-QuWMmQkw,42,0.24465054,0,-0.24465054
lwUZzdNG-XLlNpivmwcEsQ,42,0,0,0
lwUa756W1t0jX68St3hPWw,42,0,0,0
lxA2xhPoGyEKdfKkR7u7yw,42,0.042758313,0,-0.042758313
lxarBB7Mg2IVGlM7dNukFQ,42,0.23719771,0.26406812,0.02687041
lxkfonZr_y4yeNXKrKIf9w,42,0,0,0
lyxvWcFLoho5AB_GzZmdhw,42,0,0,0
lzKIQNdszz0-EodxitP4PQ,42,0,0,0
m-Pnm53eK4NFW6keiL7yjQ,42,0,0,0
m-cM4C61m6d3iusOS9X1pA,42,0,0,0
m-o1o9E6yTCL8KOIH04ixQ,42,0,0,0
m0Z0H_jPvyA5T00Pg6xT_g,42,0,0,0
m0lZWKBoPifxndi0SLwh4w,42,0,0,0
m0o5tgCVle3anbaVL307kw,42,0,0,0
m1AUK8tI19tUT_N3DMkyIQ,42,0,0,0
m1AysTXG_v2Ig_P0zDJL2Q,42,0,0,0
m1sJ1YBdDp4GzPdrJLCjXQ,42,0,0,0
m26Ymu59nIeZZb5l8PGHCA,42,0,0,0
m39JMmoUjI6cF2E_LP-_Og,42,0,0,0
m3ukIzoOjLso5QUWMNcGrg,42,0,0,0
m4Ba2rsUJ50C2FRpcFtxlw,42,0,0,0
m4F2dSJM3Eu1rRA8_QAQjQ,42,0,0,0
m4KAMgdgkAQtchNh9Ay80A,42,1,1,0
m4egTXIv3nBhvFuVDFceKg,42,0.14804096,0.12325584,-0.024785116
m5ORqgiVvB_JvVAdPQcGhg,42,0,0,0
m5_fH7FmPgrE57YeLTqX8Q,42,0,0,0
m5dvyMpWhuh-a60rq9GzSg,42,0,0,0
m5i0UL5dnbUx3C1A41yoSw,42,0,0,0
m68LrtzwCrdln17GC2e5ZQ,42,0,0,0
m6ePktu2cDs1auXdoIzt5w,42,0.061173315,0.04734668,-0.013826636
m6i-9dPtvEnxotYsvYW3zA,42,0,0,0
m82YODoJKVhLENP-HtdHng,42,0,0,0
m8TgjNnyKgwslHaqNMFtHw,42,0,0,0
m8YRg68_52Vlj1tYYyC6Ug,42,0,0,0
m8y-4w0JpLe_NzkWRGEBpw,42,0,0,0
mAq1xBX7U_mbLpt6mKgOxw,42,0,0,0
mBEv23RpvHhPTGxrLTpN_A,42,0,0,0
mC19ofbbqvBAwOUH3fRHsg,42,0,0,0
mCL0nhYyvDa5a3Egqto6vg,42,0.1130534,0.17937413,0.066320729
mCW8Stba-sMGnR1HlV2M0g,42,0,0,0
mC_BjoGIJbS5XD9BA91CVw,42,0.16812754,0.24630239,0.078174852
mCzZcydzTumzb09sK_IOFg,42,0,0,0
mDBAmEsyxuVTTT70dK-dqA,42,0,0,0
mDib4kH89y4tgR2eSBBxnA,42,0,0,0
mEHR0eMD0ZlhBiVR_Cu0SA,42,0,0,0
mFBnOCP92E6A738_FqYQwg,42,0,0,0
mFU1SzhxSs13QCDcPJguhQ,42,0,0,0
mFVHcixhLASc-qH0RgMLgg,42,0,0,0
mGTk_yB7-pVxvFcEYMc1GA,42,0,0,0
mGbn9P6Cl9FQCwfQWcA5CQ,42,0,0.076143341,0.076143341
mH-NRs4CEzYrQzJKRjAvlw,42,0,0,0
mHjr_jucrxCv7InmDlCSLQ,42,0,0,0
mI5I7bLp7VxBU1JdxkNpUg,42,0,0,0
mJ6yNAm5x5-lyW7mkHmNFg,42,0.19354892,0.050595683,-0.14295323
mJdO7amNT0tb3F2fvr8drg,42,0,0,0
mJqkH2uXFQQyoKfoXMjxuA,42,0,0,0
mJtYMmLcpofP7qBK1DfZQA,42,0,0,0
mKXjxcjG6iAee9DjjIFd3Q,42,0,0,0
mKoQi0-lXExGi8aVQfVPTQ,42,0,0,0
mL5cSWB9cSN0T5jQ2P2Gtw,42,0,0,0
mLIwT3cKR3JUhyt6jmSQ6Q,42,0,0,0
mLMTOW3bWc2BMSdYL_DS3Q,42,0,0,0
mLwKdFW96yof7-6EVgLXhA,42,0,0,0
mM8dZe49n8tMA2L1DRgpRQ,42,0,0,0
mN6RujPNIr9tPkLMj-NwGg,42,0.18996886,0.14606835,-0.043900511
mN8fyBuA6ruTOg7BXIcQ7A,42,0,0,0
mNAVI_w-Bg_Us1gV4Dzphw,42,0,0,0
mNH59fye2BRKxU09AG2qyw,42,0,0,0
mNNDxJQR_LRxblW7m61JYQ,42,0,0,0
mNsrvbvPCwWx9_0GordRvw,42,0.61314719,0.61314719,0
mODp6JlLClGNjgi1KHxXVA,42,0.61314719,0.3065736,-0.3065736
mOSP0qhtAFxmKKnyO8YIYA,42,0,0,0
mPNsCj0_fMuNfxxkgeR1Hg,42,0,0,0
mPnOlm9FEHtc4fcfK6FjPw,42,0,0,0
mRTu_76SDZzmc8k8ll6OEQ,42,0.2529427,0.2529427,0
mRyFuAKSLQKdVvfN850_bQ,42,0,0,0
mT-Cf6OzEmgVWtfBiekZxw,42,0,0,0
mTZnNv-CbLGvqAhzkPDViA,42,0,0,0
mV9CpqMSvn_MFFZoRKqFMw,42,0,0,0
mVX_xyhExZy1keuFMknWsA,42,0.13905618,0.12315119,-0.015904985
mVjgO4DwYzy4_lT6s2Q2_g,42,0.23463936,0.46927873,0.23463936
mVkopn2FcSNOSrirL84v0w,42,0,0,0
mWk-VooDHOr1iyRtyUftZQ,42,0.080419271,0.12946323,0.049043961
mWledV1ng0_cLgwdaceufg,42,0,0,0
mXmx-dkgyxrpxkJCJ95xkA,42,0,0,0
mYDBWALp3m6ccgxec2Q7PA,42,0.22767025,0.35620719,0.12853694
mZQ6NG0UCbeIyz7vQpG41g,42,0,0,0
m_NaIYPKeHzaQcc90sKULQ,42,0.33916021,0.33916021,0
m_nYle8DOEyDddtR4bpgag,42,0,0,0
maSbHZfZzAvIzhu-y5svbQ,42,0,0,0
mai888IdxBKWWbcpN95dhA,42,0,0,0
mbDmR-HBmn310hfijtVHVA,42,0.13032377,0,-0.13032377
mbJA9_yy-JbB1lkteWYD1A,42,0,0,0
mbMFiqA-QG3D-qa_KgzxWA,42,0,0,0
mcEHwmpiCOCFXemb2hIHaA,42,0,0,0
mcSyS5ZFTjNy2kP8ynlfLw,42,0,0,0
mcoDFbdugjc-hqqA-2wHZw,42,0,0,0
mgBV3YmtaEqKmvrOHKQXfA,42,0.33916021,0.33916021,0
mgN3F0ROIHGj_H7RlJa-EQ,42,0,0,0
mgisYq5lSAjWtJiXL_obOA,42,0,0,0
mgmWP0xb_ng5MEA7FAmWjQ,42,0,0,0
miGhlCIj5yAv_aHElvQslw,42,0.38685281,0.33333333,-0.053519474
miezoBzEvncTmHU58g5HmA,42,0,0,0
mivYt-sr0OyYsnwpLFuXDg,42,0,0,0
mj_RWh934Y4TJxIZ_rvnog,42,0,0,0
ml-rDgT9FAz6G9UlpRPwIw,42,0,0,0
ml1AQElm3F1QCb0a6AJiKQ,42,0,0,0
mlEZTSkIQTXrEbOdsWq26w,42,0,0,0
mlTN5YVzzSk0etZFuD7eRA,42,0,0,0
mm6E4FbCMwJmb7kPDZ5v2Q,42,0.46927873,0.46927873,0
mmXl5IhUqUZ1vkmZC2edqQ,42,0,0,0
mmi63Hg9BmgbUCditaGrkA,42,0,0,0
mmwuy8xa_qck0r42nPX8Tw,42,0.25595802,0,-0.25595802
mmyYz-xiAO-tXqGSfyFJqA,42,0,0,0
mmzwk7j9-nYppgbJG0nU8w,42,0,0,0
mnpFeD_4TDSc9VvlzEHhRw,42,0,0,0
momZW_ekJwAOPoCvFiBWoA,42,0.61314719,0.61314719,0
moz1VXqvaWzVjVKaAFO8ZQ,42,0,0,0
mpKZeBrIiXBTPJaWxloZ3g,42,0,0,0
mptaaXQBQ6b54LlHLooiag,42,0,0,0
mqhQc_J2AAH9y_O7Pd-8ig,42,0,0,0
mr8Wol7FgypD_CmboU5ToQ,42,0,0,0
mrbVjIfH--MlmAmrqLzoAw,42,0,0,0
mtSqqC0I3sD8C0VikZ2uJw,42,0,0,0
mteaS2dSVgQNlMf9xvgF0g,42,0,0,0
muOlT-uQrShoN1Qi610DWA,42,1,1,0
mukbs7Bj65O2fIVMi935nA,42,0,0,0
mv5r2Ixz67gUp-KRiPrE5g,42,0,0,0
mwHk33BsGV3Pc7fXAhcZ0A,42,0,0,0
mwNWXxPqG7uB6RLAuZ7Jow,42,0.21398626,0.27657324,0.06258697
mxeq9l3IvlqFbzgVycn9Tg,42,0,0,0
myMt8frtYZ2nrEdoI9G5CQ,42,0,0,0
mywz_VROZh9Le1Lw55VsqA,42,0,0,0
mz9eb3kuvovZ443CxTOVgw,42,0.1130534,0.13120508,0.018151676
mzeZleZ3yvr_lpc3Ku5QEA,42,0.048928959,0,-0.048928959
n-KG9hT4eGCgdcnQP8qMIA,42,0,0,0
n-MC3UtTTynTPSnvw4Ju9w,42,0,0.23981247,0.23981247
n-eqEznsIaunXMkulA6glg,42,0,0,0
n-r14HfcTMDBQHxnsljqmQ,42,0,0,0
n0GJcpRu_GNqnuqsOaRFbQ,42,0.21840744,0.16569577,-0.052711671
n0Qbz7LaA0r46x-N2gPXxQ,42,0,0,0
n0amJ0p8b9pCfPcEACYwLg,42,0,0,0
n0iUkClauyyGApcTowCx5A,42,0.14829723,0.10122861,-0.047068622
n0qe0uuU9He-Bc30rKmmkg,42,0,0,0
n0qjtA4hkVRD6axmVUUi-Q,42,0,0,0
n26DdD4xHMHbXYpy5FT-sg,42,0,0,0
n2Ai17KWWCSQeo2u-NDq_Q,42,0.086810776,0.1208113,0.034000526
n2DZt4d_zcyfIvhwhVlXVQ,42,0.044808644,0.075623283,0.030814639
n2RSuHvwCzeTDUMzSDnFdA,42,0,0,0
n2UpKhkU2N-66a1QQzrjYw,42,0,0,0
n2ZbJXzQO4OBRFnNgTHScw,42,0,0,0
n2h_Zw0Oi4JouwAttXLJcw,42,0,0,0
n3Gg5mIokBirc8s_unINnQ,42,0,0,0
n3U7fV0TohWMywEqkgXUHw,42,0,0,0
n3aKJqRTJM8JjrFn_l6NwQ,42,0,0.067088464,0.067088464
n3u9tSWz1FZbrIU8waahnQ,42,0.24544742,0.24544742,0
n45wjLDcYb1oE-GOOc58gw,42,0,0,0
n63Fr8cQP5766ZVExQcK-w,42,0,0,0
n6fyzuFm1cwb_Q5y4A_quA,42,0,0,0
n6iqHi7uYpFgzDg1Wj5rCA,42,0,0,0
n6mZiu2THIak73c4-1xa-g,42,0,0,0
n8Ihks7t4EhNC3FrfbEoOg,42,0,0,0
n8MSZSy0poq7TuHRJcs_Tg,42,0,0,0
n8TgUTVW8J6oZNYEKar0fA,42,0.12647135,0.15958908,0.033117726
n91RA9TGj-_aZZ2HM9q4xw,42,0,0,0
nASvf2p4PtAPaxDxqaapOg,42,0,0,0
nAe5USXtIe-o7Y-7J0tHlQ,42,0.31488013,0.22009177,-0.094788364
nBOOcMnJgf5DPKjCEUSIDA,42,0.39038005,0.39038005,0
nD8Cg2jQdPFitx1MGGBRVA,42,0,0,0
nDVaE1KQ3QSeY645LkrHNg,42,0,0,0
nEBR37gei5qGg4FNQQZt9Q,42,0,0,0
nF-p2LxfYtkRrlz9NNrgOg,42,0,0,0
nFMtiYWsrEt6_r74GuFimw,42,0,0,0
nFwIfRsPVerLGKJpdg_hUA,42,0.5,0.38685281,-0.11314719
nG3Mek6QUuC44ej8hMnTxg,42,0.63668244,0.72700788,0.090325438
nGBYFOdUMJSwui-i5WYtGw,42,0,0,0
nGqmdnQb_xUHNcPheQbwtg,42,0,0,0
nIPN01gVhKTaWoTZtjsKfQ,42,0,0,0
nJlmXNwAIjr4EC3jKW_Klg,42,0.26264954,0,-0.26264954
nKa_r2ajf6YCELH2qmckrg,42,0,0,0
nLTUExV7QL5OttVMCfSfSw,42,0,0,0
nLezkM9TRDnQNaU0l4GJcA,42,0,0,0
nMbmtja7SwJMZ1c_a81sKw,42,0,0,0
nMlN5rLd_RONhgxQy0jgjA,42,0,0,0
nMni4GyAmdEjpW0dcIxyKg,42,0.61314719,0.61314719,0
nMw5xm9h6xFXdsNbG3b80Q,42,0,0,0
nNAQB5vNEldNlbdt3jLHwQ,42,0,0,0
nNGYRSkY8Oid6Of_SFMWuA,42,1,0.26264954,-0.73735046
nNm9RGXQgnVJ6ypbBgc20A,42,0,0,0
nO-7V8QTKmgnL-9gLYRjCQ,42,0,0,0
nOhVFMv2TtV3hjjXqpFgaw,42,0.19519002,0.15101962,-0.044170407
nOr3_aq60yivqgcso_iDMw,42,0,0,0
nPGtW8JHNb7Fw6KAUV3_rA,42,0.19305051,0.34915841,0.1561079
nPXVprOV3ioobtAc_s7-CA,42,0.38685281,0.38685281,0
nRBuwri2nzmFHUdOX9xO1Q,42,0,0,0
nRpUQsLfGWBJ8u7gcj6qzA,42,0,0,0
nSEKWE-AXv_GI18jIxNOig,42,0,0,0
nSOf0NLbCxggtojX-BD0tg,42,0.19519002,0.24630239,0.051112364
nTpyI1VOrjrF5u7BPd1cyA,42,0,0,0
nUXwfzh2r3laqaEMwCPAgg,42,0,0,0
nVETQCSxAK8p_5zMQppIGQ,42,0,0,0
nVRPACH_wNtFNWANBUXSnw,42,0,0,0
nVSWhxT4FKDV4krM6i3sNw,42,0.26736906,0.35629704,0.088927975
nVrsQkDOFNiU4ol5Sk9JSw,42,0,0,0
nWausiX02FIL5yv3Zts4Mw,42,0,0,0
nWwh7DwUeNN4-3fEUlpD8Q,42,0,0,0
nX0AlE895Bb_-X0enB11jQ,42,0,0,0
nX6ctMcGXc1hki9Ps_fQHA,42,0,0,0
nXGeCTztgEaKCqdK4M6_9w,42,0,0,0
nXHcBe38meR4CV5Jr4QxiQ,42,0,0,0
nXMMoDzXRByQiWH9cf-FAQ,42,0,0,0
nXOQUWgqXYhYnL6EbWY32g,42,0.35895421,0.35895421,0
nY1402fR_FWwNioXfkqQnQ,42,0,0,0
nY29vdpRYBemkdcNs26kJQ,42,0,0,0
nYXjXuFswfovytDQCcxN4A,42,0,0,0
nZUohand16Mi_PvRvhuRug,42,0,0,0
nZjDiwDqM5LSR1j2IYx0PQ,42,0.23981247,0,-0.23981247
nZnIBpiQpB-OFhpEo6aO2Q,42,0,0,0
nZpi0aZclYjq0SWtGYeDkA,42,0,0,0
n_KzNZXCU8j3cQD_SfxMjw,42,0,0,0
naKJ_QWnRoD3GRlm5Ggjfw,42,0,0,0
naNuJE04B2KABxsQrno9DA,42,0,0,0
naz-juMTb07fQ6s3Hd66aA,42,0,0,0
nbLc7poIXelCoxdHrfWc0w,42,0,0,0
nbRv3XDfKLTRCEd3-vdvpA,42,0,0,0
nbpJ4_z3L919M3lCRERU2A,42,0,0,0
ncV3D4quNNIzM4_AiISRbQ,42,0.23540891,0,-0.23540891
nd3J4ng39EnLN5nAiafA4w,42,0,0,0
nfDxw0duXMyPbPIjICYtmg,42,0,0,0
ngz11B9sz8dJhA5v9F8phA,42,0,0,0
nhWYlrTiNUXVouuLd5Q56Q,42,0.37541548,0.62405052,0.24863504
nhlQ_QOz6Iedwvaa2ztFgQ,42,0,0,0
niEo6IS7Bi84cICjy33uOA,42,0,0,0
niVlNMVNHYJ8euskuIP0dQ,42,0.61314719,0.61314719,0
nihpn-qhbubNMHpi4laU0g,42,0,0,0
njd6EX0g8zZhxDuco2k8WA,42,0,0,0
nk16MnzTrWrU3f0n5r_eag,42,0.33333333,0.63092975,0.29759642
nkFczNcgKJh9BetHTH-btQ,42,0,0,0
nkP9kZDn1v3qEn-RoTvVnA,42,0,0,0
nkYWfdBJtQzb3UeNIwYejg,42,0,0,0
nl1wx96aJiRwPChw1hMOjg,42,0,0,0
nlN2c8Ji9JQvs6fveKkWMw,42,0,0,0
nlPP-AFgRZMaNFKaqRhCuQ,42,0.35620719,1,0.64379281
nls8l7SodeL6Bgpf2OYqyg,42,0,0,0
nm4tRAo3sKZQ5HyLo28HJA,42,0,0,0
nm6rVuEUUjaxjC5K0bvlWg,42,0,0,0
nmZh1hS948QbD7FunGi8eg,42,0.31270613,0.52943623,0.2167301
nn-xUz1yQdB9t9R3imccJQ,42,0.85034491,0.61314719,-0.23719771
nnwBdqGHIAJQ5QX9lHOtrQ,42,0.43376655,0.50874031,0.074973756
novFMPBgjicGHqNW0LqMmw,42,0,0.093618003,0.093618003
nqHmFx837BIlsYNX5LsR4w,42,0.082746021,0.062581163,-0.020164858
nr35WjC-YI0dFcsnW33Szw,42,0,0.072567831,0.072567831
nrcN1JYp4hbeE4O5Rf1tag,42,0,0,0
nrsluaI6yJ3T0xXJKt1phQ,42,0.1068408,0,-0.1068408
nsK8-mIUND_iQBAgRroQtw,42,0,0,0
nswUC3PmWsuOZQ4HjLZBlQ,42,0,0,0
nti0EhLYrCKhXzJx425Oaw,42,0,0,0
ntqURA0yzrFadofEZNwIyw,42,0,0,0
nuM0nR-VK21pbkb3ShclBg,42,0,0,0
nuPB8UJO5qZ3h61xSh5xFQ,42,0,0,0
nufBzzQSCg8NkigpeVU3Lw,42,0,0,0
nuvixCCU_r7lxOurci_Dgw,42,0,0,0
nvdkt-r6z6rHIAHuGp3wiw,42,0,0,0
nw32o5US9ftfInBrLcfVQQ,42,0,0,0
nw45oaStBbi85yGojhtyTQ,42,0,0,0
nxNO7_6U2Nu90v0IdnEhIg,42,0,0,0
nxbovs2Kx0L8FqaUcttJSg,42,0,0,0
nxbuUn7tn06-jz9_E3MN-w,42,0,0,0
nygK2B94V6xZcQLSKtdY6w,42,0,0,0
nzm6MM_2mc2TN3EyiceqvQ,42,0,0,0
o-kbNSZILWSsmoI_gugzlA,42,0,0,0
o-sCs60rqW75uPlXhyS0Mg,42,0.46927873,0.46927873,0
o0-CYTDJkQxYBU4CCxlcyw,42,0,0,0
o1-Flue1EoUvRsOR9cDRsA,42,0,0,0
o1qKg96vRCR-NL7O5d776g,42,0,0,0
o2CzlUJZn1mdlbWZRNK89w,42,0,0,0
o2QMhwNV7QOX4e7JPNFYpQ,42,0,0,0
o2_HCDhJ8-LLdRSoTmEBbg,42,0,0,0
o2j99GOYL3Jboelb0w5ntg,42,0,0,0
o3-GL3bS4MVoTVsax7-dVg,42,0,0,0
o4gRgCdVSRUK4f8L0sJBtg,42,0.30363139,0.32514402,0.021512625
o5Ge7vHonm63P8nYvmNiYA,42,0,0,0
o8NgSyF_970zpXvlC3uD4w,42,0,0,0
o8fbYsa4qKZGea2y4H2wBg,42,0,0,0
o95o0pMRUK0noCAa5KA9yg,42,0,0,0
o9WLfM70nHrBKgk1xPKe1w,42,1,0.43067656,-0.56932344
oAInL2Ci-_BUa7SGIMWA_g,42,0.089617287,0.14204004,0.052422752
oAov5erInFJgklxHJjYHuw,42,0,0,0
oAydR_WIcpPny1c6GYCv-Q,42,0,0,0
oBQZfFdCLFWLW4m2iRr6Kg,42,0,0,0
oBWeugfyhx2gLQWzDWfGZw,42,0.097912925,0.097912925,0
oBcJdr1C-oZE5uOfFP-E3w,42,0,0,0
oC7bEpqUCWkgtUDoeayrAg,42,0.43067656,0.43067656,0
oCnLbe9OGnpyQBY4E90bVQ,42,0.30103,0.33333333,0.032303338
oDo9o0oxE3_4U5Q8sPNAmA,42,0,0,0
oDuMcQ73TF60-TuWDu_GUQ,42,0,0,0
oEy9d6dUDYNjeTjJ0P9y8Q,42,0,0,0
oFhn9LfSXwfpvrcO8RfP4Q,42,0,0,0
oFuZcJakXnNJinl5B6q77g,42,0,0,0
oFyG8q1n83o6GlAEaVWktA,42,0,0,0
oG4n_XVtFl7y-A5v0x1Xew,42,0,0,0
oGRSdCk8zAPNMSGTAtkkpw,42,0,0,0
oJpiRod1fOIbgKHchRlRpw,42,0,0,0
oKz0QvPS8kBDNNlT3js4pQ,42,0,0,0
oLCsUI2hkHESGCMfeONr5g,42,0,0.077216688,0.077216688
oMcmerArbeL0OOEZVPMeuQ,42,0,0,0
oN2GmKS7jRjunWGNkI7Qzg,42,0,0,0
oNNL-ykTZx5S-xf66SOVjQ,42,0.14204004,0.14204004,0
oN_3pMGXz9xprDgFyghsrQ,42,0,0,0
oNhpUe_tO5LB656VcQIhvw,42,0,0,0
oPIBTyB8slqBdJAoE3RblQ,42,0,0,0
oPtjAFyz9fACz4nwRH-4fQ,42,0.18890817,0.084790051,-0.10411812
oPzrAcYobZqKzwPOWvU2KA,42,0,0,0
oR7RloSKHbZOCz-WlT1fwQ,42,0,0,0
oRCYGVVt0yjTd-vvTyChhA,42,0,0,0
oRGRgWhbc02JHPWG_wbPVw,42,0,0,0
oS8546qX17-BKf7R30KeAw,42,0,0,0
oSAyAIf0vEel_c3dlAKp6g,42,0,0,0
oSml-KJ3vWDGZqqNGkZ_GA,42,0,0,0
oTT3TA6ThnYlF8ZnlbVd0w,42,0.15805254,0.14532424,-0.012728297
oTVST7CTfms-7RFrX2QFHA,42,0.10253314,0.21505014,0.112517
oUQZPfb78DcYMq1fX4S_1w,42,0,0,0
oUpcqnjo3o6x52MUzDJlfw,42,0,0,0
oVitRcmHwrvJRqbj4bcHBA,42,0,0,0
oVjEx-bNbs2JI1AzBIl_-g,42,0,0.13090199,0.13090199
oVpfBZDeqa9GxC6RfzL3Xg,42,0,0,0
oVrXlRwYMA7v-BjWsGLTkQ,42,0.1418689,0.15693994,0.015071043
oW310mDidejIRAPggwIAzg,42,0,0,0
oWTSh_iL0BDgjMRgU4jvQQ,42,0,0,0
oXpxSVp-VbvCQE51QsWiog,42,0,0,0
oYnHljVhhiGue9kB25SfBQ,42,0,0,0
oZG3IaSr-QdgK2B-ZJd51Q,42,0.084314234,0.12647135,0.042157117
oZMVahaKX1x4R_jIMTOi3Q,42,0,0,0
oZljEdVN-QFm4XNLoSKDGQ,42,0,0,0
obAksk0tLwmo6Vb32fOgQQ,42,0,0,0
obYPVyRaBQqI4-OjtWqlVA,42,0,0,0
ocFniU3muXVYiwB-ieuMHQ,42,0,0,0
ocwdUZZoZs00n6Jd0c3cgg,42,0,0,0
odpWD4GIyvlZG6PuWqLl0g,42,0,0,0
oe-CFCZFeGBpyhTxGin5ow,42,0,0,0
oe5TR0JgXgelUfeLcCimVA,42,0,0,0
of1f4jdoUZvkW2D2w2WfeQ,42,0,0,0
ofJT7inmiJelNKCoajp1jA,42,1,1,0
ofqpwiC706uCxPuhHBYZaA,42,0,0,0
ogjYdqBDiOrZQgFKBvoTEQ,42,0,0,0
oh8jhxBjzl7x9WUh8xHsyA,42,0,0,0
ohUC4ZSIX-jxZ9JpdCvQKw,42,0,0,0
ojWY7qMhC79QV29lO0cfGQ,42,0,0,0
ojiN3u-8CVBPBisohY9_5Q,42,0.21183382,0.20321336,-0.008620464
ojxS1v-8nUvEEx4DlsPQrA,42,0,0.12742826,0.12742826
ok3sseiioQlxtGSGb1H1zQ,42,0,0,0
okPC6jSaVJEtbScW3cihFg,42,0,0,0
okR3xbPWxoCb1reO1T3Ojw,42,0,0,0
okkWvjg9is-5LGYGSZXLwQ,42,0,0,0
okunlZ__2eM0S4xa7Jb8PQ,42,0,0,0
ol1-wTIfWfhKZ31vtQPSnw,42,0,0,0
olIE9j5IefCu-stQoSUlDw,42,0,0,0
olrbv25TwaJOjV75AYfEQg,42,0,0,0
omLHnp1T7C9tVLfITli0lg,42,0,0,0
onMl5E4xXuYU2PI_k1yH7A,42,0,0,0
onTfHjnJMVlyzELEGT0c9A,42,0,0,0
onXxga1bCwkDtFMgN7Pzkg,42,0,0,0
onvQWG0D8mcAJvZRUqY8hg,42,0,0,0
opqWdxIOwuYcmo-PZvNS4A,42,0,0,0
oqCtfkf3IcwLF7A5iLlxlQ,42,0,0,0
oqQxCJ2nYOfkBidxSqMkXg,42,0,0,0
oqcmJZXPgjA0qMlFkjTF4A,42,1,1,0
oqonDf_ooCCNCgGeZgNh7A,42,0,0,0
orsGwqZsPHTQ5YgEfa4AtQ,42,0,0,0
orvJ8m2dLCfJojObNUcsvA,42,0,0,0
osKslEr2bzDO0Ah6tnZzIA,42,0,0,0
osOel5O1I94_xKwgaAWu0A,42,0.1532868,0.14434031,-0.0089464838
osXzXSSdIg7F4BBVqZY_gw,42,0,0,0
osdeS7I26qJhW2Qz6sJLzQ,42,0.35620719,0.30103,-0.055177191
oszjgx27qBjO_11jVx21sw,42,0,0,0
ouF4mCJFbrk0_rMvb8qT8A,42,0,0,0
ouODopBKF3AqfCkuQEnrDg,42,0.18835392,0.19089615,0.0025422312
ouWc7a4HTsdJRdy1YFnSBg,42,0,0,0
ouiM-3pVnOGzjnl72oCwbA,42,0,0,0
ovS01jAmR82MZsFnQWGAgA,42,0,0,0
ovwXBx6ZwGWgRLJkrat-tQ,42,0,0,0
ow-Xzd5e8gMmHG4Du5SBQA,42,0,0,0
owh2dgbzDokHiqqWxUpA9g,42,0,0,0
oxJJ0N82GFZeBCxBi6vH1A,42,0,0,0
oxaaYd2vAa0ezVvoltjlkQ,42,0,0,0
oxl2c_qQ9GrXkq8SMoEoUQ,42,0,0,0
oyXlYU31-EefXLgORF5pIQ,42,0,0,0
oymQgQQWGOKRy4430A0Stg,42,0,0,0
ozUHEpWDfRn7IKqluK503A,42,0,0.25,0.25
p-3GcxiOW6NDvrFq3Z0HVQ,42,0,0,0
p-3grx8aw9eowG36jkouWA,42,0,0,0
p-ID8148nfDiD5UYswAySQ,42,0,0,0
p-iQfPW42ldSnORO0EHIGg,42,0,0,0
p-sXvw7CzOH3MBtBRwmbhA,42,0.094606347,0,-0.094606347
p0TstOsc3Xsl_TJ3RpV01g,42,0.12647135,0.097851595,-0.028619757
p0iqVyaUv_mtTi4KlOxCUw,42,0,0,0
p0rL4knqv-o2_hzlpCSzSA,42,0,0,0
p1EiD_VGJfAQwo543FmQog,42,0,0,0
p1F8kQSDf8eaV7loRvZDOw,42,0.21840744,0.23719771,0.018790276
p1pg5NleZVUO_hcOgiNMmA,42,0.5,0.43067656,-0.069323442
p2U71qwAUSj2spNSS6Qn0A,42,0,0,0
p2qsU49DvbMrcG_nlejnuA,42,0,0,0
p3V-5BChEeC6eWji-uquQw,42,0,0,0
p3yFKLydopDIpClyr0tl5w,42,0,0,0
p3yJEAUEBcUF4WNBciy5nQ,42,0,0,0
p4BYmpS2V172HDAs0yek2g,42,0,0,0
p4uIMhZB9WO5a6hD71ZrOQ,42,0,0,0
p4ubt9o_zQBzy3xK6aOkbw,42,0,0,0
p5dlns2jXo24nvE4cdHnyw,42,0,0,0
p63ErgXqff3qU3ubuvcwBA,42,0,0,0
p6D7zzs3nu12aVWdyp7ihw,42,0,0,0
p6RurvWCPEqR8PP4siwiVA,42,0,0,0
p7sjXws6YaPweIJUC0_dNA,42,0,0,0
p7zBtAxvVeMt7HvPCohMdg,42,0,0,0
p8fQgjXipslPXEk1_B1jWw,42,0,0,0
p951eClfn_bx4Is3IB6tpg,42,0,0,0
p9kRneOo9-7MWttZiNFK9w,42,0.078792135,0.060961918,-0.017830218
pAU6Rt5Gxc7tAZPT0CukJQ,42,0,0,0
pB3hPVfzTXNFHMx8JC_Y5A,42,0,0,0
pBPc0ingZ7ryynu5Y7ON-w,42,0,0,0
pC0tjsVBier2y-6PmfslCA,42,0,0,0
pDF6x0s9b5ONCaUwrv4xrQ,42,0,0,0
pDmz4d4_JrBIZPvTpyG1LQ,42,0.24465054,0,-0.24465054
pE4rk3ia1xAElYILJ05GNQ,42,0,0,0
pEoPOy9FUoZlUJXgz_pggw,42,0,0,0
pGmbV55YLG54t8r1W4F3xg,42,0.089617287,0.089617287,0
pH7Dv_jdxcKmSoEdR76Rtg,42,0,0,0
pHljbVBfwORKse5NWp3q3g,42,0,0,0
pJP5XM4_FVnCEYUee_5Bgw,42,0,0,0
pJWK3udsDI4K1MIAPgNfcg,42,0,0,0
pJbUQc_Sgy5zEUrzjhmXsQ,42,0,0,0
pL4gS-6ghUTjfEqvWy_eFA,42,0,0,0
pLZIZXIebqEcrX7IVKoJRg,42,0,0,0
pMMTFtJ6BONrrNDOGs9rhA,42,0,0,0
pMQ0U71uXjpRJuV6eR6kqg,42,0,0,0
pMvitqg3Edrwdj2iaKYZ2w,42,0,0,0
pNKimXVue7vJD52OwO1xLQ,42,0,0,0
pOCuiGKW_lOHpzQjEH4N1w,42,0,0,0
pPr5MRSj8QiB2F2vg_QsAA,42,0,0,0
pQCkVflo2_DaZMWCbRuDig,42,0,0,0
pRc6n68xro4SCdOPIw9ucQ,42,0,0,0
pS1t1DR-qcR-37v-Y3LDKA,42,0,0,0
pSWOnbQ6GfrQEiNFakCKkQ,42,1,1,0
pS_q49s_TOaF0TkLbThjcw,42,0,0,0
pSk38npo1ZGsD3uILOQOkA,42,0,0,0
pUNvLJwdJIOemOgU98mp1w,42,0,0,0
pVx_nWcROmwegfr-CruQZg,42,0.068719083,0,-0.068719083
pWhaWrBMYyykptjvCO_60A,42,0,0,0
pY14pb59PNCvaSWPFjYTqA,42,0.61314719,0.61314719,0
pYaCbN49TO3Kaay7yZzxug,42,0,0,0
pZ3sVJNckofgIbvPjm5CEQ,42,0,0,0
pZ8OAkVFcl1lQVWztcno9w,42,0.14126697,0.13565197,-0.0056149994
pZQDbsJy9eJG8RyXwFcGNQ,42,0,0,0
pZeGZGzX-ROT_D5lam5uNg,42,0,0,0
pa6glQGbGNFP-FZhITV0pQ,42,0,0,0
pauvV0h01w_dUHFmKT5FUg,42,0.42395026,0.4412576,0.017307344
pb6TEP1fbC1urWPNvT_HnA,42,0,0,0
pbWV7I43HPl_F1w9nlEVoQ,42,0,0,0
pbbrE69rQjgoFEAbAKIq-A,42,0,0,0
pbj1PN5Z8yzpNy6a5E20Sg,42,0,0,0
pc_Le7NmA6cacQ2ZmpdwLw,42,0,0,0
pctgUvk8c3bDpNZKiSB9hg,42,0,0,0
pcuCZ0RTYa4PUN0jrcHi8g,42,0,0,0
pd7I_nh3UDW6eLS8mqJYKw,42,0,0,0
pdpKT4f7O2c3PNQaKCdSpQ,42,0.24465054,0.30103,0.056379454
pehdkxwE_uW-Bdf2ZxWsug,42,0,0,0
pfVqwLneNdNo8uAxpYsnqg,42,0,0,0
pgBV9IsNQWrLI32ctadFuQ,42,0,0,0
pgysyF9BIhvp-RG87Aw6Yg,42,0.13120508,0,-0.13120508
ph-F9RlnjyRySZEpU0iALw,42,0,0,0
ph465s4_sruEwp7ltLSqbw,42,0,0,0
piRgNlK-pGixrTX3yYARUg,42,0,0,0
pjkEZXtxhQYmyAUW41GTLg,42,0,0,0
pjz7LWbOmJIkYYP_ohNP-A,42,0,0,0
pk6UlPAJiw0-0s7zvX4TZQ,42,0.1068408,0,-0.1068408
pkFf6Z03KT0E76zV1g4Y-g,42,0,0,0
pl18nnuQ8htzHbDpePqq9w,42,0,0,0
pl_6pRWdV2ht5IjJ_YEsPQ,42,0,0,0
pljgkZSB60BmtbkM6PvsGA,42,0,0,0
pmXiaK7RM_veqJ8OcGhRJw,42,0.24630239,0.24630239,0
pn-dpgK1BB7Zv5pcMHircQ,42,0,0,0
pn_1A8ZhmOEMobUuhXTRnQ,42,0.18672776,0.23577173,0.049043961
poaJyHwzCluwjZ4syVgbgA,42,0,0,0
ppQSinm3-HMjxy1fej_dJQ,42,0,0,0
pppIHoA8b8B8Wd5t72sDxA,42,0,0,0
ppsm8EDKjA1fp1yTCP3RrQ,42,0.54171584,0.58580987,0.044094031
pqlLJVba9KAtahkjvNINYg,42,0,0,0
prdkwsDrtAqDHV6UwSHI9A,42,0,0,0
psavL1hOoMn1xeZbEtjxSg,42,0,0,0
pt29dCl2Hj4sebCC-na5Kg,42,0,0,0
puUUPs_ZpYJy-zamwx_T3g,42,0,0,0
pvU67d0hytJH2yUeghOqWQ,42,0,0,0
pwpKFY_WRFddFj7B_w578w,42,0,0,0
pxBmvgpiDMN161PwHDtsLw,42,0,0,0
pxHek1QyYnTRCSIUI6HT1A,42,0,0,0
py6WYGuBEt5MwzGn1dbmNw,42,0,0,0
pyR3eB5pzzdnw2rgDD-4uQ,42,0,0,0
pysIFCgm5IHgnat9h99QWw,42,0.078246135,0.038384638,-0.039861497
pz4NJuHe2DPqE_nbBBUMPg,42,0,0,0
pzV7A5XSTK6zSPAxeAmaLA,42,0,0,0
pzmrNJf-cndXbxTPa2-r3A,42,0,0,0
q-JEMIMXNvDtZimKWhl4fA,42,0.051811564,0,-0.051811564
q-cMT2WEPNBHm9goUfjJcA,42,0,0,0
q-qZF6EmDg8_zuVXAyVcJg,42,1,0.38685281,-0.61314719
q0TowirWeIpdJYxQB622AA,42,0,0,0
q0oVp-26XuMGz0UapA-QZQ,42,0,0,0
q0q21_a14ulDp9M-uZp1zw,42,0,0,0
q17QjiN6xDM2mz0bnS8qJw,42,0,0,0
q1Ig5thYDlA78EtPyodhrw,42,0.17103308,0.3065736,0.13554051
q2Xcpp_5oAASImqVomwiPg,42,0,0,0
q3lPWLreF9PLh8lLlWgwDg,42,0,0,0
q3tIoVVCPMTmSolpvJgLmg,42,0.38685281,0.61314719,0.22629439
q4H5r1sWzyh1WpU7SAwnMQ,42,0.27023815,0.63092975,0.3606916
q4PUEGJv51imxu-wKV3LPg,42,0,0,0
q4ZlBeFO4cfJT_h-YPPXyA,42,0,0,0
q5NTKvLuFVRPvZuuA_0qng,42,0,0,0
q5Qv5oTB92Cg1HYpkpsJug,42,0.18141712,0.082975728,-0.098441395
q5fK4JndTw_ip-qbjxxHkQ,42,0.50237374,0.49724291,-0.0051308273
q5ugbU-qsihZitkA1zbe1w,42,0,0,0
q6XJKbFcLxT5Pgss1BhjdA,42,0,0,0
q6lG-sk_MULdcpf5ZRfMEg,42,0.085143118,0,-0.085143118
q6smJrRtr0wLypmS-aqKLA,42,0,0,0
q7AitJYW5IHqSVKcQLghFg,42,0,0,0
q97r_ExtGSJyNUXfo-GvYQ,42,0,0,0
q9pUMk_3yo2j6LwXM2FCVg,42,0,0,0
qAuJnk-mkehkvHM3pB8dIQ,42,0,0,0
qBJHs3gFO_rgJBCUonfong,42,0,0,0
qBRo2hqk7pEIbr51D9P2GQ,42,0.085304609,0.10764243,0.022337823
qBbTCei6_dW5-ss-7X9b5g,42,0,0.30103,0.30103
qC2tVHBoQQIEoBMW-L4Wlg,42,0,0,0
qCaKL8lmDvjlCia5PQtGsA,42,0,0,0
qEP__UaygBNUeaxl0RTLwA,42,0,0,0
qEQob9pzNanp9BZbCiUUwQ,42,0.41039157,0.37261802,-0.037773549
qHBE2hUMirPAUJ-4dIjS3g,42,0,0,0
qHDPSaTwD9_H8tNQqaDBDw,42,0,0,0
qJ7XTi3J9-lUE2b-I63ZlA,42,0.19938068,0.12764727,-0.071733408
qJFKlbq9qrpeO2DUR-kBDA,42,0.41952292,0.50104418,0.081521266
qJY5_8k3ipUfVRLVOruOMQ,42,0,0,0
qKOWuKXqa_16hmLnbntS1A,42,0.21878348,0.1782103,-0.040573183
qKQqNChjWL81xYEqI5kFvQ,42,0,0,0
qKd0Itbf7FRuSISBZ7SXFA,42,0,0,0
qKuonDWqbditIy4uc_clqA,42,0,0,0
qL23QCacF2u-rmL_WTVQjA,42,0,0,0
qL53MSSKR97KZbgukf8GTw,42,0,0.12681702,0.12681702
qLWYEa9qKTEycQyoVBLgEw,42,0,0,0
qMUVULJZ_acMAm78dx8IQg,42,0,0,0
qNStEAb_H38Dkc3bjFTATA,42,0,0,0
qNX8fk8q0LX8oUxnQ6uV7A,42,0,0,0
qNia-tAppIlUj6qxjZxurA,42,0.039621067,0,-0.039621067
qNwdCYPsNuFonEwJ5RCX1g,42,0,0,0
qO1QHXFg8KvXKiUdld53Kw,42,0,0,0
qOSnrJYdfWHpIFc99dozpw,42,0,0,0
qOzcgy-aNOlvKhsOgQfGPA,42,0,0,0
qPCaHNNtYs_or8ZFAAyp_g,42,0,0,0
qPCo5xBhLhewmKWfmXuqcQ,42,0,0,0
qPI2Pb_jrRO3JHRyskE3BQ,42,0,0,0
qPMcmtVX-VcMcvrIRK8-fw,42,0.61314719,0.26406812,-0.34907907
qQ4v3-TykvfHF7YmpfUifg,42,0,0,0
qQIWzXRWZkjBM5Ka1MJsDw,42,0,0,0
qQoJ_3_NM7sLggVO4d5hjw,42,0,0,0
qSWKYQv-ZLj8DRY2RWkSIA,42,0,0,0
qU0aHVWkRUnr0K1w3w3p5g,42,0,0.03730675,0.03730675
qURbrDoa_19pvaJtMoMzKQ,42,0,0,0
qV-1hF9oBm1ViSTnm45pFA,42,0,0,0
qVKPkdfajXuKqaukv_g1dg,42,0.30103,0.38685281,0.085822812
qVuZit1iyRNc_0eqdBYgYA,42,0,0,0
qVx3I3sqkjk7-YsOQHeNiA,42,0,0,0
qX7x9pHODJgxO7nVaJGmHg,42,0,0,0
qXBzIn-EiWKWWuk8YOHgAA,42,0,0,0
qXSs5xrVIfcil7MgS8GYWw,42,0,0,0
qXXWMh79Y9G7aL6q2L00OA,42,0,0,0
qXvacYgtHgLcbMMZPqM5rA,42,0,0,0
qZ68868w4k94tiXRCF4jHw,42,0,0,0
qZRPGzjlCBNkm_mMo9cyiQ,42,0,0,0
qZizik6Xg0OsEZnshTSz_w,42,0,0,0
qZsuTK8e8xy0OTGN6T6hQA,42,0.1695801,0,-0.1695801
q_2_4VytoEiZ8PyYittyvA,42,0,0,0
q_aJwoWN97kHjp6oAZxBCQ,42,0,0,0
qaC5lja5RclWWUpJYatx1w,42,0,0,0
qaI-xpraSaxg9I5J_lc6Zg,42,0.15693994,0.15000679,-0.0069331513
qao0hhchTv8iACMiLGC0tA,42,0,0,0
qbFMtKbBeka9X21iLU1tgQ,42,0.33916021,0.33916021,0
qbbKjGQ2QiYIo_xbOht8VQ,42,0,0,0
qbtznqJqPl4-7hXkJBE8jQ,42,0,0,0
qcPBTtec1jdAgCtjgh4WHA,42,0,0,0
qdCpvNyhm1EBOPkwfMjirg,42,0.25582096,0.44830399,0.19248303
qeU_taXeFL_NyBk379sAVw,42,0.24465054,0,-0.24465054
qfXp7Vycy6JhOujwB4PNLg,42,0.8812958,0.77695664,-0.10433915
qfvbuGON_wS9qCKviOyolA,42,0,0,0
qgCanTXLz_myQ8VTMLApGg,42,0,0,0
qhR_qKzYzIEwSYZAVSSaBg,42,0.5,1,0.5
qhUgJ83GRhQ4yZIqApbfmg,42,0,0,0
qhyZOfM-iTOm4nbcwlj3BQ,42,0,0,0
qifgGoyS3Fnt7KogFa064Q,42,0,0,0
qjZRsKI8uuKrJKRYy-9i9g,42,0,0,0
qjlfrNm2X6U7S72ICmeccg,42,0,0,0
qjvYubTGvFUDxAWy8H-Xsw,42,1,0.5,-0.5
qk-fj2n7w5LzUrJ_x-I_hA,42,0.46927873,0.46927873,0
qlD7FffWlQmBO597CeLHtQ,42,0,0,0
qnOiRlXHvIStK1GADRRBOw,42,0,0,0
qnoT0ceBFvLyv7OEks64BQ,42,0,0,0
qoNQo-kLOsNQGMCFwmSpRg,42,0,0,0
qoYcA7_yoPqVF7jxRDPGCw,42,0,0,0
qojZsVKgUhimt5XZMClt3g,42,0,0,0
qpHcaQpmRVbngq1-7n_ViA,42,0.56155026,0.54706405,-0.01448621
qphhH_o-R9ZpK16Sc89jtw,42,0,0,0
qqNKErWW4M-As9KnMtyg6A,42,0.48070549,0.50789615,0.027190666
qqV5qBr0dcTtc3QzJYg5RA,42,0,0,0
qrJ12rjlVj3AkNRB-EcEgg,42,0,0,0
qrJxMlbgZrBakEs1M3Ub_A,42,0,0,0
qs4AwQqHxIir-lwB5jLQdQ,42,0,0,0
qs4kM3kgCixzNBP_4sAhVg,42,0.23463936,0.58408802,0.34944866
qs8Mmg4zPLc1SNJizAGtSA,42,0,0,0
qs9_yIgen2NUxQCS-LiR_Q,42,0.44890708,0.53990321,0.090996128
qsHZ6_yT870pmm4Oxvw5Og,42,0,0,0
qtWYsp3Fagzr-yWtJvO8JQ,42,0,0,0
qu-vYavOVMpgEwWGQxG-kg,42,0,0,0
qv0Jthy-A0D95FDDIUapmg,42,0,0,0
qwtu7jcoRpIRWYGKC3rzww,42,0,0,0
qx6jrQeHfJxdcFUqU_7wLA,42,0,0,0
qxgk0St0YctOKFSriqnzFw,42,0.16377338,0.081886688,-0.081886688
qxt3k9js4ZB1dRCdKeiTog,42,0,0,0
qyPTP7D9KyyROIsDIRHXlA,42,0.46927873,0.46927873,0
qyPZ9sKiDBkcn8D4egNw-Q,42,0,0,0
qzE5oOFMKrvdVADuGkjGZA,42,0.61314719,0.61314719,0
qzvKlDLs2eE9OtHlN_yWpA,42,0,0,0
r-3NKibpkbJLt-5tSx35hg,42,0,0,0
r0LsnZWsqcfPje-_UmXs_g,42,0,0,0
r0yqQy6iS-LdhPFFQI2tJA,42,0,0,0
r2POix6TcRSx9JM-GNK1aQ,42,0,0,0
r2x8M1bkK0FlVLvpciZEwA,42,0,0,0
r44f3CckX4INyGoEMOe6IQ,42,0,0,0
r55tqEFOEwNGBDJlYThvvA,42,0,0,0
r6Idk31SNib0HWe37dvCOQ,42,0,0,0
r6ihS2WVE-3_Q1RU4a8rDg,42,0,0,0
r8iUod2sezjTKl1WiSe8uA,42,0,0,0
r9S0VYrdXJrdhfR7OXj8tA,42,0.37397359,0.40431304,0.030339447
rABIT5lHnrYSiu_wzgBX6w,42,0,0,0
rAHnQToOwqjMjASztvfrSA,42,0,0,0
rAgCPqxaQKgd7XQVhePBeA,42,0.46324237,0.31464624,-0.14859613
rAnACu7vQX27g8QAlvp5dA,42,0,0,0
rB50ofIHBNyikHy0jpidVA,42,0,0,0
rB9ZTSc_dVAVQpcM_FNQlg,42,0,0,0
rC_PmrrNVe1PG3GmFO7NRw,42,0,0,0
rDpysBqhldE0poFgF_DX8w,42,0,0,0
rEJIDnwHh2HhNgAu0blp8g,42,0,0,0
rHP3q9Ok1qu9_tJmIy4i9w,42,0,0,0
rHQwXOOwGTa1bb-yzgvqDg,42,0,0,0
rIFGa8Sf7DBqeu1Dyp0o4w,42,0,0,0
rIMVtZ7orr--QtYHe2C06Q,42,0,0,0
rIWHnEv7pphaCm04CVbpdQ,42,0,0,0
rJ5Bx-59Mjj_7NPljFU5lg,42,0,0,0
rJCbNpqG7ew3JoF5raqYog,42,0,0,0
rJgG93LAn5h_2R7zUtAe4A,42,0,0,0
rJn1WiFolH254Q1htYRGMw,42,0,0,0
rK8kLDiaKoIexHy3JzcVCA,42,0,0,0
rKGTBWaFgu8a60DFqeK3Fg,42,0,0,0
rLCbMQmIuWnlI-IhIj51kQ,42,0,0,0
rLwgWkZkJjUWJvDKPHtrAg,42,0,0,0
rM-4AtxRS6WB7Q7suvlOMQ,42,0,0,0
rM2GRlyIx9c8kVPnUr3PTA,42,0,0,0
rMNMIdJlgnybYSHdmxmbtQ,42,0.52513893,0.49223284,-0.032906088
rN5rfqzCPNZpPgPwnyzheQ,42,0,0,0
rNRqtp50e-oKbS10q6Q7Dg,42,1,1,0
rOf1Y62zS2-YFXAp6Okzzw,42,0,0,0
rOnsnJGYDvv36WF20qu0AQ,42,0.1782103,0.11243818,-0.065772119
rPOP_CTZvVx7b-Jtri4niA,42,0,0,0
rPYJKiGmSb1JT9OkzxmDrg,42,0,0,0
rPmFLVyQQNYZq1lzS0Staw,42,0,0,0
rQFCs4a72QOxVf6rKTISCg,42,0.27400126,0.23265454,-0.041346715
rRc-XEMmSmzx1lbMsTZh0A,42,0,0,0
rSIuKMvWfvdKiJjO5YLC8w,42,0,0,0
rSY42CuMQl-suTmBM2WJHg,42,0,0,0
rS_tgsnKrTPjlAFt7y4TDA,42,0,0,0
rShI4E0qDHS9HIzNNeXNPg,42,0,0,0
rT1O8OAntSwwzpPLgXXEqA,42,0,0,0
rT502dRc8jUxcIdIu0JTLA,42,0,0,0
rVEhD4A7jFlymQXF09D18w,42,0,0,0
rV_WocjUhVn6_G9UNThBsQ,42,0,0,0
rWSHfLxj_Zd3eu9Fgiotag,42,0,0,0
rYFb6XFM6P4cMdom7y8PzQ,42,0,0,0
rYQz4KKc1godYg5ZnM0DxA,42,0,0,0
rZ4rHwgqTnP4NUcpG_MQvw,42,0.15130121,0.19092087,0.039619659
rZMQ9UIN6wVC9BD_MBrJWg,42,0,0,0
rZg5xWm--gdr6LiHoqe_AA,42,0.2529427,0.2529427,0
r_35KlUYfU_TauNVHrCAxg,42,0,0,0
rcgseTUNEU9IOjJ4j92sxQ,42,0,0,0
rctJAi-e3ZHl4Rlimmam_A,42,0,0,0
rcxe77LUEMRv9yr-8zjAeg,42,0,0,0
rd0J9qgJsrU7YnfzLb1eQw,42,0.033437491,0.075131077,0.041693586
rdEmXcNrdjG71ABU7p4ZJw,42,0,0,0
re4iNqQzvdwSixYlGMgTsg,42,0,0,0
rexL6V0eSuHcv7hUgN7KeA,42,0,0,0
rfTJxi4YzFWRPEQ2iwbTzQ,42,0,0,0
rg0LTHqkRKqCs2_xxGLmow,42,0,0,0
rgwIYrsZjZy5vHv_wq-dKA,42,0.13905618,0.13012668,-0.0089294962
rhcnh8YR5Q-PUa6mnfbXWA,42,0,0,0
rhnXCm4fIJ5hZHEGqBBqIg,42,0,0,0
riF3iGGr4kdGYDdu1maSpA,42,0,0,0
riqVnqzfWKfE37DV0LJ-gA,42,0,0,0
rj_crR8NzN5peeg-kzNS3A,42,0,0,0
rk-19Vfvi3t7euy2pa08Sw,42,0,0,0
rk6W5bQ3Q9MR90gsBPZP-A,42,0.63092975,0.5,-0.13092975
rkmsy8QUiG3FmkLPHW5ejw,42,0,0,0
rlTNE_LrOkRfWEhVuldz4A,42,0,0,0
rm4fHYJdgGEcDudO1cZ3uQ,42,0,0,0
rnH9fiCEiYrr84zr2joLHA,42,0.14204004,0.17437833,0.032338291
rnNQzeKJbvqVCsYsL10mkQ,42,0.61314719,0.61314719,0
rnZy1ISdJ2sCdGlyD5RZkg,42,0.080218274,0.080218274,0
rnc7w8Nek6Pj-UQ44B3xeA,42,0,0,0
rnwkOCzU8_iVImT2IRUh0A,42,0,0,0
ro8GmteCjOSxnIhRyRQVjw,42,0,0,0
roX_qWSBewOu4VH6dN37oQ,42,0,0,0
rpE7XV81ugJqf40aqrp4og,42,0,0,0
rpbUjRcQpnlQyc2fEXpB_w,42,0,0,0
rpjKAuHBwM-SqI4260DzCw,42,0,0,0
rpl8G-W-HUhYzO1zjZ-MEw,42,0,0,0
rqImJQcrzPm3R9fTe5N1VA,42,0,0,0
rqqpIgfNlwc-PzwcVdkctw,42,0,0,0
rrBTdukmhum4Qm2MH_uJyw,42,0,0,0
rru1fYGLirtf10MfAKqBww,42,0,0,0
rrwQh7V4WPz2BWSnxqCAyw,42,0,0,0
rsEHIwMEclzTnhI3Cv22BA,42,0,0,0
rt_DZfzQCgxRZoyaeMgG4g,42,0,0,0
ruUnR0ow-H4ZTISVEXIvdw,42,0,0,0
ru_LlJIG3WZyO7ULVRi_kA,42,0,0,0
rvYTWj_twMGMkT3k7qjxZQ,42,0,0,0
rvrQra7skIE0v-eHt2tXdg,42,0,0,0
rwCISNRiAfiF824O-gjkmQ,42,0,0,0
rwvss28DqeYfn1B_SAY2pg,42,0.055331817,0.11512824,0.059796423
rxgoHeIus7ES4cGrg8DUqQ,42,0.53328855,0.49656174,-0.03672681
ry7rkv7q-ZE7K0rWoTGyhw,42,0.048039075,0.056760173,0.0087210972
ry9OhPirgJesJ2qfHsChhg,42,0,0,0
ryKxt67Tlp9qhq1ZEsQSFw,42,0.066435283,0,-0.066435283
rybfK0I3Gzf3Gt5URTnvig,42,0,0,0
ryisT19-tzvMyVVi0iLvwA,42,0,0,0
s-xVBnGjW1U4iqbTJRSu7Q,42,0,0,0
s0M8VttOEQPtoq4yF_1DoQ,42,0.11480929,0.23463936,0.11983007
s0e-yMHJRs8R8sdLZ8WTwA,42,0,0,0
s1XHKBjnf8mUbYYb6axxVA,42,0,0,0
s1eeQy0CxZitwduDeXrKcA,42,0,0,0
s1nfH4bDUgZbPluDig9NMw,42,0,0,0
s1q10923ECQTROTZV3foiA,42,0,0,0
s1qOhYEs43IiGSQz4QmZ-A,42,0,0,0
s257zoX0sk7XIec41H0LnA,42,0,0,0
s34ZmKzCaWE2z-FBlJiIxw,42,0,0,0
s3HiFFQ-rnP-V59_TvXWfw,42,0,0,0
s3SuMFGf_e0fI8Y3AIe8lg,42,0,0,0
s3aa1sbS4WGtTQkOQ-gaaA,42,0,0,0
s4G4MQF_8OsNxt2RK3RK8Q,42,0.16112501,0.16036153,-0.00076348326
s4h-hclVSYnrwbnekk-Hjg,42,0,0,0
s4qNQkR_12kg9Vk9vzrc2w,42,0,0,0
s5-YgMQ8NTp2np94BV9UkA,42,0,0,0
s5Ip4bc112gwA6faMD5apw,42,0,0,0
s5e_PNvLLhnCpFFA9zGHPA,42,0,0,0
s5fhqm13bkgHPExQwy1KPg,42,0,0,0
s6BUyUlqxrQqQ7zLmzfH0Q,42,0,0,0
s6GFrQnnj4jqwZJYr-y03Q,42,0,0,0
s6d4Nf2-W5oxjMZQtpyk7A,42,0,0,0
s86ySoFbFPX2rp8OVjDSHw,42,0,0,0
s8jr65E_xPSW84nh6CG94w,42,0,0,0
sAigaJRNfiFohTgH_EKCVw,42,0,0,0
sCCJsk38T49wUA12dQzyiA,42,0.16812754,0.19519002,0.027062489
sCMNteFitvq3jR31z0Duuw,42,0,0,0
sCgAitmutOkKR2LbtocVoQ,42,0,0,0
sCpZilDWQslqVKk2xUJKQw,42,0,0,0
sDy8oKKAB2POcRRwtju-hw,42,0.051573321,0,-0.051573321
sE3gqctmDJjM9qzobB6Vbg,42,0,0,0
sEYwgkrMkcXfpPA3EaaXUw,42,0,0,0
sFAsg2mKKT0azjjSIu5fuw,42,0,0,0
sFSt3B099B5kUHddiFc4FA,42,0,0,0
sFl8KhCsMDDzFgI_Q6oYBg,42,0,0,0
sFvakrs9kmhCgtwzYc3Xig,42,0,0,0
sFz-iwjrOafinHo0j3okgQ,42,0,0,0
sGRYJlEqvkeqNkwD-OYCEw,42,0,0,0
sGaoPWB_p1aOm5z9cnV3Aw,42,0,0,0
sHpIq4Df0413LPZzpM1yDQ,42,0,0,0
sIH5HbEwhbxt-4waYoDUBw,42,0,0.080419271,0.080419271
sIICI_uGUcOJzNf603CdCA,42,0,0,0
sIiVZINB0uwjkG9sYtuNoQ,42,0,0,0
sIjgu8dzP__72lV_N3wblA,42,0,0,0
sIzuAM8Mhd9aUycY-ZxL4g,42,0,0,0
sJEPBPuDyrRTOkzlkUPpWg,42,0,0.1532868,0.1532868
sKTG-oysidDbyB0xA6t2kA,42,0,0,0
sLbqnByNYsV9KW99DQeYzg,42,0,0,0
sMPqByfefvg_ITlz9t5dPA,42,0,0,0
sP0Tc_NBcaqfhikL4LlQHA,42,0,0,0
sPqy1Rn8XD02CfFVMnwG3w,42,0,0,0
sQM4rszyBaTVUcuqGhbT_A,42,0,0,0
sQQzobwx9db4sQuBXcB4IA,42,0,0,0
sQarquZSwKsEIekegCSGKw,42,0,0,0
sRyNXAjlGWXOtX8KyzM8vw,42,0,0,0
sSKM2zeM2O-jSYqq3yjR8A,42,0,0,0
sT5Vc5lfV77cqniJ4xALEA,42,0,0,0
sTcVhZFtVJfnBIsdrkO2CQ,42,1,1,0
sVmOxjL1d5et9Cfhf-mjcA,42,0,0,0
sVv8hk6c1VQT6s57dfTTKQ,42,0,0,0
sW41kZklONcv-1zFWoG-zg,42,0,0,0
sW8se1OrDvzmsqLpDPFJuA,42,0,0,0
sWy9Udo9Wr3n7r0Udry10w,42,0,0,0
sXsnf7bugQbOFa8Rv3P6IQ,42,0,0,0
sYhgwLEKtZZoaBGR37Hkjg,42,0,0,0
sZqVA-kTWXY3U00AOU7RYw,42,0,0,0
sZrK10PsmMcxo16NTkBoLQ,42,0.30103,0,-0.30103
s_aDEbDMuIVYWrzp52DFVA,42,0,0,0
s_fskxHicgCpjnVP-lbBSA,42,0,0,0
saQmEdEQ4TxyshnCSHfkMA,42,0,0,0
scAJy3GqFSf8-CqnAMbe2w,42,0,0,0
scdTjUdj76BNg78b88yXrA,42,0,0,0
sdDaGDKZ9PzRJ5_SfCCIng,42,0,0,0
sdb9Vq9wdDjVYY2mMhudJQ,42,0,0,0
seYOavuhdAX5XECqWA9jMA,42,0,0,0
seuC0zlXuGoYB4LYIWxD5g,42,0,0,0
sfocm040E3afFzj_Qaxr5Q,42,0,0,0
sfsyRZJ8e-t-eLNupElHhw,42,0,0,0
sfw1RvVbtzV4sAQv7en3XQ,42,0,0.14126697,0.14126697
sg6nsr05IGGO00b7m4bkIQ,42,0,0,0
sgh8O_qUEkTHjLE34ZmvPA,42,0,0,0
sgtnT63RgGnAa3i_XPyb9A,42,0,0,0
shk8nQ99eMcVBy8wSWi5fg,42,0,0,0
si-xoAJdMvGieVTpBmRCQQ,42,0,0,0
siV-76hjDt4emBens7CAvA,42,0,0,0
siikoDWFY6YLctJE1EJ7Ow,42,0.21840744,0.61314719,0.39473976
sjX6nkd7PgojHHsUqd0rdg,42,0,0,0
skFw-hYJHT3Po0oE-WLbEA,42,0,0,0
skU8dm4rLmAj-WmBS6PV-A,42,0,0,0
sl7aJdV95i4t6oXxlI6AYg,42,0,0,0
sm4KAbf18q_dXufXzGRdeA,42,0,0,0
spC4nkB0TANWkTuurH_4Tw,42,0,0,0
spErUNBECaqrIxhkWbYhtQ,42,0,0,0
spQatUCQ0iTm6joyZXf1fw,42,0.095460433,0.095460433,0
splfcS_Z6XSMmS0j0c2Y6w,42,0,0,0
spm8buUkQz7qQ9Ld7x_98A,42,0,0,0
sprnlGcAvumzGnlAZbYcCw,42,0.5,0.33333333,-0.16666667
sq7HI52sKsAaroqiq3Y-kw,42,0,0,0
sqF4ovq3uOKHkNwrPc070A,42,0,0,0
sqKWVIMXm1RGAlvVQYaiHw,42,0,0,0
srJDCAv_dZXyy9DWDIjG2g,42,0,0,0
srQ5Kl7595ilsuFNNULmXA,42,0.065918771,0.064708339,-0.0012104326
ssU5VkjO_lVhxO3JsBG1GQ,42,0,0,0
sscw4SllngcILJCGJZ21cA,42,0,0,0
sskQ99GZO4xJ-3sHwUphRA,42,0,0,0
stIgmVcLEouAPa-lQyTFzg,42,0,0,0
su7iy3N7FyatvvrESUSUnA,42,0,0,0
suRoi6fJjOSdzBMWzaZ5sQ,42,0,0,0
sxBTwhwf2mbsYnQ2OogPsg,42,0,0,0
sxQiWIyMNxWyG3nHVp6GEg,42,0,0,0
szarX0EALH1HnhDqQ63ptQ,42,0.30103,0.25595802,-0.045071971
t-8FyO0nBQPewnKOgzSrxg,42,0,0,0
t-hSLP38f3U1Z_txb_ZAvA,42,0,0,0
t1-HdAwNoxY9b9rJ8TcKQw,42,0,0,0
t1YJeMmKheWeFZY8G2zEiA,42,0,0,0
t2bJNCDr1yR3WxrhjTwERQ,42,0,0,0
t2wF2uIngSKL9XJYnTrUmQ,42,0,0,0
t3jMhMLsXULiowjMra-g6w,42,0,0,0
t4ShM1ItZwfW-FXdA97taQ,42,0,0,0
t4givLRgsL5zwNLhTlIpUA,42,0,0,0
t503mLaX1A1f4qs_gLAGRg,42,1,0.35620719,-0.64379281
t5eNyh2FNtH2_rXfvJf0wA,42,0,0,0
t5wdba8cU7G5RTlarr50MA,42,0,0,0
t65g-turpuAWsbsAyEuiQA,42,0,0,0
t6nBgXNY13UwaPU-jLJ_Gg,42,0,0,0
t7AVXx5drXDuUZxap5f7kQ,42,0,0,0
t7oefFi5LM-UsK_jOKv1UA,42,0,0,0
t7yU4kfld4v7joqaw51xlw,42,0,0,0
t83WunzR6ygWR43ZtzlABw,42,0,0,0
t8zrFfsAw3RSbQEmnay_vA,42,0,0,0
t9A1zKT0L07_khr_OiN4jw,42,0,0,0
t9dTwzUvWLo1Tl1tF3DZiQ,42,0,0,0
tA0zdO52YTg7to49k05bfA,42,0,0,0
tA7j2v083l9FQXp60I8JTg,42,0,0,0
tAMCAWSLh7825HByobLIqw,42,0,0,0
tCPzvPwsd_DwBx6whsDlLQ,42,0,0,0
tD6EHQlNQV2ZN_TU_UJ2vw,42,0,0,0
tE1JaYfIYrkS3UOsrFjeTg,42,0,0,0
tE4ypr9D2CaAtk5Qehnr0Q,42,0,0,0
tEM0sslzGh-wpE3ibZOYiA,42,0,0,0
tEd93zgMQbSL5mp6y_QFhQ,42,0.10253314,0,-0.10253314
tEymTf-qQJBi_yNWHQyc8g,42,0,0,0
tGZsC4Hs0wDAn_5v6CquGA,42,0,0,0
tGsCEYUn4CsmSusf2eC9rw,42,0,0,0
tHNkmZAvx7Y0eESrV6SBig,42,0.39038005,0.24630239,-0.14407766
tHsxcCUUQYkypUxssH48yg,42,0,0,0
tI1_a94exjWlnZaXm_Ftow,42,0,0,0
tI6dRMttzplFhvQPlyeR4g,42,0,0,0
tIKND1tYTs3mhTMUyq0zdg,42,0.14606835,0.21398626,0.067917915
tIxg4UNtQUiLrth2DMl-2w,42,0.11706259,0.10086747,-0.016195122
tJGjIiwPs-sUFnr5bfcqXQ,42,0,0,0
tJMWBk8nAyslAsgChjHxOw,42,0,0,0
tJZ98y0FTSEPC3GYe_YeeQ,42,0.23719771,0,-0.23719771
tJgQm4i2MlIpk5TZaQFrfw,42,0.074148615,0.10122861,0.027079993
tLAdUAXThT9iIsfjne7jDg,42,0,0,0
tLc0wyimcpZbfhc-ozdUDw,42,0,0,0
tM26EE2YAPGngBxSo78DwA,42,0,0,0
tMyfVqA882D9GU1NkWD8mQ,42,0,0,0
tN6Coe6EDGDmokyn2X5t3g,42,0,0,0
tNdTtSXhSoxwra6Q1L2L4g,42,0,0,0
tNmMjWPcQk8zeUR0phG8UQ,42,0,0,0
tOJAoJf6sgW0Z_hiO4i7Ow,42,0.093618003,0,-0.093618003
tOaFS6pIRrg6kiyUl5vK0A,42,0,0,0
tPfCYpXM108G-GWC1XosnQ,42,0,0,0
tQ2g3kVkTBG2g0Gmz4U1YA,42,0,0,0
tQ2iHOt--3YAhAEugAtzVw,42,0,0,0
tQ8N3-j2Ckc_6ajPRg01tw,42,0,0,0
tQfhFC_1cGlSXr9H-U2t4A,42,0,0,0
tQgI3IR2CfkKJzojHXQBVg,42,0,0,0
tR-imrgFYBwCzwJFcjWmcA,42,0,0,0
tRDYb8Vd6VM5BpbVI89Yhw,42,0,0,0
tRQFbllPvL7NQRXb8kssAQ,42,0,0,0
tRqFlPI5W6t4DrDvzcLU9Q,42,0,0,0
tS78kRmhpi2NZbtvFu9yFA,42,0,0,0
tSejZPTUMY12Z02n0oRSaA,42,0,0,0
tTcZkjEqGc9WsNj67P-Hwg,42,0,0,0
tTlntkoWh4DibHmVf0-2dw,42,0,0,0
tTxCwqnI5XZLARookFxYsQ,42,0.36650178,0.4172025,0.050700727
tUJtWskTwFWQ7R7qR64qOQ,42,0,0,0
tUVprgEsy_yIdq7nt2JtlQ,42,0,0,0
tVeGMwfLScmdXTCUN_GZ8A,42,0,0,0
tVjZsrpIldh3P-1tHECaug,42,0.66534971,0.57239868,-0.092951029
tW33RetNn_Bvc0x776RBLQ,42,0.23719771,0.61314719,0.37594948
tWz_2MPJRJnSH4DLlr9pDQ,42,0,0,0
tXI5GghK7ljFufyFlCFmVg,42,0.10577019,0.10852,0.0027498027
tXQ9zDmX-1JFjopVsfimQg,42,0,0,0
tZcmMOb70I0VSBpkBkfGQQ,42,0,0,0
tZjxL1BBisbDsc3-jXHN4Q,42,0,0,0
tZnvSe9E2BSuj5c3vLOrgQ,42,0,0,0
t_O7iyu3Ceqp43hX625qWg,42,0.46927873,0.46927873,0
t_Sz0VkbnoQYDWOdxH9rEA,42,0,0,0
t_b9XmoQjitckfzkdsWLaQ,42,0,0,0
t_tEx84kukpyBC5jjUTvAw,42,0,0,0
ta43MhMDzwwkLDJICBW6_g,42,0,0,0
taFyAisQrmAElX69kz3vDQ,42,0,0,0
talMN9ZZ3Ti0iSeaivqBLg,42,0.23504555,0.23504555,0
tamlTn9MdGQJA_2uaBIIAg,42,0,0,0
tbCg1msx9HBV3Q-zQ_XiFQ,42,0,0,0
tbh0_2rKyId6OAiVsZNzcQ,42,0,0,0
tc9FOyrX_yk07ivNy4keRw,42,0,0,0
tczskc-2M3SWQb3FaMYBCg,42,0,0,0
td59mx4jPGvSrTChGgvFlw,42,0.2147376,0.32135609,0.10661849
tdGd10MGjxbsGMX1RAAd1g,42,0,0,0
tdYG7gu6LJkQU8AGPMdErQ,42,0,0,0
tdi88PK5-TE7ASV6dtXpjQ,42,0.22009177,0.22009177,0
tfBdA1jELmlYs_g61QeHLQ,42,0,0,0
tfK5vczhi-lrLyt1muF8Gw,42,0.24465054,0.23137821,-0.013272329
tfbyGWr64NarLhG7Ujzxjg,42,0,0,0
tfzyhZ-BW9tBh2EnwU9cTg,42,0,0,0
thFYPFkwKjSAw9Y5XPMT9A,42,0,0,0
thQcxA2hMTXLc6mc0_M9sw,42,0,0,0
tj6Z4uxiHXlWConnRfRDTw,42,0,0,0
tjc-aJ2zLNFeN-3SMatYlw,42,0.38356637,0.56820428,0.18463792
tjdccENvDJPHb9gQCDmo6Q,42,0,0,0
tkpj1evDJTrLl-Yu0zxQag,42,0,0,0
tlC6qTO-I6LqBnm7QRxoOg,42,0,0,0
tlbPmw0TtzODN7CfaZeC9g,42,0,0,0
tln930C_TuiEEKixbbNN_w,42,0,0,0
tmEVTwI6wERu9abZa_mN8Q,42,0,0,0
tmmOlG2BUReyQ20uMpl9hA,42,0,0,0
tnqHq6JayIGYTtL7K0tXRA,42,0,0.1532868,0.1532868
toQe9adQWV7iC7KM_eugsA,42,0,0,0
to_edWPdOOAByaV0Plgrbg,42,0,0,0
tonx28Eup9w1IYVKsJB2sA,42,0,0,0
toqU4fL0dXRKxskHRSfgWw,42,0,0,0
tp6LTjSTenVnMHeviPKCvg,42,0,0,0
tpKwc1auWpseeygIITc_DA,42,0,0,0
tpeSrIFB-Ce0CjtTsRE0OA,42,0,0,0
tqXyjCPq0-z6j1jnVTLA6g,42,0,0,0
tq_cyx-FLkw4-wZTCrgGXg,42,0,0,0
tqvKqLu5MjrS4pZFVRajGg,42,0.25595802,0,-0.25595802
tsLCoSKFZO_vUf_-NMb6Rw,42,0.081774718,0,-0.081774718
ttyzgc93vTrwIYoDY0UmXw,42,0,0,0
tu1XdABnHGNVNguWxdZ_HA,42,0,0,0
tu4Bwf83fydHzhQarrkOxA,42,0,0,0
tu4DMPM_cFe3WzV6tI_EbQ,42,0,0,0
tvHgnE4_tUfqoEPNbMmclw,42,0,0,0
tvVduaNaiI8ZwS7d5qESVw,42,0,0,0
twGrdwAgUVjlbVAzP6trZg,42,0,0,0
tweCMKvKGN-02fO48YopKQ,42,0,0,0
twtleL5WiyXOpe9MH0BqJw,42,0,0,0
txnamCZcfPhdETymqlUf_A,42,0,0,0
tzZaidvtlH_V5NGRJio5PQ,42,0,0,0
tzsMiB-N1GrZ2sjj926Ppg,42,0,0,0
u-g21x15kZKMutZdUZfoMQ,42,0,0,0
u00UM8MXgZV08A-ihnD2ow,42,0,0,0
u0mM9ssiRyvP5TmxjxZM9g,42,0,0,0
u1ALMk8ZSYNzUeqOKhxACA,42,0,0,0
u1GcLjc1hR2Id4iVUkiRgw,42,0,0,0
u1P7POW_Hy4V8xaOWbvf8g,42,0,0,0
u1gUbwyeBe8mtV97hZyImg,42,0,0,0
u2TS0iHYxfrdMW_QOsz2Tg,42,0,0,0
u3XWzLdvyw_pzWw-vcrmEQ,42,0,0,0
u4jpV1MgTDVO6chrEJq3Ww,42,0,0,0
u4yX6mVdM_r06vrqX-UnsA,42,0,0,0
u5NXKkrXPhAvfeUX6vFn4A,42,0.39038005,0.39038005,0
u60vmml-bjbtf8IOAC_HwQ,42,0,0,0
u6YvPjwov--HS_7xvTM7dw,42,0,0,0
u6abkBEI5ZkwaxKn9Ow3Bw,42,0,0,0
u79JLmKzua7wxGxs1Q3Qkg,42,0.41145311,0.3595874,-0.051865715
u7lGgwVTmPaILJ0C1CwnHg,42,0,0,0
u93q64NwGlMIIRBNkxEssQ,42,0,0,0
u9kFHr0ZyuvXYejCaxz7ew,42,0,0,0
uA4YeL4IPjVLg4NqVXwFhw,42,0,0,0
uABgKX42VTRqGDUhSC_3mg,42,0,0,0
uAct63JL4CDXZzpJ00syhw,42,0,0,0
uAgdZrjioy7wcCQvwtIpsA,42,0,0,0
uB4IqReFpQ_DX2ZRqBX97g,42,0,0,0
uBHAc_FrPUd_1eZZgUrYMw,42,0.30260241,0.39369482,0.091092403
uBb5_DPYAXPYXvs9uhmGzg,42,0,0,0
uCAtWdcGvNDkJUxqBk8OBA,42,0,0,0
uCD9YxsLxBJcDyjwrSJlXw,42,0,0,0
uCzvQUDW-1IN11qeE5jGqQ,42,0,0,0
uDBnapEGywTQ0ovaCu7Orw,42,0.070755761,0,-0.070755761
uDOImAxvjEc0NPEZsDfJ7A,42,0,0,0
uDlefb19L7vtpMsu9LGjoA,42,0.39038005,0.39038005,0
uEpfN2yQ2DMI8k6DW73GWg,42,0,0,0
uEso8oTkxdJw-YDkC12LSQ,42,0,0,0
uFKk0LndAFokoVsly644Vw,42,0,0,0
uFOGvTGXY_MfEyStMqrfNg,42,0,0,0
uGMd8KgR4IK466wC3IERZw,42,0,0,0
uH0KmWhfylEUpcvZKG64fw,42,0,0,0
uHHQ3Z_yBhFt8Ff__JYlfQ,42,0,0,0
uIKD7cJF4ZWkicin2ulWPg,42,0.44149241,0.28564364,-0.15584877
uJS2StuC1c60-GvysgRIJw,42,0,0,0
uJYhDHh1wf3Vx8HwsSUt7w,42,0,0,0
uKUZX7CnIcy2OzP1K3hpCQ,42,0,0,0
uKqkquINCbM-j2ZgvAfYsA,42,0,0,0
uL3yFIW1BvPD8IfFV8wIBA,42,0.25,0,-0.25
uLKdql1tyU4rj6dEDkz3nQ,42,0,0,0
uLfK6tn2-g0vHtMksPd0eA,42,0,0,0
uLthrQwJFUYvfNzsB45iHA,42,0,0,0
uMgleFmkApLxJsrLSDOEAA,42,0,0,0
uN1LggZnxKs9tGH2vbqy7Q,42,0,0,0
uNSoKfNUNeWnjb3HB_AVuQ,42,0,0,0
uNbboFzpFfn6d4P-rgBSpw,42,0,0,0
uOwjdjiNwbqrwLFWCqmzoA,42,0,0,0
uPjuRECmhvF0DeCD4uYLTA,42,0,0,0
uPr3t2M-OykA8M_oro7j1A,42,0,0,0
uRwxr1xulZk3g8_eimR6tA,42,0,0,0
uSW4S1CrdU0XkMyDZ-EQXA,42,0.39038005,0.39038005,0
uSbLnoOqMLKxKSpwqtPtJw,42,0,0,0
uSiIX6Xi431yarud8_9pmQ,42,0,0,0
uU5ZNXxr4K7-9K8JoQydBw,42,0,0,0
uVjRuriuqjMHZT1U5ITxAg,42,0,0,0
uWRjv0WiEGGIrvKI7THX8Q,42,0,0,0
uXznbrfW2o2WumkfHkuCkg,42,0,0,0
uYB04U1yz5Svi3enL7sLqA,42,0.61314719,0.38685281,-0.22629439
uYgTxpRK7BjKtZjSiyAKDg,42,0,0,0
uZh24QNZnwNHUu73LDdjRQ,42,0,0,0
u_K3Qh4LvKVcjXGfKp1kTQ,42,0,0,0
u_WZavcZZXyBT4TOrzgwuA,42,0,0,0
uaknaEaywVitJGVyjucYKw,42,0,0.26264954,0.26264954
ucxPzgsXe-xYKE9rblmFQQ,42,0,0,0
ud_FXCdYEBzEmN-StimrhA,42,0,0,0
udlKWbHtXLEbutbkhs7ysA,42,1,1,0
uefh148KzhHnSkIxr0JBCQ,42,0,0,0
ufVEgFC21fUzYKKz2YDE4g,42,0,0,0
ufco-sxD9Org0AMxagNgQw,42,0.42213593,0.53929689,0.11716095
ugMgb7NH1Fi9EggOCQyl2w,42,0,0,0
ugrqJ4Zk7-cqtVUZGMAVFw,42,0,0,0
ugs7RpSHH0O8Tm_rUkTUSg,42,0,0,0
uhg89buGYO6wlwFZitmLPA,42,0,0,0
ui9Mx2bzUOv6UM2jkhbmVg,42,0,0,0
ujnDUkonNCe8VVX-AodqAQ,42,0,0,0
ujpW4XrCyjXgZLo1Fu6Qrw,42,0,0,0
ukNsjuQuoY7N0jt6GgGEzQ,42,0,0,0
ukcw_VFRfo9pIJ7NBZS5QA,42,0,0,0
ul8pCL28qUSG9UbhueQBDg,42,0,0,0
ulrRyKesfZSp2GuQTPmU-w,42,0,0,0
unKiy2n4GK8MUK3ze9peow,42,0,0,0
unSL3jKjrrJLS5sAeeYKSg,42,0,0,0
un_lVoDxTW1X8ZF646MEqg,42,0,0,0
uncpOYLlTS_g6GRgE6Rnuw,42,0,0,0
uoH1yt6nEthuRJOAzYqqTA,42,0,0,0
uoQ1uNsv4qXqp70XdVie5g,42,0,0,0
uonP_K_oh0BylbQp-GsFvA,42,0,0,0
upUOCn4sPkFVxzJQ8L-OVA,42,0,0,0
uphOaycQ-_SkhFPoodp4RA,42,0,0,0
uq9qUyhLzfsPAMT61a-8zw,42,0,0,0
uqnVoK6B2tKWFLWPksrt1A,42,0,0,0
ur82bhDYvD6_PlndoUlLvg,42,0,0,0
urxYenJHTllQanlE8pXLFA,42,0,0,0
ury6Z2RSPY5HrmTcIl2Rpw,42,0,0,0
usEhQUcnAIxGZM_mU0rvaA,42,0,0,0
ut-tZLiQMe_BoImacIqbhg,42,0,0,0
uuOPo3bEKY2xx6YXsoZAJg,42,0,0,0
uux85jH-wCKLbNV6ZkaJUg,42,0,0,0
uvDYHvovZUz5x1Y5b66Cmg,42,0,0,0
uvav-UwHwFGGGAxAMDECZA,42,0,0,0
uw9cwb4qvH0EKvUh-X_W-w,42,0,0,0
uweJG4F7Q8qiljI-U02OGw,42,0,0,0
uwhVvjdoW2jnAYBMEGXbfA,42,0,0,0
uzGgsz00quM8npQqCuLqPw,42,0,0,0
uzI6tzdRsqVTvQtYT6zqyg,42,0,0,0
v-cA8D1zLe4ZglIRsPuVKg,42,0,0,0
v-e3htBzbdG7uNwnuBx6VA,42,0,0.14126697,0.14126697
v-jVmulBJ1UVe3Bnj5PYCA,42,0,0,0
v0cOwLQIoJS7AnqNsouhHQ,42,0,0,0
v153Q6RoGDoQDXQAI0dWEA,42,0,0,0
v1z1eX0B_WTfRICUPRFOjg,42,0,0,0
v21FsdvXTY_HOw91T6czyg,42,0,0,0
v2NXcLlILQEztwc_uXGRrQ,42,0.16716045,0.24344088,0.076280424
v3SOmeAftPTv7HntKd0UvQ,42,0,0,0
v3asYzSUsauvsP9sM4TqSw,42,0,0,0
v3tfLldPToSZWbpmRGWipQ,42,0,0,0
v40lA__-5DYjdurztH6uyw,42,0,0,0
v45JbwOaT8joAOzN_cKH1w,42,0,0,0
v59JOYQC0CleymY4RG2Abw,42,0,0,0
v7CLuUfX_4FWqSMUjK41xw,42,0,0,0
v9JOSvfS7VcIB5a2qUj8OQ,42,0,0,0
vA7TmucNttb11Y_mpDjvyw,42,0,0,0
vAmVqfpM7fjC26SvDSDS9Q,42,0,0,0
vB0gDLJ-VieZrgnH3UWzjQ,42,0,0,0
vB3DuHgXvQlk-fwVPgPgyw,42,0,0,0
vBkMA-V0hEXgtUpBJkEr6A,42,0,0,0
vCUeFAY774VtmpszX9hyGA,42,0,0,0
vEFJfeis4LEuM-y4qZvXAA,42,0,0,0
vELZPqIzED2jrx3SxwbiXA,42,0.33958467,0.17342766,-0.16615701
vF7WfIW06ymRIz8sX0scPw,42,0.61314719,0.61314719,0
vFI3NIJJBstQNI4T1xb2tg,42,0,0,0
vFd8aBLg1kFcd0kCkoi-xw,42,0.96766171,0.96766171,0
vGxxX3P6FCZZAZaSPsJaXw,42,0,0,0
vH30u2I54Sgesml2M7QDRg,42,0.16812754,0,-0.16812754
vHYNMTuFqbVpTVHqiu56zw,42,0,0,0
vHf2-W2r8s_dP2ikR0yoXg,42,0,0,0
vHja6F8-QZW_lZ_bie-KTw,42,0,0,0
vIcFuPtw8cRXRN0HJDXirQ,42,0,0,0
vJ3YiIUVwhshFBpQDRJhPQ,42,0,0,0
vJKQ6Vn-cQRcoPNE5QIR8w,42,0,0,0
vLSKfxquToSdB7NL09XRUQ,42,0,0,0
vLsMP4KFswd1rP-052UCqg,42,0,0,0
vMjwDOGXse7bcI_1d9lKzQ,42,0,0,0
vOQKR1aI-kMFpkVAU51aiQ,42,0,0,0
vOWWuQbY1lMxe7OEClOj2g,42,0,0,0
vOvqETH0s3WcgPsxl07zPQ,42,0,0,0
vP2u77abmwF4tL6UIqsgzA,42,0.15165949,0.06242195,-0.089237535
vPZJC3zOqgAyFlX7ELQ1cA,42,0,0,0
vS8H4lgp0AvtPSjrmKOQkg,42,0,0,0
vSKQ6ylro5DoAMyiLZC4tA,42,0,0,0
vT0zU-jHNJQgKUBNgXG9dg,42,0,0,0
vU9_lZqJQIR8btUYw7fqxA,42,0,0,0
vUIydOj8gaNwXaTXTF3Y3Q,42,0,0,0
vUOQx0GadlgRVINjXbCZLA,42,0,0,0
vURX1_GPy7PXcgj1P4iDDQ,42,0,0,0
vUiebV27kFKne70hRP-L4A,42,0,0,0
vVBhsqbv07cPiPJHW5F8rw,42,0,0,0
vYMUZ9Kpr7h0Tt-Om5f4hw,42,0,0,0
vYR_UiHiBkHn5wOsEOYGRw,42,0,0.1418689,0.1418689
vYbbFz2xEm-2JqBDZ1npLQ,42,0,0,0
vZsOBoAqQT2SoEzj8l9yeA,42,0,0,0
v_0ozsd4DU7Ttu7-cYJnXw,42,0,0,0
v_wGBhpbUeJ6DxTFyiZv2Q,42,0,0,0
va7nYy4eRJF2AbO5WVV2SA,42,0,0,0
vaXIJKUS9T8izz1NTilvMg,42,0.38685281,0.63092975,0.24407695
vb4vJ1AfSca0qpY9ybzvUw,42,0,0,0
vbPrCNu4fWZSdKgS-JyKjA,42,0,0,0
vbrwpxbYDD2NpLsfiD7G6Q,42,0,0,0
vbu9sjdqoDrUq_I0L2Y-rw,42,0,0,0
vcHN_SOGbOQhjQYArtpk-A,42,0,0,0
vccC5EdBrkDVUdHJtzY42g,42,0,0,0
ve-W_JSzbRlz7B9nmCPOlg,42,0,0,0
ve0YCgBgjmMR8uGwcNSUgQ,42,0,0,0
ve8J3jometSzOV6qMltZ4A,42,0,0,0
veZGsORMB2Ti-AMxoXIP0g,42,0.59790654,0.55055986,-0.04734668
vf5heRma4NAPhhcKrnc7Cg,42,0,0,0
vfEEeG8AB2YTQETiFkp1bg,42,0,0,0
vftKBmmnlkOcK2PEFaA34Q,42,0,0,0
vgT_PWkWqt5CiDmJ9PpreA,42,0,0,0
vgqmaSvEs0Tx9xz7sXbuvg,42,0,0,0
vh0H2k1LpHRtf6JUZW4Q3w,42,0,0,0
vhRurbdop6V7vrCFBBJS1A,42,0.61314719,0.61314719,0
viA9AbOpmoqT3AgNOPAHyg,42,0,0,0
viFLiYYrr19xJNaMPDZ7fA,42,0,0,0
viWkK6--5ChiN3hlZ8XqTg,42,0.23719771,0.17103308,-0.066164629
vkEJacURA_suNJQOF61O5w,42,0.079841335,0.33916021,0.25931887
vl5Tc6MXpSBq7TlceiFTGQ,42,0,0,0
vlGSRdma94-KDoYcHgc6pw,42,0,0,0
vlRVqXO_V0YEJm2B30W9mg,42,0,0,0
vl_pERwmYpEcfhHkkGFhsQ,42,0,0,0
vlehgFdySB62xExGaaqEow,42,0,0.17103308,0.17103308
vmPkcipge9ICnIGwUuCAFg,42,0,0,0
vn87l_pm2Fe2ayVms63lsw,42,0,0,0
vna1beYPMnwlQpkCqfnXJQ,42,0,0,0
vnaPB68RrAcTn2PQxcbDbg,42,0,0,0
vnqehTQ2kPv-oWb-9hcNfQ,42,0,0,0
vpBn_-JT_3Fyy-ZSr8iqhQ,42,0,0,0
vq0RhJrEaAFOjyrLyKnvDQ,42,0,0,0
vqvz7NZFudMM9Vzoq6hILQ,42,0.10086747,0,-0.10086747
vr-Rw3nMKIgGrVNT6A7p9g,42,0.040162931,0,-0.040162931
vr-gbhdwVvzQJAreAPrqcA,42,0,0.082746021,0.082746021
vr6EwvHgsT2f-scHr-Suzw,42,0,0,0
vrH9aAL4z8eloATHcvBNaA,42,0,0,0
vsRQZ5MV61g47Vb5HRS-PA,42,0,0,0
vt7TvkKsybpfbbX5PWvFjg,42,0,0,0
vtY-vWHvrbNWlWHosNG4ZA,42,0,0,0
vu0hRIbTTXWK75gsPGundQ,42,0,0,0
vuyn8gQSv5IwgRUw5ukGEQ,42,0.46927873,0.46927873,0
vvDlUjRBCVymRXAZd-R0vQ,42,0,0,0
vvNLyNiMenk9Zi19QCsepg,42,0,0,0
vvaWm4qkK-m3h89fa83B5g,42,0,0,0
vvjhJcaSMorF-NorNwBgSA,42,0.41253178,0.41253178,0
vvne44j5eWeHGzYeLbIRcA,42,0,0,0
vwNGJ1tFxe6HhvpYPzPcHQ,42,0,0,0
vx6JR5We5Mex0Q3NhJVVqQ,42,0,0,0
vxT8uJaf7gW38RLGs4d5Bw,42,0.61314719,0.61314719,0
vyQfrtDRhnGpC6WoVzS-HQ,42,0.30260241,0.30260241,0
vySk7eHaznAnbaqqlhnW8w,42,0,0,0
vzH9g9o3nlFxb0AFVbK3Qg,42,0,0,0
vzLaY-zW81FVTWKpbD37ZQ,42,0.26406812,0.1934264,-0.070641719
w0Eb3PnZFiyQdWqXYKnx3A,42,0,0,0
w0f3twDIXtkYuKUzfy_s5A,42,0,0,0
w1LHR1Grlpo_fTSsoXmwkg,42,0,0,0
w2cVjnLK_n6PrIVUj78gLA,42,0,0,0
w2cvBfiNIBsy3C7g4-RpZQ,42,0,0,0
w2ntisggCzwnu_EuCIZz2g,42,0,0,0
w3O-9VPps_JEQmyk7ljt-w,42,0.21840744,0,-0.21840744
w3UyPT4x1uCw8Ci430-1nA,42,0,0,0
w4GHZOHmc0qRe0Y9zwrObg,42,0,0,0
w4PqT-9vVSVpamDvTHnsDw,42,0,0,0
w4ROGBt26UtOhiJETKAa1Q,42,0.61314719,0.61314719,0
w4rac-04zSWhhxI3gRBFCg,42,0,0,0
w5msIz-I3D7fNyas0BW3aQ,42,0.12011566,0.13090199,0.010786334
w9_aZDRgSTmokiPh0yPDEg,42,0.075650603,0,-0.075650603
w9b3RcwGfHP-hvGFso-ADg,42,0.61314719,0.61314719,0
wABHp4fGUC-0acRKhmQO2A,42,0,0,0
wACiJiJdCikLZh9CxInL6g,42,0,0,0
wALWN-0m9wviE6vmgr1LFw,42,0,0,0
wAiGc2Rvc9mI1LqKfN4KhQ,42,0,0,0
wAvohuw5_JdUD_PhqhUMqA,42,0,0,0
wB1nqiVf8LPClOKBX5WQEg,42,0,0,0
wB56ABOU-XWlD4IKZTPHJg,42,0,0,0
wBMlrahqkFmkCACktcRkCA,42,0,0,0
wBf5HiyZHt08gjtaQAYy_g,42,0,0,0
wBg8De_6caBZPFHDszna-g,42,0,0.056760173,0.056760173
wBs4opAqqvxYrvUg0C4hdw,42,0,0,0
wBv4l952xPbAbM2EziuAzA,42,0,0.22767025,0.22767025
wC4NI9o2F64oi_pmdk_6JA,42,0,0,0
wClPpZ7y5aK2ygmubkUB-g,42,0,0,0
wD0BwDMifsuBhH6WCUBYlg,42,0,0,0
wDmSvr3rtzJI05u9FoLYfQ,42,0,0,0
wFfzWYWX-ke5auLlnPG4Kg,42,0,0,0
wG6pSbzmQkXDrghRHOAV5Q,42,0,0.093618003,0.093618003
wHHjOtVXYtz9AcGM9seWrg,42,0.1418689,0,-0.1418689
wHPkNTlW3UW3XpKuMyr8Qg,42,0,0,0
wIIICszWgVyCX5OJIbGfpA,42,0,0,0
wK1h4MOjM3q80YmL_Rx_dA,42,0,0,0
wK56PYC3Oy5kB0MB0P7HxQ,42,0.39038005,0.39038005,0
wKkikLFeCfVA1QQFsYrZ8g,42,0,0,0
wLr4wi0YKU52U3mN3Ri79w,42,0,0,0
wMT72Ya2R6LZzZ5y95gOxA,42,0,0,0
wN2f5qD2tbiD0xpZsrUC2A,42,0,0,0
wN64OkMFXzn630qO5ZmRUw,42,1,1,0
wNCXZzLsRLwpwXoT-aUa2g,42,0.16812754,0,-0.16812754
wNeR43UMTOwOIsJp6uEecA,42,0,0,0
wQOAM_pyARyd3zHs7WYltA,42,0,0,0
wQlVhuqzAkRvmBynVtRebg,42,0,0,0
wQtvtI-eTQ3-mdT0U_k52w,42,0,0,0
wR7pFcXKEVvpr2pM4jr50A,42,0,0,0
wRvW0uiPZ1UAKXN7U6JZUg,42,0,0,0
wT9XMEl3wPuzNGt25Ai23g,42,0,0,0
wTlQzT6IrPMIFeqZabItyA,42,0,0,0
wTrwPOlAmAtfVSRyRhwmMw,42,0,0,0
wU0HcKMaUKRvCmVAvaISlQ,42,0,0,0
wU2jAHlYCbpPHDpLBSg0Zg,42,0,0,0
wUTjHpPAs6EWFZtMfEQUiw,42,0,0,0
wU_51QNLyQyQKtd440m9Kw,42,0,0,0
wVZMFgBWx9_NtOeTVncmZA,42,0,0,0
wVhG3gHr4cwZAnXIAqLXcA,42,0,0,0
wW-3dqwUYBiZdpIXAm8HiQ,42,0,0,0
wW5EU5BvnX_WBITF5rir2A,42,0,0,0
wWa9X07Cq8EVaqJrA5QKyA,42,0,0,0
wWrIJiaqRrqXE6l9uaclJQ,42,0.29608191,0.29608191,0
wWyR5AdkPNwxEBZhYCGiFA,42,0,0,0
wXR3m5frAkqYqYknuZJs9w,42,0.33916021,0.33916021,0
wYAspqrg3OaXMleBYf4tMg,42,0.22767025,0,-0.22767025
wZglx9SPgOOL4L8CU_SkvA,42,0,0,0
w_RrPXOq6O3mx4hb1zcjwA,42,0.35620719,0.38685281,0.03064562
wat2TtMMeJZN5YFavnbgmg,42,0.61314719,0.61314719,0
wb-yY6b9A7QiuPFTrnTinQ,42,0,0,0
wc2H5kh7oPDlGFAkehdWkA,42,0.12315119,0.24630239,0.12315119
wcSxQDMZwrV02Ntzh49gxA,42,0,0,0
wcYvN9M3Cl3O5_MhTt7nzw,42,0,0,0
wckCTnXT1PRv2H9hUE6ifg,42,0,0,0
wda3N_MyDAvB4ZC7-KHBhg,42,0,0,0
wekw0bbIv8o61WkTg7GPkg,42,0,0,0
wgiVsn5ZtsxULQb2K2gioA,42,0,0,0
whGR_gvYVqssZGKPtsCATQ,42,0,0,0
wi_w-Ew9LgrEEFkUMPmsFg,42,0,0,0
wjN0yT3VB2ICKW_o6jnsgA,42,0,0,0
wjW2OjX9cN0BSZtQ6ddv6g,42,0,0,0
wjko_JEkgwydWiT-aIjKIg,42,0,0,0
wkRmDIGv_MvSoX1k6hopAg,42,0,0,0
wkaYGtsC3Qt7g09kExjRcQ,42,0,0,0
wlOcGCOIhf3BpGQkAOfFPA,42,0,0,0
wmBrrxamK2Dud-VVM_zw8g,42,0,0,0
wnB3Idz0ghDtItI1SB6sGA,42,0,0,0
wnpJIBb-IYg53_CD_86Z1g,42,0,0,0
wnqrvAfWjTuNas0Oib0WDg,42,0,0,0
wnrHhjDpQk5uLUK7Iku75A,42,0,0,0
wntGyJSD2boI8mx562Sumw,42,0,0,0
wnw91K5aeWL0xDCUm73ARA,42,0,0,0
wo632pzj23-Di2RakSugjQ,42,0,0,0
wo8mvtL0eJ2pnnmMfJM03Q,42,0,0,0
wojMqIU5hJAv71o9h2mCig,42,0,0,0
wpMvNi8YZsBDJXf0YYzxzQ,42,0.34748599,0.3746367,0.027150715
wpfvF8ue3yr1m5xD4OrZNw,42,0,0,0
wqU8CHXTBIB68RbQ7XyyKw,42,0.086810776,0.098039286,0.01122851
wqWQOLLUUl-jY0bFQZGdkA,42,0,0,0
wrd7Bp1nYs4oz3LMHXG7Mg,42,0,0,0
ws5xN4JuudHqRLYleWw_1g,42,0,0,0
wsUXagSlQR5ETEaBZEhDDg,42,0,0,0
wsdtHpgw45hpju4mREenoQ,42,0,0.098756075,0.098756075
wsfjk4YMEswaxulhv5rdmA,42,0.33333333,0,-0.33333333
wszI8TKqFEuaQjxEYrt-qA,42,0,0,0
wtTQ1XUlFQC3KtmzUK0EUA,42,0,0,0
wtn0vgUqdQeiydhg6mvSJg,42,0,0,0
wuVdyjawx8yVotASEQPn6w,42,0,0,0
wuYqjkBHfsw3sq-M9elEpQ,42,0,0,0
wv3I0yO4k8Disn8F1p4O8w,42,0,0,0
wvPZT_65WuGr9wXG3GibfA,42,0.090325438,0,-0.090325438
wwEV66BaaGIiXerjrPMziQ,42,0,0,0
wxxwnRsJHegMGk99forjzg,42,0,0,0
wyJ6UV1huG3vH0dodBD3Dg,42,0,0,0
wySVwaeovPlqXhNQRo-shA,42,0,0,0
wzvk2yIl1TK-CMC2-N0rxA,42,0,0,0
wzyGNvArcpUjZauRWFrKHA,42,0.14704034,0,-0.14704034
x-ypNpt4nGTBAfTqyJyA3Q,42,0,0,0
x0VPBGCkQzCq41NrKQkh3A,42,0,0,0
x1NswtSImNRYvXY1nfDL9g,42,0,0,0
x1SYQsKU5lBrl3wBPvuHHg,42,0.33916021,0.33916021,0
x1VKE6c-h_LURcTrbk9l4g,42,0,0,0
x1_sp_rHxZtI8VLX_IF5cw,42,0,0,0
x2Q3CdREDt1GuYmNDrpCyA,42,0,0,0
x2XfFXM2wAQL9TuDFnfGxQ,42,0,0,0
x3133lbPRsll8t2lrZeApw,42,0,0,0
x3E-qywSnEioMMknTmvBdQ,42,0,0,0
x3g2mcOmonqy8NKhywUUrQ,42,0,0,0
x3kLoRyM2hNnBwT8YRxQnw,42,0,0,0
x4ZEVdDvN2N1Uef7SYiZCQ,42,0,0,0
x5ZmMaIaZyUbWlXiuTpiNg,42,0,0,0
x82Vqj573nIU9MzHlvcZ6w,42,0,0,0
x8gC4oO9x5iYxJUPgHDTkA,42,0,0,0
x9dptqQKNGchhMIcz1c-Bg,42,0,0,0
x9h7cePunuZNzXg8F_r6Rg,42,0,0,0
x9rkVoNB92HR_bFOe6MFTQ,42,0,0,0
x9tpYPYSt8MGZe8v60i8OQ,42,0,0,0
xABZeE6c_DUn7FNj8kpfDw,42,0,0,0
xADEEd4XSUauHTupnKMrhg,42,0,0,0
xAWmRgn72zqpH9B79Tb5tw,42,0,0,0
xAjy22aSVgu2EB2cqGMe4Q,42,0,0,0
xC0EwX1RMsM99vVVisKLfQ,42,0.45080263,0.33551336,-0.11528927
xCyrTXHiUJaJiMdadI13Xg,42,0.089617287,0.14204004,0.052422752
xDGDeJ7QnD-TZAV3KVVeuQ,42,0.61314719,0.61314719,0
xDMxrEh6lo-ihRFs_3zndg,42,0,0,0
xDQlc86OBoSPS5NgaUyFuw,42,0.19635794,0.19635794,0
xDfxoLiTK9l2CuI1KON6qA,42,0,0,0
xE9ISXYakfWG8hDyBVDeHA,42,0,0,0
xETfyiW7Uhwcr5pBptpOIg,42,0,0,0
xFR__0o86dOYiRECKR5Z0Q,42,0,0,0
xHzU9YYhGAtVHEouuI4lxA,42,0,0,0
xIDbzsCm6fl7EQHZIQZYyQ,42,0,0,0
xILFSnRh9WEh-YyAvdwPfg,42,0.16812754,0.10549558,-0.062631952
xIqKVLEy_wRyFf6JPQX4dA,42,1,1,0
xJpZH-h-OhA94GipnR4kgg,42,0,0,0
xKKwjtLoiA423KmXv7RjWg,42,0,0,0
xLF_5_8FgH-AyHA7p2zDnA,42,0,0,0
xLhQL6LoeyCZZENV-4AauA,42,0,0,0
xMzsQaC59OT74Z3m05Aepw,42,0,0,0
xO73PgPy9HbWqD3KlEvjow,42,0,0,0
xOCT9pbGPW4Z4sg7ZMKsbQ,42,0,0,0
xOR0oXZ6an-zTLu3jGxSTQ,42,0,0,0
xOsjYB2HHIjiTASnEEPLOQ,42,0,0,0
xP9ztT6tiRAV7IekzKBaAw,42,0,0,0
xPeP-KySC8sFMmc5RnlgWA,42,0,0,0
xPtVNR9mmLis1dV0iy0tsQ,42,0,0,0
xQBc6CYzkst2YhN9D4FZKQ,42,0.30103,0,-0.30103
xQC-G-9bxyXEsy-GQ-UTEw,42,0,0,0
xRXWUPEgcKxJz-LQXFZpvw,42,0,0,0
xRXq4R3FmyI_gIHtGLqdHQ,42,0,0,0
xRsK05J7MEo7lV1kru3bLQ,42,0.45250815,0.37583303,-0.076675121
xS7RNp94koln5JgNPIbxig,42,0,0,0
xSMhOhMuqgOiqC_23Mn_wA,42,0,0,0
xSU5rO5SLgI9OMY29pD3MQ,42,0,0,0
xSYB0uJODZEAGJVXMBGq3Q,42,0,0,0
xS_1PFhIlEChnl4pmO6p9g,42,0,0,0
xSfd0Yq0zNxhRn8j5AKcNA,42,0,0,0
xUxyfBWlrhIpr36p9MlYcg,42,0,0,0
xVeizuWJzhsAdkZ0MfrPVA,42,0,0,0
xVgB3oWeTZ0FtuTyAN7zzQ,42,0,0,0
xVuXPljZRPk90K30A8kupg,42,0,0,0
xWSow25oW0oxSI_hCZ41Yg,42,0,0,0
xWbq5YaDhT36IYsOmAydvg,42,0,0,0
xWo5LSE7Tv3gNp-rGE9qZw,42,0,0,0
xX9Xl6Yq16SvdOsvxBRhTg,42,0,0,0
xXVWvQef2Bd8ir38X7I-zw,42,0,0,0
xXoc8NO_MXq4zHX_N9a0KA,42,0,0,0
xZ5nuRO49izbeqouxG-h6A,42,0,0,0
x_0ZFK-S5UQE5lbn1vsXUw,42,0,0,0
x_CMTLjBJVA6nWhuMblUDQ,42,0.24249278,0.23579473,-0.0066980497
x_Frpa8QWc25FDJ5BJM8tg,42,0.10889376,0,-0.10889376
x_oKLABbfrx626bZtmLKhw,42,0,0,0
xa0vHkaID4kZ6BSfweP1Ew,42,0,0.1175161,0.1175161
xaX2xvXTRt78WJ-AHJ_Vlw,42,0.097912925,0.074282073,-0.023630852
xcGPD8pdfyugcZ8SskvP1Q,42,0,0,0
xcInMSLP1vhZdact4TGzyw,42,0,0,0
xcdgtVCNkwFseitJSdRnXA,42,0.54379275,0.5368596,-0.0069331513
xciuLCCHQtdg4QoN_EjN5w,42,0.46927873,0.46927873,0
xe0HCUloxUjA9VngKwwEaw,42,0,0,0
xeDcC0ZVasU8VDDdCsfrVA,42,0.33916021,0.33916021,0
xeFtjq0o8uMC3Kwwub9GFA,42,0,0,0
xfjWvKzAqhvbtg1huVA9_Q,42,0,0,0
xgGYB4NCz8ZsDpI-st-g9g,42,0,0,0
xhV0evzsT2wE5D0LO8zHVA,42,0,0,0
xiVOHH_mYEK8_b0hOYTDfg,42,0.090100009,0.12647135,0.036371343
xkLRTaTDoZr20Lk-kKp18Q,42,0,0,0
xkmypny5H5-kFJR2LfbRcw,42,0,0,0
xlEyP85qs0mNV2rspP4MgA,42,0.63092975,0.27894295,-0.35198681
xmLLrhc34KMMx6e24MUqNQ,42,0,0,0
xmm6CUZE7dctB79d3IWnvA,42,0,0,0
xnnS5fZUAStMc20C5KdwLA,42,0,0,0
xnwe_mJoMTAKPuk_-Nk_AQ,42,0,0,0
xoF5UIiR1MscrxMhKGKGlg,42,0,0,0
xoMtvN3OjTNuA9FLAm_peQ,42,0,0,0
xoPwsLNfF8MCESQ7flu4-Q,42,0,0,0
xopaCtwpnCprkynKty-mYw,42,0,0,0
xppDW7-E6c-rDNMq5YA24g,42,0,0,0
xqjhgh6G_fd0l6FPeKrp5A,42,0,0,0
xqmyAQXVBUQ4JvdG2T8XLA,42,0.15958908,0.079794539,-0.079794539
xqybfWaTzzst2ZlpWCjUNA,42,0,0,0
xrCxWeHjVOCv2-fH-sRNmQ,42,0,0,0
xrMRQN0APR7PZuqRYTaRTg,42,0,0,0
xs7xL0iyDP7Q8dtuAlX4gw,42,1,1,0
xt6fHEl0lHQ9ogxWSPtWuQ,42,0,0,0
xtIz_tKpH-vFmLtQQYwLZg,42,0.24630239,0.24630239,0
xu_bd_3CSJbMgD3PKxkaVA,42,0,0,0
xudItvqWCVJsDzk1qqo5JA,42,0,0,0
xuryiOCxJNa4DNyrNCkGMg,42,0,0,0
xuzNMdcvlTUzYDO4BaB3Aw,42,0,0,0
xvW0kYzR4gYlM4_F3t0p3w,42,0,0,0
xvvXYgohFoskgg6WiVchvw,42,0,0,0
xwsQfP66TVvV-3g2G9ngmA,42,0,0,0
xxc751tvn4uLZNe7o_Z86w,42,0,0,0
xy73BfEs7UKuT1PImQWM1g,42,0,0,0
xz40QnB6ojaWIS_2KpcEKg,42,0,0,0
xzaMmu8UCDbkG2UYiuXiig,42,0,0,0
y-MbemaPTMgJpB3hklmjLw,42,0,0,0
y-ihe4xLRCSibVjmF2jAHw,42,0,0,0
y0MwqMMYGt9lvQQsFVB-ug,42,0,0,0
y0TidM7UrE322UeCLys1GQ,42,0,0,0
y1SMdzjnl-G9y70RpfDY8A,42,0,0,0
y1rDf4fbpgJpA6NUpTNJgA,42,0,0,0
y2cfdcjs2aTpPJjbKyKdyA,42,0,0,0
y30-Azv_pNnJarz4zHZqaQ,42,0,0,0
y33bv7f43HfIbHjmkHl8BQ,42,0,0,0
y5JJVlWfEZoDhafzomVgSA,42,0.39038005,0.39038005,0
y5dAM9jOjdQBaHvz1YS0ig,42,0,0,0
y68DufBz04HzH8mB6-_F4g,42,0,0,0
y7AGOXeSOTNVROisSMgHfA,42,0.084408809,0.068893567,-0.015515242
y7G3rH0D2phnPvNnhv2Skg,42,0,0,0
y7H-4bWuX3eqC7C11DvQcA,42,0,0,0
y7gOYoY9hL3A84gjI7iulA,42,0,0,0
y7rUQ5HSh0awNduJITC9LQ,42,0,0,0
y7rs7Yqs_4_HzQ2sd_VTjg,42,0,0,0
y7vOFM6mOjNDIEyIrD60YA,42,0,0,0
y8LDMlCO4DH3W4aiaZZE4g,42,0.074282073,0.076674814,0.0023927411
y94FS7iXvZp9QISUc0F__Q,42,0,0,0
y9B_A0ZCE0SO3ut4OkUtOQ,42,0,0,0
y9lOGLOGcmC6jyh6lxUAEQ,42,0.070755761,0,-0.070755761
yA4rJVAFSJdYrADctutoYg,42,0,0,0
yA9lR4NXtsfTqpBS9TnzUA,42,0,0,0
yALX8yLSLMUUieEYjRwBpA,42,0,0,0
yBQEOTjFlZkjf3rcwDxAbA,42,0,0,0
yC9ht4Yr9pFZig7OZnl2eA,42,0.16569577,0.14704034,-0.018655425
yCF-T1t7ML7NC_ib4Yq4mw,42,0,0,0
yD2t9OfjMpt3zc772GznBg,42,0,0,0
yEDq0hDy8LG-T6NP-C1e8A,42,0,0,0
yEO8zA3aQQXvX4Sf9OfTug,42,0.24465054,0,-0.24465054
yESVHMBq-7GUbcVK4Z1LsA,42,0,0,0
yFfU9RkIc7rv2_BaWjiVQQ,42,0.14804096,0.29608191,0.14804096
yG1q9kH2Zj4OeWusHMQmSw,42,0.27487633,0.27487633,0
yG26a5NFLSKn4DffKcHIIQ,42,0,0,0
yG4Y5b_dfMxBj31XhA1dnQ,42,0.19635794,0.19635794,0
yGWX1h_xhMnSmnVl50uV9Q,42,0,0,0
yH4lGyg73D6oxSf4EDx8RQ,42,0,0,0
yHAFyRKk6asNz2-Wb0go4Q,42,0,0.072567831,0.072567831
yHJR23pt7vfcBSPU8UUsLw,42,0,0,0
yHMbchndK3HTsm6kSkKjcw,42,0,0,0
yHY5QyJmeVsywaKkCojU6Q,42,0,0,0
yHy4xIfrENhYptOScwqHUA,42,0,0,0
yImgETADLZY7hBJ6C4TLWg,42,0,0,0
yIsQ4qFCyY-clmlRwQlw_w,42,0.12011566,0.13090199,0.010786334
yJ-iqzaM9EKivFbS93WWFg,42,0.46927873,0.40655431,-0.06272442
yJIrJ-cx1nhcpJDLFRMybw,42,0,0,0
yJlJKlqrK1WsIEICdLTCBw,42,0,0,0
yJnEAA7iaN6yOjZoJCMX9g,42,0.46927873,0.13090199,-0.33837674
yL9FvC1zSA34RymTkNVTAg,42,0,0,0
yLOHrp1kv9Ut4-rFVDAN8w,42,0,0,0
yLRgfnhZZfNp7KASyRL6ZQ,42,0,0,0
yLqPde-MvBWg80j0c4DqbQ,42,0.46927873,0.23463936,-0.23463936
yLt1pqbQsRXMguOIId_aGA,42,0,0.090100009,0.090100009
yM2m1VixYSJBCwrTiqFADw,42,0.63092975,1,0.36907025
yMEsTtgZMnofpWkt7dC4pQ,42,0,0,0
yMR-l-GxjWtJbzn8agZ0Uw,42,0.35620719,0.35620719,0
yMlk3HBqiRi0-HIU2jtmIw,42,0,0.093618003,0.093618003
yNCMW7NP6X9BqlVaeY9j7Q,42,0,0,0
yNEuxv_oq2w2bVkMy7Gz6A,42,0,0,0
yOLXoEGrpIxsWGfihJjZFA,42,0,0,0
yOO5Dj4CU-UJsnVxsSpVPg,42,0,0,0
yOdpCMzWtgPcC1GqJoWGoA,42,0.61314719,0.61314719,0
yPa_4u6hcWEHkziHAeRapw,42,0,0,0
yQ9X1krk3L1TBckF8K95QQ,42,0,0,0
yQDeWccOtFb5CEbYwZ9XhA,42,0,0,0
yRWYLlW5gO2986PuD0RJtA,42,0,0,0
ySLN61LmMc9kjEleiLh72A,42,0,0,0
ySdQOT6sGt13SNsFjECEPA,42,0.085731318,0.04734668,-0.038384638
yTF8dNsYLJIDG2cPReFdzg,42,0,0,0
yT_yy03kzw4TYHb9kTQN6g,42,0,0,0
yTeGFm_Em9D73W9W0tR7_g,42,0,0,0
yXTJq5K4zlUraDzJvHNb4A,42,0,0,0
yZ-KypNrUUEhB-FgPl9efQ,42,0,0.25,0.25
yZEU7Kduli1FSlsOaQecgw,42,0,0,0
yZoOGwQl-lYlGfgI7XAfzQ,42,0,0,0
yZwgNBKJb6YFnS7_lo8pGg,42,0.31360152,0.15958908,-0.15401244
yZz14ST6gPAO6KkTvSy1Nw,42,0,0,0
y_LS2MZJB7J9fUfRtEkV_w,42,0,0,0
yaI_-iJ3P4KGfg0obUi1Qw,42,0,0,0
yaPtqlclr-iTIU2tKVCSMA,42,0.43719949,0.45997151,0.022772017
yab5bwtrszHnh6VT5l_3cA,42,0,0,0
yb5bQBhc0_Q9neoMSPAJvA,42,0,0,0
ybBtjH-YlOv_gWDcQuDK1A,42,0,0.14126697,0.14126697
ybk17mqDIGgeqtbd4X-e6A,42,0.073477391,0.042652305,-0.030825086
yc7Q9rmW9KnSbz5ad6x_jQ,42,0,0,0
ycHz6JUtQVsHoN4wq62ZbA,42,0,0,0
yd-PRvnG9tXxJDFo9Ohpvg,42,0,0,0
ydsAA_vB_SAuHWIjLmSbew,42,0.10549558,0.15101962,0.045524034
yeUN85YNAtJ3ORnkkGFALw,42,0,0,0
yenOtENGbT9W31wsFbeBiQ,42,0,0,0
yexCJ1nAbrGAYKKUvUogPA,42,0.08930562,0.13083037,0.041524749
ygP68TEDdmlJDyq_1in4UA,42,0,0,0
ygq7GSHI5hUCmsV9R3G6Tw,42,1,1,0
ygwgGRtq6G_0f7GD1Y334A,42,0,0,0
yh08LMJHrvoTghshxCsv8g,42,0,0,0
yhjqpVS22KBm2PruuorAwA,42,0.39038005,0.39038005,0
yi-iLaHZOluOpI6mYEXurQ,42,0,0,0
yjA6g4_5N0f3qV_yxM55Ug,42,0,0,0
ykBPSKopFL7Wm3hxpxdmjg,42,0,0,0
ylE_w4QR7JCz9cr9ub9l3A,42,0.063356191,0.16377338,0.10041719
ylNoap5vLFZCPIjwBIdnYA,42,0,0,0
ym8gfKa6LRG29uxkDdRQIA,42,0,0,0
ymvMTixxv0MlnM55uM0rOg,42,0,0,0
ynOKdr3bfj9MvTwhfis2rw,42,0,0,0
yobMLS23pTa4UydoJQL2hg,42,0,0,0
yonLnehnOp5fjWV2cFVqVA,42,0,0,0
yp3wpdHWP4I5HBWr5eon_Q,42,0,0,0
ypf85D0eBf6kDoj6f1rANw,42,0,0,0
yqDg60Ju-qNp1S7KJM4rhw,42,0,0,0
yqMtnToHQ5OrHTF9UAKerA,42,0,0,0
yqNQWHajXrmZWPil3oZnWQ,42,0,0,0
yqczn6cIwy-a-PSYAppFFQ,42,0,0,0
yrUiyDfq0_aD0VdrYHImKQ,42,0,0,0
yrhVSn8LiepmCUAJ8AG1_Q,42,0,0,0
ys26Cac6wDZr5cIzMRCa0A,42,0.31546488,0.28906483,-0.02640005
ys47WpP2diRD1NTnRxNXIQ,42,0,0,0
ysWiBod46KSZ5XdM40Br2A,42,0,0,0
yspPTDP2jFui6UuMj93c9w,42,0,0.059403433,0.059403433
ytCc56UktOXyXawkAUXrPg,42,0,0,0
ytoJFi6kdzFnohwsbdZg0A,42,0,0,0
yuvuuHmz7w9-J3fcJJHBUA,42,0,0,0
yvDDyApXeKFzrRcX1t7WiQ,42,0,0,0
yvjPeJrwuON1a9fx7emmgg,42,0,0,0
yw44nuXNx_omBzrFB6yiCA,42,0,0,0
ywNIZGZ_kkUStzx__jUYPA,42,0,0,0
yxFheLr6Drm62RSS11XbWw,42,0,0,0
yxOWlIYLJ0C0xZLGnhuZKg,42,0.28906483,0.63092975,0.34186493
yx_adZRzHmBqIvSF8Lv4tg,42,0,0,0
yxo6tOM_wZ-LmXrVGSlXdQ,42,0.070356803,0.074282073,0.0039252697
yxrDIW0b823PhQTZ0Q1KcA,42,0,0,0
yz0UbfAV5UJGcl_T9f0m0Q,42,0,0,0
z-7GwZS2la1xgIfTVBpe4g,42,0,0,0
z-OLTZksAmzTleHj7YfCWQ,42,0,0,0
z02XKjGqJMONH59_lUHlTQ,42,0,0,0
z0Sn8T1ZkbpavtfRBgkzWw,42,0.060161795,0.074148615,0.013986821
z0Sy2UYlDt7YfPOp0IpP-g,42,0.063518275,0.054384419,-0.0091338562
z16WRKWt5nXtQou3e_rV5A,42,0,0,0
z1wGT7x0qw6o-VA9uxXHFA,42,0,0,0
z2oMm9i7F0r_2_LwF8msZg,42,0,0,0
z4mUxbLP3AqNzHkupO4c0Q,42,0,0,0
z4ocevcFClKWY0g4lnfbMw,42,0,0,0
z5Yb7s_pfuZzvL_SId9-UQ,42,0,0,0
z5b_FAddlWhCURix1PyWWQ,42,0,0,0
z5k5FOeVhnB6dBm1jhaY_w,42,1,1,0
z5xFWjm-DT1fjCb8rcTN1Q,42,0,0,0
z6IkL07s9xa4Vq1v1ZWUtg,42,0,0,0
z7Es8lCJ2XAPlkoQnKgSdg,42,0,0,0
z7aCL4IJzBuo5nhLaUHavg,42,0,0,0
z7ghqh14j920qv2kcbncqA,42,0,0,0
z8XOkJ9UneWaP_KJ-3XWTg,42,0.27727343,0.36005461,0.082781187
z8at9rz17whEbR0WaBmcAA,42,0.15112262,0.16104259,0.0099199697
zBg1bsqP2NmD52tX0j18gw,42,0,0,0
zBqZR7MM5-5NJUXdpuwUjA,42,0,0,0
zC3F7O7K8QaF8syRtIInsQ,42,1,1,0
zCXl02lAcNr246bTzsYjtA,42,0,0,0
zDZIvIs5XOK7iQzcJ2oNlQ,42,0,0,0
zDxfpc6Xgca95GAfYrWxoA,42,0,0,0
zE6Ievj6V_6hEZV2AQ1LHA,42,0,0,0
zF5FyS1hdBv-ED3a3gZWPA,42,0,0,0
zF9448EbarUkUzOMHzyMZQ,42,0.23463936,0.29608191,0.061442548
zFIw7n8UCJ2InV20wXtWWw,42,0,0,0
zFoPD3N8-MKK7IKik_7_BA,42,0,0,0
zGhqU4fjAV7KxIaTHIrzDw,42,0,0,0
zI0XWEuUH9_dx0sjfyz59g,42,0.039621067,0.034062972,-0.0055580948
zI4FZJjiB9Thnw5CtDuNdw,42,0,0,0
zItunQlYgOQvOlJQXAvZsQ,42,0,0,0
zJ4MM5h-0Mb4VvO-WEskJg,42,0,0,0
zK6QHdr3-K4gp1Krr94dCA,42,0,0,0
zKC7q7L0TadZpTH20kQwug,42,0,0,0
zKL2TpZwQeOf5IxQYka9eQ,42,0.75274257,0.61314719,-0.13959537
zLBY91Mbj3wvi4JrANEDOw,42,0,0,0
zLDTEik9ymk7wo1VYYskzA,42,0,0,0
zLk1GqLWh0u4u-zHILI5dA,42,0,0,0
zLtGtF3yJrN9mIC4Nphh2g,42,0,0,0
zNwGnhYuzji-SG9W915_hw,42,1,1,0
zOZR3F-fLi9oP5_PHFlqeQ,42,0.34035898,0.33626283,-0.0040961496
zOg0wEW2adv_vwuYt1LHOw,42,0,0,0
zPC3ybXCUFPeV3IejMkT5g,42,0,0,0
zPPyxgbjhcy2tHo3F1jMXw,42,0,0,0
zQSOP_UiMsKAJrbfBux7Ow,42,0,0,0
zQp6CsFeQfO6OX4rHbN6sA,42,0,0,0
zRWeIJ5s2gMK85PZ-4QMeg,42,0,0,0
zRberopK8MjdtkJzOSHdrw,42,0,0,0
zSbwaVU-z5024d9E_AFYPw,42,0,0,0
zT5GBadM0lnBdt2ItulzcA,42,0,0,0
zTHDXwgIw5rqpnv4qUFyXg,42,0.61314719,0.38685281,-0.22629439
zTH_srTF8wSYXPJz7fGK-A,42,0,0,0
zTwwciNRMedBvUS3-_8h6g,42,0.38685281,0.38685281,0
zUk_Ww2q1At1QSyRbUjIGQ,42,0.19092087,0.30260241,0.11168155
zUxwIzn6ecfzH-W6kqW-hg,42,0,0,0
zV99rzBLsU5KUWd6oJhc-w,42,0,0,0
zVMyH0dm78YNADi6pCGFzA,42,0,0,0
zViwF4_TMPVus6I6t78SqQ,42,0,0,0
zWsGb4AbnxdrjUAWJtNR3w,42,0,0,0
zXufVxrInmTPOF8F-2qcnQ,42,0,0,0
zYtlZo1al5gHMRQviGFDgA,42,0,0,0
z_7BUfOwWj-RSX4DgbaDQg,42,0,0,0
zbtt4rw8-AZr0UgqcZaIZQ,42,0,0,0
zbuPDA8tCOFIbhqBEY2M4A,42,0,0,0
zdkVtQVBWVPITCLcxZEddA,42,0,0,0
zeHbJiDMQpfTjgNyZPvbhw,42,0,0,0
zeI_flqkFhz38fGTzP6UFA,42,0,0,0
zexRdACYzhpyu_byMWFzHQ,42,0,0,0
zfD3xhVNkGJs-AOOSslqtQ,42,1,1,0
zg6lm7DLKJArzFxLDILhwQ,42,0.10122861,0,-0.10122861
zhSt6_tGS0RQmUTG6Kb7jA,42,0,0,0
zisX6x_ifQL0qt3BcPd0og,42,0,0,0
zj_aFvu0CxfoHpdWv8aU2g,42,0,0,0
zkcUmQRycoejvxnkiIkLeg,42,0,0,0
zkcbs-0Tm-RyrigqFBc0nQ,42,0,0,0
zlaJpKg0HhgWrcus_lFFFQ,42,0,0,0
zmogIAJh4S3y6O1Aq01khA,42,0,0,0
zn-OG9W5oZrbrxi6H92wJA,42,0,0,0
znBcTh3VZXAq0BuuY4aa3Q,42,0,0,0
znJdrKZVvLEUnpur9hQLVw,42,0.27487633,0.27487633,0
zne046H1pIrf_BZOsk07bA,42,0,0,0
znqrMpQglRsGOYPeJlskeQ,42,0,0.11047239,0.11047239
zq6KZLkucmLvvP9G5327WA,42,0,0,0
zqF7qjRWkYQyjcIGc1DtEg,42,0,0.084790051,0.084790051
zqX7cyQoHdfaXydTDRfrFg,42,0,0,0
zr-8Zdm529G9EQrs1i3c8w,42,0,0,0
zrG1SLTPztz-qCSAGT62eA,42,0,0,0
zrhs2v7Lq_Gxw-xUf4mVVQ,42,0,0,0
zt0FvOuRJSu_olRZixNLAw,42,0,0,0
zt7JJXtyXv6ddg5iRQMiSQ,42,0,0,0
ztC-mhkE54z0aMimsr0vaw,42,0,0,0
ztDSO7DSGNtPN_XW5VFjvg,42,0.065440232,0.075973757,0.010533525
ztkJxENDU7ds5I-Un8IZrw,42,0,0,0
zvMv5OoXRXRAgZzmUJFg6Q,42,0,0,0
zvWk0tjgTM3ZUpVNgnHsRg,42,0.30260241,0.30260241,0
zvq6qxc2IVA08jaUelUMRw,42,0.079841335,0,-0.079841335
zwfqMSM8Or_Pw4VDM-nBcw,42,0.38685281,0.38685281,0
zwoU-BXEUJwZmf_f94G2oQ,42,0,0,0
zx2NkJtfSvJhid6rxvYMlg,42,0,0,0
zxSQ9j5Ec3Q1OI6Bj-Cl7g,42,0,0,0
zxeG7pecqW6SPGrYIP0HSg,42,0,0,0
zy7ul0w2K5S4RVi0urtQKw,42,0,0,0
zzW56xgATvt0CouuDYxkrA,42,0.16812754,0,-0.16812754
zzeRWIiPtuJNRBUcxe0Upw,42,0,0,0
-0TIxezdO7xXrkP7zXFd8Q,123,1,1,0
-3h48rG-sopyGDLu5bh4xQ,123,0,0,0
-4gIZlTNT0CA1VGl4BsHJA,123,0.2043824,0,-0.2043824
-4qa2JVDEC_QPVWcZ1nHkQ,123,0,0,0
-5X3pQ0XrdZqNU1LHQPnpg,123,0,0,0
-6VU46iNtnR8-rat3ONY1g,123,0,0,0
-7-C4zqNHbeDGL_62XKToA,123,0,0,0
-7Jz5rawtZ4EGf8QhDcAlg,123,0.16104283,0.1418689,-0.019173923
-7NO4luUI6dzpQ3ORf3NVw,123,0,0,0
-7_OQiwD8HojEj2qeRSIWw,123,0,0,0
-7jn_O7MFqhN7XCz4CoOIw,123,0,0,0
-8DhMYnu5gXInZEpuO4VlQ,123,0,0,0
-8Vf9roRMLb-_vxmM347Pg,123,0,0,0
-9OIms4jE1bdD1fz7AzAFA,123,0.13450944,0.093229392,-0.041280049
-AS4NLOxH22-hCLpXZzUAA,123,0,0,0
-AWA9IUFWgFHLO549geEbA,123,0,0,0
-A_vNNnNsjHiNHJYAweWoQ,123,0,0,0
-Av5_Ee5eXO1kz9etK_DIA,123,0,0.070356803,0.070356803
-AwZjQNFpCqc0bVNNyBqwg,123,0.14678688,0.092612208,-0.054174669
-Bc2fC2U5X-VOgd-L4n2DQ,123,0,0,0
-Bhu4EgFfhItSqyEhRE3Wg,123,0.093618003,0,-0.093618003
-Btcpcgv-2x9E-_hi34uYA,123,0,0,0
-DqEhMknM-vqqnKvodiwig,123,0,0,0
-EGwTiRaB0v4UZPhfFAxng,123,0,0,0
-ELJuOz6r-it0mIi1SmMOQ,123,0,0,0
-EzMyfoBHhWfu_Q7MYUM-Q,123,0,0,0
-FJePf48fLwDbvdtYgualw,123,0,0,0
-G7Zkl1wIWBBmD0KRy_sCw,123,0.14204004,0.089617287,-0.052422752
-HQIg9KJ2sn6rBNwuqZPRw,123,0,0,0
-Her419l4DCjSFey7UjmtA,123,0.44187221,0.30363139,-0.13824082
-J1J7E5pRAC8vqUGeZOjlA,123,0.26406812,0.61314719,0.34907907
-J2K2z10mYeMxzhl4Ag_1g,123,0,0,0
-JDG1VycyUKdX_bs7KvnYA,123,0,0,0
-KRmD4ofr1qOvhMk7jLZ0g,123,1,1,0
-LaL8s1Xg0jg2_lhrYlSUA,123,0,0,0
-MeResg7zWIywg7JwuMvaw,123,0,0,0
-NXMmOULp-kUv_LO1V6JVQ,123,0.061944032,0.075961619,0.014017587
-Od0vvWj3RISQ0pNBGqXnQ,123,0.20109523,0.1461968,-0.054898425
-Odn_q5uNPt52g8nBWl6SA,123,0,0,0
-Oyi4dDuax3yGa-Pnyf9jg,123,0,0,0
-P7w7MuldCRPhTtOMc2Srg,123,0.46927873,0.46927873,0
-PHhewouMe4OcObjdqBWAA,123,0.044808644,0.044808644,0
-Pe7q2T-q3lOEnn8ncgsYQ,123,0,0,0
-RK5cUoeO-0Gm35RxNHrEQ,123,0,0,0
-RXXJeHviyE3kdZFtT3r7g,123,0,0,0
-Rocdfu1eqSbyqCEBvOzDw,123,0,0,0
-UQXVqJvkohMjGfZeDFDOA,123,0,0,0
-W89ndsvFdDdn01cyN68WQ,123,0,0,0
-WfqJ7YCqZOWopsrFQTBCQ,123,0.5,0.63092975,0.13092975
-WiBjLZdA3fC6sZ3Biv78A,123,0,0,0
-Y27dKYxj66xXBPq2m6urQ,123,0,0,0
-Yc59VoMlMPmx65NY6pCWA,123,0,0,0
-Yiza03tQfakAYkHUPUtxw,123,0,0,0
-Z69J2TrHTz8zUKbx6e4Cw,123,0,0,0
-_Lfm5bztNCYXaBmrqY7tA,123,0.044552575,0.15301136,0.10845879
-_dkddkIz2_KusAQuZiS6Q,123,0.21398626,0.33916021,0.12517394
-_vHoVyXXRm571TG6a8q_A,123,0,0,0
-a0qNtjQPRhS8wbuDxoO1g,123,0,0,0
-bE9ajKOZ5CuQy8zOF_DmA,123,0.27511249,0.32356428,0.04845179
-cWBOFyS3I3SSTSiaix7Rg,123,0,0,0
-dQxCeIDHcrstcOzw0D_uw,123,0,0,0
-dWt1gg4hzYTUc6XcLZn2Q,123,0,0,0
-diePajeU2qg_MKPEo92kw,123,0,0,0
-dnERQYQCDVZFMMuh7bBDg,123,0,0,0
-ek3DshZyeJp9oXcncRxqQ,123,0.17103308,0.17723929,0.0062062027
-eqMWzdq_S0JwDgETX_PhQ,123,0,0,0
-evsv79Pnaztd_SRjxwYaw,123,0.23811292,0.22533305,-0.012779869
-fGhtQIddNvy1gEgMBOZMg,123,0,0,0
-foYCv84A0n0HmsrDEAhtw,123,0.12011566,0.12681702,0.006701361
-h6w8C_5RUJfz_TsF2BXXQ,123,0,0,0
-hamNUJcfmeYObvM5Wlgyw,123,0,0,0
-hcJTLMT3neN4aX6VufnmA,123,0,0,0
-hl9iBp1KUh0CM3W8y9Scw,123,0,0,0
-i0naVgAra7wMYSFaFNEgg,123,0,0,0
-jXt65pdvrH_0BwP40M_Cw,123,0,0,0
-jt1ACMiZljnBFvS6RRvnA,123,0.33916021,0.33916021,0
-kDpJFEVRpoAzxJA9FFwTg,123,0,0,0
-kKGZIXpI_K-owqYG52xvg,123,0,0,0
-kkHPNvc4dxBHmYgHCNVfQ,123,0,0,0
-krlwlOuu1xKQoCBz9fpWQ,123,0,0,0
-ldK3alDCuMPvsfdC_EBJQ,123,0,0,0
-miyp-5ZQpqGcxkUZuWRqg,123,0,0,0
-mjJ1yEXgmdr4mM_diOnAQ,123,0,0,0
-oHw7ZmproTM7rmgWod7AQ,123,0,0,0
-pfPBJzVB-EBwaFX8B59gQ,123,0,0,0
-pq4djP4i-rWR1XplXqC3A,123,0,0,0
-q-TYZYa7o-zyKzAvgChyw,123,0.20736123,0.059940838,-0.14742039
-qSMDYNTBCJk1N-aX1mP3A,123,0,0,0
-qzdU0_NywmtPDB6WObYVQ,123,0,0,0
-rQ706URCVoMAIn-cq1x2Q,123,0,0,0
-rw9_TTO1XN4qD6-ex8yCw,123,0,0,0
-sLCSjCUUXvO6cRbx4OiLg,123,0,0,0
-sgySGhEoP9fbzDcQMu5Lw,123,0,0,0
-sjdj9gPpuYmxg01_HWXFg,123,0,0,0
-sqSE7B2LoPNRW2PEJ0nlw,123,0,0,0
-wdWkg4IczkFTL1eSb_Vsw,123,0.27487633,0.27487633,0
-wksA6A9WjBk0t906rPLbw,123,0,0,0
-x1516ZG5GllZiBjDQlRkA,123,0,0,0
-xTAmslBDE_mq-6Kbxieag,123,0.63092975,0.5,-0.13092975
-xUVxZKsUFeQwKUHIQjjEw,123,0,0,0
-xotbvscTK8t19mittfplg,123,0,0.080419271,0.080419271
-xuT4DxjU5z_4uf5_zfY6w,123,0,0,0
-y4O_E79Z6QwEI1p4OU_0w,123,0.13927874,0.11230528,-0.026973462
-y6w2PD8lOd5h2H7oI0x9A,123,0.31546488,0.33333333,0.017868457
-zs2jcSRATTp83tiQbuJPQ,123,0,0,0
0-8rHexnylRxhSO_KH5-rw,123,0,0,0
00njy47jpw8fW40DOcrEew,123,0.11706259,0.13032377,0.013261173
01W5YuohCa2DdGC9SkqQ7g,123,0,0.25595802,0.25595802
026bdRWmyIyer8gZqFqtmQ,123,0,0,0
02H49g16MdRoZKoX6IEoFA,123,0,0,0
030xaqW2akhXYFdmOTmEng,123,0,0,0
0366_vHAffRsuWFchSESog,123,0,0,0
03F1c27jkAikld3z5tSdpQ,123,0,0,0
03SUs_1GmkwRMzZjHtfpEg,123,0,0,0
050uqsM7olbVzR_c_bKZ5w,123,0,0,0
05VClQnGnJKIGV_38wGYjw,123,0,0,0
0632IU4j4dAwLqCOQqfCGg,123,0.12011566,0.15642624,0.036310586
06ciNUNchmjY6FUlmcuqPw,123,0,0,0
07P10hEQf0gboe-JgyeB_g,123,0,0,0
07zgPowZ9npflBPiBf7otg,123,0,0,0
08pLxf_1-sGKp9jloV66og,123,0,0,0
0AJVlnhg-2o89hx0KnLwQw,123,0,0,0
0AhlLCUit7iJ4vUq_dFqpQ,123,0,0,0
0B0OzwpJvmk1LYy2DBVoTQ,123,0,0,0
0B16UFw1UXQx0qw2OdJefg,123,0,0,0
0BAOET0tIF2WUbQCOQY_aQ,123,0.83113153,0.74217728,-0.088954243
0Bu7_bXX4dCssG0-OWd_jQ,123,1,1,0
0C0CfhRj1-pXzKcGeTbW8A,123,0,0,0
0Cr1-ButxsuCCRBExuZlTg,123,0,0,0
0Cwus8T5TL7AqKa3iAqyFw,123,0,0,0
0DB3Irpf_ETVXu_Ou9vPow,123,0.20912115,0.23151785,0.022396694
0DwIgHpK632QN0Qb2tr2UQ,123,0,0,0
0E9mnSfjkIOSM_stmTfXiw,123,0,0,0
0ENM3nd9e8NQM8HJFnM58g,123,0,0,0
0FpeqH7u_Z5_OFpCyEQfXg,123,0.28906483,0,-0.28906483
0H6t-lnnEd7Ott6CbKnMpg,123,0,0,0
0IBO_usaFqSoxZJYHH_s9Q,123,0,0,0
0InQK2FgeFLKOUTIV3yGig,123,0,0,0
0JMsUOZFK7SFy8giZbFdeQ,123,0,0,0
0JXHsC1yh5aE5t5EholdEQ,123,0,0,0
0JiGvGzSfT7Rj_4fd5gBhg,123,0.093309752,0,-0.093309752
0JzEGl6pffSgQ7VCIKT5sw,123,0,0,0
0K9H88eoVeONhxIbj-ywlw,123,0,0,0
0KK7jw_kj7XTpKRDitQMZw,123,0,0,0
0KxiL6pjBrr8Vb1fdkVHoQ,123,0,0,0
0M4fD9lm_d2S-0yaqI-rnQ,123,0,0,0
0MJ5sKX5uq7Ma5hbl4l3BQ,123,0,0,0
0MP7_DqL-kr7HpNbptO_5g,123,0,0,0
0MetyfheEO-CjRxHj9oNJQ,123,0,0,0
0NbG6ikTcjX-XlLVEc5n4Q,123,0.24465054,0,-0.24465054
0O5tx2Ht6o1YaxEDZuYAjw,123,0.05621909,0,-0.05621909
0PDCPEkIQvAjkgNohYI1NQ,123,0,0,0
0PU_FiNfYj8l1yZnloywNg,123,1,1,0
0PvCRvnFStZ9YdwVP0CqgQ,123,0,0,0
0QDpvX-qoKoY0Q0O1IpaCQ,123,0,0,0
0Qu3Yk68LVFiXf1ufdSqSQ,123,0,0,0
0R1fxiO9L3-IvZ48EzjGLQ,123,0,0,0
0RGKCpzJRJonSnknLq3sVg,123,0,0,0
0RXEpYmI_s7teBVzHxEX7A,123,0,0,0
0Ro5rijYMcI5_-cD3iWyyQ,123,0,0,0
0STN8erhzXwRn9LtXLSOvQ,123,0,0,0
0T1LmktrKhwIf70p28HDOg,123,0,0,0
0T2RYxLaSjdQDbiTjEM6Bw,123,0,0,0
0TX7pSaroqHH29a1OOb8zQ,123,0,0,0
0UpYFd7AZ7p4LVDBDErqxg,123,0,0,0
0UwEipUrjdI1JVTuFM2zqw,123,0.1208113,0,-0.1208113
0V67n7qh9Si4hEfSh2HABA,123,0,0,0
0VYxTV3UNsaulRInHjaxhA,123,0.07102002,0.089617287,0.018597267
0XK0W8Az6c4ZSnMeXtzgIg,123,0,0,0
0XlM-yE-7gyZH2hcwtb0MA,123,0,0,0
0XmgOinrZWNO15DlimRQeg,123,0.46053184,0.37375735,-0.086774485
0Y-BFVXLFkTpBXagSRn7DA,123,0,0,0
0YkXimpc04bQ1B3JYDBLWQ,123,0,0,0
0YyF7OrD2VEUVUiYmKZ8MA,123,0.17297755,0.12927162,-0.043705928
0ZRTwd5xyGwo4cW1vgQJNg,123,0.091654028,0.086810776,-0.0048432517
0a4gdzFajirbPM5cH7GEBg,123,0,0,0
0alvVQSGWpBPb66ZnOCKIQ,123,0,0,0
0bfGLamn1fzzlC8fWNhWmQ,123,0,0,0
0bjd1N5QyFNTsHYUmFDBBg,123,0,0,0
0cJQ8OesP0BLcLbAjAbY0Q,123,0.31536029,0.25268113,-0.062679168
0cxaKFcbtS3Dsxzmk-Q3AQ,123,0,0,0
0dZXxGH-nmfrDscm3QVtyA,123,0,0,0
0dlZT-lccPODraw6XyW_pQ,123,0.46927873,0.46927873,0
0dxR_Q8PCOOWNkfpvI4t3w,123,0.21000454,0.29168562,0.081681081
0eG5v7znR9PFXWNkLRpEZQ,123,0,0,0
0eOq2tJa2tmPxWcqrsg0Qw,123,0,0,0
0efhiL1BfEuRKyQT8VXuLQ,123,0,0,0
0fvJN6eaBNDjVoMoNESHfA,123,0,0,0
0gBQZ_7cTVIqAZKtpMM9tw,123,0,0,0
0gDrLusXEkoiwBogyEd7YA,123,0,0,0
0h7gq2CmEaR-Z6_oPyFFoA,123,0,0,0
0h8YxaL9MnA9LsKKOYWggA,123,0,0,0
0hjTz0tI7e2jm1sQHtkrUg,123,0.61314719,0.61314719,0
0iBwDU_88feB_Drpmjkx-g,123,0,0,0
0iWJsvFtU1VzyqekzMOiiA,123,0,0,0
0igkaDyGdTtUeHU_k004gQ,123,0,0,0
0it9kPX7JHO7wtBktKDeDA,123,0,0,0
0iyooD2EG_uA1JxFenvqtQ,123,0,0,0
0jFiKymwqrjQD-kqLMkadg,123,0,0,0
0jIgFeBFOkt5SJ7weop8Iw,123,0,0,0
0je8Cw_nCPoU_0_hdFZIAw,123,0,0,0
0kPfZz9R1_0f7vYSXglF8Q,123,0.20798399,0.20544595,-0.0025380363
0kp0MzOxqnXoeNeETZ0tzw,123,0,0,0
0l8_u9i8o81fU8ETJx797A,123,0,0,0
0lLCFrDu4R2lRJAH-zYTlA,123,0,0,0
0m6KJhYz7sZEFUAVfYJDDQ,123,0,0,0
0n1dC0VXqalTYVAtvjn5Dg,123,0,0,0
0nP7RnaaThFgphKUXtaZTw,123,0,0,0
0nqUmhc2qGmI9UsWR4HPhQ,123,0,0,0
0nuuk84GKG8yYIyyuYqvCA,123,0.12662528,0,-0.12662528
0o2MGFk3cbvCxxcyux_aWg,123,0,0,0
0oWnBfUjAv7ZmTWaW8Ufdg,123,0,0,0
0p6erysijmBCMFX6JiGyaw,123,0,0,0
0ppMo5YHewWO-F1FHfpjnQ,123,0.14434031,0,-0.14434031
0qTnB0fFqt1YDvhYjBK6Zg,123,0.29608191,0.46927873,0.17319682
0sEuG1OE5ZuAzhjz_QVKeQ,123,0.38685281,0.38685281,0
0sqPc0VxXOLRV11a5eEu6Q,123,0,0,0
0sxiTd-rg8IICNUuDEvptQ,123,0,0.1418689,0.1418689
0u15tPqxQBVBX6beJ1D3sA,123,0,0,0
0u1hUugGxvzM_gEg8NT8Tg,123,0,0,0
0uV4JPUVJDa_Sw-xJY8eBg,123,0,0,0
0uVeXBy5iCFtbFMv09OLQQ,123,0,0,0
0ur15Tln5PK4lVQ3ph5Qkw,123,0.5,0.28906483,-0.21093517
0us9bFdds4rqm117K-DCHw,123,0,0,0
0vIA16K6kXLOz5X1rRb0dg,123,0,0,0
0vZQ5uaf42Ue1e58M-7epw,123,0.19519002,0,-0.19519002
0vg3lFMGU-A9rwTQxL8TJw,123,0.21840744,0,-0.21840744
0vnF9En8gZfjipND_pzF4w,123,0,0,0
0wYuREI8lQncPuDw5ztWIA,123,0,0,0
0wrY4WgRAHMRjvI5tgP2Zg,123,0,0,0
0wrrmrTQJ8PDlwsFw6Od3w,123,0,0,0
0wzBLkMjGNhjqzPobs4LVw,123,0,0,0
0x2Iui-LyCofTkmjevf6uw,123,0,0,0
0xGf3NlkPuLeIOaIhyTqIg,123,0.10893649,0.12647135,0.017534859
0xIIhbp1ylm-WhOOBpp5Ug,123,0,0,0
0xLek5Zgnp4k6nsbI66YZw,123,0.30260241,0.30260241,0
0y1wqlnBfQTPOwhPGCu03w,123,0,0,0
0yBBVHdbfBC14E3c3FdeJg,123,0,0,0
0yfAQHARYo_esqbeoFc5CA,123,0,0,0
0yrgXkKQUl6aSNAWs25dsQ,123,0.63092975,0.63092975,0
0ytcEzAI9en6xvFXKz_JtA,123,0,0,0
0zHAeKMmW9VAQm8quBKAkQ,123,0.26406812,0,-0.26406812
0zQoEssgAu219RiTagf1GQ,123,0,0,0
0zhjNFybw5S0cXpLabfmZQ,123,0,0,0
0zvfnPXE1i4Let6S_X4eCA,123,0,0,0
1-5Z7NwfMESZPv5X3Duhhg,123,0,0,0
1-7Tr7OywiMB3WotViDqSg,123,0.58939438,0.59609574,0.006701361
1-zcVBU1ibqivtn0gUVhOA,123,0,0,0
10-BfrY9mD-3uynso6kmIg,123,0,0,0
103mjpOYdqE0mk_rS5g1cA,123,0,0,0
10P_ZZdkG1UyIzSvL1UE-A,123,0,0,0
10WuyIPr5UhzqZ1xcWAuRA,123,0,0,0
10mOVtYHFxz9jdA5knV0jA,123,0,0,0
116WqzT3Egf7yfRp5UGWyg,123,0,0,0
11BKbKqER_Tbnqk_3yXj3A,123,0,0,0
11Q3D1kzcI2tsaNyEa2JBg,123,0,0,0
11QEug47dBrh7hwh8LZFfg,123,0,0,0
11XTXYmhkEFo7SwEb2ByCQ,123,0.081886688,0.040943344,-0.040943344
13FBU9xFBDMLU_YlQHetRA,123,0,0,0
146X5ov-ftmB3qyer72ySA,123,0,0,0
14D5we7dGDXlB6HVYbECuw,123,0,0,0
14HFvudIgrVH7su2qRdtKg,123,0,0,0
14eorytQ6DWRNPFdMOT6JQ,123,0.33916021,0.21398626,-0.12517394
15AFoWFOPNHRUHy7GeL7_Q,123,0.24423285,0.14804096,-0.096191891
15Rp70KGPlznq6o7120UYQ,123,0,0,0
16L5l_KWcDNC4Bg9PtvVcA,123,0,0,0
16Xeku29Y27xkxH20CVOFg,123,0,0,0
16kli3vCVOaK6GPwhlWVPg,123,0,0,0
16t0PNNu5N-fHe7TNB02FA,123,1,0.5,-0.5
195NFwBA3u4VXnyPA4HZyQ,123,0,0,0
19aAhhiIukw3IQxdCWnfnQ,123,0,0,0
1A6NGfGxOfg0SIRTE08vCg,123,0,0,0
1ASI0IUCt5jHjq4Caxq-1g,123,0,0,0
1CDs9-DeXNSvx_QzevMbrQ,123,0.30103,0.31546488,0.014434881
1CmhdHhJHokf2mkemRiY3g,123,0,0,0
1CndurKBoAOdIlkZwcqhQA,123,0,0,0
1Crrb6iFPaTEn_K1HMpYcw,123,0,0,0
1DL7E0yGpppKg8ZLyCdm8Q,123,0,0,0
1EN03oRpBPVcSwLgLao5FQ,123,1,1,0
1F4ZbWIRizVXI7YJVLvlYg,123,0,0,0
1FLR36RTq0O4dGFkkRgsxQ,123,0,0,0
1H7pHbKkq0OyEO8CN7K5rA,123,0,0,0
1HDlTmyyRhu8XjrmQuR5Vw,123,0,0,0
1HIVxebUAYjdirhA0hJ3aA,123,0,0,0
1HlJ6ZHY3eMBeNnrJHKLWg,123,0.38685281,0.38685281,0
1IFmYXHFQwewawjtaoyBGQ,123,0.37941405,0.35917727,-0.020236787
1J3VGPKCb1E2PDABUR3NCw,123,0,0,0
1JfrM8feUtF9cVVnsb7uRg,123,0,0,0
1JjGmCbXlFfc6JX69IfUnw,123,0,0,0
1KU1EDQTHUVyEmC8TO8OgQ,123,0,0,0
1KwkzXm9mgTff4C1kIiaoQ,123,0,0,0
1L-CT-WlFvy374ifjJF40A,123,1,1,0
1L84JcuSzsgsF3WsRK5Rug,123,0,0,0
1LZAeDieJf-S6OrLk-AP1w,123,0,0,0
1M1HMZO1_TuTS5tQbHKIgg,123,0,0,0
1MJolSallMHdLsP_jB4i8A,123,0,0,0
1MwoiUajN2l54d4K9uTycA,123,0.33916021,0.33916021,0
1MxKwHOwynYG7lkFkTPrFw,123,0,0,0
1N4HNCbMIead4r_22jseHw,123,0.5,0.38685281,-0.11314719
1ODsWD3LDRBJfs8OSwq_7Q,123,0,0,0
1PJ-RjMqXHeymSkLRzuIdA,123,0.04779447,0.046681941,-0.0011125287
1Pk1NSVDz_pdXb-QM8JUCQ,123,0,0,0
1Q2s7_lLpG8hLrCfWCVvBg,123,0.43067656,0,-0.43067656
1QJblqwnDGI-0_rHIzgdhQ,123,0,0,0
1QvWJtLJlruX-9cYYArTGA,123,0,0,0
1Tt_kBq5Z-cArXkXosHzFA,123,0,0,0
1Tx9hUGN-W2DLxINkqfx1A,123,0,0,0
1UCQOJxaOKqugbglLPd5ig,123,0,0,0
1UHyZ2T6ZWEDRai1TkPELw,123,0,0,0
1VBYDDdxWjztoHUfrGUIHw,123,0,0,0
1VJfQ3NDrLKUs50LdxT4Yw,123,0,0,0
1VpFYhcIg3iV1LoT1Zbftg,123,0,0,0
1XULjVqqDU8iVuU_6YATRw,123,0,0,0
1YLucJaA-gCJRRDsXyFApQ,123,0,0,0
1ZNoD0moOKQJWW6vEOMBJA,123,0,0,0
1Z_A2sjWphb-eCNLy4XmRw,123,0,0,0
1_2DkgyvN4Vy7gkb-XRA-w,123,0,0.27894295,0.27894295
1_sws6Q8TiR21CzzNvxUiw,123,0.072196141,0.086713828,0.014517687
1aSBB60c2G6Je3vhYptvng,123,0,0,0
1ao85GKiWKs1NbfZAtNEkg,123,0.32724608,0.75274257,0.42549649
1avBfWUqoTi4TzCwrAPQFQ,123,0,0,0
1bNmW83PvG7MR2DhQkpXEg,123,0,0,0
1bmSAhUcz_zHYXqQUGVzMQ,123,0,0,0
1cfl2GIaTDJ_uiiIC_kUvQ,123,0,0,0
1coXLkVlfre7XiT_QVdv-Q,123,0,0.13565197,0.13565197
1d-NLv5I3B7dz1tn9mDilw,123,0,0,0
1dECMVjTC4-LQaUFQvK6rw,123,0,0,0
1da1ak2BlbS7BLbopJlwnA,123,0.61314719,0.61314719,0
1dvDFFAlpeY_4V5HJ-aGDw,123,0,0,0
1eihAXjjWTkqiTuI95qcZg,123,0,0,0
1eijL2sT-sVhAdYf7MfKbA,123,0.46927873,0.63643918,0.16716045
1fPkyfWFyp3NkxLi80ZswA,123,0,0,0
1gD0dtIhlr8p1lCKkfDN7g,123,0,0,0
1gpZXnZhfVYkKjWZXA7FzA,123,0,0,0
1gpvXKHROvFSKbdL11o4Pg,123,0,0,0
1hPOhqdOpoT0BXdQJ8bmSA,123,0,0.15000679,0.15000679
1hWoI2P90_7mO4qifnxvsw,123,0,0,0
1iMtOlXd7BRaCDejF1wZIA,123,0,0,0
1j0ef7b89BUBByKc5BNWDg,123,0,0,0
1jEmjihu1sFi5W5fmGbGOA,123,0,0,0
1jnEPKecERky-FnSeHl4HQ,123,0.066435283,0.063235676,-0.0031996076
1kVjDa0lupEe5uhnj28sdw,123,0,0,0
1kaD9XT1ZD7rT4oCpoXb8Q,123,0,0,0
1kfYDZEej0eI8HDUnrgOuA,123,0,0,0
1lAIpfpQxfMOmH8vvLar5w,123,0,0,0
1lV0zOCOVCVMaiCmdVrLaw,123,0,0,0
1msVg_B-Ef6K814sQDOTPA,123,0.30338831,0.41788327,0.11449496
1mwlAJsbpb8lRRTCtBOKjw,123,0,0,0
1nEt3kNJs_gaq433fBCs4A,123,0.61314719,0.61314719,0
1okEYvcI_OuhLIRAT-pSYQ,123,0,0,0
1pDIAbNBTzriR7XFzn4lFQ,123,0,0,0
1phNaKyrbsRT1PbLs_JxCQ,123,0,0,0
1rCtEc1hzFF4m5zJ4wngHg,123,0,0,0
1suvUqjKTYrsWiHvbCswlw,123,0,0,0
1u-WnhkyE656xwuGzI1dBA,123,0,0,0
1uVstrxbTj2Lwkzf255okA,123,0,0,0
1vGD0NAre4oZ4evvXXzSSQ,123,0,0,0
1vh3MGM67d8HG2ZrkQfOXQ,123,0.2043824,0.3065736,0.1021912
1w0QR9UmXj4JlM-3ex0Y_w,123,0,0,0
1wUK4z4AlZB3yOF6TyCMUw,123,0,0,0
1wgYYWKWoDl4WFA8shpzKg,123,0.30260241,0.15130121,-0.15130121
1x2nLYqAWFHIzXSYQc5oIw,123,0,0,0
1xFpt3S7c-8wkE18oG6QqA,123,0,0,0
1yXVKvK7uYjAZnonIl3jNg,123,0.15642624,0.15642624,0
2-emzYMEFFSOcEBF6B-0NQ,123,0.26182456,0.20736123,-0.05446333
2-eoODWXqLdQEpdO7NzAWQ,123,0,0,0
2-j3j-5s5XGSmDk7nrI2gQ,123,0,0,0
20-puMbCJsQoFOy_eitJZg,123,0,0,0
20yqT4DN_xJow5vnPSHIhg,123,0.21398626,0.1695801,-0.044406162
229zIiYYORTvqbxJ9ITB9A,123,0,0,0
23L6Ua1w15AFE3rK50jh9g,123,0,0,0
23_C7_uVnqgeNFnGb9Q6zg,123,0,0,0
24MPavusJrJTvBP11nzpXQ,123,0,0.071235305,0.071235305
24RtLXUcl7AR9CEqAGvH0Q,123,0,0,0
24XzFoUlP8x8Md5nWfRsug,123,0,0,0
24tfgXa2FHMH1mSWmz0CUw,123,0,0,0
25ivqB2eX7dKBI2Ceu8ocw,123,0,0,0
25q3mWLHG4VWhpbyUq3xNQ,123,0,0,0
26SyTSb4GlvhebViQFQB8w,123,0,0,0
26xBgJZdonEeWATSPf9plw,123,0.094606347,0,-0.094606347
27BHpqHUpjC1XBwMtv-tCg,123,1,1,0
27cXTZEG_ulT-BFGLYVBrA,123,0,0,0
29K-usmZfVDeIaQ85EG54A,123,0.32187408,0.27127839,-0.050595683
29V4emFatqBzWv8ZSyYodA,123,0,0,0
2A-Kl3j18rw1gCvyRoulzg,123,0,0,0
2ADNNGZf6VHNd9QQLu1PCA,123,0.12388806,0.13482615,0.010938085
2BJoehc-ukDcZ9brSlu71w,123,0.61314719,0.38685281,-0.22629439
2BNYBKaBMOB28_jK-Bn4fQ,123,0,0,0
2BPoScmqXyIY_uJUfJ67gQ,123,0,0,0
2C8wxBF5uwcSYnV5LURDcA,123,0,0,0
2DKXX7tmKpMNTJAYjEuu3g,123,0,0,0
2D_f_K3DVHqucxxnBRmaeA,123,0,0,0
2ERPE4OY6QI18QKwtOVJ3Q,123,0.63092975,1,0.36907025
2Et801Ws6YLBn1TFC3TMvQ,123,0,0,0
2FbLqUSX6NDCrSUeFMFfmA,123,0,0,0
2Fg6OIApzQNrn4jOS9T8wA,123,0,0,0
2Fyj7Z3TfCr-suCzeTADPQ,123,0,0.068893567,0.068893567
2Gg5MdVTcNmU4A6KvNOKCg,123,0.61314719,0.38685281,-0.22629439
2GgK1Dn-6XF_SaE1iIq92A,123,0.15000679,0.16104283,0.011036032
2GvFf5Exog80GpIRptSkYA,123,0,0,0
2Gy7OX3zFVfNeeHLhmpzJw,123,0,0,0
2I5KvdaoUstYsc-GlVMeWw,123,0,0,0
2IhBXOOrK3RMck1YWXyiWA,123,0.63092975,1,0.36907025
2KAhZgqmoCXFI8Q-XAu6ww,123,0,0,0
2KfNBDZqDncgZaVERvcW4w,123,0,0,0
2Klh1SBayERJYhNcC8Grxg,123,0,0,0
2LwIS1c7qsEM-trkCc8diw,123,0,0,0
2M_4fm3aM53Ne09scY09Iw,123,0,0,0
2MfjtvZWYT_DOY_ED6tcwA,123,0.61314719,0.61314719,0
2NE7xq5V_5sVa_DxPmCdfA,123,0,0,0
2NUG28232f4o5CGXmE704Q,123,0,0,0
2NoXQ26_VVZhhzV2LWAowA,123,0,0,0
2OK_Z_SwK_kSA0DGGsRbew,123,0,0,0
2Ofc0rsZyLFc7L2aoN5duw,123,0.61314719,0.38685281,-0.22629439
2OsX8TFueAQwEY-H07uVTA,123,0,0,0
2P9dTqxfXDNAI10r9yWXxQ,123,0,0,0
2PrDYlo8377F-z1A5XMcGg,123,0,0,0
2QISVfuuSJ8ijyWLfejaPA,123,0,0,0
2ReqFQimvpebNYw2bwSTIA,123,0,0,0
2RrhHdj7WK2PVeZcI6CA-w,123,0.33916021,0.33916021,0
2S_TNGTL1gDTDu3T2GYuXQ,123,0.23719771,0.38685281,0.14965509
2TRgpcrl06sDMqutPuXcrw,123,0,0,0
2TVb_nXC9HO1jpwvu4XkKg,123,0.39038005,0.19519002,-0.19519002
2TqPveAKNsvFX-FL3jlXfA,123,0,0,0
2TrifbrZeYOENqPDpXSNWw,123,0,0,0
2Twb8UUR8qKA5gpexxct1w,123,0,0,0
2UH-1Dlml_3wLlcICfalWA,123,0,0,0
2UPS0rLvGREkxgFcSaje6Q,123,0,0.051811564,0.051811564
2UameLAnnXpk4LcHARt7Nw,123,0,0,0
2UtfM2Xk7WR1Gmp0NL7uGw,123,0.081774718,0.071235305,-0.010539412
2V7phDywZp03gJ80G4XrUQ,123,0,0,0
2ZAGNRs2kmUk1H2BOW_3OA,123,0,0,0
2_2BKst0KstU-XzupP3kJw,123,0,0,0
2cxH4KA7Mqvw_LebzRb6Vw,123,0,0,0
2d0845Vq17_BGYh9BBLkfA,123,0,0,0
2d6yD5a0lbmkuWFQ52CuJQ,123,0,0,0
2dVw_UXTBzvM64iFRuJTDA,123,0,0,0
2dft4oKBFYhj_3l79TR4PQ,123,0.054948588,0.044808644,-0.010139944
2ew6-2IQIz0vvGdQMMRLGQ,123,0,0,0
2fObkVAuuuPjuhSg_ycT8w,123,0,0,0
2fVt1yHtySXGmXDKUzasRg,123,0,0,0
2fWMTXLNI8me38FTjvLrdQ,123,0,0,0
2g0hEKKDpjo3rhMzvkyc9w,123,0.080419271,0.053976429,-0.026442842
2gA2YbWZ3UdYJNbz4G67PA,123,0,0,0
2gR6HEe2SQtqNXr4sxZEeg,123,0.15693994,0,-0.15693994
2gaEBscU94LsnkSUpMTfJg,123,0,0,0
2gn4aopN1v7UHm6S6YQzXg,123,0,0,0
2gu34YmwqaWVnR57my-yrA,123,0,0,0
2idGZbZFCz8ukGCp6rnEDg,123,0,0,0
2ipK1ij4Dho2A5geiTzQYw,123,0,0,0
2jBu0RSN5Nbwx0Igt33Lfw,123,0,0,0
2jv_2BgGoGUNe9M88hMQaw,123,0,0,0
2jxzcTdzfMRq1g0tARCxjg,123,0,0,0
2ks0guY-ct0QvqSzvTU9Jg,123,0,0,0
2lAAu6mqJrg23bYdXubhrw,123,0,0,0
2lIhS_VS7vsPBkmrkkTewQ,123,0,0,0
2mpb8K40Vn299iw6RJFwSQ,123,0,0,0
2n6MgUIgPPT5nG9BVJsHLA,123,0,0,0
2onScbifl3OVnepJ_vkFpA,123,0,0,0
2or_aoBxp-VP0JkLkJMmJQ,123,0,0,0
2p-Tb4TlhCY5op_3XTb_3A,123,0,0,0
2pu12rwMJ1iNVhqR4eI3XQ,123,0,0,0
2q2sfutoX4RmiMhqAQuAeg,123,0,0,0
2qW-VO3UxZSU6HSHQ7fh7Q,123,0,0,0
2qqUJSBq8TSMPgSIBOt1FA,123,0,0,0
2r98RLduWxcsTZYlzCprQQ,123,0,0,0
2rb1o-HdEWix4kZ-x_kLGg,123,0,0,0
2rntFIovaowDlYQZ8EGc-Q,123,0,0.13959537,0.13959537
2szGjbEbEUHqEpVr6Dmkfg,123,0.038553505,0,-0.038553505
2uMlJ3h93VTBVSJzeICraA,123,0,0,0
2vJkzSHFT21Y4TKuivM9qQ,123,0,0,0
2vQLMCWp2GfcqLliK52zfw,123,0.17060922,0.17060922,0
2vb0OZEGFrO1BAMMWZcy2A,123,0,0,0
2vi1PpZ3dalinWSSbrkodg,123,0,0,0
2wvbv2jpIqHGUFAfdaip6g,123,0,0,0
2xCqP8_BMw6dfzpidIPKLA,123,0.16716045,0.13090199,-0.036258465
2xZOxoQNEanqwe7e0WTuYw,123,0,0,0
2yT9-UN9uZ7TB3Mj9kDYUQ,123,0,0,0
2yb95i4vV1m9zx-AXxzCLA,123,0,0,0
2yxgjPT0AS5v3bzgDlCszg,123,0,0,0
2zcmeql03gODHoeOoBuXvA,123,0,0,0
3-6c3wCRXUcs3qfJwxG2Eg,123,0,0,0
3-DfuhZjVaDCVi1wUB060A,123,0,0,0
3-XeIbf7uQP65fJcoOZSVg,123,0,0,0
3-hH3pZOY3nbzAS0w4ScAw,123,0,0,0
3-x13nIg_2D6f7pnD5WZrQ,123,0.37663426,0.27269558,-0.10393867
30PsWsSwAZEzUOMNlGXFEg,123,0.068354769,0.060658813,-0.0076959557
30l8G4JiEuAQr_UHHXHgug,123,0,0,0
30yVHRbmerVMSGIgZVKuJg,123,0,0,0
310zgwPQRoe63E1pzzMVPA,123,0,0,0
31US0elxNU34N0KnVrppaQ,123,0,0,0
31aB1QYFb8X2FN0Nxb2GRQ,123,0,0,0
31wUB8kFVCACQ7EzAq0m8w,123,0,0,0
3228Q0rA1OXgniSyfk8Niw,123,0,0,0
32WfSHgaZYY_wNO3lcNwLg,123,0,0,0
32hMcxaohQrPBbNi5HRIeg,123,0.074148615,0.13851031,0.064361696
33Bw2CF3e10G6hzIhSzMow,123,0,0,0
345ZsXYJ0nnkqdz_ft0RLQ,123,0,0,0
34Z0OpvrUgCPYMb5h50I_g,123,0,0,0
34hxr6fmSRnmFrNWMVW2tQ,123,0,0,0
35FfK1DffCmdWM9rw8YYLw,123,0,0,0
35ovHbGuB3opVK2Crr45IA,123,0,0,0
35rogU22X4y7OcMmOhDpQw,123,0,0,0
3632AJBTgbXQDjQbo9UxNA,123,0,0,0
36NGDRpFuM9x5YL3A5ejAA,123,0,0,0
36Tsd9SS8B5k4Nb6rcG84Q,123,0,0,0
37FUZQAVQNT99CjxX3-hYQ,123,0,0,0
37ONylQQVdlxHDxgyX8Ykw,123,0,0,0
37jCYObB8eVH4r97eApe5g,123,0,0,0
381RJ1a5JmTlEOZiq9_2Yg,123,0,0,0
38XpjZyQiMmKtw0t_16Ukg,123,0,0,0
38qJ-6EZEPcuOq8vVKEQiA,123,0,0,0
38zVOHdO02GB3kfc31q2Kw,123,0,0,0
390wPgvm_xpjLSfnODPjKA,123,0,0,0
39RS633ZODVC3dCoYO3Y9g,123,0,0,0
39drhz2MpLpLxcPcwRz3DQ,123,0,0,0
39ob3TUuT8AVi4Y_POIJnQ,123,0,0,0
39w1YotSV0FP-uDkTbj4hg,123,0,0,0
3AqoIequcJPA0mhZ2k4K2g,123,0,0,0
3BXvYVCXtGpyx_pRxEjg0g,123,0.34304271,0.37941405,0.036371343
3BgBfZUgQi9SyxcLJflvVg,123,0,0,0
3CLUPnk3heUSG1Dy0z42Gg,123,0,0,0
3CYDgFXGK5M8qfF8COrXGQ,123,0,0,0
3Clk1AHpskeeohtVXmgHpQ,123,0.39732201,0.39038005,-0.006941957
3Csq1swemCRhO3eG0u4i8A,123,0,0,0
3E8k_Ru1NkKNg-8YS7nksQ,123,0,0,0
3FbgfKY5o9M9E-k88BybCw,123,0,0,0
3Fnw_VjHZPzMVSWdBfGduw,123,0,0,0
3G9zwCpr-pxQhO2D8-wvxQ,123,0.37910366,0.38259541,0.0034917469
3GWP2QTItrPA2FgRWO88BA,123,0,0,0
3H1P83Jxi3_XYiHEJLj_dw,123,0,0,0
3HaqpYZ3YjtZa5v0Ky8GYA,123,0.08908027,0.13120508,0.042124807
3IFfnwuFB-Y_0vSOlqNpSQ,123,0,0,0
3Iljqgx4LJXO_mCAPhqLNw,123,0,0,0
3IuR6mrNZfSu4GE6TGx1ng,123,0,0,0
3J2aM49GBgTfBfJgAw4SBQ,123,0,0,0
3JN5OQpLIYju2f6gsvkCnw,123,0,0,0
3Jab8-8Mrc5f1mKR01bvXg,123,0,0,0
3KjHFH1FbgkluebSUGk3IA,123,0.18154179,0.12011566,-0.061426137
3KtIxHc6qg7b8I8qZgdAXw,123,0,0,0
3LDHxerWB7cJSv1c94q1MA,123,0,0,0
3Lnlm5a4hVK4kpkupAKMwg,123,0,0,0
3Lo6KrY0ps5KJAn1mOQ6bg,123,0,0,0
3Lu3Xc09RRWnddCIoHTbEA,123,0,0,0
3N7IwV5kNbNUYGHw478SVA,123,0,0,0
3NYIQQCACxCdUKkWB_CnFQ,123,0.61314719,0.61314719,0
3OYWr7SB6_Tn1_WWHSsTQw,123,0,0,0
3OqTsRD7b7gkhhGks31XrA,123,0,0,0
3PPIz1OS8xeXXnfVQk5tdw,123,0,0,0
3QnoTcrxuafMCoTzW_AH7A,123,0.076750998,0.048159222,-0.028591776
3QtEWCmF3wvfpevIQA9Qcw,123,0,0,0
3RDFq0X4j8oQ5kJLMbwYYw,123,0.1418689,0,-0.1418689
3RWGqFO6sNAzCaO-qqaqGw,123,0,0,0
3SV-QEHpf32qeSj9N64djg,123,0,0,0
3SZ3-7Tk4GNo4UyI2ENE2g,123,0,0,0
3T-sEkytvMLFs03LDqWGUA,123,0.29608191,0.20210735,-0.093974564
3U3hKB0CsGF-8T0oh5dWPA,123,0,0,0
3VFH-yuHU-G7-BlxX5W8BQ,123,0,0,0
3VL7MACAowyjclox32U-kw,123,0,0,0
3VpYwTpNhVS_eqOhCKr5wg,123,0,0,0
3VumqdFXXiacB901FIPZQw,123,0,0,0
3XlkocqX1OjcpWOuBL2Mqw,123,0,0,0
3Y3uIfrb7Fm6e0K1Tlyz_A,123,0,0,0
3ZcX6qJ94Fb5FY6eXup8ow,123,0,0,0
3ZhfLvGTckBFVroBHCcPUw,123,0,0,0
3ZtKlGT9UNCv0tqVsiimkg,123,0,0.10549558,0.10549558
3_V4v5gtjopdZPSscwLlRg,123,0,0,0
3acN0RvVd8T_Nf8w1QfI2w,123,0,0,0
3agKxC3HL_vTFI6BqarcPw,123,0,0,0
3bNFtMOQ_3nnZRbxZKH4Kw,123,0,0,0
3bfphnJ-_4LHEfv5qGC_kQ,123,0,0,0
3c3uj4KIExrxmbSLOkzLWg,123,0.07102002,0.03730675,-0.033713269
3cUs9CRvWwUWoDG6V0KMPA,123,0,0,0
3cr2LuEQqEasx7Kian2K0g,123,0,0,0
3eUcEEdRHebSlsmLrLDiZg,123,0,0,0
3fIMi3GS-ViSxphI0zsMPQ,123,0,0,0
3fPtmTeOaYft2WHULlK-7Q,123,0,0,0
3fY1y1qY4v9PhfI0-kIB8Q,123,0,0,0
3fj9Kn8fcSo5uC9QDklatw,123,0,0,0
3g2YNSLUivvxrWC2wkMtGA,123,0,0,0
3gwygoIpFMRgEEfvN29FeQ,123,0.21878348,0.23442939,0.015645907
3gxsDhNyzutTeve4BSkS0w,123,0,0,0
3hMOnABGXZZdB5QMx1UbIQ,123,0,0,0
3havTvfd7TrNMS6ldiBn5w,123,0,0.04610512,0.04610512
3hoDHJ9nE7H4oYH8dD6jgQ,123,0,0,0
3i8yEBUpbJ9RYBw80o0Tow,123,0,0,0
3jsMfjpVNHWzB5Kj15Wp8A,123,0,0.087471714,0.087471714
3kS7XYAikMjirCWKxu59UQ,123,0,0,0
3kXfnV_qigA-jfF8hOeC0g,123,0,0,0
3lENadprD0twnQBxw78_xA,123,0,0,0
3lt493FvXxgNFWiIk7vA4g,123,0.63668244,0.63668244,0
3mLb7phQpIc2UyK1kjUN3A,123,0.3065736,0.21840744,-0.08816616
3mZdaLuQZ_bYnX7skcwi6w,123,0,0.2043824,0.2043824
3mwqzfJCBbYSi_0Tpc_Abg,123,0.1130534,0.082975728,-0.030077674
3n0_L8nKX4LcQG1yF61wtA,123,0,0,0
3n5UEZtP96GBNpRXNF0QNA,123,0,0,0
3o5yKkqJf8q2R_BMu40z_g,123,0,0,0
3oKtLdAO138VHY8KTlpXuQ,123,0.13120508,0.17525597,0.044050897
3pI0mFB4KkUEAtaxlM3YyA,123,0,0,0
3q9hEh1NJYbsHQn5Poc1cQ,123,0,0,0
3qkPmzCKpvyK_4z16uIVDA,123,0,0,0
3rerGCdKLos4n-R1l8UW6g,123,0,0,0
3sadxxZ_I-6I52aRft_S2w,123,0.33916021,0.33916021,0
3scNBFQq5YMwzuB7_eYmLQ,123,0.4123145,0.31086582,-0.10144868
3u0j5YsLW8xh5He2kZKMAQ,123,0,0,0
3vhgB61xMkj5TzBvwzPTMw,123,0,0.13905618,0.13905618
3xtK6Iys7V4AHDau6SCxzw,123,0,0,0
3yhve4v4PPVYK_Sova9RrQ,123,0.16716045,0.20210735,0.034946892
3zJG0wjSakIullurajeHOw,123,0,0,0
3z_lfmfHSbkgmq2RRNeedQ,123,0,0,0
4-JUrXMZzrVQHcdecYxQ5A,123,0,0,0
4-NM3_l9woeajDthJtZNxg,123,0,0,0
4-cD3XkmNIIiGiUFtfLN7A,123,0.12011566,0.11047239,-0.0096432608
41HIVLipEiCXpwtjTcYu4A,123,0,0,0
41S71ht01Q1QsZG5HX1BYQ,123,0,0,0
41VLcOKLZjxLjQJoK8PKOg,123,0.24465054,0.31546488,0.070814335
41ufVYFZFiKYYumYuhz3vg,123,0,0,0
42ohTXck3pWdUzpkO3wTug,123,0,0,0
42sa04VhipyKIk-_e2VT4g,123,0,0,0
43qHjBGrqaR9a4UmN6a0aA,123,0,0,0
44HB8gAdtVf1AWZOcOxjzA,123,0,0,0
44gLvK0zs6PCrl85da_2og,123,0,0,0
455OhgCwjroXtZzwa-KI8Q,123,0,0,0
45MBfItHUH17HZuM78XyhA,123,0,0,0
45apTGPysFkMNlbG17Zj9w,123,0,0,0
45rnndQATVQNb4bogKoblA,123,0,0,0
46Wi08T5D3phf3SMgi7U3w,123,0.14388671,0.15649233,0.01260562
499ssqzO13m_GFXD0W9G_w,123,0,0,0
49jFqfV0sHD8jrU7pKIQXA,123,0,0,0
49sNJ1cHVRW4ao2tAUL9Ng,123,0.086810776,0.081334845,-0.0054759308
49xgwHw7dxPWFLlgOt7LJQ,123,0,0,0
4A-FWiR3u-l6qHPO1YUP6Q,123,0,0,0
4AOchnqKBnF-ivpq9CsYkw,123,0,0,0
4AWL_QjOluYiaSgV75bJbQ,123,0,0,0
4B-ndSrQTd5aBuFlR64siw,123,0,0,0
4BDz8a81CWt3N04SKEXcyA,123,0.39038005,0.39038005,0
4BSKXV3QMeDQKqoOthvZng,123,0,0,0
4CHHUotGBbpa4r64VngCXA,123,0,0,0
4CXx8wj1c74qdXWE4ER1UA,123,0,0,0
4DJJq1Lhv3jgdjahshmJvw,123,0,0,0
4DYxTfx4BszdCqSJz964bg,123,0,0,0
4Dbvt8vBymZCCavVAWzBIA,123,0,0,0
4Dg8tpKaLawS4id2SQ2Afg,123,0.2634887,0.34222207,0.078733376
4DkhJhJMchEan4stdmah8w,123,0,0.066513772,0.066513772
4EXv_hr3cv4omE6m_uJdwQ,123,0,0,0
4EtkkiciXXs6MuC3VkxR6w,123,0,0,0
4FBaoFT-UGwCzxSqWXvvfg,123,0.2043824,0.17723929,-0.027143111
4GVtLpaB_PCXyvXd5ZQjGw,123,0,0,0
4GYfcO_TCGDkdy2SSWrwRw,123,0.13565197,0.20210735,0.066455373
4HidorB-37SNM-g4K6VVeg,123,0,0,0
4HwrNPfMoSAiRqgzPr4xRw,123,0,0,0
4I0CNcNYC64DzlP97I6stA,123,0,0,0
4I365gvkybJrwTMfeBTyIQ,123,0,0,0
4IF-Ce1LinCQn_lvWIPipg,123,0,0,0
4IuB0IsFVE92JkHiqwZlOg,123,0,0,0
4JDYZlDoJ14-d2JFxZDC6Q,123,0,0,0
4JZDZ_ENOGWH1VK-UWtghw,123,0,0,0
4Jsmb92lYx8Djk4QBk6aXA,123,0,0,0
4KIGyEVFMUENA0NLkqlKlw,123,0,0,0
4KV_ptAjl4xFO6Y3Rpa3MA,123,0,0,0
4K_kA9Q110MnQxwqjndWaw,123,0,0,0
4Kd0Hocgrnx_Sil9n33NYw,123,0,0,0
4LKSAkQVGQWy2ejoshPm9A,123,0,0,0
4LMZ9E_gCW-937KqG2NkkA,123,0,0,0
4Lg7UMoLw0dKcVWVjSa3Iw,123,0,0,0
4MPObGw2gqQFDqZYgglkzg,123,0,0,0
4MfK0xK0RHmZU70zrpXG_Q,123,0,0,0
4N1fN0kaGVQuYPg1P8U5uQ,123,0,0,0
4N5SIQ1CkO023k100hXUZA,123,0,0,0
4N8R-1EkUCcCHIzkEodTsw,123,0,0.10549558,0.10549558
4O9tKXW-DS8Amo2hYNf40g,123,0,0,0
4OCKtej61Tn-oZUszCTPxA,123,0,0,0
4P0BiA66DSUXF4ilhYAiTw,123,0,0,0
4PN-defKNdm6JQXrOWvO6w,123,0,0,0
4RMsC2EKHOrOZfwys-Wj2w,123,0,0,0
4SiEqgp-g7RauA4_ONj-4w,123,0.55314647,0.63036316,0.077216688
4Tp8wNiFCa4U_sSfcgQtbg,123,0.3618792,0.41253178,0.050652585
4UAqdgiCe1jwI1IQl96MIA,123,0,0,0
4VLoLOArsAVdLEwc5Kq5rQ,123,0,0,0
4VrIZu0XAJHFNhA7nPDhYg,123,0,0,0
4WAEZS6rEbKwN6q-U_PGoA,123,0,0,0
4WHitFIWTTmj8gE--7GyoA,123,0.039621067,0.12050003,0.080878965
4W_LEF3rzYwLnQcRwnkEJw,123,0,0,0
4X4C16S-3OQCNe3gnqkXlw,123,0.12863263,0.14204004,0.013407412
4XF-rv-tDWKh89B3o-hBZw,123,0,0,0
4XQtil8v5xsXNndM2_Zh_g,123,0.094606347,0,-0.094606347
4Yc_9ZQcTDJebWtF-HiMqw,123,0,0,0
4_-zkpjAEtIUHNd8tZbb4g,123,0,0,0
4_IJKLhoyof73pvRal4Exw,123,0.27019363,0.36935596,0.09916233
4_h5AwPKPkv3J9CL7E5x2w,123,0,0,0
4_zR04rocURsB40lGDoVnA,123,0,0,0
4aMXPlufEmRgTxE2NGrQXw,123,0,0,0
4ay-fdVks5WMerYL_htkGQ,123,0.11253889,0,-0.11253889
4bP86EzvAa0sfaxrYW5_BA,123,0,0,0
4be_EsjoZWEzugy0JgjuKA,123,0,0,0
4dT9tzwPvpFEWk1iHLl-rA,123,0,0,0
4fTm8qhzNnSXYHugs-Jcrw,123,0,0,0
4gYZYVb-i7bZSv8qQt1GlQ,123,0,0,0
4g_jqcFM46xbHGkGbsRgHQ,123,0.23772238,0.14606835,-0.091654028
4gkfvEF5pGgid_60MjJ1fQ,123,0,0,0
4hjM4P6RhbBdEsh8nVaHpg,123,0,0,0
4ix7NQyuXCmYT1sfblfbJw,123,0.05092444,0.050108347,-0.00081609245
4jO-xw8LGjAViH9JAcHx0g,123,0,0,0
4jqSryBOZsomgAUh29EZ5Q,123,0,0,0
4k1PXqrjXFnmRDvi1iBYUQ,123,0,0,0
4k43P1zuES57ewaGC4jYjg,123,0,0,0
4k9VgRgRdmxTT_cbqV-QhA,123,0,0,0
4kjVKQhMJKdlasEkn_Nkxw,123,0,0,0
4lM4kr2y23ywPMrrLfB43A,123,0,0,0
4lXwcTkAaoZoO17y9eOljQ,123,0.32918196,0.36385066,0.034668699
4lgNdeFeiCPxaC-196pC5Q,123,1,1,0
4lmQO9v2FlEWDuUry9XoiA,123,0,0,0
4lqCq74yhXJ_bgYbcn2IiQ,123,0,0,0
4lqjXCeksMZcLcXCJSRqVA,123,0,0,0
4mKoJ7dUrfdczKjvcOzMdg,123,0,0,0
4mrT5PzEYZymN_lyxEU1cA,123,0,0,0
4nTTGHn5a1L6Gsa0LWFpcg,123,0,0,0
4nXQzv_tLNgwBaNnvUpxpg,123,0,0,0
4oWWLIkmXjZc9-NNz3UvUQ,123,0,0,0
4pVTrtvhp4yFftyR0ZqsPw,123,0,0,0
4pntxnXXeIc-OMg5KcTRTQ,123,0,0,0
4q3S_sR4fcbAkTTb7uUpFg,123,0,0,0
4r866gIgHh8X3KJrZSTLnA,123,0,0,0
4rrK8opMym8ZsiaasWYpww,123,0,0,0
4s3yFhYWsgZW2xdMI6uDSA,123,0.49959581,0.30334568,-0.19625012
4tnd3k-foRbvHLNCHVUEdA,123,0.29608191,0.46927873,0.17319682
4u8zZaT5m7nO1WazdKA2sw,123,0,0,0
4unp9dgjcponPNomnQU3bg,123,0,0,0
4vkPNmjOIjYAjq6WOHFGFw,123,0,0,0
4vrgIhNt7AVdvJma6xUmCQ,123,0,0,0
4vtcLKnGlKvvVbSo1i-u5Q,123,0,0,0
4wTO4_ngs0o_1OFfAHOwxA,123,0.10858087,0.11731968,0.0087388084
4xIt8GPs65e6clbyIa020w,123,0.61314719,0.61314719,0
4xLrpjH7-tCsprlNFpmCeQ,123,0,0,0
4x_lfo487qKjO3vbboZeMw,123,0,0,0
4xudantfMxLy1l5G1tWGnw,123,0.14804096,0.11731968,-0.030721274
4y4RZcCfzOWNBAfNjSbHhw,123,0,0,0
4y5ZrSMHFw83OFV7hQBndQ,123,0,0,0
4zu7xA2uDDVnnjeZSOQblw,123,0,0.073116838,0.073116838
4zvowGl1auvc_Jx1lRmGAA,123,0,0,0
5-55tTYaTJWzozVL96IqCw,123,0,0,0
5-D0Fvps-RH8aAQvWwsz-Q,123,0,0,0
5-QjplGCcD6H2xL7h7zMJA,123,0,0,0
5-sOJeMcqFAZryzfndKvHA,123,0,0,0
508Y2A3yYQOyGaMDUYFXQQ,123,0.090100009,0.097851595,0.007751586
50Eb23aaJQs2yzTbJ-Q7XA,123,0,0,0
50vAjRE16GmbxzsXOdJuhw,123,0.22084798,0.18035704,-0.040490939
522M-weF78TSm8yOi6MtBA,123,0,0,0
52Bgnha6omTTVxr-8qDV8A,123,0,0,0
52R1k6G03m8ES7N1rXiB1Q,123,0.2529427,0.2529427,0
53Df3xUW6nRkiFatSVdLVw,123,0,0,0
53oQWFixs7U8N5s3uzePYQ,123,0.13905618,0.099920907,-0.039135273
53qzkwfeWYe3WqIrBxYC-w,123,0,0,0
54EqbQnqaTDxlLxdx-A0Ag,123,0.46927873,0.46927873,0
54s6FuSZNI2k8t5WqyGr1g,123,0,0,0
54wHjVLFsYt9ksGkyNOM-g,123,0,0,0
55E99HsnSiOWULc6HCjC1g,123,0,0,0
55fCofuKVb7XP3newzmX3w,123,0.296184,0.23990309,-0.056280911
55qqRv6iwYXCMyCpYIC4GQ,123,0,0,0
55rGLCUo62yb-LwqL_CX9w,123,0,0,0
56GGfi83bWtNIThBNOaBWA,123,1,0.28906483,-0.71093517
57a4rVQ2Po6csI7VxBEjGA,123,0,0,0
58Jb1re0r9Sk0IKJyCQjag,123,0,0,0
58WMES34TzBpMXxUVmKeqg,123,0,0,0
58b7dl028bfG1xBEjgH5Ow,123,0,0,0
590n3_2wj7xIPBzw8ogXTg,123,0,0,0
5AWxeQ_aOZgP541WcwEW4A,123,0,0,0
5B6G228jKEYh83zrIQwTIg,123,0,0,0
5BcHiekf8vqEka35NcoW5g,123,0.35620719,0.38685281,0.03064562
5CbTPG6rukq0_3MJ-HwZkg,123,0,0,0
5CfRj0dIV1EPlarQ8oeh4w,123,0.10699313,0.33916021,0.23216707
5Cp6MX8pn9MzsD559QpVfA,123,0,0,0
5CpIu_UkdVfrri5t2nKBnQ,123,0,0.21840744,0.21840744
5DFAq-cfv88eZEW-6Nm89A,123,0,0,0
5DnrwaETQg7l0c7OS9bJ9A,123,0,0,0
5Ep5HPakBPrSljrsrsGk0g,123,0,0,0
5EpC5U_KOXQDrN7h9NbcVw,123,0,0,0
5ExUun4n-8gIo3kh2d5k_Q,123,0,0,0
5FSBYzv_fErCQ0xnEuzYYw,123,0,0,0
5GLB61xLOP6T-pNsr7rslg,123,0,0,0
5H3Iva0zn5W7vF2zSu69vg,123,0,0,0
5HmK6riLkciM0Xxo1ycNTg,123,0,0,0
5I5_-TXF6U0z_rnxFKx1FA,123,0.22009177,0.22009177,0
5IDOHpkKaD5JqhoPCa1Csw,123,0,0,0
5J0HQKKHrqKF6ac4naU2EQ,123,0,0,0
5J9N4ol0ho5_oDB7x4JrKg,123,0,0,0
5Jb3fPiUm8ttsvrVlpeSfw,123,0,0,0
5LtOwl4pMb6d9ozE-XULoA,123,0,0,0
5Lw9vZhqUYECMgEy0t4_Dw,123,0,0,0
5McsFQqNIp_7ludsWRWsqg,123,0,0,0
5OpYqBPvnAGDxEgbFGrq7w,123,0,0,0
5Pt_oa6luvFFUCs8SIN79A,123,0,0,0
5PyfIcmMjFFDHohr1jNOgg,123,0,0,0
5RtdJqGTrVqI5v5qiSayfw,123,0,0,0
5SIS2wal6jpOAY0zi6g19Q,123,0,0,0
5SKqQa8vE5tGeB8qm4YTOA,123,0,0,0
5SLUfFWOTLDzYxrEvzeudA,123,0,0,0
5TE19zTjTIPq1HANACN7sw,123,0.16812754,0.39038005,0.22225251
5TlzxKF_jPY2v8YVrye-FQ,123,0,0,0
5VQiGL3Kf-jVkOFLU6nuHw,123,0,0,0
5VVWJDnBzf__QibgQtubwA,123,0.35620719,0.5,0.14379281
5WlgxTxnsFHAEuJhnFvMXg,123,0,0,0
5WwdKJhYGXMKYM2s-C5vMw,123,0,0,0
5WxSSfiFyHlAtYQBDUy9NA,123,0,0,0
5X9op_99I_b1VlsrkzsgAw,123,0,0,0
5XPhGgEQ0W3WUDrdPfFdHA,123,0.18154179,0.29608191,0.11454012
5XV9WW2XEe1ygix8a4NLTQ,123,0,0,0
5XpARg5ldsmNK8iZHRYAHw,123,0,0,0
5YGpTtEFfM9um0ibHAVmtQ,123,0.39038005,0.24630239,-0.14407766
5YH_jb-RPeNPqrI2lmUOdg,123,0,0,0
5YYrF7jZmu7BKz-mOTdFBA,123,0,0,0
5Y_FBF1nSseDwNmwBsXX3g,123,0,0,0
5Yi2xQ51bh7l5TOe682BCg,123,0,0,0
5ZafgSpqedIa1UgvvRm5Lw,123,0,0,0
5Zb9rPNpvX_bC3wLyD0ECA,123,0,0,0
5_Qa9AZMLz0G0KBIhlIYiQ,123,0,0,0
5_wNoMq75kbYm_54Y71j2Q,123,0,0,0
5a-3jw_SxqpVjL2C65lslA,123,0,0,0
5aVByErCyBwi-cnx_iEJmg,123,0,0,0
5bUMxHvLMIK2pfy9ftRkBg,123,0,0,0
5blTaqGp7uLph8qExpRYWw,123,0,0,0
5brVyYOgkbT_ibCUrxoRiQ,123,0.10259847,0.04734668,-0.055251794
5c1WuTtNJhjdK4b2dHoDlg,123,0,0,0
5cBooky8Y5_q5FV2zK-hPg,123,0,0,0
5cFT89ikb3Ss1JQyVaP2wA,123,0,0,0
5cjRF9eGf-HcD0RNL6On3Q,123,0.21398626,0,-0.21398626
5dAxVCq99MuG5DrBRMt78A,123,0,0,0
5eUM1KPzCsUueySZCOKeuw,123,0,0,0
5eiLUiKhnbVteCkqKGYl8Q,123,0,0,0
5f4UjxbMJwTPgmrHsB4DSg,123,0.16569577,0.26406812,0.098372357
5fVIFUqCfVeEgojuJBiOEQ,123,0,0,0
5g02bNEK3VnHLItKMCFGMQ,123,0,0,0
5g4txQ-lQ1EfmKgV-QIAtQ,123,0,0,0
5gQi2KTmdCvJSVkBRLIKvQ,123,0.10699313,0.081334845,-0.025658287
5gn4jRNfbEmiX0p8U93qrg,123,0,0,0
5gw-M3x7jza_C3dck-1Z3Q,123,0,0,0
5h2o8drV5RRB1fdj5O-Vuw,123,0,0,0
5h9JA231vPilNAIjHxwGng,123,0.33333333,0.27894295,-0.054390388
5hh180xTIOfRx_skElgEjQ,123,0,0,0
5j1P0jfbD-VYjxVkDpnR0Q,123,0,0,0
5jKScvMqxW_rzd0D8xgX1A,123,0,0,0
5jgeOE9JZkJbH6chCKSGlg,123,0,0,0
5jvSJHESav3c7VOgH0aTaA,123,0,0,0
5k4Y96ng_Ezk2cXrvXIPPw,123,0,0,0
5kZvUX8-rvTvoEaK5gB5CQ,123,0,0,0
5kcLlhJPLJL_GLwrAdbZAA,123,0.22712957,0.26710287,0.039973306
5kgthUq99HUkjy-CHA18OQ,123,0,0,0
5l83SrNyEylo5AhHM2dv9Q,123,0,0,0
5lXLfyND3naSNHEuiHsjmw,123,0,0,0
5m8JqK9RL7Ycrf7dd5EQ7Q,123,0,0,0
5mDIRahyGnC6nL7a__gZSg,123,0,0,0
5mLJGjgGq8JBBIQLkNfl1w,123,0,0,0
5m_IbLkCnC451cURfLjCtA,123,0,0,0
5mkncwQfS4_0n-vIjQ1oLA,123,0,0,0
5nVEsoRiuqW5dioO54vfqw,123,0,0,0
5nd9UFG5AY_PEsUYZoCKJg,123,0,0,0
5nsmVnwkxaO_JsxvmDN58A,123,0,0,0
5o3aRW06uVh6Mowaxt9S6g,123,0,0,0
5p79-cmKidiK2xcZm2OArg,123,0,0,0
5pkLT9SvOrumAJwfWtL4Fg,123,0,0,0
5rHxypZXthrCWgJOri9xow,123,0,0,0
5rOqW3YqY7c9kqoSFBB6jQ,123,0,0,0
5s08Ej81mmy__xAjQljOUA,123,0,0,0
5s0lRoSMBb2a-9k5JxRyhw,123,0,0,0
5s0rQ61Q-ZayTPbEXQFSaQ,123,0,0,0
5t5iMyrt9e0kA69MaQq7rw,123,0,0,0
5tLSqXhNHuSKJXs4RCZNUg,123,0,0,0
5u8op3jpkU-EzlyzNCPtUg,123,0,0,0
5uBPTsRnZDVYxvKSbWS7DA,123,0,0,0
5uFIyo8VAxXx2PwklmjrqQ,123,0,0,0
5uYARe7O_D95tbPanyPdqA,123,0,0,0
5uYy1DJ7JcAH_N4Hc4tPBg,123,0,0,0
5ub9eFex4ybFFatUI1uS-Q,123,0,0,0
5uowr1mhZK37DWJ23n40tQ,123,0,0,0
5uuFwsi5M5oC1MLEnIQmnA,123,0,0,0
5v2aYs4lQAhE_LMQlmSe6Q,123,0,0,0
5vQ6JC8ytvurd4f3yhqdyw,123,0,0,0
5voeQd3-xwzmq7v23BaLWw,123,0,0,0
5wkw8oWWumsncnyfdH56qw,123,0,0,0
5woxFlLII81pXrqFSZ3ndw,123,0,0,0
5x71bhs3dPEzpePDVYOvmg,123,0,0,0
5x7fNarGLyN26RutlNEuSQ,123,0,0,0
5y6ynYdX95c06XR59xwt4Q,123,0,0,0
5yZs0ADLPdftjy5khSa_NA,123,0,0,0
5yeJ2jawR7J3_cpI3MEQeA,123,0,0,0
5yuam4dcjNxgk8Mop1Y9qg,123,0,0,0
5zbOaHWqMOhy0G4kEg9wKg,123,0,0,0
5zgNmtVU5Xg1zBbxutQCjw,123,0,0,0
5zrhr_z8CyLyIRUwp_GipQ,123,0,0.040914217,0.040914217
6-0FuiHh5SBgnbK_YduupQ,123,0,0,0
603xajB03-Y2ZjHVSGHc2Q,123,0,0,0
60Yc-EhGIA6EgqL8tC36uQ,123,0.27825165,0.27825165,0
61FNJUiDqXReViksOYiILQ,123,0.32657577,0.36120112,0.034625347
61bMkD5r2V-cuZ8k0VYzEw,123,0.065918771,0.091625444,0.025706673
61yZ26RhF0g_bdumzD0yWg,123,0,0,0
635kDyzqanODRxidHah6rw,123,0.14434031,0,-0.14434031
63D3poKinWYKxUsXjlz6FQ,123,0,0,0
647DvK0kZKqf_LIhbCchEw,123,0,0,0
647tuHTcRtokSdCSElNV0w,123,0,0,0
64kL47tbrqHIOmj-n3h-dQ,123,0,0,0
64tX7lyyIPifkSZay_93VA,123,0,0.16569577,0.16569577
65qbB9h_uLvS5JTiC-g-0A,123,0,0,0
667MtGFNT8MLdlZbZQv-Gg,123,0,0,0
66p5trg6e3cxqs636hTrpQ,123,1,0.38685281,-0.61314719
67HwuY1mtttvvnqn9tHU0Q,123,0.39038005,0.29772316,-0.092656886
67YrvmdkWqC0arqgt0obJQ,123,0.079841335,0.082975728,0.0031343927
67kcVwjyPgXxKnFglBgPJw,123,0.23719771,0.38685281,0.14965509
68WLscA6A4s9FTXpGDq2iw,123,0,0,0
693jtVYzvhwbATcoGxTgaw,123,0.30785313,0.32004341,0.012190276
69Bka76OL2hmOFot-Tp59w,123,0,0,0
69qAxnG2ARbolXNHphbhyQ,123,0,0,0
6A4l0clHoYbOs5KFiQBboA,123,0,0.048814682,0.048814682
6ALfOkoEPUSHt0QgZYyoFw,123,0.11731968,0.11480929,-0.0025103868
6AtlFGbu3Ul2aCxCV4eNMQ,123,0,0,0
6BwkvJif0MRzap3782JQ1w,123,0,0,0
6ByJ2gP1L8ZOwoS6tEqG4A,123,0,0,0
6C_38muP-rFWDZKRaxnUqQ,123,0,0,0
6CvDpUjLcTA2FX-rGVLNCA,123,0.2043824,0,-0.2043824
6DrKoAxWowKnJEG6alpHhg,123,0,0,0
6DyHNLlqBBevvIcJjuskGA,123,0,0,0
6EMLT6YqIhgP3SKwmgTgCg,123,0,0,0
6EWf9mJbX7sz0hQTPlbfHw,123,0.61314719,0.61314719,0
6Eazuo0lesNNckHKpAW1TQ,123,0,0,0
6FoOI-L_InhVuhEASBoELg,123,0,0,0
6FtRABi1ox4n9s1Qr9P49Q,123,0,0,0
6Fz8X_VdN0S8tEg9fQRf3g,123,0,0,0
6GX4GZtx6C7m60p3rO0uVg,123,0,0,0
6HRGSS6ll0yqapdN2vPi3w,123,0,0,0
6HX9afrZ-cOCGjCCaU1mcQ,123,0,0,0
6HdiL30F2bX_Tmvj_RkAUg,123,0,0,0
6HjS4M5eU40yD_9QVEBRuA,123,0,0,0
6K7QdxDNR16h6CJg_iU0oQ,123,0,0,0
6MLBuAOCcjcKFc6P3w9qSA,123,0,0,0
6M_6gWmMqYzGdbw9v5eV3A,123,0.15101962,0.16812754,0.017107918
6MuP3sJeTWp8EDeW04X2LA,123,0,0,0
6Mv-qMJyxSokCu8YFM1o0A,123,0,0,0
6Oz68PZ4eAcDW7zDadDI6A,123,0,0,0
6PDXU6w8YJ4OzQR4mwVK5g,123,0,0,0
6PNP7kWDppTaPuzf6YTIOA,123,0,0,0
6QC6qsQ3a8GpYWshL_Pj1g,123,0,0,0
6QP95ARs4kbOps-Ca034wg,123,0,0,0
6Qb3pSCN8_f48bamSogJdQ,123,0,0,0
6R1EcQvREY_Qs6Vf2dy5sg,123,0,0,0
6S4uxbPpb9pMk9bKMUVZng,123,0.23504555,0.23504555,0
6S_QIPCejdJEht-LOY0zcg,123,0,0.13032377,0.13032377
6So-UCC5i9ckh4IwoXQzbw,123,0,0,0
6T2g0-MKq-ciz1aLJzu9Aw,123,0,0,0
6TKed9AZrD4DXcW4Nw-4Qg,123,0.39038005,0.39038005,0
6TsADh6mTTdLR-h-1h0c-w,123,0,0,0
6UQPYztf7bhhwm-B1JtDjg,123,0,0,0
6UmoicYOoMZR1mAAl84_tA,123,0,0,0
6UunqF-6SDRhN9Avx_Kh9w,123,0,0,0
6W9UaVleC0tAORph2u5Heg,123,0,0,0
6XI0gneBI4zeTa9r4ok1CQ,123,0,0.15000679,0.15000679
6YAPZtzvMCAtqc6RIBKC2Q,123,0.10858087,0,-0.10858087
6YJy8c4RVQCgdf3FrnwErQ,123,0,0,0
6ZPx5F3Fykg8y_GK3xyt0w,123,0,0,0
6ZlyGryn4LTIl4NaxXmSnQ,123,0,0,0
6_3lD-Fu5dTVqaO5k7QqWw,123,0,0,0
6_JG7QXrhqUPQa3lJ113vQ,123,0,0,0
6aQpF3gMLwwEALcbwQIkIg,123,0,0,0
6bxzJaXxGCqApmJsyIlr9w,123,0,0,0
6cPC5XzBoS1IAM-bS2RAJQ,123,0,0,0
6c_a4XxduJka98QvMIM8Tg,123,0.095506691,0,-0.095506691
6dAbQyvbh2hl0GJ9jJfpqg,123,0,0,0
6e0Y3XV26x63P1gvQseoNw,123,0.13565197,0,-0.13565197
6ePDkODaihUv30zsTA-F-Q,123,0.14704034,0.26406812,0.11702778
6eipwrk2ZjOdvuD6GI-TTw,123,0,0,0
6fl3xXg27X2CS1BHCgYSfQ,123,0,0,0
6fnPre6nLxIJkmQrTgvaqA,123,0,0,0
6gUYF0fXAnXQdK3paXad0w,123,0.082746021,0.10633668,0.02359066
6hBoywQli_-bRUZdGJYPCw,123,0,0,0
6i_gUwM7ZkQDRweVXwluPQ,123,0,0,0
6iq-Qae3kg8nyaxSYS8vUg,123,0,0,0
6jna5W1aqs4amKwBoCH2YQ,123,1,1,0
6jp9LCsMaIv0-Upghcnt6Q,123,0,0,0
6kJFLAHV-tNsBEZaRTqEWQ,123,0.60260904,0.58352949,-0.01907955
6kTpkpLWNbqAVe4gCZ9fyg,123,0,0,0
6knga-vNLcCxdQmhevWjTA,123,0.15693994,0,-0.15693994
6l-QCnL3dDDG1LU1Oo0h5w,123,0,0,0
6lakeZg9hag3M3DYC6MrXw,123,0,0,0
6lfnGAqMMmSZVjJJ9GM24g,123,0,0,0
6nF5PT1c0dF6EpOgQdF2tw,123,0,0,0
6o3CiQzYpLse_kJx2qYfSw,123,0,0,0
6pbNMgTnSYrtPHDN07IXwA,123,0,0,0
6qHQKCUvOMlP7cvKCoTyWQ,123,0.50086555,0.50086555,0
6qTleuZBVpyuj091MauswQ,123,0,0,0
6qZBWG97olYq6HIwIzIj3Q,123,0,0,0
6r8JFJiYfvqepEKIGDmWKg,123,0,0,0
6rLcSCokJDCpwSjdiZty3g,123,0.18672776,0.18672776,0
6rnr_NsVdiugxnTHOLZiNw,123,0,0,0
6rvaULevZEp2OM_b7cxFeg,123,0,0,0
6s7ayDJPOs8qL0IVMyOxvg,123,0,0,0
6sZ0KAroubsAEuCxlv7mxQ,123,0,0,0
6scLvFbBalfc9yYH2XXfQA,123,0,0,0
6tUniOHCf6o1qwG_pzZuHw,123,0,0,0
6tbVDZxBj2hg2PpQ1R_8_w,123,0,0,0
6tjm0WWs8YdnNddHdVWBvg,123,0,0.18154179,0.18154179
6wwbb70YcTtakhoEBXL7Eg,123,0,0,0
6x3dZ1XhF9--kyulLT-GSQ,123,0,0,0
6xrSdPn4kTpPuq_4cq2q0g,123,0,0,0
6yMeRe_UQMfN1ukGRYhQsA,123,0,0,0
7-ZBKeAC4lWEwrttlQLkCg,123,0,0,0
7-mA5iLgHJt6LRbi8ex09Q,123,0.43067656,0.26264954,-0.16802702
70E8IPebvzcqK-jfz5fYiw,123,0,0,0
70d1m7BqO3HbgB3c37f9MQ,123,0,0,0
711gsmiQOjOAHZP_0uJabw,123,0.21766332,0.27682716,0.059163841
71UFo91jext21nW04NB34A,123,0,0,0
72laNFjLSNd5m7rOnykXHw,123,0.30260241,0.30260241,0
73oVGO52bkKmjgx4Nwat4Q,123,0,0,0
74gd7lnM25ooF1IFXnoI0A,123,0.33333333,0.5,0.16666667
74pvw3-pu-ckBusrwLSiHA,123,0.23719771,0.17723929,-0.059958426
75--7VO10mTfrvV3yCGuHg,123,0,0,0
756PlcvcaoQZpMj0qHRUjA,123,0,0,0
75Q8j97L4FbEATcKraHeQQ,123,0,0,0
75geEOYcxLCYzEGuCQlPng,123,0.46927873,0.46927873,0
764QrdTkmjDg--PiJsUPhw,123,0,0,0
76Vz4Gmsav2bmOrYR6HeHA,123,0,0,0
76njJPrNrxIHncYuHkbydw,123,0.46927873,0.46927873,0
7849GiswtjVs-0vAVsiDmQ,123,0,0,0
79tmkvC48523nYgZnr5aCQ,123,0,0,0
7AH4QiPKSZ_bKHhpUuvOdg,123,0,0,0
7BxLSY8L4ZK5leMdTol7bw,123,0,0,0
7DhP54DOhBABQT0pFNLKOA,123,0,0,0
7EVsupIaYa9Cmfo4jJoTmA,123,0.089617287,0.089617287,0
7EgavvOERGI_bIRvclvlRQ,123,0,0,0
7F8HlCbKUIB-q3sYfZhoUg,123,0,0,0
7FW9XeZG3iyeksmiCTduZw,123,0,0,0
7GOWYwaYNjbSWecUfHZjLQ,123,0.22009177,0.22009177,0
7GXdghH1BuN7AQwL1SWKiw,123,0,0,0
7I8UEqlq5Qb4QKQBBhePlw,123,0,0,0
7IGJBFup9tseum6orRJ-1g,123,0.15130121,0.13032377,-0.020977441
7INLwFarOfAL6NCAGqTyNg,123,0,0.24630239,0.24630239
7IYdBJKKiD9bqI3KmfXE-g,123,0.1934264,0.26406812,0.070641719
7JcEda-G3VivMnaKV-sKRA,123,0,0,0
7JhpYlphHU46gxWBhzeo_A,123,0,0,0
7Jo2i_OW-7KlFFetO08cgg,123,0,0,0
7KyVTryH45UVI6AR9jZGMg,123,0,0,0
7L7GL5Pi2cf8mbm2Dpw4zw,123,0,0,0
7LzBnZ1xIlWCl2EwelvNvw,123,0.31546488,0.28906483,-0.02640005
7M6eHyuAhtHl29H4HsgzBA,123,0,0,0
7NyerV7a3CsvYC20iSfLHg,123,0.24630239,0.24630239,0
7OO2Sn50GnNu47fCsnZExQ,123,0,0,0
7OcQbFZ9kRYgDD5BUos0Wg,123,0,0,0
7OuZvzVSkVoY6DAL5y23og,123,0,0,0
7RNnO1TnvS1CTOlBNMPJgg,123,0,0,0
7RPkpKUIVy_qK3wua3x6mA,123,0,0,0
7RdQbQmL3JWQSmrqtt8ikg,123,0.11731968,0.29608191,0.17876223
7S6CD4tp4KiENHEQSm2Duw,123,0,0,0
7ScQMk-Mt1CLvp2w3rI-Jw,123,0,0,0
7SgM5DrVSfkaqCpyeKjT0g,123,1,0.35620719,-0.64379281
7TUCJHMkn-2DZdRyZeJSDg,123,0,0,0
7UEcRnzebFzmoeDZAfL8FA,123,0,0,0
7UJvl1EUk9pTMCgH8d27dg,123,0,0,0
7Wsd6EZ6GQhyvvrNJSHkkA,123,0.21398626,0.094606347,-0.11937992
7XBChm6YZZ62DBCHa7HCZw,123,0,0,0
7XIHzdQb7ecKLDoLqJYOtA,123,0,0,0
7XXKi6pgXeX1uJZcGjKNRQ,123,0.058525431,0.076143341,0.01761791
7Xz8fsFifnU5B2oVbZBxVA,123,0,0,0
7YLy24bg3PPk0Zh9NRm1gQ,123,0,0,0
7YiMYRICINUlnD_N_BUFjw,123,0,0,0
7YnQlozquaA8Y1Y7rjey5g,123,0,0,0
7Z1a-ioWcbW1yR_UyrS0PQ,123,0,0,0
7ZauzmeTHuR-8FqnmJbOtA,123,0,0,0
7Zk60VXzTb3ySoCkqbj6qA,123,0,0,0
7_IuTzV_Sh-boGK9enq-XA,123,0,0,0
7aQL44yElGUDrygwAMIwNA,123,0,0,0
7aTUpTOyJ7glAN-zrtiY7w,123,0.075691389,0.032864971,-0.042826418
7aax0jwYDgwyJB1V9RZlsw,123,0,0,0
7ae4fdtfQeqWXFUFkZI6cQ,123,0,0,0
7cVwlQdaX3HucMKYl7RgjQ,123,0,0,0
7cmffjmaXHo2NfeMUlNoUg,123,0,0,0
7eYcx398TH6wRmoXIs_A4A,123,0,0,0
7grZcg-U0vwQwL5p20vVQw,123,0,0,0
7gt5Lue__iRo4aFrH4POvw,123,0,0,0
7gwJaYGA86hwqTX2G8vqtQ,123,0,0,0
7hsDhmuV0YGG6jtwDhSr6g,123,0.55780039,0.51674161,-0.041058779
7hwPY9_Gz4PPDfQ9lf__xA,123,0,0,0
7iLLYJPQMDtLPOzpVEf8aQ,123,0,0,0
7iZHH3ytobUBnmsFTIpEqw,123,0,0,0
7iw-4p8H00ys9e5r8UtGHg,123,0,0,0
7jHVaiI-PnjCUzPnC43qrg,123,0,0,0
7k4UsP9qcgC8e8_6U8a6sQ,123,0.094606347,0.1020974,0.0074910484
7kFZmqVigVs7-FTn7Wqn9w,123,0,0,0
7kWu0qv0elfePCOEkfXaew,123,0,0,0
7ktyPHE-NGnWxarOqjIQiQ,123,0,0,0
7mL9cvICl8fuCQTM89a-SA,123,0,0,0
7mLxwE_qbCshNWNDbiRBXQ,123,0,0,0
7nq09jiKpW9xw9J9iKUbpg,123,0,0,0
7nsC0VI_FbPe6hJGbL02HQ,123,0,0,0
7oCJBTMdaxPJoZ4AMZn3lw,123,0.63092975,1,0.36907025
7p6TAxZ5GVwX-_Xf1JWOxQ,123,0,0,0
7plIb3sfE2UG_5fcINoImg,123,0,0,0
7qBgGzyf0FbHKC0jiI1J8A,123,0,0,0
7qY2KOV-9OsvlT2qB6NgDA,123,0,0,0
7r2I8vEJcnHEnM8TbJEfbw,123,0,0,0
7sMc4ob8mHi2Rm43FxHkSQ,123,0,0,0
7sZNP9j6F0CrBrE4iyhv_g,123,0,0,0
7tIaG0p7viFi0QNIgkqCyg,123,0,0,0
7uXo_g4qXfZqrtOKI7_8Nw,123,0,0,0
7uZ3cuA0wf4JKz3j4tk1yg,123,0.24630239,0.24630239,0
7usarUttVHHV3g4rTVqQ0w,123,0,0,0
7v6ETyw7rBkZmXuRSqsUFw,123,0,0,0
7wlG7YooB2AUZRyKnqEi1A,123,0,0,0
7x7BflnGzZX9PEv50VLWRg,123,0,0,0
7xPApMoENaEUcVWuWWrMEQ,123,0,0,0
7xxn9OBo_92skqN3kN-vZg,123,0,0,0
7yA1eM8IyKFa8zJxQfUFng,123,0,0,0
7yTGuZJVdSUWBwJcH7DPlw,123,0,0,0
7ygtpgUKy3fbXrYnt-hOkw,123,0,0,0
7z5ppnE__EgPdnwVj_8pvA,123,0,0,0
7zESMedQL8jp3y3x9XUqYQ,123,0.040914217,0.051358492,0.010444275
7zkTZXYZqI5UCVSVrIaZ5Q,123,0.2043824,0.1418689,-0.062513496
8-DlA9VJSiBx0uRouWLKmA,123,0,0.3065736,0.3065736
802v41-dIYV7kX39vgcuOg,123,0,0,0
814tdMv8pK6E7Q40WhqDuQ,123,0,0,0
81E27lL25iFXinm-fLRo3A,123,0,0,0
82Micw6atbqgn8-r7oNRKg,123,1,1,0
82UbpDEPMGJ9Sod8a1U-cg,123,0,0,0
82dCHyU-ANOgdhxUgZsUeg,123,0.33013765,0.33013765,0
838Y7fDij3sd7FBQm7X0oQ,123,0,0,0
83GKsOVWws89Wcdvkfw7WQ,123,0,0,0
83RL7Mpq6nh8dGCpBTIKnw,123,0,0,0
84Hf1RPfxijKbP-tVAf-iw,123,0,0,0
84HvpQDxcHWmbMDfs8IEYw,123,0,0,0
84Z_KLQfDP1jeizaYwne7w,123,0.46927873,0.18154179,-0.28773693
852MLi9ClRZhYhK0MlV6RA,123,0,0,0
8622sgILqHspzSs_WE75Pg,123,0,0,0
874uGTcqme6z_NEpISz83A,123,0,0,0
87LMxJntT0vIKYPDJskj1g,123,0,0,0
87f1zkXC1GQCfFG3Wmq9Ug,123,0,0,0
88LaFQ9q8MAC9AXrg7iRzg,123,0,0,0
8A1jV-C6uhTz9y5Be_Y4Kw,123,0,0,0
8BdUVYwZ6fRWJEp93O6IKA,123,0.23540891,0.27023815,0.034829241
8BsNK-TDtsfVi_UCjnwKRQ,123,0,0,0
8CcBu5xno_eFPAzxA1psDA,123,0,0,0
8D20CnnlN346QT9gJ_OVng,123,0,0,0
8D2xhwdMevU_KEpAf3IL7g,123,0,0,0
8DFB_9Ydo-pvzX_tVtsWrw,123,0,0,0
8DZIulRh7XcOe74XAsi2gQ,123,0,0,0
8DoVu0G0Is205QYGCVwtVQ,123,0.20736123,0.1245946,-0.082766632
8EMU7d4pCkdqUnvlIW40CA,123,0.032338291,0.039621067,0.0072827759
8ERgdHUoB_zpYLzz_BLcsA,123,0,0,0
8EbSUaoeDOs-CjVmXKBKVg,123,0,0,0
8EneFRH-5HEmfQ9AOJwc-Q,123,0,0,0
8FgM0SY1_up8QWs62HKQjQ,123,0,0,0
8FilOF3rJfF3MktgqpsvMA,123,0,0,0
8GFm4K6Zf5pkOmwtWk-tZA,123,0,0,0
8Gt3LRoBKBzEcycy7Oz_8A,123,0,0,0
8H3W2F7jrM-VaKY7Cp_wiQ,123,0,0,0
8HGVC7440c5lkB0nl8Av9Q,123,0,0,0
8Ha9XNqapSQ69d5qzZVpFg,123,0,0,0
8I3Da1qR0nuEgpSZvBulgA,123,0,0,0
8IxdzJ-i9nwqjWnLYN6pGA,123,0.2529427,0.15958908,-0.093353626
8J8cBUkbpUFzmWWAWM0OHg,123,0.2139994,0.12195558,-0.092043819
8Ke-o_dV72eKnPJhpNfYOw,123,0,0,0
8Ktnp0D9x0VvW1hztdIAyg,123,0,0,0
8LKkuosn2ZMYY0CXN4Uu2g,123,0,0,0
8MLZcIbKk1CktEyzB7B6Iw,123,0,0,0
8NSv7uLdWAw39Elpun0qOw,123,0,0,0
8OzcWLF0EUulTcRtX0au2g,123,0.13565197,0.16716045,0.031508482
8P3CkKsSFycgZPMZvjmtMw,123,0,0,0
8P4BpraZnwXAvDnjah2wWQ,123,0,0,0
8PDXRLenHsfjn0TFP0yyCQ,123,0,0,0
8PV7p93Fs6qcN94NL8JFBw,123,0,0,0
8PsHvvrUFkFGhnREi-m1Cw,123,0,0,0
8R16InoIf-JheYnh9EOR7w,123,0.10889376,0.088877923,-0.020015838
8SNG7tk1f7v6v8TakhQ4Xg,123,0,0,0
8SeC88qR6-opStwu_c8Y0w,123,0,0,0
8SvZzRYpz25VquzXOg42hw,123,0.3065736,0.38685281,0.080279211
8UMp-4jlmDvPMZpE3olFQA,123,0,0,0
8UTrtswBmciBbYh1myhsYQ,123,0,0,0
8Ubx1wqGGiYvuheYxRKzxw,123,0,0,0
8VAyS5JnW4zlJ1nZ9mFs8A,123,0,0,0
8VPCVY70TcE353gRruotWQ,123,0,0,0
8VyYj63y30bagiHz_pqJUw,123,0,0,0
8WWVGlEORyKHI11BnJl-sg,123,0.05092444,0,-0.05092444
8WzXJ2zCvXggjGVvhzAxbQ,123,0,0,0
8XBYqurwZsLrDvGi8Zt1YA,123,0,0,0
8XHZ1sgceAQrKcDCkvh8yA,123,0.23137821,0,-0.23137821
8YaNVVzqtURTy5x9CxykmA,123,0,0,0
8_6gZDQw4P4-yzEge-9lbQ,123,0,0,0
8_xJU4HADrtjDtF6l-9eIQ,123,0,0,0
8_ylXiJhLZbbJO7ewix_GA,123,0,0,0
8b6vpIsa1Ija2x5FmJDrqg,123,0.13905618,0,-0.13905618
8bMQK2ZUa32Wt_UHT-AxcQ,123,0,0,0
8bZ9QiMWMpAka36qHh2OSg,123,0.23463936,0.20210735,-0.032532017
8bsJN4lJ3p9eZOFxWBydWA,123,0,0,0
8ccox_uCKInYlF3mlvU3jQ,123,1,1,0
8cy6q_D-SssRwCUEWyYETQ,123,0,0,0
8e28SJ-JVRr6tHQ2y26Ovg,123,0.065452645,0.098496355,0.033043709
8e8tKV0HTECkH_8DyNBwdg,123,0.46927873,0.46927873,0
8gtD--lj7nA0a1SBup4kaA,123,0,0,0
8hCk9QZUM0S317qSpYL0aw,123,0,0.15000679,0.15000679
8hK0rCcIYSdik9HMO0X2Jw,123,0,0,0
8hlglvbHiUCTIi7SWCsIXA,123,0,0,0
8i9G9ZW3MtbkAgUXDKdj5A,123,0,0,0
8ik35d3M3KGWDuPf8BPhOw,123,0,0,0
8iqYqSvD7HmGA4l-au5KcA,123,0,0,0
8j0ekVUxdDzmiy_KAJ5stg,123,0,0,0
8k7cQPWA4WQRRDrE0dB97A,123,0.51118126,0.18154179,-0.32963947
8l5Rwq1SbBrcEVVWuGe-Uw,123,0,0,0
8lEG56y47y_XUpFoaQ8GfA,123,0,0,0
8l_ZzsH15o-PJ_4tsOH2ow,123,0,0,0
8leuI8fU-m2HtlgMgJ4RyQ,123,0,0,0
8nMQfeAOfQuslqcZZpFJ7g,123,0,0,0
8nuSgse4z97jKxZ31PXdew,123,0,0,0
8o0o-pAeN29qf5pjuZDNsQ,123,0,0,0
8o22mKtUJI3Th-snZrSIKA,123,0,0,0
8pv19EUVvyt1qSJ7jTFyWA,123,0,0,0
8q5yP1VWPwGZwKagTf1vzQ,123,0.22004574,0.12368026,-0.096365485
8qXSvgOMsZ1oZNvigkEj2A,123,0,0,0
8r2oqp_ok-tnuFcrnhlJiA,123,0.1418689,0,-0.1418689
8rTqIhw9EkB-9JF7v8HsQA,123,0.63092975,0.63092975,0
8rpSA4q0X72LApz7hm5xrg,123,0,0,0
8sAkajn7Bthum7IUj7qYfA,123,0,0,0
8sGNy9Y2_E50rlQFY9w9eg,123,0,0,0
8sSD3XVNuHWhdRCSl0EfNQ,123,0.22767025,0,-0.22767025
8sSu2zx6fK5nCSUrOiYUSQ,123,0,0,0
8tD6VEpHEWaL96Kv3GnzkQ,123,0,0,0
8tWVPmZ47ukcL8WBo6dFZA,123,0,0,0
8uLIMvpCNOHFHodKvfjc_g,123,0,0,0
8uYyFhE81qm2pD16yN1yTg,123,0,0,0
8ue3d4DpsxsGLodh7ch3kA,123,0,0,0
8vMWVjBflcyWflEArEq35Q,123,0,0,0
8wQIoFapkegkC5fcVYg_Iw,123,0.39038005,0.39038005,0
8xubwsU_9t3QmHzxTghdlg,123,0,0.31546488,0.31546488
8y4Xp3MWmouzadaEdnvKng,123,0,0,0
8y7V_w3rtzPD2LadG8_QnA,123,0.21840744,0.3065736,0.08816616
8yIYEQQZy7fCufRVDl5eJQ,123,0.13012668,0.19519002,0.065063342
8yrv8rZkn0WKyHJoi-xDuQ,123,0,0,0
8z9CCcRfZZhgB5FZKdux4A,123,0,0,0
8zDxPAZvVX14meHWuqhg4w,123,0,0,0
9-DHS9YmfEDRqszj_e68GA,123,0.31488013,0.28952299,-0.025357142
9-kl_VKIvi4GTRwZLPeBTA,123,0,0,0
90z__Hyzv3D2TrmqjLVZSA,123,0,0,0
91ScGA9sYuCa5VDrdBMIoQ,123,0,0,0
91swy_LSXRETGSAqEV0Oew,123,1,0.63092975,-0.36907025
92Mj-5aFGuX65rLp0ujX1w,123,0,0,0
92uzlL70VvMFtr7yU0dL-w,123,0,0,0
93RfEkL4vyB1u4ycL6VATg,123,0,0,0
94Cjtk7n1gk5mb8RH_Sr7g,123,0,0,0
94Ukr4-4I49NaKYyjsMSvA,123,0,0,0
94nuNE5-Eh8XMT7QVC_uJQ,123,0.14204004,0,-0.14204004
95BpR7Qj8cteyr88rrm4Lw,123,0,0,0
966JOBgYtU-2oJn9FWudUA,123,0,0,0
967MB5N9wcdUSykgSEzWdQ,123,0,0,0
969f2iUqqY4VQGCYgNLP9g,123,0.036356288,0.04734668,0.010990392
96DCc9eKxINe9N9r8yrrtw,123,0,0,0
96DfLlif7HKINhQvgGgwWQ,123,0,0,0
96JZapwKFbOc5MrXLh8E2w,123,0.083193282,0,-0.083193282
96Je4EBN4cpolApaqcJ6Vw,123,0,0,0
96NabxRyz86Q3IHwOPCQag,123,0,0,0
97Zn9QDuzgd9c_gFjScPsg,123,0,0,0
98gWX_M21U5COor-Cys5Lg,123,0,0,0
98jv8gu7kAwa2WzIPdw6-w,123,0.14204004,0.14204004,0
9A7V1LHp5GWkB854IIzfjg,123,0,0,0
9AQA4f7_JMraLZI7xZxXTw,123,0.21840744,0,-0.21840744
9BAVtP-0xq8NawJiT_K6Lg,123,0,0,0
9C_h-H1Z7Xz7dvbgsBrnSg,123,0,0,0
9Cl33eyEZGQw56-jMzPc9Q,123,0,0,0
9D7eDqw7g3mXdKQq6OIetQ,123,0,0,0
9E-hMBVfcgRVtyu56GSXdQ,123,0.505852,0.5246001,0.018748099
9EtF8fqUEFd56J28jbngSg,123,0,0,0
9F9d-ux_bywIimZL_BnuLQ,123,0,0,0
9FKoQuVJG-Lx0n0sON8emw,123,0,0,0
9GFDazIWjEAL267FemiIxw,123,0,0,0
9GPxQMfHmwklP2uwmq0Pgw,123,0,0,0
9GYZLlYbBc6AuaSSvLVFig,123,0.23185694,0.28123624,0.049379296
9GumUWqcNbSUAtor1si8Lg,123,1,1,0
9HFwB9HChqti2uo4tjubHg,123,0,0,0
9JhufHSGrEEwTA8NdU4LRg,123,0,0,0
9JnKwuTNfTOh1fGGPe2t6A,123,0,0.11284514,0.11284514
9K0gnGRtB3Zjd_nPztGPYw,123,0,0,0
9KDllXZOa7GNTdgBJM2RmQ,123,0,0,0
9KTxWBhCXTN5bFTwMKqTIQ,123,0,0,0
9KmwBEpKAqAAKvoOvY5F1A,123,0,0,0
9KqFP93dzgkcwg1EDuRT7A,123,0,0,0
9LR47PBermJvwFDqc7FBBQ,123,0,0,0
9LtRKwgaSpMY6wXWy4fcWQ,123,0,0,0
9MFpx_lVOGTQtYVQzArckw,123,0.63092975,1,0.36907025
9M_nk0kA3CTJt6UoxRAK_g,123,0,0,0
9NWYpHXDGrPJtUf7Qm82_w,123,0.13959537,0,-0.13959537
9Nf1kqrlMTFusqrEKFD98w,123,0,0,0
9NtAOI797Ws236pJu_UoFA,123,0.04734668,0.092255338,0.044908659
9OPEXZyh8LU3mJ6eP2uy3A,123,0,0,0
9PVJUmCX8sZdJSj3gfUkZw,123,0,0,0
9PdW1rZ80dglwR_noWF1Tg,123,0,0,0
9RCks2Uz9vqFKhKd6Fp1hQ,123,0,0,0
9RNjAEBye6DCkF5u7Xg6uw,123,0,0,0
9THWOVrNFp55fnd9aplxAQ,123,0,0,0
9TW9pADNhLk8cPFyK0o-Uw,123,0,0,0
9UVdlMKQMHhJxbP6X3lSUg,123,0,0,0
9UeHVTMLdCoxlzxXdaRxqg,123,0.15652379,0.20936842,0.052844632
9VcdNSLPrU5k2_PwP6Jvjw,123,0,0,0
9VmRAGrRt_y-5XstJVJO7g,123,0,0,0
9X4jkq5JGdYIQyjzW4cB-g,123,0,0,0
9X7nV5z6xPssvayASKJq7g,123,0.083724914,0.10122861,0.017503694
9XkZU7TrpmNla-g-Qy66Ag,123,0,0,0
9Y6jR-1liGBZBBVGYVtmig,123,0,0,0
9YTEd_NzwITT0Y-1WgiJgw,123,0,0,0
9YbN3y0GybEv5KvX0NNBQQ,123,0,0.12325584,0.12325584
9Yjca5l8_7pW6dJEbvKLOg,123,0.61314719,0.61314719,0
9ZJ0AK8nvaX1M7WHpKL5JQ,123,0,0,0
9ZdLfv9dt7gQk3t00-W1bg,123,0,0,0
9_kjNb5LDaQhyCiuaNdukA,123,1,0.31546488,-0.68453512
9aLz6SAbwB-KT3zH6NLBlA,123,0.1934264,0,-0.1934264
9ate_QNobHM_XshsuV0bSg,123,0,0,0
9b-ACO-AQuvr_zbEXJT5ww,123,0,0,0
9bvlW5Gos1kxzvcM3c-12w,123,0.46927873,0.46927873,0
9bzcva2toVmZqGLSZHdfsw,123,0.45250815,0.36554135,-0.0869668
9d173MjPzbQtNHVReVXQhg,123,0,0,0
9dW7udwDi4M20oRenL3Bcg,123,0,0.035201323,0.035201323
9dplFY2fmbuJ7UREMml7Mw,123,0,0,0
9e2A1g9AKOgaLubVoz1eEA,123,0,0,0
9fP3KiiVpFVYcnqgD3aZJw,123,0.46927873,0.29608191,-0.17319682
9fieYahDV0b72_usul2IrA,123,0,0,0
9fpNC_1mzxCOfOPGu2izCA,123,0,0,0
9gZ4R3EHF__2S9gSRHdr3A,123,0,0,0
9iKGmQulytxMlo2-y2U3Uw,123,0,0,0
9iukWWANgetdkbmgQNJ_XA,123,0,0,0
9jWe3vPpCcX8B4SNeIQ6PQ,123,0,0,0
9k9kjbeRTiQxyVMMaB9mVg,123,0,0,0
9lAQ1qRJAuigcbPsL3YUWA,123,0,0,0
9lCb0V9FVtvI9qHuZhJmqw,123,0.34777923,0.36385066,0.016071432
9lqojVnmlafwctRgqNAFmw,123,0,0,0
9lxeey8azLxu_DhcsrCO2Q,123,0,0,0
9mK157GWbIErBISptmsDgQ,123,0.45968897,0.49773861,0.038049637
9mfym7-RT9KtX68M87lmUQ,123,0,0,0
9n3f1uA-HhvRXjEw3me9fA,123,0,0,0
9nFx-SkiZlI4MSIac8vyuw,123,0,0,0
9nf7RJehHauADHRwpT3XMQ,123,0,0,0
9o4tLRDrHh54279DIUUwuw,123,0,0,0
9ord6jKl3683DpDg_ScmcA,123,0.13905618,0.24630239,0.10724621
9pwPAp2gfHvjnAmHvLVgZA,123,0.24942134,0.2945369,0.045115562
9qkFnQVBXe6-RKSnx6ocxA,123,1,1,0
9rNrZH-bq-066kgdHfMelg,123,0,0,0
9rVVbMZsDqelDpmDLF9Hqg,123,0,0,0
9rf4kk5icMkBkv2q-SXXxQ,123,0.13116571,0.092612208,-0.038553505
9s-fxhyTKQTtSeTdqSbTHw,123,0.46927873,0.20210735,-0.26717138
9tIjFbmboV3ioyng_G2Pgg,123,0,0,0
9tLTZI5cB-_ORbim_GG6VQ,123,0,0,0
9tXTc-MCPp5MkIyK8TEQag,123,0,0,0
9tkOrRXr_a0i1eGpIIz8kA,123,0.46927873,0.60018072,0.13090199
9wBTBjw3tAGsAaYrtv-VZg,123,0.48797506,0.41442993,-0.073545137
9wWetBcPaPjwms--pcwS6w,123,0,0.31546488,0.31546488
9wksXuDT3tJaOU9mEzWsbQ,123,0,0,0
9wvR3a-jGWmth9rgttgU2w,123,0.320246,0.320246,0
9wwCGl4evn_E4k2KI0zouQ,123,0.20210735,0.14804096,-0.054066391
9y-c-H3QKZbwNVQEdKy_7g,123,0,0,0
9y1U8xphysbnssT8Vo-QOg,123,0,0,0
9yWLAWKAKuBFzvpqnWkrpg,123,0,0,0
9z6F8L50Jwm6fuh_VzzhZQ,123,0,0,0
A-2aTBCgGIzDpUqDP4kZig,123,0,0,0
A-86ktqWS_7qd1RTiH5NTA,123,0,0,0
A-96gvwThd6eyc9VNR9_fQ,123,0,0,0
A-WwfPVKmbzo6uohiq-Z4A,123,0,0,0
A-cPixJ2u2hiHemgMz7vuw,123,0,0,0
A0_HA2eByKIvtAYqrMxtGA,123,0,0,0
A0kmHjeaoDG4jtk06VvvOA,123,0,0,0
A0rRjIJcMsw4CFvVuQnOfQ,123,0,0,0
A1k7dnouXbBjfNgNU0BcKQ,123,0.16104283,0,-0.16104283
A1nIXS5XEWeZ2EUUcOsurA,123,0.61314719,0.61314719,0
A2Frb-R9GzdG4EhWjM-wPw,123,0,0,0
A2_xB9hVlvLoszp_xBDmYA,123,0,0,0
A3CgF_iU5xGRtUMA7zp7gg,123,0,0,0
A3qXRWgbz-mOwgcjm2ISsQ,123,0,0,0
A5YThZ6xVSEW97bEOAtLHw,123,0,0,0
A5hdFVgpwGFqHzD-JPN2KA,123,0,0,0
A6f7Kq0IpiPM93RGLGU9cw,123,0,0,0
A6wU8XoYEVK43mc7l0ILdg,123,0,0,0
A766OdGcuErI8HVfR5jRxg,123,0,0,0
A83xfSiZbdZ_HO00BD7aOw,123,0,0,0
A8OMSgdQ8bgsfMs69VKSXw,123,0,0,0
A8zAHfKMdvXuIB6rdpSqPA,123,0,0,0
A9i3qfGmcAvf1M8txH-4sA,123,0,0,0
AA08rmnSkJobHaBQbAu8Qw,123,0.12325584,0,-0.12325584
AAOFzCha6Ajrk3U7dWoPXw,123,0,0,0
AAZ8YAmVmZNUd3bBZQgZjA,123,0,0,0
ABSEXgJun_TGei4sZCFu2w,123,0,0,0
ABWXuKWKIC6rG1bhN3mVcg,123,0,0,0
ABa3EkmtMp6efYWvitX_ZQ,123,0,0,0
ABdgm5GgTtylxAueDTO7-Q,123,0,0,0
ABkDq8WvSyJ3ZCnJnwUrNQ,123,0,0,0
AClyJ5iIS4p1TGkrzqvjWA,123,0,0,0
ACwBMSJzgW6vOvV7vOrk8Q,123,0,0,0
AEtjtbOKN49JLF-833f0gQ,123,0,0,0
AFIHkrsRwnzz-7RHeOnwUg,123,0.13743817,0.097912925,-0.039525241
AFMkWGHPsbpq-QIZMKwUOA,123,0,0,0
AFgaTNtpoDO13A3Zt4Vphw,123,0.13905618,0.39038005,0.25132387
AGETVbD-mVujSAeJxpJRjQ,123,0,0,0
AGKjd_cH9pnfMYLi86dObQ,123,0,0,0
AGnoMbAiUawiGzq4J2krDw,123,0,0,0
AHeguVg6XMp2ducs42H0Yw,123,0,0,0
AIThV7psRb6R8WD4LiYPdA,123,0.074496271,0.079443418,0.0049471468
AIZ49udPqNvNh9jn-U_trA,123,0,0,0
AJ4EB5IsGwlFK0QsnE-s1w,123,0,0,0
AJVj9G-WZu02NXJCHKAJfA,123,0,0,0
AJo_M_A7Pu5js7Uqr2VCrA,123,0,0,0
AKDhsLqfQT2KcDC3su7fIg,123,0,0,0
AKMRMIIPSHzp4KD76Z9Tgw,123,0,0,0
AKVHToguZznjfy6QdwuqJg,123,0,0,0
AKdVXg0pgjEPIB4gFf7QjQ,123,0,0,0
AL8skNhqUPtyBUNYDyOxfQ,123,0,0,0
AOnGa4LVzy5VnWUM5SkC4g,123,0,0,0
APoTVIRt31Hwbl4RKUcs6Q,123,0,0,0
AQNi_EgM35R8amQIPqWACg,123,0,0,0
AQnb4AxKfk-cHM3lNs0Fdg,123,0,0,0
ARHYoKnoKxduWA-cQb4ROQ,123,0.61314719,0.61314719,0
ARZd8iGvQlg4h8pvwwtOuQ,123,0.086810776,0,-0.086810776
ARcG3Urri1ifsW1WGg07wQ,123,0,0,0
ARiA1UDf3gxWZmQnBjpHIQ,123,0,0,0
ASNNEfSajCG6IaP_h8Gg8g,123,0,0,0
ASdksJx4PA8nVfSks_PbMA,123,0,0,0
ATn6VdbR6EDzNbduW_XeOg,123,0,0,0
AUUJ8j8JnVIwkZVr0drNiA,123,0,0,0
AVI1_jDb9jP6rdX5CtAbxQ,123,0,0,0
AVjnWX2F1VWEpkS0GMEGXQ,123,0,0.23540891,0.23540891
AVq1gBNBeUC3YVIYhvzR2w,123,0,0,0
AW1VRoWHj3-puz5eSXamBQ,123,0.2529427,0.2529427,0
AWCF7ggZCIwzAZhZKhaeyw,123,0,0,0
AWl03RK1j1vCEtp9hZ1kGw,123,0,0,0
AX77orc7Yron8Kb8xTZLmQ,123,0,0,0
AX_axp5U5b5NIwe2564bVQ,123,0,0,0
AXjHVxklbeyrZwcP4oge7A,123,0,0,0
AY42H-T8c6yQVyz03XyAWw,123,0,0,0
AYAYoJ1HXfk62DnCDe7ueQ,123,0,0.08456676,0.08456676
AYNgsAGddinjkFjsP-gJRA,123,0,0.26264954,0.26264954
AYWly0bfYinJ7sSYXxTUyQ,123,0.14606835,0,-0.14606835
AZzU4tb_sz4TxzYL-AFtWg,123,0,0,0
A_-J57K7heme9PMO7beU_Q,123,0.098039286,0.1695801,0.071540817
A_2sxhgACWPI14mtEYQ9Vg,123,0,0,0
A_fU9-rmf2gstpQ2ckNv8w,123,0,0,0
A_yzUaKK57Bsgzqza9lJMg,123,0.46927873,0.20210735,-0.26717138
AabFLAqGWIinwWkpqPGWtQ,123,0,0,0
Ab61j0Bv_63WN_8SahhjGg,123,0.33916021,0.33916021,0
Ab81lJFQoOvA98E78xWapQ,123,0,0.25,0.25
AbMjnKOwg736fcIu8apuyQ,123,0,0,0
AbjuCvnq-nLfCkGCESqSTA,123,0,0,0
AbkDu46aFWbf7525yZcoJQ,123,0,0,0
Ad7ePD7xgnUPwqgE874EvQ,123,0.46927873,0.46927873,0
AeYnyV4_EjFK0ODdaRQKSg,123,0,0,0
AeiwVofjT08y0OXwqo1tzw,123,0,0,0
AejvMLwIE6MudbNVjW2ZKg,123,0,0,0
AfjPbrYO9k4cuPb6XNPpbw,123,0,0,0
AgEE_KMpbytEOomy10sO9Q,123,0,0,0
AguoanY1FcNLYz8oNbREaQ,123,0.27894295,0.35620719,0.077264241
AgyTxpKobOMpTCiPdRt3nA,123,0,0,0
Ah25n5pXHJXcQsBijIRwkQ,123,0,0,0
AhrwzmRufpwCjn0GqLSQTg,123,0,0,0
Ai8m4oHSUiJ_5v-wXxgvpw,123,0,0,0
AiAIzqK-s9C9DcNbhLlXVg,123,0,0,0
AjPWpBnyUPmAyVahX9Da4Q,123,0,0,0
Ak66IL6MUaV5yHqsMb06TQ,123,0.63092975,0,-0.63092975
AkOh7K7HcLg7J1Aiq9mj3w,123,0,0,0
AkizucTN-bC_-kOoR2Wibw,123,0.38685281,0.38685281,0
AlJzniV2y7FBEFl802eu2A,123,0.14804096,0.23463936,0.086598408
AmLosoo2ScKEG6f63C4PMQ,123,0,0,0
Amhq6xrbzTBQJNW2ObksEQ,123,0,0,0
AnE2RCheDAYEpFa4HFgvDw,123,0,0,0
AnYxASfj8zAJN7xPtkwNsg,123,0,0,0
AnmnLjGURagnzk9PukE-ZQ,123,0,0,0
Ao2E14PVc-KVWfnS8l5yAw,123,0.14804096,0,-0.14804096
AphPQv35-Hb9OkNOrPTcGg,123,0,0,0
AqdReCje6l3p0_iGgBN1Fw,123,0,0,0
Ar3yOMxh_G6wNaQtXLuAkA,123,0,0,0
Ar5NtwK29Jd0acKSVoIB7A,123,0,0,0
ArtoKVxkRyu3sdB9A7oC9g,123,0,0,0
AsLT5jN054fLAUma_H6ACg,123,0.38685281,0.61314719,0.22629439
At91o0uPN0VEggi4kuo_qQ,123,0,0,0
AtmUcvCXNWnGuXMF_XAcdg,123,0.30479763,0.16716045,-0.13763718
AvR1AntHgzxIb1SbH5AiKQ,123,0,0,0
AwFESI0OJn7f4QFPsQX-zA,123,0,0,0
AwUdeKvMFumMhgaOxrvPnA,123,0.39038005,0,-0.39038005
AwcK0GE25AkCTJwxFChiTA,123,0,0,0
AxDD4GA9G1ICprgkgB8m5w,123,0,0,0
AxUyVJ_7ymHqhirZyBuXeA,123,0.11731968,0.15642624,0.039106561
AxWV_6i2gC8-YBWOwtC5KA,123,1,1,0
Axpt28CGI0cZEbKUht06aA,123,0,0,0
AysPpR-P9hf94gGjFsuNlQ,123,0,0,0
Ayt_oE5AWQD2yn59M7kUPQ,123,0,0,0
Aznus7BHe6MF0pzPkmmxyA,123,0,0,0
B-QFLKOklHjxrhjO5W45aQ,123,0,0,0
B-_zky0eijF4WSlypkcAgA,123,0,0,0
B-s-8VUnuBjGTP3d01jsyw,123,0.33580101,0.32196596,-0.013835052
B01V2LhskzNo2hqmfy6kfA,123,0.10086747,0,-0.10086747
B1417mq1xechJ3TElfR3ag,123,0,0,0
B1O_YZg4EXlqiPf3D7FsmA,123,0,0,0
B2Fg-l109BV3kcz4b8d5NQ,123,0,0,0
B37ydzQ07AutULQiY2Wikg,123,0,0,0
B3SZr_nId2n7tEaT88Nopw,123,0,0,0
B4N2PqYLh50DP-_5gUjYRA,123,0.63668244,0.52943623,-0.10724621
B4vrT7x8Na6YGTktZcEPEw,123,0,0,0
B54da2u3kk1klzuAwoLb0w,123,0,0,0
B5UUJ57SYMm4js6KtRkliQ,123,0.60018072,0.58939438,-0.010786334
B6KQDPJLLzujyGd-8OMAtg,123,0,0,0
B74FxYnPln4UBucLhOnNdQ,123,0,0,0
B7cAgVnjsRor3alAhSztKw,123,0,0,0
B7ygjO6fbs5IhW2ykL_MQQ,123,0,0,0
B8AdOTARQ54qaDzyGu7Vrw,123,0,0,0
B8REbpM6KwNizD-TW1zQFw,123,0.11058775,0.13473252,0.024144773
B9J6L6fVSrJ3cT8lif3hkA,123,0,0,0
BAXqpS21alyoX4-Z5611Hg,123,0,0,0
BB0rPiN761dfQB5Y3w8CFg,123,0,0,0
BBS9DBqPOi-gCOouggS0rA,123,0,0,0
BBdCd5DuubtuGMe4LuXwDA,123,0,0,0
BCFpiNxyFn9L9BrKansXVg,123,0,0,0
BDjiEmXljD2ZHT61Iv9rrQ,123,0.1130534,0,-0.1130534
BDlAO00M554oDHRNKWHFFA,123,0,0,0
BE0bKoeFqYfgiDLgBV33Xg,123,0,0,0
BELswGCIRqf9o9N1LOFRxQ,123,0,0,0
BEWPPK1-p3elceClRyV9wA,123,0,0,0
BEupv5x8ao_68rtjzrRzWw,123,0,0,0
BFbIK3UcbXp96WFJ3m_Y8g,123,0,0,0
BFuqLRBv-bzHJSlYhdpfTg,123,0,0,0
BGfEiarFYeBAxgM7pyEvEw,123,0,0,0
BH0oRNG_gQ2_uHkNXu1BHw,123,0,0,0
BH6dp32pQ8JxMPxlejjsSA,123,0,0,0
BHlZOcC61DJS-EmWtkvOLw,123,0,0,0
BHmMszxIdaIEYQ71m4UXwg,123,0,0,0
BIx7KvwQTURTzeXEwPHp_Q,123,0,0,0
BJ-jHrgoZR7F_0mUPto3hg,123,0,0,0
BJLjesMkFY2XDlaRkLH36Q,123,0,0,0
BJYnLAu8SkwfiDogbADBtA,123,0,0,0
BJureREVKk4MNPCnFrPxTQ,123,0,0,0
BK0Zg93npPJ7mcqlRmdi9g,123,0,0,0
BKUmOSlaAOYHohT_HBncdg,123,0.63092975,1,0.36907025
BL4CtLBNErNzoy13gRiT7Q,123,0,0,0
BM2NqcZTj8XltGZlCSzvQQ,123,0,0,0
BMAsyncHD0mTSU2jJigoIQ,123,0,0,0
BML5RkKRXsiY__8SRwDcWw,123,0,0,0
BNkL1_BZ8UFkyY1q07kHVw,123,0.61314719,0.61314719,0
BO_cmf5p3qwWgcd6lGTVoQ,123,0,0,0
BP02OqyHYodVK3Nth9tv2Q,123,0.61314719,0.38685281,-0.22629439
BPZEAoU0sB6CFGusTErUuA,123,0,0,0
BPctreQAlxlXTCNdRfdG-w,123,0,0,0
BPf1JQ1JlrkVW4uis0aXbA,123,0,0,0
BQ94bQ9BcVnD9upWlXCaGw,123,0,0,0
BQLc7jSHfPXDvleNFJ6lyg,123,0.064708339,0,-0.064708339
BQPp3IQXklH4QrI4II6XPA,123,0,0,0
BQjmdob7uXn1AOvzdx8_xA,123,0,0,0
BScXvB499S8f5i-K4p6iGA,123,0.29608191,0.29608191,0
BStKKB0kgsvOiMeej6AmfQ,123,0.46927873,0.49818926,0.028910531
BTHXLOCKyo1z8ZrWq8-9_g,123,0,0,0
BUOmBr8n-zMFZm6w7_CoPA,123,0,0,0
BVHRqwYg2PwIaJ5Wtqy6YQ,123,0.10961856,0.063620788,-0.045997775
BVNphP5w7k93vcVICwjHAA,123,0,0,0
BWTFnSwED8a_9yUkp2UP6A,123,0,0,0
BWe0ChKOmhdGiDANJSnR5Q,123,0,0,0
BWp0P1se36xSwhvqJ5qdaQ,123,0,0,0
BYW8Orfkus24ur_a10zh_g,123,0,0.1532868,0.1532868
BYsmhaj1NGPuhvtInL6Kbw,123,0,0,0
BZrHkFYnNRZdd8WnIut8NA,123,0.097595012,0.090325438,-0.0072695741
B_FlSfVInI0LLlrCUZ7nBA,123,0.30260241,0.087471714,-0.2151307
BaVAIYKYSSEMT5_sXRiwLg,123,0,0,0
Bd6Czq00id91bbsErkDQUQ,123,0.46927873,0.46927873,0
Be-BGT6IjrQybJ-ZuAFYZg,123,0,0,0
Be2XaQ-tXTa0w6b51N0nfA,123,0,0,0
BeV7f-3nhben18dYf2q_Nw,123,0,0,0
BehuW6rGBjox4uLoKa0JGQ,123,0,0,0
Ber5AYbJj0IkWa2M_RXFiw,123,0.17723929,0.1532868,-0.023952489
BfHko-hY36jb6xDg0Q1xNQ,123,0,0,0
BfOHNnOS0oXEoFrB-ceXbA,123,0,0,0
Bg3vcjxtqwSrRwJeUS7How,123,0,0,0
BgRhdl9PNVTkM7AKEgyv7w,123,0.095460433,0.084408809,-0.011051625
Bh_1zKZkO7LBDVwfTUeaHg,123,0,0,0
BiBJBaR_OJ7eTFZ81sin-g,123,0.61314719,0.61314719,0
BiS95AGMiOXXGVH0WCOM3g,123,0.38685281,0.61314719,0.22629439
Bijmn9PbrmSRQb9uG0L-8g,123,0,0,0
BiuxzKOdy9S-xS8O0HNb2w,123,0.30103,0.43067656,0.12964656
Bj4_8txrVca6Bj8dAsQotg,123,1,0.43067656,-0.56932344
BjuyUyTG5B1AXHEjHnJO6w,123,0,0,0
Bk1V7YDzYjX31uNR1WQgzg,123,0,0,0
Bk3FIBR8ujP97RNT2E856g,123,0,0,0
BkFbm8cUuwHi9FgqvYu1ag,123,0,0,0
Bm6NRZ1OwQ134jGItrUScw,123,0,0,0
BmC24kvEEF1ur9EeOKftmA,123,0,0,0
BmLTfevuQBVqgvQRj3XX2w,123,0,0,0
BmMg6XhsYfQXBGj8p9TNZw,123,0,0,0
BmP0A6ycAeP5G6ymX4Nstg,123,0.074148615,0.14829723,0.074148615
BmQHfqGpHevjT031lcySmw,123,0.30260241,0.13032377,-0.17227865
BmRgnDrHFAQGcClwJbldrg,123,0.098178968,0.069944108,-0.02823486
BmVwbsL8l0imz4slonyMaA,123,0.2691573,0.37977765,0.11062034
BmykAn13YBce1Q1neCzQOw,123,0,0,0
BnJRHXyU5rsAdLrtcg-GMw,123,0,0,0
BpMk_tF0QgBzmotxPOSvYQ,123,0,0,0
BpRu2Mn9fVUBquvwbrf6vA,123,0,0,0
Bq-BIdYrWloJXq6v6v_iiA,123,0,0,0
BrDZXyKs-uOdZkUoDOL2WQ,123,0,0,0
Bs1Itn0D9enDJE7UjYndUg,123,0.1175161,0.16812754,0.050611432
BsMKUneO8WI0NIuXTnLVaQ,123,0,0.11047239,0.11047239
BsxrsruqwPXLe0CaiieVlw,123,0,0,0
BtdqTErMCjvrQxKmBlJ7Uw,123,0.18166111,0.08285669,-0.098804417
Bu71U6VCJCrdzsI5v_LYNA,123,0,0,0
BuF11Bi1PackHGDsyt7-tA,123,0,0,0
ButtLhHofib1DRGOdZHSaA,123,0,0,0
BuzfrbiSKrnFa4jeuPTp-w,123,0,0,0
BvSZkqWMoxEvg5J1oayRHw,123,0,0,0
BvdiRH2Wbo2Z3GJxSDPMzA,123,0,0,0
Bw0KLA0sGREFzO6FxwMxSA,123,0,0,0
BwCg_kBz1e9xIzg2uffwKA,123,0,0,0
Bwxu_PcjcbQZeHz1EOEyGA,123,0,0,0
BxFYSg6R9GSoq89QI6Lz2g,123,0,0.39038005,0.39038005
ByayWWjOY_UMJF7KmNKYgg,123,0,0,0
Bzq1tZI3SMsewc2FerFcOA,123,0,0,0
BzwcC4o9y5bdzhQpv_zQxA,123,0,0,0
BzzYT7F3LdDVQ02MqxtwGg,123,0,0,0
C-Px0UC-zUS0JKd_Cohihg,123,0,0,0
C0QTlODGdqSLCoj_qAkyFg,123,0,0,0
C0T8uITk-AUSc5m8WDFwvQ,123,0,0,0
C1DFrjzocuAF8gouF2InPQ,123,0,0,0
C1MZ_yJ3Zx6UT-bsUc5DvQ,123,0.2529427,0.15958908,-0.093353626
C1ScysWlQhX6C8bv2553cQ,123,0.091898943,0.11284514,0.020946198
C1WS_Wrv9E8CHJLEhkvBrA,123,0.076143341,0,-0.076143341
C21XWX1G3eKlPxp_n543Vg,123,0,0,0
C2Co7YaitBRyFWIwnOhyRw,123,0,0,0
C2VcjWlbYZSWRksw55yrMA,123,0,0,0
C2mSPRm_ySJNWpTqsmajsg,123,0,0,0
C2nzoqU60AcRPHpCBsEScQ,123,0.39038005,0.097595012,-0.29278504
C3A9_p5GJT9UKCKbgfvSig,123,0.15603743,0.089105149,-0.066932276
C3AiKqWVX8n0PWZdEDydvg,123,0,0,0
C4NEMmbCzbUDuQRCFoP4dw,123,0,0,0
C5Avkksj5Iom9saQyoEM8w,123,0,0,0
C5X97iVyS3G2vKKESTBXRA,123,0,0,0
C6QNvmazQFNrzroFERtJ5Q,123,0,0,0
C6d0mWOcpzHg1WQjPAUR6Q,123,0,0,0
C76QKXBMh2zDJvCK0Ib6xA,123,0.29374531,0.62384705,0.33010173
C7d9s1Oo2wtPkMh6JvQDoA,123,0.088877923,0.10889376,0.020015838
C83-URDhIDAK3c92sjrk3A,123,0,0,0
C8_wb_4T6kf5qSN4aofvQA,123,0,0,0
C8bOY9xt_yTIE8Q_3ZlvMg,123,0,0,0
C8oun7Z2aD5eLY6YSaX5bA,123,0,0,0
C9CXkNBsTgBTVo3X4s-Vvg,123,0,0,0
CA0NLRll91Ln3NUG_6mSMw,123,0,0,0
CARjUe-yXf2-VwqBAEkBbg,123,1,1,0
CAU7F-vDqbQZ67BBYsa-aA,123,0,0,0
CApmzzR3_Eb9E6kLbG4W9g,123,0,0,0
CBSv-uTf6lwwiXQRoKcagg,123,0,0,0
CBiv37MIzYIxzxhSR7K52A,123,0,0,0
CBk0IqxCDcJLJPQmRMjNqw,123,0,0,0
CC7fN8QYEhpbCnBmZ5ZVSQ,123,0,0,0
CClAZsdMgefsvDCMyHJwtQ,123,0,0,0
CCt80lvZkXwMlMS6UPtHag,123,0,0,0
CDxlgCoUoNRV3VMkYZrUuQ,123,0,0,0
CE0YzIGs6rWXQtGycNsdSg,123,0,0,0
CEk2MAF0IHKqUjoDu4cPxw,123,0,0,0
CFymjewCpimuooUEAh1a9A,123,0.14126697,0.13090199,-0.010364983
CG3IZjLiR1nlYEwyVW9onw,123,0.61314719,0.61314719,0
CH9XhZWmcLYVAlzhwrhMvw,123,0,0,0
CHLllTUN_ipEqkrQ_P4T-w,123,0,0,0
CIFrgKgUrr6xyigd1AHeUw,123,0.63092975,1,0.36907025
CIVdUWy8KevSfFqgDcoRpg,123,0,0,0
CIhr-8qDcj_ZoBhc-5IZJQ,123,0.042758313,0.081164932,0.038406619
CJ6oD9vl_S-yC_6qdi8MBw,123,0,0,0
CJDPYGOwZD--9JhcJu3mkw,123,0,0,0
CJXkxjoV4VbJ3fagz2ZnqQ,123,0,0,0
CJgDrcOuzxWXrSsW-d3Mwg,123,0,0,0
CJmtS1Uk1KSsY2MWol_E7g,123,0,0,0
CKOtljSr9aIhnhdTKc9HTw,123,0,0,0
CKQSfz3HTsKQh1WBdG1tZg,123,0,0,0
CKibseGOBqI7MZ2jgVu-IQ,123,0,0,0
CKwNkOqBSYEo9qGJBWQFMw,123,0,0,0
CKzYmFIBbIoKyTMWvYXVSQ,123,0,0,0
CMZDABnxD44sGlCPekFu3w,123,0.1033295,0,-0.1033295
CNKsAIfUVpUr8Czj68B6GA,123,0,0,0
CO8ADG6kq5MHfsYpNPIgDQ,123,0.23463936,0.23463936,0
CODgYXSz2uvXWqbUZqrZuA,123,0,0,0
CONgXa5bkxl2wHzw1WEE4A,123,0,0,0
COOpdKg0XHGmfYJFVrCA8g,123,0,0,0
CPhJG30XcEXjwZWdXqbr1Q,123,0.61314719,0.61314719,0
CPivNJkWGNZQo2zBXrfXqQ,123,0.30260241,0.39806285,0.095460433
CQ3TbAKsZ7JSxe0hrBmtyQ,123,0,0,0
CQB1SSbqjAhtHfT7LHBDtQ,123,0,0,0
CQpm4LncaznEyQ1Lm-XRUQ,123,1,1,0
CSBRNusUV3D8t192J-W1yA,123,0.15613189,0.097912925,-0.058218968
CSCKshBCf6-MBGUCFpEGAQ,123,0,0,0
CSIxwyaUcd6gtJJh5nmWZg,123,0,0,0
CSpFoX08OzIF1N6Oi1mn6w,123,0,0,0
CU2TvJOJPrnLGnfAgnurPA,123,0,0,0
CUEQcR2MeuJJb28Zdr3gdg,123,0.61314719,0.61314719,0
CUox_taA7jZyEoRKC-cS9g,123,0,0,0
CUyhM4eGDHqZpFgmJQ4r5w,123,0,0,0
CV-RYPe8qFNC968xOLUtFA,123,0,0,0
CVOAz3qC2rpMZxsM5Ewu-g,123,0.33916021,0.33916021,0
CVuO0r7kI4-yxKCoH_BMJw,123,0,0,0
CWAPMrQyiI38Jh7LuDUIIg,123,1,1,0
CX49uAjwIR-hgQQ4QRgx7A,123,0,0,0
CY9e51PbgueJXzFE15vaqA,123,0,0,0
CYyd1nzhxyIn1Hqgp_0gXA,123,0,0,0
CZb3F9PjQGxeHjx73vqi9A,123,0,0,0
C_NhELLArGqZxK1UZs9rig,123,0.38685281,0,-0.38685281
C_rnHUc5Gzz-OC2a7mEDfg,123,0,0,0
CaFM8dX1a-JM7_2FuAyYhw,123,0,0,0
CaL1p500D0YTOTJmLArDDg,123,0.52963472,0.69921482,0.1695801
CaWFlnYd18fC4P1DcnPyrA,123,0,0,0
Cak8JJfLXMwyPyXBnOz-GQ,123,0,0,0
CaoImVzU4uMREOlT0HiEsg,123,0,0,0
CbCdXcbgD9axf1tQ2OdpWw,123,0,0,0
CbQc9IQK0hU6WegjXSggXQ,123,0,0,0
CbxaIPdalKUef_JIuV9Jlw,123,0,0,0
CcqpZkc5ngs88akzQ0rFHg,123,0,0,0
CcvT6h-y2XZ0Awpb7l8w5g,123,0,0,0
Cd9eQz1MwDVKGBNvNbbeIA,123,0,0,0
CdLXjpRWqUw8_s5elG_aZg,123,0,0,0
Cda5E4JqNDUoBj47ANp-Xw,123,1,1,0
CeSDckgUNxYs7IrG12zbcQ,123,0,0.15693994,0.15693994
CecKHTm2VDXtlBg_u3EWXA,123,0,0,0
Cg2dYxOEnEezhkq-h5w5JA,123,0,0,0
CgnQrp0OBegXKGnYu-zG5w,123,0,0,0
CgrUAYPNl8MDhWvLTqU-Uw,123,0,0,0
Ch759-9JBBu-UafQ2-abYQ,123,0,0,0
ChnIjYF4wA7iRd8nJfj1Mw,123,0,0,0
Chu6bxP07skjdpdNgj7zsw,123,0.46927873,0.46927873,0
CjIpmIHt8Ue14czGQo98cQ,123,0,0,0
CjJhEzdWQNEKa7grwPRQyg,123,0.30523488,0.13568545,-0.16954944
ClTwCETIbt9cAVqZB9Ng6g,123,0,0,0
Cm0QxNfVHNu_zzdIyHNi6g,123,0,0,0
CmLK8cjvcUIKyNVMp8ZyDA,123,0,0,0
CmNi_9VDTOzompGyYcHChA,123,0,0,0
CmOLGYohF5ToSNi8v7O9kA,123,0,0,0
CmR9s-2zH20UkmUt5Qwqnw,123,0.15194751,0.15194751,0
CmjQyDQImnlhXROkVOrhPw,123,0,0,0
Cn55H9B2R6CENLUe5GGg3Q,123,0,0,0
CnCtn4EWLeLuv6RBdFfQgw,123,0,0,0
CniA0uvjsZTbie2w3ZsMoQ,123,0,0,0
Co_4d9b_ESHOnoOgEBCn6w,123,0,0,0
CoxJfsyjWNHV1i1-Lu5nRQ,123,0,0,0
Cp4pUzlmrKWUZ_ZYjH-OhA,123,0,0,0
CpaAjr6_e7fDC4A05PYMXA,123,0,0,0
CpspqvN_1uKnnfCxPkluKg,123,0,0,0
CqDTNw9rP9rA2SM1656GoQ,123,0,0,0
CquB5xzRJb9Fo3yPI-0w7w,123,0,0,0
CrzKKrfSjNteud9kJ_5KNA,123,0,0,0
Cs9vrBCHnjXODulXdVBajw,123,0,0,0
CsmRSnIOh-tG-k7Mh3_EVA,123,0,0,0
Ct72fpuF9_e4hmXCnjPC2g,123,0,0,0
Cu0Ytr4AnQPr19RaDc7QtA,123,0.13565197,0.10858087,-0.0270711
CuLJYxPdFFVQtyb0Gktsng,123,0,0,0
CvbJpYZDTOB4-w6jKmW5uQ,123,0.30260241,0.30260241,0
CwQgvNdd-rmhPdCK3d_xxA,123,0,0,0
CwieciEGuXm0Zq0Qr-5E1Q,123,0,0,0
CwtSfxxOupTW4wFR0dLnew,123,0,0,0
Cx8SyXD23b24W34fEfU5ug,123,0,0,0
CxRD5BdNXKgTjx_SkhAXPQ,123,0,0,0
Cyyak91WYSrVGR9AfAJLXw,123,0,0.18154179,0.18154179
CzhKoVMsRK-zylwUuaAjRQ,123,0,0,0
CzqjSTIxzl_R1WRzl9-1sQ,123,0,0,0
D0faGVJFyGg9BiQmjp2EUA,123,0.14204004,0.14204004,0
D1d3adfKGREx_Z2PNCTl_A,123,0,0,0
D1uwgZgwVkNKh47MGpmGXQ,123,0,0,0
D2VBAKQjN2L5P7RxflQFMw,123,0,0,0
D4tNjr9WI69U8rDfp2J-3Q,123,0.11047239,0.14804096,0.037568561
D5VHN977GB-Wk1esSU9VaA,123,0,0,0
D5m8sGSEfkQctw1qkrgflw,123,0,0,0
D674BOyt2VnfT9-yy7audQ,123,0,0,0
D6BU7ZjS1gYhhPGHSr3C9Q,123,0,0,0
D6NDCD312wn4j_WiTcy5YA,123,0.089640429,0.1178121,0.028171674
D6sbowQ7tuKCv8zgMqm_wA,123,0,0,0
D7xBr5tzSiIOJdQjoGpMBw,123,0,0,0
D8EJzaEhVammXsmGEo8dVA,123,0,0,0
D8mL8qwZsH7rbLkbNcc9bw,123,0,0,0
D9aw3G-9sU7LbPv7I46ipQ,123,0,0,0
DACWsCv1CBML1BMinPW3Tg,123,0,0,0
DCJsA-mN7H_dnCjfn3ogNA,123,0,0,0
DCaOlH2Fl31ImyGLb67F-g,123,1,1,0
DCazhgGbSkuHfSWMfi79tQ,123,0.39824054,0.35438919,-0.043851347
DDBhlESrtaBVIB0l8ZgtiA,123,0,0,0
DDF7rECL7bRKhtGG8c6Gtg,123,0,0,0
DDItoaNRmJJYrhJGz4ZJ3w,123,0.23165733,0.23165733,0
DEiAhP-xb4i-71foPKSqxQ,123,0,0,0
DFCA1ITDqu8Nw-2bNKhaAA,123,0,0,0
DGAyRqiCKsER6akI5U7yQQ,123,0,0,0
DH4MN9fymsXFHf4pnSDK9A,123,0,0,0
DHYEqVO4IA2PsS8EJqZDlg,123,0,0,0
DI1XBdIshz0j50oRJ0HvOg,123,0,0,0
DJIAJO8vJ5t_rNXoUE8HEQ,123,0,0,0
DJdp0ia1lZISFZh182E_Rw,123,0.097595012,0.099920907,0.002325894
DK35CUWSp13IreVzIoKK2g,123,0,0,0
DMx9EJox_ZlUHgrQE5JvGw,123,0,0,0
DMykhB-sUeUrcmQbp6zFCA,123,0,0,0
DN1WN26wt4o6aJre0-dXqw,123,0,0,0
DNCDgtsmHyELnXA2pe7IeQ,123,0,0,0
DNHhecxtX3mTM0ewUBifHQ,123,0,0,0
DNzgJRdL6kXyQcXABaPEvA,123,0,0,0
DO7IB9G2U4BPllAVsjgzzw,123,0,0,0
DP7ddvk4zqxdbYeHU2Qa0g,123,0.26406812,0.3065736,0.042505474
DPL27Iz4US_cd9ENYAlOnA,123,0,0,0
DPcJ_uf07HgSP-f-noeV_g,123,0,0,0
DR5pTKJzhr85X9s8mi6zdw,123,0,0,0
DRu6KBy6PfXMG81mFECDZQ,123,0,0,0
DTKlhU4GUpOIQK7IjCJc3Q,123,0,0,0
DTKuc_AfULkcXXkcFraYiw,123,0.12766149,0.11885009,-0.0088114011
DTNAb-1gJ6e2nyqCc3fdcQ,123,0,0,0
DTvYk_Gx9mJgB9fn555ppg,123,0,0,0
DUUpi-6_Kd7ALUxW401a6A,123,0,0,0
DUnF8qWYGaaY0GeJ7jqu4Q,123,0.24630239,0.39038005,0.14407766
DVXfHbs-Dj5vfsiyYoHxXw,123,0,0,0
DXSWuKH_hKJi3NYHK5eGdw,123,0,0,0
DYsCA0Nv4uXtAfkaIxWqZg,123,0,0,0
DZwGkNgapOH9acyhkRy_DQ,123,0,0,0
D_nT2XwT1TjucgXaGjD71A,123,0,0,0
DatQq18eHSUsK3XNdIZ70g,123,0,0,0
DbiZXAui0L2LGHB5E0blrw,123,0,0,0
Dc7jv17Gkm6YunWbKYaQ0A,123,0,0.041058779,0.041058779
DcTUXOiNHm0u0GO5k9inkw,123,0,0,0
Ddd0ZKIFQd_NYqclMXYFKw,123,0.45368932,0.38923179,-0.06445753
De9L1xCtbO-HL33URZW62A,123,0.13120508,0.1695801,0.038375025
DeXKbQYNx52OlOizobOLJw,123,0,0,0
DfbWVoNDJJ9n69VrjfyS9g,123,0,0,0
DgC8Z8VmSAlWZpsc_XjbqQ,123,0.28339798,0.31279252,0.029394541
Dh1P-XNtdpc2RQmO3LLZ4Q,123,0,0,0
DhUEuSrGJfONLDixnP3YkQ,123,0.59117659,0.46600264,-0.12517394
DhWUaa1UBzaxNAfEQeVlyA,123,0,0,0
Dhdom-xgrFj1JNvuURnrJw,123,0,0,0
DiZyLkHNsUp0Fm0WJ3YMxQ,123,0,0,0
DjWTA9NjPrK4y7tfMYSlnA,123,0,0,0
Djaa6J18tf-9lA9vV8md3w,123,0,0,0
DkZ0SMwANgwYQRFH-iAVJg,123,0,0,0
Dl8xoQTwMgDG1DZbEHS97w,123,0,0,0
DlFbNJyOovNZm319yKJqSA,123,0,0,0
DmfT2HBhi7iJS2zjuP7LHw,123,0.059940838,0.059940838,0
DmlRFoBlJKNYOk9y0TkaWA,123,0,0,0
DmneDtySqrp6NaXvDbRwQA,123,0,0,0
DmpTAM6YIkilbceoHD2L5g,123,0,0,0
DmzgVCLy077BOamdTtweDQ,123,0.33916021,0.33916021,0
Dn9WngLhC-utqIS07IlP2A,123,0,0.1175161,0.1175161
DnCHYugBDpiineW38-YJGQ,123,0,0,0
DoqpE5_OlVNUNm_S25ghDQ,123,0,0.088159767,0.088159767
DowW9N5tYnjkyozysg4VzQ,123,0.46927873,0.46927873,0
DpHiRe0HUhS0xhnkZlzreQ,123,0,0,0
DpIRb-cy71vc8aMXwzERkA,123,0,0,0
DpfsPx-I_bie2LwyXRSNiA,123,0,0,0
DpgFEf3Rcc9B-9Pe9oJWZw,123,0,0,0
DpnA0io_soKcFzS3cWcVbA,123,0,0,0
Dq5tBQ4w_7drxSTj05A0BA,123,0.61314719,0.79038648,0.17723929
DqkSHfAfJCwXaOQYiSiwHA,123,0,0,0
Dr1ShQHZw5F8JV4HTC_xrA,123,0.34519134,0.50874031,0.16354897
DrN3RPS51NntP_vgmJuA1w,123,0,0,0
DrvVmk4AmCKAA_5KayCI9A,123,0,0,0
Ds4kNgSK0bNLJ2fbfZ2sfg,123,0,0,0
DsjDg8brU1zpN3U4PszJFg,123,0,0,0
Dtg1yoASCsJf_txJsqVGhA,123,0,0,0
DuEyHLAXsoPOuGIwsa0YxQ,123,0,0,0
DuaisxE1cLH9a8TAasTcuQ,123,0,0,0
DujXxxlIKTGEPso-C-Rq5A,123,0.31834793,0.20321336,-0.11513458
DuvGYvbFjTHy2GMENu8c7Q,123,0,0,0
DvQoy2JA0TrPblhVuE2P8g,123,0,0.11047239,0.11047239
Dw5mjNy248aLYNPX_hkw6Q,123,0,0,0
DwjsG4rMBk9GVcV1UJi8vQ,123,0,0,0
DwshcLeRbQzyo-RP1WK5XA,123,0,0,0
DxGDGcFCSXozXh2SNmNfeg,123,0.42652955,0.46792684,0.041397289
DxUMVLN9RqR7p8D1beJ3gg,123,0,0,0
DxeFyM9rEffHk2B-sndyFQ,123,0,0,0
DxqOAmfXxRbQpAQOnqP7kw,123,0,0,0
Dy9KULFYbZbDj2yrtaa-4Q,123,0,0,0
Dy9erB-Jm6m4cFqUabRThQ,123,0.3065736,0.3065736,0
E-XZffO6FsZM9N8AOOOHhA,123,0,0,0
E-zqtA9gohM22Tn-Ifgq4A,123,0,0,0
E08kDfOTSQrW2MCpa-ydKw,123,0,0,0
E2LFJxs4mbSexaV_Hf2RgA,123,0,0,0
E2m-oovy7vUk0tz8Gb6oxw,123,0,0,0
E4QGS3LSVxDVA0n5bxvp-Q,123,0,0,0
E5jpL1omqpi__votNP9zlQ,123,0,0,0
E6ClR7NB5cUP9SwxbU68bQ,123,0,0,0
E6NZo2tXGS7o2T1WqqO6vA,123,0,0,0
E6pWpRh_McNg3KLwaXDkXg,123,0,0,0
E7dbGtwtIDtJq5iMlmGaBA,123,0,0.091092403,0.091092403
E7w2XD6yeC2AN-HuMDi1Fw,123,0,0,0
E8BQ4pF-KIqaH5R5c6rQpg,123,0,0,0
E8Brau7LHw454accaAHnnQ,123,0,0.034750173,0.034750173
E8K6Rt2-m9kHDqHnoo32eg,123,0,0,0
E8Qc_uuCzXgTqctDlye9PQ,123,0,0,0
E8ZPjNX63kfAuUL-U3s5Gg,123,0,0,0
E9FAS-cM4DekfXD7-ef5Gw,123,0,0,0
E9ie-fl14jUToKby8eVd4A,123,0.38685281,0.43067656,0.043823751
EALlxgEoNryRq6oAKX462g,123,0,0,0
EB3P2uHK7KDViE82UbS2bg,123,0,0,0
EBRsiSFbiqEfxHiJ8blJMQ,123,0,0,0
EBozJrcKS2uiGXkIc-dUsg,123,0,0,0
ECJED_CiTFIkiGo_F2dCtQ,123,0.15000679,0.15693994,0.0069331513
ECKzQ2DB72e9bfpuxrfGmw,123,0,0,0
EDP-WIrKO3JP6PKu5hrMEg,123,0,0,0
EDme-VW0ivgMMThQARlM8g,123,0,0,0
EEMdoht5cQR6hfZr1KGrPA,123,0,0,0
EFHtUpOjSQoLRRLfwwm5oA,123,0,0,0
EGUI2CjMMKldpVffhKJJRA,123,0,0,0
EGh0HRlN8dyjrAIoEdjqpg,123,0.086810776,0.086810776,0
EGoATgGnBGBfRKUtmfRMPw,123,0,0,0
EHMtuuWB0BNJCYmXM2Y81w,123,0,0,0
EHm_r2QH5bg_Ddx2_DENAw,123,0,0,0
EI8AJSf4bd-8ITSEihJLvA,123,0,0,0
EIPN7GwMqVO9IJV1TKPTRA,123,0,0,0
EIWElrScZkZskWoNUOcbaA,123,0,0,0
EIeQKGMa4bIWpHFKWpbA7Q,123,0,0,0
EIq5Ks5GYc2t0xnYoS_RNw,123,0.23137821,0,-0.23137821
EJbvvP-1Tx3Ie2WEN0R2bg,123,0,0,0
EJzRtdXROAfTyuF5jITFjA,123,0,0,0
EK-zY1eg7MkohcGeYhD5Uw,123,0,0,0
EKE59c8eXD9wDGBsBKLEQQ,123,0.63092975,1,0.36907025
EKab8pTUJAx3HozPC3ku_A,123,0.61314719,0.61314719,0
EKwetWM3vcmvgekGB7XWlw,123,0,0,0
ELybhSHRPouj9lJnXsEVnA,123,0,0,0
ENZbh_u6v1vT_zTUW3vZGw,123,0,0,0
EOAwEkoU9hbI8EhRuTGWCw,123,0,0,0
EOajY1L3ole3gLTCZ2xw1g,123,0.032338291,0.032338291,0
EOs8FZEHJ-aI_GaYM25pNQ,123,0,0.099424605,0.099424605
EP0V5j0lW-OOTmPKKBBtrA,123,0,0,0
EPSzhOEb3ZfZ_XkgSD4j1g,123,0,0,0
EQQuSmsN_OSaiMg8rCCXgA,123,0,0,0
ER9f_TJgt6osxnvKBUgT1Q,123,0,0,0
ERh66eWeg5pQkA-vWpmx0Q,123,0,0,0
ESDPrVZqf4gyFw7Tzmmf8g,123,0.27417081,0.30408379,0.029912973
ET2j1IOqD6L8g5UmrOzoQw,123,0,0,0
ET8n-r7glWYqZhuR6GcdNw,123,0.69813227,0.66313933,-0.03499294
ETD4yYfJAXbfZuIK-3xLyA,123,0.10554427,0.089617287,-0.015926984
ETLyhZGsqp_ZatdUJRaZuA,123,0,0,0
ETyduRMWNWg7cjoZaRxmaQ,123,0,0,0
ETyu4_RFoZNYGYFXk0KuFg,123,0,0,0
EUWeptsNimw_-0EwVLN4VA,123,0,0,0
EUcScagKSsv7LQWkBh8rUA,123,0.091898943,0.13905618,0.047157236
EVVVBxIm05vptKQmgDwWvw,123,0,0,0
EWoXqsctLJUPFUoASCSsnQ,123,0,0,0
EWpNkukzCsgyeiFjlQz9Ag,123,0.20210735,0.14126697,-0.060840374
EWqL48JnT7YWP5YNfWjKrg,123,0,0,0
EXNv7kV34cYYnUzU3Z7kHA,123,0,0,0
EY1zLv0P5D1eq7tkurbb-A,123,0,0,0
E_o1YiQGl2VsSCAOaNnzGQ,123,0,0,0
EaFtAJBslgwPWtjScGupCQ,123,0,0,0
EbUH3xjipxO3Se-A38W9Gg,123,0,0,0
Ebk0VVZ54mPMrPB3lG0KjQ,123,0,0,0
EbzIOck2feoZrGxRjyPDyw,123,0.042585283,0.099424605,0.056839323
EcALn2zLCFa5CcLJU41FiA,123,0.24239361,0.29790088,0.055507272
EcaLd3kiRE6Jo6vLMLOIcg,123,0,0,0
EfdJfCzZrvUI9v-bI0gv2w,123,0,0,0
EfxPI4afdlW9gQYkTQD0-Q,123,0,0,0
EhKOESkFLOxE72WLLHWnvw,123,0,0,0
EiAOjMQ1MMcT29wu-Gbw9g,123,0,0,0
Ej9tb35go4kmndTcwRiKVg,123,0,0,0
Ekw7wuUTX36BtcPP6XnA-Q,123,0.15442441,0.13032377,-0.024100648
Ekw9VVJimJRDtV6J5xiZWg,123,0,0,0
El6F5GpEWfhVQmWIEwfymQ,123,0,0,0
Elkw8CZONcZa1H5jO17qkQ,123,0,0.15693994,0.15693994
EmWaamu71BkDoy9pRHxC1Q,123,0,0,0
Emn1XNOGdtonUfpEBHJn5A,123,0,0,0
EnOkfA5dkk7I-w9RsIExlA,123,0,0,0
EnXSXmJYc7Hzka2tO8iNew,123,0,0,0
EoBlVpAMPY8Qu31VgblQoA,123,0.39038005,0.39038005,0
EoW-9Ert43aVfVMkuQ9DoA,123,0,0,0
EpHgw2vPHBV8cvLwDU_l5g,123,0,0,0
EpkCj-k8O40iswbl73VNog,123,0,0,0
Epp3SHBja2SisxGbEJE-WQ,123,1,1,0
Eq4z0BzNPB_BvE1UP74ALw,123,0,0,0
EqF-lnxQscooBJtI4i2OnA,123,0,0,0
EqJhoyBc5wlHrTWBlUYb7Q,123,0,0,0
EqgK3T7NEXy2Uly8YXwz5A,123,0,0,0
EtS8h4RHupbgMscLIhQf1Q,123,0,0,0
EtxF7UTajZHmhG1JKV9Vbw,123,0,0,0
EuICdCgCIjGRo-EKsqXzkA,123,0,0,0
EuMFWgEnd8HuQGxuUE8zpA,123,0,0.12927162,0.12927162
EuopqHg-cCgb0MjbIRCWJQ,123,0,0,0
Ev53vF0nolKYdS5xfEYACA,123,0,0,0
EvVbekEpWXAeMNt3mQlAjg,123,0,0,0
Ew-NHxDqARuYL_3uxubWtw,123,0,0,0
ExhcUTTcj_MBhZdFQT9KYg,123,0,0,0
EyfG09xu4E0FBrzQwvWX2w,123,0,0,0
Eypq5gLLjCapBVVnMw_MyA,123,0.19519002,0.11284514,-0.082344884
EyyTOEYTLIwwwmpfvv4uQw,123,0,0,0
Ez1p_Xv9dr_rrq731Y9TyQ,123,0,0,0
Ez8SvfNm6iq15KgAxVwrZA,123,0,0,0
Ez_EUDvshYkHxoba5HKmJg,123,0,0.10549558,0.10549558
F-d6t1H7_A4vvXIh_t5S1w,123,1,1,0
F0EuMYzsOkmAhIkfEEKvQQ,123,0,0,0
F10pNIXKp3VgL6vBCOBWqQ,123,0,0,0
F1T3aX7gTQiqEJVCTLUugg,123,0,0,0
F1Uer9CnaDDH6xp_83vlbw,123,0,0,0
F1Wlk9KlWJty_xktb5HRqQ,123,0,0,0
F1nAk2Pyfc8N4vKg9GPDJg,123,0,0,0
F1uO9Vlwcpfp1FPSANVRJg,123,0.38685281,0.38685281,0
F1uzcVfHP5olyNdxZI_ukg,123,0,0,0
F2P3IfYy7vpGsQXWqKpphQ,123,0,0,0
F30JdPPMUnYnhrl1nrAPYQ,123,0,0,0
F3DU5d0yXlwR7IyYCbfb9Q,123,0,0,0
F3uJG_v0educVvOFsoPACQ,123,0,0,0
F4hYr8e1tsHChae80QP_Zw,123,0,0,0
F5GeBhnsjLkxjKUxzekq3w,123,0,0,0
F6s5dcrVodeoAur3Toiyew,123,0,0,0
F7HPo-1dtqiQatjmpa-YHQ,123,0,0,0
F7WK15KWANbP776XPUkKgg,123,0,0,0
F7hNai6ITI6nK9rJYIb5Ig,123,0,0,0
F8PGl0pWWYeyiLBH5OiXsA,123,0,0,0
F9BMWomBRe-_N1TDTcP25Q,123,0,0,0
F9jU0d47WtdKV4eYGJwmpw,123,0,0,0
FADTGyQiB7ILNSN_-aWGaA,123,0,0,0
FAKE7SRxywqz4cMvEl4pjg,123,0,0,0
FAPDpWyCljDRpRZT3dC3tQ,123,0,0,0
FAt1F9hUUNj_SQvSfSW6Xw,123,0,0,0
FBaIHm075Jbm5I7ic-RbWg,123,0,0,0
FBvt6kTT0RUcoIZV5dzNhw,123,0,0,0
FC1ZSB9fd4WlDMSAbEjq8Q,123,0.39038005,0.50789615,0.1175161
FC3ynmCEaRoXhJ36ZNsbdg,123,0,0,0
FC9HMNV70jHlipSK_2oHiw,123,0,0,0
FCZsAjuVKx-Utp8cmc2IYQ,123,0,0,0
FDr3AV8GwfPDOYYoe-yXRA,123,0,0,0
FFZxmRXi8nvgcPhqkONy4w,123,0,0,0
FGeyO9pX0aj1ZSHVU4iu2Q,123,0,0,0
FGs8J5uf6JDiRCbrGQoKXA,123,0,0,0
FHfjAReTovbu0chLv-WGrQ,123,0,0,0
FI-OoM6pkA2bWI53IHKXBA,123,0,0,0
FIH0NF-A1OocRr19Mlftdg,123,0,0,0
FIkjcOgpIn06k4six70rmQ,123,0.27487633,0.27487633,0
FJ_WJdPPA-EynKXuY8RywQ,123,0,0,0
FJax0oEjdOeTrlBGMnLZ3A,123,0,0,0
FJwNDYw0ojHzIU2K6cdnXA,123,0,0,0
FKH03zoehsngXXcTe6bidg,123,0.30260241,0.30260241,0
FKMrn6TIaGvGki8CmrKIlA,123,0,0,0
FKRz94Ehuni4dO04vuw9Uw,123,0.18154179,0.29608191,0.11454012
FK_j1G0tbdb0owbCRVj4Xg,123,0,0,0
FKjD1-bo__9A__2cDpDNrg,123,0,0,0
FKukJ4L7vV_z7WNi0hB1uA,123,0,0,0
FL7VWauq9Zo2UDf5yI8eJg,123,0,0,0
FLKqDlM4QhrIYtItxq6-AA,123,0,0,0
FLRcde8_Gu8UCttSNj_ojw,123,0,0,0
FLva7_LRaH2j5O896uJwhA,123,0,0,0
FM3hremwwIZCDmqlkUm-fg,123,0,0,0
FNuS2P-nQLP7yTtQK2PCpQ,123,0.097912925,0.076674814,-0.021238111
FPTvONXOLGKrvJ3cps5XnQ,123,0,0,0
FPf6qUtpQFvN0wTP5k2sTQ,123,0,0,0
FQFaju2BbJoWuM2ASeGucQ,123,0,0,0
FRa_eFg0qSnRxAH2HegdyA,123,0,0.12011566,0.12011566
FRiq-Y97LuUjM60BX0THjA,123,0,0,0
FS187tzhIDsomnqgI2TAsA,123,0,0,0
FS2yGHCgLo4mFRevs8E5hA,123,0.30260241,0.13032377,-0.17227865
FS9EWeUw1mWdw5cYF2Xykg,123,0,0,0
FSeIh80sIG-0JqtCJ2rOMQ,123,0.2529427,0.2529427,0
FSqnEOJih_0BS5ZHRufJqQ,123,0,0,0
FSs22gbuG87NxES73YiJdQ,123,0.18970703,0.24372655,0.054019518
FTM4XQRuB7EqTFq4TRXWSw,123,0,0.35620719,0.35620719
FTqp-6XSYrWRzsKEVOoMqA,123,0,0,0
FTz8bknq45XQ19ZkGdsmvA,123,0.46927873,0.46927873,0
FUUEU3ZN5cL1nNNR2AYZuw,123,0,0,0
FUVFeJaapsUx0UUo3RcVNw,123,0,0,0
FUgGYF60YpYbO4bc7myF4Q,123,0,0,0
FVDUqdLhAPnKU203TDKeLg,123,0,0,0
FVGrORiBlc-qTiOTyYoqpA,123,0.13083037,0,-0.13083037
FXW16a1QddonpF-h3NtxPg,123,0,0,0
FYT-TBUL3L-fTPKF1WgL1g,123,0,0,0
FZLKQ3d80CMsyPkeZ9dpfA,123,0,0,0
F_mS2MGUlO_GC-fEcn_gOg,123,0.26264954,0.35620719,0.093557652
FaBY9v5YRnCNUhKSJWBb_g,123,0,0,0
FaC_wCEb5IqLiB0_-DM0Tg,123,0,0,0
FaRu0KBhd6D1bk3V-YnZdA,123,0,0,0
FaaYiuCBffmDxrFF-a5VwA,123,0,0,0
FbA8lsZmgFum38k6i8DsGg,123,0.25,0.26264954,0.012649535
FbBggeI2CX8dyCNjYvIsMA,123,0,0,0
FemfJRDjf__PcPkn3i86Cw,123,0,0,0
FezSEf5Czr1rJWmwzyGoMQ,123,1,1,0
Ff8hG_00h6SO5unNTXPFQQ,123,0.38685281,0.1845757,-0.20227711
FfEwIX65QvS8EdnhHHvnkw,123,0.11047239,0,-0.11047239
Fg2PSDGWLL7mHhRbp_6UxA,123,0,0,0
FgNZxXjR8agaRB2_2DDlfw,123,0,0,0
FhL7KojOHBilKE63ybupVw,123,0.12681702,0.13565197,0.0088349566
Fi1ZvmXY86OUoXjL92Nikg,123,0,0,0
Fj-Vz-5N_SBSXWpAtUSGRg,123,0,0,0
Fj5KavP_CjiYm_E4cY-8Yg,123,0,0,0
FjtXHoLycWK1JzpFFSrupQ,123,0,0,0
FkYzHGWrAQUdKaYrmKex5Q,123,0,0,0
Fl9_HczQUM2TWTGzzwDUwQ,123,0,0,0
FlJFfKCSwRI1nzmViGIGiw,123,0,0,0
FlXBpK_YZxLo27jcMdII1w,123,0.26800865,0.23607833,-0.031930322
FlhZYUEhfpfm0Ynxacftwg,123,0,0,0
FlsiRS7TBOgjWk7GrZilig,123,0,0,0
Fm_2uJ9-qwGEEggHBLUHYw,123,0,0,0
FnY_HW_bmMDmadEl_DYNZQ,123,0.13090199,0.13565197,0.0047499833
Fp4xc2a_Op2Y38vKyIreKQ,123,0.11243818,0.18137933,0.068941154
Fqii3H_aQHw5h0IcWf_ldg,123,0,0,0
FqkcclDQhLZr8gvw6LfI-A,123,0,0,0
FrP2Y6l_UmvC-8Q9OFn26g,123,0,0,0
FsE1Nn5PGdFzqq2hBnMzvg,123,0,0,0
FscO3COsx6Bmy6tVdSkDcA,123,0,0,0
FshZYB25Azc7W94bqMvWtQ,123,0,0,0
Ft82E6wy4d_WGANtyqFX3w,123,0,0,0
FtaHkK-Gc7VLVHIQ9km5XQ,123,0.61314719,0.61314719,0
FtxS9Ja8u2IeqvBVsr-iQg,123,0,0,0
Fu7DYpJFm9h148x5fIEvTg,123,0,0,0
FuYo0nALoI0nwkbJ_QA1FA,123,0,0,0
FuuSXzxpahlsIQtJ_6hyfA,123,0,0,0
FvfsySugz29u5yVRNPS27A,123,0,0,0
FwJ3piokFUzzK-zwun64tw,123,0,0,0
FwRIArLW3gPwCBoz4xPm5g,123,0,0,0
Fwq8n-rN6veiE3emAMEdiw,123,0,0,0
Fx8YWMRl6cawpMY_t5mnzA,123,0,0,0
FxooKHCiZd1_To18N1z7Pg,123,0,0,0
FyMwJiM5s-Jd2Qzaqrfgog,123,0,0,0
FyaR35w2tjG-og1JA9wexA,123,0,0,0
Fyl4bt9ULgWstqdgTIyBeQ,123,0,0,0
FzEPTC3oS_V7tNPdObNzAg,123,0,0,0
Fzcz78fciJAMccTjfoBlPg,123,0.21840744,0.1532868,-0.065120639
FzemMECB9UV6UAPqg3P88Q,123,0.37066569,0.61314719,0.2424815
G-FNSbNJKHZEVmfNaZ4jPw,123,0,0,0
G-LH8wAVBN4GAVjKAFyzTQ,123,0,0,0
G-uv9J_2-0OyeIlNfHuYjw,123,0,0,0
G0CEgVeHe9rYswyUnbSk7A,123,0,0,0
G1HXxzIA80y5Q1VB1mIx5Q,123,0,0,0
G1VmrB6jB6_HE8dlQANfVg,123,0,0,0
G1X4XAnNVCaqCExN4D3lxQ,123,0,0,0
G22biUATL4nU1yq9SM8HIw,123,0,0,0
G2XRG_raVtrrONP4IxF5WA,123,0,0,0
G2yoB8gAhLvqn-peUIt9wg,123,0,0,0
G2zM8Ea8jSr7F5YeQFL2hg,123,0,0,0
G3659TUAxhN6T6zvTOoz6Q,123,0,0,0
G3E69neBDQChbhahmzfnAA,123,0.1507906,0.14204004,-0.0087505629
G3v9iDNkuh3DIL-E7h2WPw,123,0,0,0
G3wKnut3kQVLMksLcvR62Q,123,0.14126697,0.15642624,0.015159269
G46oXgURGTgbxU6NJemLJQ,123,0,0,0
G4Uv3ppIJ8IzMtIPci1FWg,123,0,0,0
G4dsr2kAAtApUt9GvFvs6Q,123,0,0,0
G5-Pxa2fNKVPBCWBDDnFaA,123,0,0,0
G5-Ti3eSUeHdHgwyRDSnsw,123,0,0,0
G5OLGMmgH1idDBMwKbiSSA,123,0.5209906,0.48802051,-0.032970092
G6lKDOZzRSpaRfodxp16zA,123,0.16104283,0.23719771,0.076154888
G715ISAkXBWUm7ApCjQaFA,123,0.23719771,0.54789563,0.31069792
G7k-olyu7OqVb8-mzxs1Vg,123,0,0,0
G8z-JeJ_booU3CRHSOHkxA,123,0,0,0
G9D8fK_ffX1q9kO9i-6_KQ,123,0,0,0
GAKWEMwGHddyElAu_3uRqg,123,0,0.23137821,0.23137821
GBkpGphLJ7-MkE2d7CSaGQ,123,0,0,0
GCgBvm0T1fZINcp1myOKoA,123,0,0,0
GCwPDVnQFg6DdS8KriTHNA,123,0,0,0
GDF7XLPN5kpnoJmV7e3phA,123,1,1,0
GDIQG2c4JIYvESiryNqQJw,123,0,0,0
GD_-QH1XgKT6ZYgx258pgA,123,0,0,0
GEyLSyZHIeUq7sy2uIBe1Q,123,0,0,0
GFW7sZbYseXByobP9QKHmw,123,0,0,0
GFYmLGgUcjanBBb4NvxRdA,123,0,0,0
GG0mFsEXb-02_dzFPqRV1Q,123,0,0,0
GGcs-Ed_6mcWafBlUMca6Q,123,0,0,0
GHH7n36R6xGEvF2ksMYvAA,123,0,0,0
GHd9SranMaaTRKdCt3KefQ,123,0.63668244,0.63668244,0
GHoG4X4FY8D8L563zzPX5w,123,0.1130534,0.1695801,0.056526701
GIOTwvrGY9hlQXduUrWs2w,123,0,0,0
GIoUmry8mvCrhU0xoq-Rag,123,0,0,0
GJ1OvvPjC2JDs9-_zV1Z0w,123,0,0,0
GJS2ImTtZ59Fs7o9CbZJgQ,123,0,0,0
GKVw9mKHEok-Phr3Yc-fTg,123,0,0,0
GL18myzHd62C39MrHdBXQw,123,0.30260241,0.081774718,-0.2208277
GL6qwC_XknPDwiylqhO6Jg,123,0,0,0
GMA48Ik8fj3JnXcqKR_YdQ,123,0,0,0
GME9GnPTA-on_PudQl5N3Q,123,0,0,0
GMeYzbl_kvY0dGZeA4Lfvw,123,0,0,0
GMp0DRWP3VJ5VkM5wpk22g,123,0,0,0
GN4R4dwqNP-_yvfa-ZnwRw,123,0,0,0
GNG3idmr5-_0e8uwZKFiZQ,123,0,0,0
GOmIhjMERPfhurz4YPzNjA,123,0,0,0
GPk02mhKvdn_KoGg-neAxA,123,0,0,0
GPw9ELBR3zjjtaXPhlNrBg,123,0,0,0
GR7-1pQrgIDcLXAtSpO3cQ,123,0,0,0
GSDw9czWBk_GL53a5NtcIg,123,0,0,0
GT9f069-w-5eUQV8d1DwDQ,123,0,0,0
GTAmhlj02CHIYbn6UrUu2A,123,0,0,0
GThrPkV1qIja1DmPMbK38w,123,0,0,0
GUTHHHARQqEQ0OdRfsSc5A,123,0.059544967,0,-0.059544967
GUjBgR7ykOfcfMyU1DHvgw,123,0,0,0
GV0ZLqZ6Jmo8Z5diY5EbRA,123,0,0,0
GV2OYKrtKJs7_zyugAs08w,123,0,0,0
GVGLytTurADjbOR-kge7vw,123,1,1,0
GVHI67-rQlB6n-a_E0o_7w,123,0.30260241,0.30260241,0
GVR4bS7shlQ5P84XCsqiNg,123,0,0,0
GV_revjN21XCakayg699sg,123,0,0,0
GVr2BuSL06P1MsHKlVCs6Q,123,0,0,0
GWOf1oB2mTalRY_A-EjSiQ,123,0,0,0
GWPDRXlqNOuX28c6Lw73Og,123,0,0,0
GWSm4oJVNmTGcUwSL7kILA,123,0.22009177,0.22009177,0
GX1yS8vZ5Hhg1CmsT5RnIw,123,0,0,0
GX4lio7E96sCpRsyUfzGdQ,123,0.25728439,0.37149049,0.1142061
GYv8xJeLdN0aQq8dZqIH4w,123,0,0,0
GZEYPoD_SED_lXHbzAHZDA,123,0.25,0.43067656,0.18067656
GZUToXxYjjfXA2uzNLJA8g,123,0,0,0
G_3tq1ylvNMS8IRTbMm9dw,123,0,0,0
G_dYyf9Q1BrrH0iINwTK4g,123,0,0,0
G_ewrDXcU0hXovihr2G5og,123,0,0,0
GaXioAwYSzaaof7LX6UuoA,123,0,0,0
GcdYgbaF75vj7RO6EZhPOQ,123,0,0.10858087,0.10858087
GcqLMAuVVGBEXRG_A97rXg,123,0,0,0
Ge0tsnqB_dObCjUCiy250A,123,0,0,0
GeDPQCdtOBq2BDCgUCA0Hw,123,0,0,0
GfI-d9mQePFA2PvhAd4WGQ,123,0.5271065,0.46900009,-0.058106403
GfXrfAsugwiE2R-tzjnyyA,123,0,0,0
Gff6iaaGIhNcfCIszpZczg,123,0,0,0
Gflk362qyCMGLF1bxJJEhw,123,0,0,0
Gg7VwEBqNP4L8-yz9toAWg,123,0.55850759,0.29825422,-0.26025337
GgGen6L5WZowpOEKuu1ZfQ,123,0.084790051,0,-0.084790051
GhGn4svo4e3a1_cOuEUumw,123,0,0,0
GhOdSSl4KJgMnsgjzJV9zw,123,0,0,0
GhhhRBpOnvSloxSTrgXiXw,123,0,0,0
GhuMzO3JVds90tweXV5t7A,123,0.79772289,0.46845052,-0.32927237
GiEf8YOMB2KjFpm457M5fQ,123,0,0,0
GjepBC1ZwOPqPVoNipNhMA,123,0,0,0
GjfGLLK6ckiEK_cZ7qF3PQ,123,0,0,0
GjiZ1hhexXrTtExxTyudgg,123,0,0,0
GkJrjt6WyAPfBgUDzBWpeQ,123,0,0,0
GkoESM9G3qJC3PTLgCif8A,123,0,0,0
GmI8mDMyZeJEVZ3g-6eDcg,123,0,0,0
GnaBQoO2UfzLdxe5pI8Qog,123,0,0,0
Gq4XX6_fGJu3iZgYRkMLZg,123,0,0,0
GqSA5t_OD1uxDZMwVLpoXA,123,0,0,0
GqsFk6P8shE4LfEPSJUJww,123,0.14434031,0.17103308,0.02669277
GrYoyy-a8FM00mNhCSdsxw,123,0,0,0
GrvD-fRAjDnZdyl1Namf-g,123,0.17342766,0.17342766,0
Gs1I7r8jzrKpszdI8b36dg,123,0,0,0
GsVBNe9GV-K1cUON9-TDIQ,123,0,0,0
GtJW6mTDweONksDaCQVwlA,123,0,0,0
GvihKFRYzQgKOnLcQ8ZudA,123,0,0,0
GvjlejH0m2CRdrjwx_Ixqg,123,0,0,0
GwCcOcTD7WWel22mB2_DzA,123,0.082975728,0,-0.082975728
GwvpFG4beL5oMH5_HbF25w,123,0,0,0
Gx7UBwju-qLxxV1SeoGsew,123,0.28906483,0.5,0.21093517
Gx7uJDuH_sQrtlwQzXJnaQ,123,0,0,0
GxLeJX2M4Im5fzfzKARY-A,123,0,0,0
Gxm2zAtHM2FYOedRUiDJ2A,123,0,0,0
GyCcOTwcg91ipHnGWotPJw,123,0,0,0
GypsdbOqkqwKb1pP_4eANg,123,0,0,0
Gys4J9fwKIrc2Xl2snOrEA,123,0,0,0
H-c0rG4Dmth9Q_EajKXDLw,123,0,0,0
H0N7D8PvP2_9uFrimAgZeg,123,0,0,0
H1NgVwKXW72Dskys8DO2kg,123,0,0.077453516,0.077453516
H1P2bRnSjuP9K5S1yw7-tg,123,0,0,0
H2RalfY3Jn_GSEB4g_LOqg,123,0.38685281,0.5,0.11314719
H2uGBjLQH5s_bRRYMzEG9Q,123,0,0,0
H30mWWgJjTbnjRi91UOQ3g,123,0,0,0
H3gfCZEuy_kZTxO6FfOwsA,123,0,0,0
H40laLp0uu_iTHd4K3by0Q,123,0,0,0
H4sefkMu2CSLPdikbKjPpw,123,0,0,0
H5pubo53Joclw01ZPqhoMA,123,0,0,0
H6-9VdI6cx4vSu_FeZVR0g,123,0,0,0
H6Nf5yIfYFNczFRckZWR8A,123,0,0,0
H70qlEfrariOPsMeFo5-pA,123,0,0,0
H7bB3q_xyhag8uGt7JoYWA,123,0,0,0
H8hanEnc6xr9K7LY4UUtvA,123,1,0.23540891,-0.76459109
HB88pjmR9UVkCNiUFGVT0g,123,0,0,0
HBLDsdGpWd13cnu6hoeR5w,123,0,0,0
HCLGRyXM_UjVAN_P6c6gHA,123,0.27487633,0.27487633,0
HCTtNMgR79Z9Pg_i3rJsrw,123,0,0,0
HD3_INpd5qBCurFTzDxYCg,123,0,0,0
HDZFTlIoi5A383yx8Ia4AQ,123,0,0,0
HDpiD-dmXpDhTcPa38itKw,123,0,0,0
HEZSS-fFZOSXmvjd8Me2Tw,123,0,0,0
HFbbDCyyqP9xPkUlcxeIdg,123,0,0,0
HGILgPfe9f0-oZeETY1Uag,123,0,0,0
HGTdyEDygTqANThO64WDWQ,123,0.12388806,0.19635794,0.072469872
HH3IyvD1MpxZ-FlazroBuQ,123,0,0,0
HHLJzHVXYfvfGVuSWQ6i7Q,123,0,0,0
HHp96KPsroyYDAHOwo_VSg,123,0,0,0
HIAKsWHN0dZtTZA7BVLIQA,123,0,0,0
HIIKwKeZC4f9OMpNF7QJaA,123,0,0,0
HILkCZD9HwGO1s1wPM0DyA,123,0,0,0
HJdFNtGwRUpDI6KvorA4cw,123,0,0,0
HJoKNi3IJxTcTVchaenRxQ,123,0,0,0
HKSyLOmK_YE0G1fM_Wrs-Q,123,1,1,0
HKkhamPZAXOIx442ZmRb0A,123,0,0,0
HLhA0dL8xHz9HgvAs7HWSw,123,0.16377338,0.16377338,0
HM8Q_8s6nZL6RKbVyZRdOg,123,0,0,0
HNh3KomO_n2SQJJeYamp4w,123,0,0,0
HNrz6Xe7PoLjUp8kBUDykQ,123,0,0,0
HODkDiOSVCyDCT1MruHnBQ,123,0,0,0
HOkN9P5rGOLnUePfRhrBmw,123,0,0,0
HOkQSlFfnZ0mng3QOgM3Dg,123,0,0,0
HOy4vtxyF-UD9bv9jmZGEw,123,0,0,0
HRkYISguuiBbt_JNxJV2Cg,123,0,0,0
HRlmvwYRgW5ZWrdAawLiog,123,0,0,0
HSPQqdb_mwB8jULnxwQC6g,123,0,0,0
HSZzE8goeBu3IuVHssMt2Q,123,0,0,0
HSiZWv9PS9x3gG2O1uJ0tA,123,0,0,0
HTa2KMHlWJJ5qdmQag7y8g,123,0,0,0
HTvYtV9fYYZSSLq7MpEAKA,123,0,0,0
HUm2iSccJ1-itnBfuHnVNA,123,0,0,0
HUtDmB2kr4eNaZpA1OkUQA,123,0,0,0
HVQKFDi-vZbawtmLMq3ZOw,123,0.2589335,0.24202194,-0.016911563
HWp93pUcVcfvQpsUpvYoVw,123,0,0,0
HXZnDSvjuGNaHKATRyMvXg,123,0.61314719,0.61314719,0
HYA7YRKDQiA_bWG7z1zBjg,123,0,0,0
HYjcMLgVLmB-9p-tG5vp6A,123,1,1,0
HZ0uRG1Xct8eltExJ6_jZQ,123,0,0,0
H_aPVn0P8DL24C3pckD4wA,123,0,0,0
HaPM8iQhyjm2pVh3g4bUGw,123,0,0,0
HaTwLhU4GPvp5v_ZWtPUlA,123,0,0,0
HbYeC1vrPaiSOuFwNQJdxA,123,0,0,0
HcpRgnXnBk4wixWQdZdetQ,123,0,0,0
HdjbOoI9hXxrstGStvvP3w,123,0,0,0
He0vJhp9oL405A7ysSKHJw,123,0,0,0
Hf3328ygirIBIzlJrA_3Ag,123,0,0,0
HfGKgfULfqWkfPvB_3299Q,123,0,0,0
HfnU2ZhBqf3ltLZHkedNgQ,123,0,0,0
Hfswp9VVcNJVtpVv6alhHA,123,0,0,0
HhafMjHnfPjR-RWU5AKbWQ,123,0,0,0
HhbzZ0jwY0nP3XpFUh3I7w,123,0,0,0
Hi10sGSZNxQH3NLyWSZ1oA,123,0.049043961,0.052086393,0.0030424321
HiBq4PxEa_cjF385B-5b9g,123,0.098039286,0.13120508,0.033165792
Hixk-gWc13XwvExs5lFmIA,123,0,0,0
HjyeYbnxg20fzRK7jyqPHg,123,0,0,0
Hl-KqVW7BiBBu1NUthg3MQ,123,0,0,0
Hl6YAHjk1lsXfBzb9yZmDQ,123,0,0,0
HlBq0El3-46ahRHIGZLKdw,123,0,0,0
HlOP4AEX88c0VtnX8Hpjgw,123,0,0,0
HlZV2uK9R_2GFLSG6Xr-QQ,123,0,0,0
HlsHWMFPBOAJrpI9IpAtFQ,123,0,0,0
HlzCUA7gwXpfo841o26iXw,123,0,0,0
HnFwMrQkm8949QGEAdCIuA,123,0,0,0
HnpouZXIQHeqezf5gWchhQ,123,0,0,0
HoJ0ye2hXqfD6L22QkN1xw,123,0,0,0
Hp1lYarvJDw1EPviC-Sr-A,123,0,0,0
HpM02X_YVluE0FDTcIF3Rw,123,0,0,0
Hpcudq4CGKL9YogepfgNag,123,0,0,0
Hpf0XejkQAIMSsZhZyj-FA,123,0,0,0
Hq4TO0FHqH3MKeJO4ZmUHQ,123,0,0,0
Hs53_WOZdZXFcr4wEQBL7g,123,0,0,0
HtTULraJCT5tGFjGOQkUHA,123,0,0,0
HtsDJlGBe5LH7zlDEIqE8w,123,0,0,0
HuvJyylBZhBxRRe079xLRA,123,0,0,0
HuyEgXPq6vg604OE6tbzjw,123,0,0,0
Huz20UDDMaNu-nH7NTK6Yw,123,0,0,0
Huz3u-D76tz6LRLvYbvbkQ,123,0,0,0
HuzEe2OMR_djNGVsZw0sUw,123,0,0,0
HwL0cUMC7-qghiAKBzMpXg,123,0,0.25,0.25
HxN0IAaV0MIz2McCiixtzA,123,0.06912041,0.10368061,0.034560205
HxdiIx27kTDk8Htjj99_fQ,123,0,0,0
HxhoBOxtWlfSGz86Vl23AA,123,0,0,0
HxquZZ00x9utretrAZ8gXQ,123,0.46927873,0.46927873,0
HxyLRaoH9PS09M6R3rV-EQ,123,0.72218039,0.74511695,0.022936556
HycJkwRLEgYFZG-hDh_zdA,123,0,0,0
HyecqwXeafZ9umTSw5WdOA,123,0,0,0
HzEmzPSHcvCBUzf2d8cNRw,123,0.3618792,0.37941405,0.017534859
HzoQKKHDq9BI37dyJAAtGA,123,0,0,0
I-4m9OqNjpWwE01ZBrIt_g,123,0,0,0
I-kDntNSbhS8M9BOnMbWlg,123,0,0,0
I0A55-ZZtVcTOHYk75jePQ,123,0,0,0
I0CH7lt3EHQCns8-yfOmkQ,123,0,0,0
I1UOCUGCd3STY-PYe_9HRg,123,0,0,0
I28lom0iOPibv5iN7BM0BQ,123,0,0,0
I2WKw4msnVHpuF1r0gZkWQ,123,0,0,0
I2Y4jNvIW-vSaodxg_ZfyQ,123,0,0,0
I2mHtOnroTmBkuCtYSKl9A,123,0.26655658,0.18524267,-0.081313911
I4Kq6r6SYXoti7D1zLPXZA,123,0,0.1934264,0.1934264
I4S2OUVoznUPWcXrMRMURw,123,0,0,0
I4bjcC1FvjOih-CRhK3xQw,123,0,0,0
I54YSiWpcmHy4KyvJ27Uqg,123,0,0,0
I5ACdQhu3PziQ9r8QWGztg,123,0,0,0
I7Fmd8WQA0FozWOEZQNdkw,123,0.17934679,0.17547753,-0.003869259
I7d4Q4QrJSg7se5LcDK3DQ,123,1,0.63092975,-0.36907025
I7hV1q0L_rZKi7GyWKhcyg,123,0,0,0
I84mHxpc8hMky9I1j7x3vg,123,0,0,0
I8exYimcQuYvYBz15QYX9A,123,0,0,0
I9rIRoFSIZC1AZkvC1VgFg,123,0,0,0
IA8lo5KEAU7XEnUyuNppXg,123,0,0,0
IAIjs6U2BPkrtO6B7f1guA,123,0.38685281,0.3065736,-0.080279211
IBWpwDwCjCm0D3p9wnhQPQ,123,0,0,0
ICU2sGDu3jo9MOMMYzYh1A,123,0,0.081334845,0.081334845
IErVzM_4FOtDhukSVqTkPQ,123,0,0,0
IFRAIIjI4yJQ4KPJCWQNZw,123,0,0,0
IFgtmg1CXeaCrO_tYB0Qig,123,0,0,0
IFnbM6ombHEWhQLUZeFEyQ,123,0,0,0
IG2PEklShzMF1YOU-Bzadw,123,0,0,0
IGHZDboZjSUJsBDKQvgxhw,123,0,0,0
IGHh_a7IOYixclHzh1DjuQ,123,0,0,0
IGmwo_IZy5VhUww5U32_oQ,123,0.24465054,0,-0.24465054
IH0ToaZ8hJXO2pVieN7dpQ,123,0.097851595,0,-0.097851595
IHwqiLph8rb-o7NXjwBzRA,123,0,0,0
IINInT5gKgNGJ46qKAis5A,123,0,0,0
IKJZMVGh3-DnJZNSJyGLew,123,0,0,0
ILHs0uKAZ5kbv2M5GCBCXw,123,1,1,0
ILKSYMWKPhollNtqEn-Z4w,123,0,0,0
ILKityCUzq0dQWHY72GOGA,123,0.091092403,0.20033937,0.10924697
ILicYV0XNcbfiWEgWlIZ8g,123,0,0,0
INNwrCZ3KCKokbLp1zz_Xg,123,0.17671815,0.13250566,-0.04421249
IO6yhUCiFhI1qeial3nceg,123,0,0,0
IOBbQDBPTk8bgc1fejdqyw,123,0,0,0
IOjwt-cRHwdenA63T_rt5w,123,0,0,0
IPBLxqObAk8YFRw6ufbkBg,123,0,0,0
IPD-mQZlyAx78UdZcnDEyA,123,0,0,0
IPXvfef1sgOAaUE788dzfQ,123,0,0,0
IPh7HOPFRKXIV7lQAkB3Nw,123,0,0,0
IPyVdDGXX5gF0OpVGcFsxA,123,0,0,0
IQRiDkzlCZObo1WlHHXRog,123,0,0,0
IQhb-lWN01QApNcZgKTmTA,123,0.10253314,0.095506691,-0.0070264478
IQsF3Rc6IgCzjVV9DE8KXg,123,0,0,0
IRVMXWg8Ttaf_JTIoU-abA,123,0,0,0
ITpldUH1k90kuxJfccW4SA,123,0,0,0
IUZRIkWPjCgQmyPHkBlAMQ,123,0,0,0
IUfLCdhKfs_0O-g9BLadIQ,123,0,0,0
IVqXMGaA-kI_-jIzA6tIrg,123,0,0,0
IVtWtFm3DXr8PvIa85oCcQ,123,0.2043824,0.1934264,-0.010955994
IW-aJ2Y7xxJQQiY190xtyA,123,0,0,0
IX8gKNiGDncqrWXfcLwX7g,123,0,0,0
IZ2UpUYIDGEw5eR_XLgyWQ,123,0,0,0
IZX44aWucnkn1qwOpiC9tQ,123,0.15130121,0.19092087,0.039619659
I_QvvtVzEUlPm3pW68fWWg,123,0,0,0
IaQesI4LmTc6x8pJMSctXg,123,0,0,0
IaX73WNkQtspGsF3Xwgm8w,123,0,0,0
Ia_irX_xqSQuAtrk3E1BiA,123,0,0,0
IamJgFZawc2zBSLVkzXahA,123,0,0,0
Iarl3Xxp2DT09MqA9vIaBQ,123,0,0,0
Ib3uXHSWeBed2kK-BKLGSw,123,0,0,0
Ibopg0NYDx-M1X-V1F-IUg,123,0.12011566,0,-0.12011566
IdYplEo8X0JKo_-QHgrcuA,123,0,0,0
IfCgLrjasxmPyRoARBazQQ,123,0.10699313,0.098039286,-0.0089538465
IfOpyqFmq28-rr2brq7-Yg,123,0,0,0
IgXmkMnfVWSUNyUFaGPHmg,123,0,0,0
Ih30H32YlBC1u5O6i6ub1Q,123,0,0,0
Ih_n0t4D8F1kN1cjc3Wyaw,123,0.46927873,0.15642624,-0.31285248
IhsNZbCjwwPB-kFHxaAz1w,123,0,0,0
IjHtQ2x7Z5ahg8nuOQIY2Q,123,0,0,0
IjmeX7t2h5gFAvyesW-0jg,123,0.14204004,0.089617287,-0.052422752
IkxNSP1OK8B0hLlPukqnNQ,123,0,0,0
IlGYj_XAMG3v75rfmtBs_Q,123,0.46927873,0.23463936,-0.23463936
IlejTl2AJo1W_COCIOTXJg,123,0,0,0
IliRkEd0W4W32egVNn200g,123,0,0,0
IlvXi_Prbd0RLdkYGj4kCA,123,0.73658969,0.78770206,0.051112364
Im2l5juff2JF8aJWi-pOEg,123,0.17060922,0.10764243,-0.062966786
ImMDSShc4mjEgPlAJ8KIbg,123,0,0,0
ImjRB421s7xcDLnqs8N2hg,123,0,0,0
ImpJbfNAxSKcT0ZZp5Ykbw,123,0,0,0
Io3IpnLC3dTnfxPrCzdGvw,123,0,0.047209983,0.047209983
IoAxGYcVLvNdwY4yGDJSsw,123,0,0,0
IoK3XlDg5n8KzsrvXLT79w,123,0,0,0
IoS8IZai5Yfa3ULgO1ktKw,123,0.17783583,0.15065295,-0.027182875
IoeQwKZCS-nSOSD91GqriA,123,0,0,0
Ip-XdrL7uInJmkpPY6OMhw,123,0,0,0
Iq7iyven_FPzl4s0wdKd7g,123,0,0,0
IqAYsDCBVKTQVtD2rPlzKg,123,0,0,0
Ir3H2KMmL1hYWFn2ptI8TA,123,0,0,0
IrD6hj_GdjWLt46aZiO2yw,123,0,0,0
IsXy4uiCoElOhmEdLY7QTg,123,0.30260241,0.30260241,0
IscC4oHVlGyHIQ9sxIUaLg,123,0,0,0
IufKA98FFrk-mxaQ-ZqTLg,123,0,0,0
IurzOuZP7eI9oMXZ9Cz0fg,123,0,0,0
Iv2TqFgf_jxaCvA5Mqv5eg,123,0,0,0
Iv411IFwWulRPvH8X5d5cg,123,0,0,0
IvOtKZVtU-yefm0lEm5XRA,123,0,0,0
IvtzA736qCBVK7ZkXKp6lg,123,0,0,0
Iw2yGSfnlhuxOTSvF2zKpw,123,0.320246,0.27231955,-0.047926445
Iw6uScVAE_MA7cHZey67yg,123,0,0,0
Iw9-gnQJJYyxqbbo_mGBjg,123,0,0,0
IxSEFw5AlHqNCbueWkRxKQ,123,0.61314719,0.61314719,0
IxXXJNHrctPE2e7RVcsdIg,123,0,0,0
IxjJVifP8eQ7ZWbJOse48A,123,0,0,0
IxqXMZ2uVeHH4fkxCqkq7A,123,0,0,0
IxsSNx9VjlcYa63pcEpENw,123,0,0,0
IyZvF8H4NmrbJLXIAHiQvg,123,0,0,0
IynOXKF-9JIOVRVlkxo-mQ,123,0,0.1208113,0.1208113
IzatvCbvAM8FKupoYU4C9g,123,0,0,0
IztY90vYxroiYozEO53SxA,123,0,0,0
J-gaDImpuNN6KbbkIzWdKw,123,0,0,0
J-yiZPRoS4_TeKiB2lakxg,123,0,0,0
J0CuAADSmhjDvJERqBqS6A,123,0,0,0
J0FP9-f7To3pHvxrC-JCTQ,123,0,0,0
J1Q9w7aF2ABxlKo3Qs5pAg,123,0,0,0
J1SgWi9jmWtTevgZLh3IvQ,123,0,0,0
J3Ck2-PDd-NWSXPOthUoxA,123,0,0,0
J4tuQLiBDJaVgR7puYcLBw,123,0.27487633,0.27487633,0
J4ulowZK4-0b_q3rT-W1zg,123,0,0,0
J4wKefe5fEmY0zIO_q-dpQ,123,0,0,0
J59X5VXH1kyjkwZBNWtBuw,123,0,0,0
J5wsOJCeZBYzo4jSzMaWPQ,123,0,0,0
J7EL9N9a_q8KQDVFuYmPMg,123,0,0,0
J8ziAD59ZOtSRrprDn4whA,123,0,0,0
JA2gZLhtrP8pAzGCY1PsBw,123,0.46927873,0.46927873,0
JB5oK3veSrIwIG6TqUijbA,123,0,0,0
JB7XTruIsJ3g-leF25uq4g,123,0,0,0
JBInDuMqeZ3fGLE2XegKXw,123,0,0,0
JBWygnyTfTtqbQrf5Cc1Jw,123,0,0,0
JDBlafv8p0UBtVFZ4LnRhw,123,0,0.22767025,0.22767025
JEIWidsaVqi-K6E5s6J7JA,123,0,0,0
JEJ-nTLhRZdw0MnySM67Qg,123,0,0,0
JENzmvrM1QF8b4hW3OJJrA,123,0,0,0
JEo4oz6J9r6iPGIsG9p1EQ,123,0,0,0
JF4FZw98cXx_syHHdGL_ig,123,0,0,0
JFA2EfdpOhFEZ_WTZQHWNw,123,0,0,0
JFr3VYiojnO6l5xfXh2M9w,123,0,0,0
JHBoYPU3HMgUg3Mz9PspTA,123,0,0,0
JHCQPWHsWOa3qWBeqExlHQ,123,0,0,0
JHWtYE4OX5uMg5fHfUAwWA,123,0.17723929,0.21840744,0.04116815
JHrun8pPOxs-14Aux_5iqg,123,0,0,0
JI5y5pXbrwi4ATbsll1KaA,123,0,0,0
JJFkdHRqQ0LAv6S_QABpBQ,123,0.63092975,1,0.36907025
JJYa2Y4x8zRreWWCKPRVtw,123,0,0,0
JKlcPu7IwDn-rDCGoLMGyA,123,0.061393046,0.056334254,-0.0050587918
JKxxv3BJ3VxUC7yme32fRQ,123,0,0,0
JLv9gCd1etfFf6VbDv6cQQ,123,0,0,0
JMKRGI1r94UXclURaAgMpQ,123,0.5,0.5,0
JMU1w_0RQAy0SLcFKrBB9w,123,0,0,0
JMUP-NR2Zlp7Gsz2rzE6pw,123,0,0,0
JNVGChHwcoVEL1cEd2wWtw,123,0,0,0
JNiS3sZAUGRV-Es-9IbWNA,123,0,0,0
JNtC3flT9u-FmcN335Q9kg,123,0,0,0
JOrDiXIgpb0sjtd7Cr3CdA,123,0,0,0
JQRgPKhzPHxOAStYoW1_gg,123,0,0,0
JQeb1zUh-zEaKbuk7RtWYA,123,0,0,0
JQvMNDFsvT_njvRgWUir3A,123,0.075961619,0.050259389,-0.025702229
JSBG7uMpQMJ5EoOp077UUw,123,0,0,0
JSWtmumKmF8HjvAbb05ybg,123,0,0,0
JTNPV4-p1bKW_OHKXUc6pQ,123,0,0,0
JT_BRir890qm6kaJC7Cvdw,123,0,0,0
JTqQ9C9S2Qc8_aHtO1965g,123,0.1208113,0.21398626,0.093174962
JUZCIVqZwQ_DD3Rg_m6jyg,123,0.43067656,0.25595802,-0.17471853
JVEG2AJ1gADHhTspOQqO5w,123,0,0,0
JVTb-qDeWjaj_e9-7f1hKg,123,1,1,0
JVTcWzNNMgHXD4hEiaD4SA,123,0,0,0
JW5W4OZCohTvZlRF1jzrTg,123,0.31539153,0.24793126,-0.067460271
JWAr362YHIDwBPtTvy4_Dg,123,0,0,0
JWeXuv2B9lRhiXBcIzsi2Q,123,1,1,0
JXR5AtQzzcV-PUNrJwKNfg,123,0,0,0
JYX0u99wOZ0jrjiRQXVjcA,123,0,0,0
JYY66Iwvw7bW-vNIN6cpKA,123,0,0,0
JZ7_NwOexwsy0-gusF4vZA,123,0,0,0
JZSwwC6jbDtIhMTVEGTqYQ,123,0,0,0
J_NZejScaR5_D6LerjASew,123,0,0,0
J_jerijrgPX7CRvG2mMWMw,123,0,0,0
J_v42xK6BG7VdYiK3EkN3w,123,0,0,0
Ja0OGDZD0Dc0nd7Cs8cTkA,123,0,0,0
JaGMcD5MD4tCfblBfRZBuA,123,0,0,0
JaT9pTWJWLlM9WWZ06UPiQ,123,0.062581163,0.074282073,0.01170091
JabrjJv3_pYspcUhN3OnvQ,123,0,0,0
JakQRw_9dW-j5kJchUf2OQ,123,0.16812754,0.13905618,-0.029071357
Jaq3aXvYpBAjyoKiQwhnzw,123,0,0,0
JbEhTf-smujTggj9yFAlqw,123,0.2875795,0.2875795,0
JbIsevcScUIGSEuGmViNuQ,123,0.1695801,0.1695801,0
JdZtBaU1XDRV_LRQbMp4Gg,123,0,0,0
JeERFBZyECRwzscG3dvKQQ,123,0,0,0
JeH9Q7i0blYtCNMC45SXPQ,123,0,0,0
JeMPH8vo4dPZGvBn3oR6ag,123,0,0,0
Jedxm7YobfXiXUHdx1X8Gw,123,0.16186232,0.16802826,0.0061659396
JgsixYSXHyvcqaz1d7wrWw,123,0,0,0
JhKAgKjSuhzATNByqHTANw,123,0.21398626,0.14606835,-0.067917915
JhhGRMvf1kZou0ZqK3NJwg,123,0,0,0
JhvlUqAhydwG08kuxrzoyw,123,0.111769,0.092155323,-0.019613675
Jhwj7oaRB_-wg1_uiljHZg,123,0,0,0
JiPMk9WmbJu-VfTRAKpZpw,123,0,0,0
JiZhr1u_2YuoVKeir5wzxQ,123,0,0,0
Jj1TkmtKitbC5QDRG35J2w,123,0,0,0
Jjuc1_S7cSPP6SUZbBHy9A,123,0,0,0
Jl0KQyXprSzuCGNYEa0V-Q,123,0,0,0
JlUFYRdIvbElmUqQX8wF8w,123,0,0,0
Jm6NRD_CLjSE1FOd5bALaA,123,0,0,0
Jn9ZxDFKI8VVwIy40Vdqzw,123,0,0,0
Jo9JpnnIT-xaCKuUgN5TTg,123,0,0,0
JoG8VM2rDkJe1C8w-1SPWQ,123,0,0,0
JoJY7SZNUUmTa5t-OG1pfA,123,0,0,0
JoVuMN8MjB7uVcBYS4IbZg,123,0.19519002,0.19519002,0
JoWcRQF7DmMPH6BYHjeLEQ,123,0,0,0
Joqt9XoWuipJPg46KlVn4A,123,0,0,0
Joyhg0QncvFOpKFOOVAfUw,123,0,0.16104283,0.16104283
Jp_YGp-4KTJnexFdev1-Yw,123,0,0,0
JqA2lLtVwUTeZ1oOk93CNQ,123,0,0,0
JqIPq7TVp12LHpQ8HI4SJg,123,0,0,0
JqT6PAZ84a9F140iLDzwig,123,0,0,0
JqbqUhDKIrqzoUvEEgtyVA,123,0,0,0
JrQ4kKePypqQh_d_vlNocA,123,0,0,0
JsAC6cQ2FSad_1ElPj1wxw,123,0,0,0
Jt3GylPuH64uA3zTdbMdCg,123,0,0,0
JtNuZiT0YK3hR0INxZEqLw,123,0,0,0
JuHHLydQ7RxjWmtZpSEZvA,123,0,0,0
JvORgjylhvxElcH1GUdnUg,123,0,0,0
JvUPonIfl51OeVVlKZ4Fmw,123,0,0,0
JvY3T5BH5UxVf8d0jMyWxw,123,0,0,0
JwQMmU4pJLDBdDVFuJhKoQ,123,0.61314719,0.61314719,0
JwkKk4cG--kzkD-fLMhHeQ,123,0,0,0
JwulbBFNBMyinY6KAorrDw,123,0,0,0
JxK6iNGstXVXk56kDacLfg,123,0,0,0
JxpjlWFT13G527sL9-1ePQ,123,0.12011566,0.20210735,0.081991691
JyixUQI4wRG8IiGffdMKdg,123,0,0,0
Jz775JaeZ5-qd8eRY9ykXQ,123,0,0,0
JzGXwXXri7KqkiwBP3qUpg,123,0,0,0
JzPPcIDxQ2Is07lT_ppilw,123,0,0,0
JzaexFe2svFGjEpnOaJsRg,123,0,0,0
JzjoSceWEeqGhN9GmJEKTg,123,0,0,0
K-Ze_LlzlbjWV0SPLmVpBw,123,0,0,0
K-hvr3qqcRlJcwkISgOpOA,123,0,0,0
K0Zx5kdqDaAwL1P0qKGQWw,123,0,0,0
K0vxsF5Cpdyze0BvktpQAg,123,0,0,0
K17847uudqPFPIjSPgxs2A,123,0.41117199,0.50322896,0.092056975
K1Lg1JVV36ylbJu1txkVhw,123,0,0,0
K1Z4CV1kCmvLYJnA30yfAw,123,0,0,0
K1atdJqtMk__T3t_aR1sqg,123,0,0,0
K1xaNvJAmjtRu2BKgX2Z4w,123,0.43067656,0.38685281,-0.043823751
K2GkgW-VmQzMNFSOfgDA9g,123,0.15693994,0.1934264,0.036486459
K3BT4Z51sMiJT5wrP08qHQ,123,0,0,0
K3JUUE6209BUNkXKzDHMyw,123,0,0,0
K4uKK5Joy2VgBRcg-fzNFA,123,0,0,0
K5G7p94Tc81ab15hqfnokg,123,0,0,0
K6Jqw4_mIJ6Qwh0N07T69Q,123,0.40346988,0.39369482,-0.0097750679
K6YawFQbXKRYaJp7U3YBNQ,123,0,0,0
K6ZkptSIH0RjEd2t52N5-A,123,0,0,0
K7DOy9ed82T7jIG-9uMRlQ,123,0,0,0
K7XacurUg5CYoyqWn_sy4Q,123,0.33916021,0.1695801,-0.1695801
KAtUyADBgnlz_-fACwuCPg,123,0,0,0
KAx_lj5FQzXsxjdXf0MLIQ,123,0,0,0
KBNWnXrZ1oua8r-2XqC_2g,123,0,0.16812754,0.16812754
KBh3N6Th5H9xPuOuHPru4w,123,0,0,0
KBmKxSPxEZIFKdpJFcxAiQ,123,0.63092975,1,0.36907025
KC7TeSrNHgzURKg5WKgG1Q,123,0,0,0
KCFyvih3sGNST-WoyF1F9Q,123,0,0,0
KCV-jezsN2Zy-UvI8vPhyg,123,0,0,0
KCxxh5tUtPFJ1itRl6L1Jg,123,0,0,0
KDIzcYEhJVDBx-yHdq-nwQ,123,0,0,0
KDw1B6VZ-c0cSobzgRx06A,123,0.21000824,0.44830399,0.23829575
KEnvorQ-3IYbmZn-0F5agA,123,0,0,0
KFelw8C3xjAAGRFLf_0Wgw,123,0,0,0
KG9wJGEbeIYtoHlKXcudGg,123,0,0,0
KGEdaKlPI-Sv2K_pa2HKgg,123,0,0,0
KGnPTPP-i2l3__OTzA0-kg,123,0,0,0
KGslCssugNfMLpg0O7tIHQ,123,0,0,0
KHap5IDWpce1YN--TUkCyw,123,0,0.13959537,0.13959537
KHsa9LuymDe5oQr4VSE-3A,123,0,0,0
KJ3gDnRQqOeLPIVaqr1BoA,123,0,0,0
KJU2-wVqjc564-TfQUDJRA,123,0.5,0.43067656,-0.069323442
KJhBBzvW1j8fc5neToCPWA,123,0,0,0
KKVaxc9egdsWqo6puI1rJw,123,0,0,0
KLJEugmYo552iwcumLexIw,123,0,0,0
KLmRc1_e8XBU3KrfTI7oTg,123,0,0,0
KM76791235_ozKYDmvLBIg,123,0,0,0
KMi0ac4RBfbWldT974DDiA,123,0,0,0
KN-buQnAME-90bszLThpJQ,123,0,0,0
KN9iuJeZvbN66wWDCoRYDw,123,0,0,0
KNH_UkVfpuL8KUYAlC6-ng,123,0,0,0
KNI32keq5Xl2JYIppfDfHg,123,0,0,0
KNK-JvuvvhG0CT9w6B6QTw,123,0.23540891,0,-0.23540891
KNQz__F64qvKPOxeXPc9Ag,123,0,0,0
KNw5Ogzt1MNLOvmeuB0saQ,123,0,0,0
KPYdacGNQeYGIcPIb_MyJw,123,0,0,0
KQFw8ZysXk9LzVVUfrUmRw,123,0.2043824,0.1418689,-0.062513496
KQSRUu4Aapl0hG6eu2v8iw,123,0.46927873,0.46927873,0
KQVyujlx9sMmtsEFJXwvBw,123,0,0,0
KR5jXb96ao9MNcbazoUu2g,123,0,0,0
KRCo49o_EiW16dvwKbxK3w,123,0,0,0
KRYsPjfkDvce3zXuxAOmHw,123,0,0,0
KSrQ-qr-dXCcJadevuS1RA,123,0,0,0
KTYetzyfqLQDrXNS6L2LFQ,123,0,0,0
KTZETcx_AknqBhWxeTqTMQ,123,0,0,0
KTjAW90RJnFK0qaFyJpQKA,123,0,0,0
KTkzUh-3RtIBZF3BAgb5BQ,123,0,0,0
KTxe33TKY86VJRm41iBm1A,123,0.3065736,0.61314719,0.3065736
KUNb3U-wxhNOpP6hyiKXEw,123,0,0,0
KUdkYM_INLNV13t5-I7yNw,123,0,0,0
KUeLqYkpm9ZZXpUVZ4itlg,123,0,0,0
KV4asf7Xm9StgU07poBe_w,123,0,0,0
KX5djyGdfP_5cw2SIwvndg,123,0,0,0
KXNwateTKpzzL_wqYCjoNg,123,0,0,0
KXYRjdlgg-Gw7mwF22ZAJg,123,0.0967682,0.10943049,0.012662293
KXshrp838UN9M_J6hjSyyQ,123,0,0,0
KYeDtGXTg4lsc0MyAwTmtw,123,0,0,0
KYhEM7n5adDGSB6ZhhgvBg,123,0.5095156,0.38538185,-0.12413375
KZg0CL06YnHlrvi01vU4BQ,123,0,0,0
KZjEo1CEvp2NCZPFbe0tBw,123,0.1934264,0.13959537,-0.05383103
KZocgSIZE67mCDQ1tyzLhQ,123,0,0,0
KbkoIiXYNuA0nd11pZpROg,123,0.33627416,0.20124769,-0.13502647
Kc0OHglUoZN5tWh9sl9iCA,123,0,0,0
Kc7IwXLrJVqAVMkX6pxWbA,123,0,0,0
KdGGV9cAFMk7v_7BsWObag,123,0,0,0
KdIvBUWH78enOn8KlmpxyA,123,0,0,0
KdOuhBZOpKRDFnLL25CQHQ,123,0,0,0
KdTcxdCMdOHZtnJCF6qUCQ,123,0,0,0
Kf5PVQUdDvQYf-MXoeWqZA,123,0.27023815,0.23540891,-0.034829241
KglUzB9w3T7ElPQLYysHGA,123,0,0,0
KhjpIrCWLIzkkPrlu5_caA,123,0,0,0
Ki0t_-elZgqAQRsaZSOmew,123,0.63092975,0.38685281,-0.24407695
Kj7oovbL9IWpNRqBBS7wWg,123,0,0,0
KjJaXF23qJxyy-ckZ0Svew,123,0,0,0
KjRDTAoxM2aglc6bwxWlYQ,123,0,0,0
KjlYa3Wlr60j-PSUZ-KfOg,123,0.61314719,0.61314719,0
Kk6X_pzmWK4q_fgseMJm_g,123,0,0,0
KkmADj2xPhJL6DbZRVQcLQ,123,0,0,0
Km4fALsqos2glOBMz5uyeQ,123,0,0,0
KmSAsT3sPkZRE2LIMU8Gfw,123,0,0,0
KmlAcSovYEagg_UOBb_nSw,123,0,0,0
KnMYCdeVJP9QSY_ZSiwRXg,123,0,0,0
KpPmv-99jCtrJeYVXl-syQ,123,0,0,0
KpdpJia6v1bAEjirG0CcqA,123,0,0,0
KpoPHaTdnKpE8IH7nSJRRw,123,0,0,0
KqIKwbNtxAc3QjKaps5uFA,123,0.29608191,0.18154179,-0.11454012
KqpaOz5LaeshAHpZJ_XvgQ,123,0.30260241,0.38005593,0.077453516
KtRN-Fp5M8HvEqL0PGb_rw,123,0,0,0
Kv81CkNfyOcLXiGiV0Xjjg,123,0.46927873,0.16716045,-0.30211827
KwMpbm3hkfR9OslAbOTbBQ,123,0,0,0
KyjGiDiXPizjePw8mr8dZA,123,0,0,0
Kz1s7GVA3RYw28_fFBUqrw,123,0,0,0
L-GYXxNLLX73hFOI96B63w,123,0.23137821,0,-0.23137821
L-JOEwP6wq5v1GzKuon__w,123,0,0,0
L0L09rkV4mb1z_B4-BCvog,123,0,0,0
L14EXo2TXxM8aZccNnZLrg,123,0,0,0
L1dPGOUpJLbPf0Ddtqxg2w,123,0,0,0
L2G5L_Rr00wqO2QAlnP8FQ,123,0,0,0
L2q0wwC3ye1Zpwr_4ymHZw,123,0,0,0
L2wya1xJQFG4BBunz43gKQ,123,0,0,0
L2zh8S5jpDD4fqCO6Z3AsA,123,0,0,0
L3WswuV8N3AwJZoixb5z2w,123,0,0,0
L4z_gpxzHFhjUVTxgY0N9Q,123,0,0,0
L5-vb-2aosPUdDJ_VEb-uA,123,0,0,0
L541HhOM0bNJJ9Q0xPhpHA,123,0,0,0
L5mbAu-5fXSDSzSaqHiySQ,123,0.17505576,0.27487633,0.099820569
L5vrQnmQJxQiIAqa3x3dhw,123,0,0,0
L62_4r_zHyyI_d5Crizk1w,123,0,0,0
L73y-zwI6QRXsI-hDVkibQ,123,0.11284514,0.13012668,0.017281542
L8VPewsXl2sHcyuBCqtXtA,123,0,0,0
L9dWF4VE6EIOmgxba795bg,123,0,0,0
L9e8Ld37Dca2o0lciqD78w,123,0,0,0
L9fwROLv90l_JcFlFbPR-g,123,0,0,0
L9iwCjd6GFGBFAbRfqqzVA,123,0.14704034,0.13959537,-0.0074449668
LA4DxijAdk04kf24k0_7fg,123,0.22196771,0.23138145,0.0094137375
LAOpiMxzYofaxldIfFNrIg,123,0,0,0
LAaYMVy5XSfopa5kD2YJLg,123,0,0,0
LBvlm3xTYAm9j3Nk-KXBDg,123,0,0,0
LBx6WqhoUc8fTTR-6JIocg,123,0,0,0
LC0s_RIoX0MMrCYUpnzQjA,123,0,0.074282073,0.074282073
LCIb3pARGJQBIcpKwDeMXQ,123,0,0,0
LDDyvHQZnIfbI4gOH2yjEw,123,0,0,0
LDw_VP9a22nnxueeCe7BHw,123,0.20210735,0.16716045,-0.034946892
LEvPHj9Xj7FOFUn67dLuyg,123,0,0,0
LEyRdfEh33INkU_qK3-FAQ,123,0,0,0
LF-K_ErXvM2V6Lyy2kaE4Q,123,0.08908027,0,-0.08908027
LFbespOrrHZWnuayx5DI5w,123,0,0,0
LFeGW2zPI3CONp6pj3acEg,123,0,0,0
LFeO_-IiI97B2a9K37LuBA,123,0,0,0
LGSCqlNcHHv0cOF8u_eBxg,123,0,0,0
LGdsPbczjK_7H6P0ADZkxA,123,0,0,0
LHsCa_aVta4UbbrcL4hE5A,123,0.21398626,0.21398626,0
LIXxRgGZi2mJWrLf6BERVQ,123,0,0,0
LJ7_2tA1lL85vUQEVU5cPA,123,0,0,0
LJDjijp3I5xJ-ujEsLhjMg,123,0,0,0
LK2cFPrCgHc8shHfG1bN-w,123,0,0.11480929,0.11480929
LK73Jp98VX4eHkEIR-8L-A,123,0,0,0
LKYnw9PXqlotUFiCdLEtkQ,123,0,0,0
LMYlEkclQNHbEQ3W1COvDA,123,0,0,0
LMgQvD7RFHvJsUtj7lV6MQ,123,0,0,0
LN2eNwjoyTq350CyO0SGzA,123,0,0,0
LNHVcCbz5L5IfzR6aI67Dw,123,0,0,0
LO_uLZ2ya4VC4JSXqzSFKA,123,0.39038005,0.39038005,0
LP883AysBJqOAIzQnIvqnA,123,0,0,0
LPv176CEXCl7Ggls98FebA,123,0,0,0
LPvDAfuODxZLoB1aLlQsOg,123,0,0,0
LQXOUX3_uS5N8j4SJy5Vng,123,0,0,0
LQqzNWVmMh3wl7UkiN9yVw,123,0,0,0
LR-Io6XbeZh8omSk9U0Uwg,123,0,0,0
LR5KLo9TkFbuLTUnQXz0xA,123,0.14204004,0.27127839,0.12923835
LRJtjAHA6cCMNvcrhEzteA,123,0,0,0
LRj6zNRY7h2jIQusw6LxiA,123,0.28708897,0.15101962,-0.13606935
LSBgWs4JHYzaICHrF1HFmA,123,0,0,0
LSgpMM4vX0uSLLWHopfbOA,123,0,0,0
LT2IcjdLzKdUiTa6fdQLwA,123,0,0,0
LTl0cbH2a8QeQQ3XSA3_dw,123,0.38685281,0.38685281,0
LUNYOzST0BxpkatFjZb-OQ,123,0,0,0
LUNo6gSbyxEY8GX4f3FEAw,123,0,0,0
LUm7q4tqAETrWVwBKsE56Q,123,0,0,0
LVLvf4xOZNUESUhEZdufaQ,123,0,0,0
LVT0AbAlo-kF0uDKEOjxcQ,123,0,0,0
LVZx4OuHSy3DENWylUaDvQ,123,0,0,0
LWZPsSBB2F9OwzFSyHn9qQ,123,0,0,0
LWuQdBn6vp0BFQiR2KEvbw,123,0,0.071235305,0.071235305
LXpyqnUwfxlh2cwlj98ODg,123,0,0,0
LYbV_fjPzbRs6ePlomPXcQ,123,0,0,0
LZtBo1-d482VT3slTnOKAg,123,0,0,0
LaGysanTNxMYRr7ecBy_zA,123,0,0,0
Lb-0y35-vafOkfd9YBWXLA,123,0,0,0
Lb4tcMqkfeOmstBaIYi2yw,123,0,0,0
LbEZNRa1bJ0jIscNMjcZ0w,123,0,0,0
LbHhjXMAqy60eWzUAYZZgQ,123,0,0,0
LbUgWrsKlfUCU2TEMNGA4w,123,0,0,0
LbsFlpZDv9cEFkro88OYQg,123,0,0,0
Lbya7CziNPkqmNI6ZuLlnA,123,0,0,0
LczTdwPxaReILvU1mAwyUw,123,1,1,0
LdF6t1mSXZfQIGTno64FEw,123,0,0,0
Le8CZWLze1L9yCAUExQIiw,123,0,0,0
Lej4AcvQu6FJSiG9WKDiHA,123,0,0,0
LfFVSs7JDKaduaDhb-UGbA,123,0,0,0
Lgt7Im9mQOGQeC27UQrmOQ,123,0,0,0
Lgv4kGbOAB5M6FNIU6RsPw,123,0.30260241,0.30260241,0
Lh3WK2H1bX2WacbGTmLJSw,123,0,0,0
LhY9_D2sx6Vu_k3Zg5n3vA,123,0,0.14434031,0.14434031
LjKuR2y29K_g_xxavtKgIQ,123,0.10858087,0,-0.10858087
LkCs9CH0LbNzvPzZDfxwoA,123,0,0,0
LkTGf2kvp65XcSab4osw5g,123,0,0,0
Lkavnmc1J9TTvk_Vbphb9w,123,0,0,0
Lkcy1YwwvDuWC8MOPbrGMQ,123,0,0,0
LkhJe84hwqwbp_vUrTLmHw,123,0,0,0
LkjyAJk14Sreon1kFMMhpg,123,0,0,0
Ll7PZ9e57oYEw4MiBvyRWQ,123,0,0,0
LlNSYCjK_NcQBDc9ANQKBg,123,0.088877923,0,-0.088877923
Lm6cMA8asvYEl6yak3dljA,123,0,0,0
LnFIWZM_l__4t8Qxj3pnOg,123,0.20909053,0.20470743,-0.0043830978
LnVjm9CpW3VbYRTLVdf60w,123,0,0,0
LnkP3dnG7ICAYO4GFfM3DQ,123,0,0,0
Lnv6mh-gRQ9jDFnswIQzyQ,123,0,0,0
Lo71ebI_B5R2l2QdLtP9HQ,123,0,0,0
LoIJhr2YWPC6T1OUAwr1Hw,123,0,0,0
Lpn57OK2ubkFrUF62Cmwkg,123,0,0,0
LqKbaXH4b5KXEvpdtXFEsg,123,0,0,0
Lrk7Q6eJcu1nyDdW0SMiKw,123,0,0,0
Lrs2ahfuTY40gjPvjivnuw,123,0,0,0
LrwdJ2NP5IBN4BqxpYcUug,123,0,0,0
Ls2aG3aBEGvEV5SLWAmJEA,123,0,0,0
LsEMXiELa5r88OFvVhTEqQ,123,0.38685281,0.61314719,0.22629439
LsiJxeThPhqOXIzHkdtBPQ,123,0,0,0
LtkSNQiCRQPg4yAP_8_RYw,123,0,0,0
Ltn-FyXdf8F7GW0nRB6nyw,123,0,0,0
Lu61Se490C1-rIFqczx8AA,123,0,0,0
Lu6GNx6PnQIbapYTiVHddA,123,0,0,0
LuyljkMoQ7qYIkRVuSN02A,123,0,0,0
Lx6GBILcQ0i8NVh4TPjhIQ,123,0,0,0
Ly3H9o6h9thZpDh-XFJVXw,123,0.61314719,0.61314719,0
Lzl6Hvp0qT0vSMHajz3__w,123,0,0,0
M-dAPAXxbnnwtS6bPNZwJQ,123,0,0,0
M-dZt24z-7vZQOAMncSWGQ,123,0,0,0
M-yTiWKFcFvhc4zOep8Mmg,123,0,0,0
M16zbbRi6grYelJNETHTkw,123,0,0,0
M1Rg1pBkC2Co1NZP5QSSDw,123,0,0,0
M2v9ADSNCbR_dwzUlmfe1A,123,0,0,0
M4mi7ziuhVsgu11HfNRCnQ,123,0,0,0
M5QAuzQB9ee0ntf9RKkx7Q,123,0,0,0
M5R1vCodK6Img_fuUOwBMA,123,0,0,0
M5SNo-S6p-oPzfDhIQkbDA,123,0,0,0
M66nakzSK154_MWlwMaNjQ,123,0,0,0
M67YKAcFxK7dlxKLEdtDag,123,0.063518275,0,-0.063518275
M67gqdQIpd5fSPS52DBecQ,123,0,0,0
M6lYbYEL66cyL7ssHBGD7A,123,0,0,0
M70w-_qBjGdSb7elHjKYsw,123,0,0,0
M7QyhI3YKX4JTIz8ys6YaA,123,0.61314719,0.61314719,0
M7XPWbierjOgpEIA7zNpYw,123,0,0,0
M82JEGjbS-zuulVk8wTIMQ,123,0,0,0
M8rQPcQcOIo2j-dTp1TPhw,123,0,0,0
M8ug2RGyPcDoBJxTexXgKw,123,0,0,0
M9JJt9dn8NGUK1ohQqqIJQ,123,0,0,0
M9nU5MlA8DXVYVveTp2-AQ,123,0,0,0
MA5nOvtyvJhdmTbG2fe4yQ,123,0,0,0
MAMcVyRLCqbF0qtvWBR-Ug,123,0,0,0
MBr-zUCEJP4DNYtWj2r2zw,123,0,0.070015606,0.070015606
MC1BMWcQlA7bgdKvXInZHQ,123,0,0,0
MC8D2gbr-tA_ZJ2BCkbk1Q,123,0,0,0
MCTuJmeSmaLl9mPpjtAK7A,123,0,0,0
MCdNO9oTAiE62ZVAapVViw,123,0.093618003,0,-0.093618003
MCzlzlOw7IGbRAKVjJBPtg,123,0,0.12681702,0.12681702
MDsCNPhMI7Ld72SU0sMU-A,123,0,0,0
ME9Wqs7-ipE8ulmY3kM0fg,123,0,0,0
MEYgLM75-2QpDMycAxQvoQ,123,0,0,0
MEminjfQ5NDcAow16LJ7jQ,123,0,0,0
MEsAlfjx7NZo9vxN1Dd8YA,123,0,0,0
MFJT6gvGirEjPW5-isqsjw,123,0,0,0
MFNxlKyz85Kz7X-bHjE_tQ,123,0,0,0
MFrKgETT6h52BS2BDPZUOg,123,0,0,0
MGgWGBHEUkIOc3zc2xTKtQ,123,1,1,0
MGhd2nlRMNtMapKIstA9qA,123,0,0,0
MHP22e6cQgxsjblN1TFv8A,123,0,0,0
MIjgrNyy1DVjJ7vE0TjU-A,123,0,0,0
MKkCT6R15R2nrURE6VTOgA,123,0,0,0
MLUnl_DTWJo08LUvcmkL3Q,123,0,0,0
MLdndQcJLJA5Z5m2xJT3OA,123,0,0,0
MMYlce0L_M65xeh8SwV3WA,123,0,0,0
MMoQ22Aow5trC8GQROtNAw,123,0.30260241,0.30260241,0
MMsC3QACRbkUz9hTFTjd0g,123,0,0,0
MN1f6pyuuDvfmd9LLJ_PgA,123,0,0,0
MNE-2jbVzA9apB_2F4L-og,123,0,0,0
MNk-bnHSkcovxkiIFuE6wQ,123,0,0,0
MPkaITLNFLHgQfp4DZ9Pdw,123,0,0,0
MPw8Vl0UmfjFUxbhJMoMQQ,123,0,0,0
MQb4_RgMz2nvEM_P8p1NrA,123,0,0,0
MRLSdcoNQoPbZyMCYQX31w,123,0,0,0
MRa2O7cX1507JEOkijR8Ig,123,0,0,0
MTanub3Bs5SPVHshu6vI3w,123,0,0,0
MTxyaJvKjvWRpKJ1s9kAoQ,123,0,0,0
MUO0B36Chdh7F7gKqoDcBg,123,0,0,0
MWFIY_Va5WRkBn-2DsWS6g,123,1,1,0
MWoMoSMa5jUYVJx4HIsVrA,123,0,0,0
MWpsxUPDU53K5TfkZDrnVA,123,0,0,0
MWw5HQ7tn7x0s8VmWYaUqA,123,0,0,0
MXkZMiDX8oH4d5UhwMSWdw,123,0,0,0
MY2UnJWmniPtNtqmD6m_zw,123,0,0,0
MYNZPsFwjUgMzkiG3Xc0jQ,123,0.61314719,0.61314719,0
MYiHZj1r8dSKTA0TT5rCBg,123,0.29762711,0.17723929,-0.12038783
MZPQ_BdeQEjG1IY194vEVw,123,0,0,0
MZUAUyIWmewSDS_TM_QFEg,123,0,0,0
MZlpZ0VbJMmgPafylWvWVg,123,0.091092403,0.10086747,0.0097750679
M_S48HaB4FAWECEtrkQCWQ,123,0,0,0
MaQAiUF7Hwae3qinq0EoRQ,123,0,0,0
MaRHn1fHEUO87NAuvFk5-w,123,0.59609574,0.46927873,-0.12681702
Maac2mE6nLtol4-xA8DPIA,123,0,0,0
MbulS5k9kKQ-KpzuC9ZQNw,123,0,0,0
Mc4H_z_-lEv-AFTKO01utw,123,0,0,0
Mc8hT8SLnE7MgEovQ4UeEQ,123,0,0.094606347,0.094606347
McmtUYsIBm83KG49SRxfHQ,123,0.14804096,0.15642624,0.0083852865
MdYhRwctt21HA2AbtNvSxw,123,0,0,0
MdaiGLPoMby-kr-JMw-cZQ,123,0,0,0
MeXZLDWn4cOz0JLZjMb53A,123,0,0,0
MfAo-QPgFrcziuygx27K5w,123,0,0,0
MfDqmwzf1WxvJFtiRKi4Sg,123,0,0,0
Mfk76Y5Log62B8d-2X5TxQ,123,0,0,0
MgVnpA76FgNZ6_yTaN04Cg,123,0,0,0
MhS7agpg3QIqtzV7lqTiIQ,123,0,0,0
MhbjMiuR74hpqgrjdlZmoQ,123,0,0,0
MjK1-niGJE32rkrD5a5slg,123,0,0,0
MjWAKQFv4x_3VuferX1y4A,123,0,0,0
MjnqhdVybN1mfUFLuwnitg,123,0,0,0
Mjtg7MxxhO2zSOH2aSr_NA,123,0,0,0
MkOmStSNJGmdBTgdNsG-Kg,123,0,0,0
MlglNYibK_ym5EISzUkY5w,123,0,0,0
Mn5bNE0PxKDCv5S6Mgo9ww,123,1,1,0
MnLV2qASGYPNjLYGBLjqRg,123,0,0,0
MnXsBKQlmmdjGBqTUpUxRg,123,0,0,0
MnrpYPKStFZ6a3yyfGBCYw,123,0,0,0
MnyugICMrmiArOSZFxvxFQ,123,0,0,0
Mo4jAwTr-etcBQXQN9gBJg,123,0,0,0
MoJ2wizogHUmk-TkYFcaiQ,123,0,0,0
MoqK23CgDHaN0pc26wyJTw,123,0,0,0
MoswiXgmx6x7eUfQM-zd0Q,123,0,0,0
Mp9XwacsS3q7Sh53-kSrnA,123,0,0,0
Mpm1I9-Hd7oL6DnUylEjCg,123,0,0,0
Mt4iYBMsNmsXLjHe4JIIEw,123,0,0,0
MtJ1XM9PYJlFqjX0n5caKQ,123,0,0,0
MuQhiK9Z7xIymRRcxJMojQ,123,0.07102002,0.07102002,0
MuXo92j7jqQ1s7l2Nfj8mg,123,0,0,0
MwVqMIGChaj9ktX55UBONQ,123,0,0,0
MwgzzE4wO-obvUEQt8v21A,123,0.15148536,0.10086747,-0.050617889
MwriKPfglITzrbjCtqI5WA,123,0,0,0
MxC6vFBs6NGuN1j236413w,123,0,0,0
MxEU8pOa1CcNfzmo3mRp8w,123,0,0,0
Mxn7pIFJQRrwDcYtZddQ3g,123,0,0,0
Mxr8j9SIIoqvPteBM5aIrw,123,0,0,0
MyacB6M-zvo-8zmzhhMMWQ,123,0.29608191,0.14126697,-0.15481494
MymOX9wCNglnezUFWXuHcw,123,0,0,0
MzFUUGOjUkqsMrTyQJRbJg,123,0,0,0
N-Ht9C0IG3In6rc653NhiQ,123,0,0,0
N0Jt_JFMD76MftOX0EvsmA,123,0,0,0
N0z6z49Ae8xJXE677xuGYw,123,0,0,0
N19NgDb6zDEfctJAcpQwNQ,123,0,0,0
N287myreS385BJ45fMVDrQ,123,0,0.090325438,0.090325438
N51icCZQjs9gG-IgJCn5xw,123,0,0,0
N5TnzrBWuF-B5EAIpOP1Xw,123,0.36005461,0.50874031,0.14868569
N6KG4rRiHr7Z3iviFElBcg,123,0,0,0
N6ZKHypB-R1rPp4y2wGeIg,123,0,0,0
N7s1np3lTXrZRDKFurz81Q,123,0,0,0
N8ITUUDRBpo1hTNDvk1byA,123,0,0,0
N9gcGZI9bxNHj9UIrZUeMQ,123,0.094606347,0.13120508,0.036598731
N9m-ToOPrr_PIpMZJOUr5g,123,0.1845757,0.15693994,-0.027635752
NAOL5r19bYFjjA2MwJnYmg,123,0,0,0
NARV_o6P-FnAuj5sOknvRg,123,0,0,0
NB0EI-WmobnhXgplPP3Sdg,123,0,0,0
NC6wR35fassyqbijJAT6Dg,123,0,0,0
NCOLtZ2PYH9s-LPrZbVr0w,123,0.30260241,0.30260241,0
NCX1H6HH5vkKeEmc2gHoQw,123,0,0,0
NCjQXZnTwxsLYZR-12uUzw,123,0.42335287,0.37975363,-0.043599246
ND2dBckgVv9qGA0te2Qcmw,123,0,0,0
NE01gVUp3dJEr2o_QxEBTQ,123,0,0,0
NE5_9qTs-U5Fxljc1EhHKg,123,0,0,0
NF2plo71mxnUOEsV7L17dw,123,0.30260241,0.30260241,0
NFJXv4Wg-NDtK3Nbbj5FLw,123,0,0,0
NFhDlQZw8D5_H5wD8PoVkQ,123,0,0,0
NGGd_11d2RXR8wTurenLgg,123,0,0,0
NH8eSRqtvb29p5KiftDm6Q,123,0,0,0
NHNI2F-xCzx_-3MWOMFfog,123,0,0,0
NHQrYpzT9pmXy9klzn5DRg,123,0,0,0
NIhcRW6DWvk1JQhDhXwgOQ,123,0,0,0
NJXzSdsGOppRW-FYnd83HA,123,0,0,0
NMOxipsnXc6olWdHYzXiYA,123,0.087471714,0.084408809,-0.0030629055
NNgQ8fV5ARQgHw-Ob7l50A,123,0.30103,0,-0.30103
NPKfJJfJ9VlMmV_ke1rKsg,123,0.58027921,0.54379275,-0.036486459
NRdwH14W0IAW5XojqjvJSw,123,0,0,0
NS5_H6As8moDGcaAeyUyBg,123,0.46927873,0.46927873,0
NSyumEovPw1R58bdPOK5Ww,123,0,0,0
NTC1siBWrE257DJ1OlAKXA,123,0,0,0
NTId6AmXei4tRhxSoZ9U_g,123,0,0,0
NTUyI9W69jke-6bx1M9qBA,123,0,0,0
NTuR2rhdAqHzcnY-mRb1gA,123,0,0,0
NV5EoM92xLRhf1r-dD7txA,123,0,0,0
NVQO9Gt-3S_QxzufCMcuqQ,123,0,0,0
NXgMTKURIo9--f03WoF1OQ,123,0,0,0
NXzMECltIUurfWyfJOe1jg,123,0,0,0
NZ87ZISv0wrqSwNObZ-7yg,123,0.38685281,0.23719771,-0.14965509
N_YhgzpcirpEcfNORYCxgQ,123,0,0,0
NajX5fDsuIVzbRCKMh24Mw,123,0.23719771,0.21840744,-0.018790276
NbA5og9Bn_5Tqe1IfBKiPw,123,0,0,0
NbJQmy9ZMiFiboSTPHLr_Q,123,0,0,0
Nbuce0D03EQdaGND4xEotA,123,0.28991788,0.23381848,-0.056099405
Nc62LdCltCmotSWIU0SLBA,123,0,0,0
NcOobrUnuD0PMMieAA49TQ,123,0.065918771,0.070356803,0.0044380318
NcR2g5Rwqvvhw2KtibHCUw,123,0,0,0
NcWwNkXrneBMGjZ09gpmlA,123,0,0,0
Ncmnnq4FmwI9MpNCzBKV6A,123,0,0,0
Nd9V0NC_FKC4sWP_Oxuuhw,123,0.10633668,0.082746021,-0.02359066
NdSNQXoxiFeNZQ1M6uB9fA,123,0.61314719,0.61314719,0
Ndf2SEVjdVLEyoVu02eRWQ,123,0,0,0
NeHob7fIx06Npl2lQBE9Qg,123,0,0,0
NeQciVI-AT4i0KUiLPLt1A,123,0,0,0
NeSlwdkb2hGN5S4kN2xsxg,123,0,0,0
NejwGXWgAt2mA44mRT0obg,123,0,0,0
NerE99TzQoSR0arpX-cJCA,123,0,0,0
NfQOO5jBV8MUGu5IhwWHgw,123,0,0,0
Nfddrl4wLxFW1c7EY4JL-A,123,0,0,0
NfvTc-UVsbToPvrLG-xDYQ,123,0,0,0
NgDJ129bTsO5BYhjP8JhkA,123,0,0,0
NgSkFWM4EqJaVI1Iel1Qjw,123,0,0,0
NgdpI1UFAlCDWSjCwElhcA,123,0,0,0
NhQnrNCf2U-tLtrTUs62_g,123,0.31546488,0.31546488,0
NhS0E-rFpfYvBpidb4epyA,123,0,0,0
NiXjMXmabXxnbIejn7VgDg,123,0.070015606,0,-0.070015606
Ni_NuPz1eqlFkkOdjxh8eg,123,0.61314719,0.61314719,0
NizNX9WmAbr7scyxdYAEOg,123,0,0,0
NjqFMy4LC3taVB4Vs6_eAg,123,0,0,0
Nk1lcym955cxWcd76i6f-A,123,0,0,0
Nk5rMh0-gexhcqYm9cE00Q,123,0,0,0
NkKFTgewHoNPq5ivhsV-gQ,123,0,0,0
NkRwFcPq4sj7hwv-ZL1F3w,123,0,0,0
Nkh7pUB6LVFQlxaVnhwkBw,123,0,0,0
NluBCz5vwqPFQrQahoJMBw,123,0,0,0
Nmb0TzV7VayddteEbO2zxA,123,0,0,0
NmnGpKRiS_nVCHwEvafulA,123,0,0,0
Nnz2QtnXOfPxvHO95oAYXQ,123,1,0.63092975,-0.36907025
No96XjSac4MY64zWOs7lwQ,123,0,0,0
NpJo9JfDdkKOr7pxLUMd9w,123,0,0,0
NqaVoiXSVUQLcYwmy-k9aw,123,0,0,0
Nqlfbw-p6WVmHzgFrsSX7w,123,0.42824048,0.26123413,-0.16700634
Nqsx1iE8MIgPlSVq6WBEpw,123,0,0,0
Nr_PThiVFPhyZ9Z56zGrwg,123,0.07102002,0,-0.07102002
NriyYJu68BXbOAXp-2OsMQ,123,0,0,0
Nrz1IcfbSxBXGNUwvGVIpg,123,0,0,0
Ns7JZ_BvgI9S6-Rbck4EuQ,123,0.38701122,0.3820808,-0.0049304254
NspEkToYxKfni7BlRlA7JQ,123,0.30260241,0.30260241,0
Nszq4ZiLgPaYwGTYmdsx-A,123,0,0,0
NtRI2FHME7rw_gLB3ssIug,123,1,1,0
NtVcy09923OKy4ybExessg,123,0,0,0
NtfpzvbqsOlpv51rBbvnTg,123,0,0,0
Nv7e6vlwEWbFRufyDWU1fg,123,0,0,0
NvHxW4eaIjlbrRE-9Qr-Jw,123,0,0,0
NvK1Gn-Y8IiYVMyLl0YuXw,123,0,0,0
NwTbzfOu_kttjT4f2g2ZCg,123,0,0,0
NweI_7czVYENz-bf0MGwHw,123,0,0,0
Nx4MN1OjCdRXvN5TloFwgQ,123,0,0,0
NxI3Xy5Lj94g3CdhGL9SeQ,123,0,0,0
NyJFbWZiDAMmiu3cSl0ckA,123,0,0,0
Nyg3m6skSRjBm8nttfY_mA,123,0,0,0
O0Y-NG7Yf8aaRCjyrSWE9Q,123,0,0,0
O0kOZXgwhg8yeIBNtHnVZQ,123,0,0,0
O23HmGlwGn3WQomZiK6-Ug,123,0,0,0
O2ION72ezaJEg22roOGjQw,123,0,0,0
O2JRQjzrPKMzJ0zqVfMv8w,123,0,0,0
O2nSiafJ5kHuvWZUprPISg,123,0,0,0
O309sD2Vq3b200i0Roru4Q,123,0,0.1068408,0.1068408
O3s4C-SZfWvEQJD1XhI7fQ,123,0.2043824,0.21840744,0.014025039
O43tL4--1RlSe-0TDiPIdg,123,0,0,0
O68Furb5kE07-FqyobuLGw,123,0,0,0
O6Dfyj2QyIfTXVI3a7RELw,123,0.19092087,0.15130121,-0.039619659
O6fyPA6qm7wXOLlbBv17vw,123,0,0,0
O7bu0A8vlfbP7aiJxg-Zvw,123,0,0,0
O8M-LETl8rMBPwr9E8HxXg,123,0,0,0
OABGPaj3t_gha2RSgq0IxQ,123,0,0,0
OACjhgf8nnYGzFnOhA7uhg,123,0,0.047089081,0.047089081
OBs3ljwDsXT4l33XMM1wOA,123,0.63092975,0.63092975,0
OBuCYHySOZ8jbNZUI297AA,123,0,0,0
OCDmQNP5BA4KEMPp0lvgWA,123,0,0,0
OCpnCxoy885Ot63lf2FVNQ,123,0,0,0
OCs1rWzfoZKw8prDq_83Nw,123,0,0,0
OD1GkmP3MqdhbaMyW06TwQ,123,0,0,0
ODSyLo8F6lEprX4GA75qKA,123,0,0,0
ODYvyr7WwXuJTHC7Ho6MRg,123,0.044779646,0.058906051,0.014126405
OEEecY20Wtb7KEKUlx6bNA,123,0.088877923,0.15101962,0.062141695
OEHnuBCqWFyumJywI4Jehw,123,0,0,0
OEYC1UqzJe8ueS8j4mu31g,123,0,0,0
OExmdhEdcKHQQqXrv6ftTg,123,0.36697596,0.39604014,0.029064181
OF_3GY_Ys2SEIRrzefYI5Q,123,0.33916021,0.33916021,0
OFgjDxPpdWROhjevpJX60w,123,0,0,0
OFj6KTUzQaAi-ilVJ1OxlA,123,0,0,0
OFuAbvvcZT73bIY5Gw0nZg,123,0,0,0
OG1plHx9jfsrojJ7qrN5TA,123,0,0,0
OINYv6r1OMFK9wbDpno9AQ,123,0,0,0
OIaX_WTVzRL_rqr12FPFSw,123,0,0,0
OIexgzCdhIRWdrB5bh9tBQ,123,0,0,0
OIgRxyn7NsaM5ey7NKA97g,123,0.38685281,0.43067656,0.043823751
OIl_ZSc0rDE8iphiAjS-xQ,123,0,0,0
OIwWH9h2kO-IiEAXUZBrzA,123,0,0,0
OJPJDdU0lJ6KA1xw96Y4Lg,123,0,0,0
OK1YQ1VOevNthyEdCekSRQ,123,0,0,0
OKpnJVmBUlAODxpHe_D3Hg,123,0,0,0
OKsj1wle2qij2ap6sYKw1g,123,0,0,0
OLGQ7alK4VKl3YdQk6UF5g,123,0.48611945,0.42081786,-0.065301582
OMbFNPoyGMWK0cZT_7pupw,123,0,0,0
OMvpxF0dEIh9RUNuHPL1Uw,123,0,0,0
ON0cBq_HOcLJHzUAv--1Qg,123,0,0,0
ONQANgDo244EXaZP_naChQ,123,0,0,0
ONlzjNW4Zc757SdszJAWkw,123,0,0.23719771,0.23719771
OO0uXgpwcWE8WFoHxOFchQ,123,0.070755761,0.23504555,0.16428979
OOxdh40Y4D4JzPUHQkRbqA,123,0,0,0
OP225qIqZ3GO9qKLbQ47xg,123,0,0,0
OPD4_ms_n-MVe9Y1zdXR7Q,123,0,0,0
OPHjqOToMZzO8kOtDKJDSw,123,0,0,0
OPJ9dnrBz7b2Sg-XtVsoEQ,123,0,0,0
OPSTvgOmSOw1pIeba23zYQ,123,0.61314719,0.61314719,0
OQGylmAGV8S1ha7gT-ueCA,123,0,0,0
ORKDF2lN0elxvh57CTz1ew,123,0,0,0
ORRYaqPCCsxmKwmkDw9TCg,123,0,0,0
OSSrITRM1GI_FOZJq9x3Yw,123,0,0,0
OSWm8WinvceKa3eVD_V1MQ,123,0.097912925,0.091625444,-0.006287481
OSvhWnl4HmxXVCCe3j15-w,123,1,1,0
OTmkaUxsxybXutgdyIyTlA,123,0,0,0
OU0XvyzxaiYX-GQ2P0cr6w,123,0,0,0
OUBcB0odYLI2_EC_FD0dZQ,123,0,0,0
OUKg4qpovErGyaK2o4lS7A,123,0.19092087,0.30260241,0.11168155
OVQuFp-DL-JZv_ld3G0R1g,123,0.63668244,0.63668244,0
OVoM0VzWh_Mneq-69_GzeQ,123,0.36385066,0.40243458,0.038583916
OVp0y_DCselvK1qYLxDV2g,123,0,0,0
OW9Nl09o0y1-PujUpFp5HQ,123,0,0,0
OWtSteOrlj4EXnIY64MHFw,123,0,0,0
OXlfFHsM15JYh_lvat2w2w,123,0,0.10858087,0.10858087
OY0lWSo1kw_B84JF89kAFQ,123,0.13959537,0.16104283,0.021447451
OY9XDmZIqh98AuVTISsRuw,123,0,0,0
OYRdd_IBcWaIT9tUfLv0YQ,123,0,0,0
OYXF41CIn-A6YvFWIwjJuA,123,0,0,0
OYZ_kaSN82mZ1U5dFpogcA,123,0.14012887,0.25088882,0.11075995
OYbOVRGiRcZX8H6qWDBXhA,123,0,0,0
OZLQdl_796gZY6KNKiDOzQ,123,0,0,0
OZMbCqYlYzl14vz5wYEWtA,123,0,0,0
O_-4xX-JfhDm6S4guIPNdA,123,0,0,0
O_ImSm4Nr0Mu1pP9obQS-A,123,0,0,0
O__5zes2PLGkgweVpZhXLA,123,0,0,0
OaIQ_FXhjRyuExKuQsly7g,123,0,0,0
OaUXiNC1JHQwj18TVPij7w,123,0,0,0
OamCzklBesaI_es2dgfQrA,123,0,0,0
ObERAhPDYXlKSWMURaHlaw,123,0,0,0
ObdiYzks4mmkMdPBkOk1AA,123,0,0,0
Obqxlnd9tqJg79eSGDz7_Q,123,0,0,0
OcVozqwe5DY2boGC5qRP1w,123,0,0,0
Od2Ev0b92eKrciDJIRVNpQ,123,0.57927618,0.58519464,0.0059184559
OdEg-1KfHxMw7NsVu5IdFQ,123,0,0,0
OdhVPRZna4JAW9O8Ih9fcQ,123,0,0,0
OdpYWPfo1cfXTYpAdVqaug,123,0,0,0
OdwGzNH5mdiAXkhAm5VV6w,123,0,0,0
OeMDHEXQcsq0ZGhk9Ta7qg,123,0.14204004,0.14204004,0
OelREhgIRTQyhzjlAJugXw,123,0,0,0
Oem5e-7g5QIifQw2YEtpjA,123,0,0,0
Oenq1G0h8OKf5aJoJrrqVA,123,0,0,0
Ogz6hTmdEaNSHr0fpOdfmg,123,0,0,0
Ohs0wfY7twxUBtbr3KHByg,123,0,0,0
Oi9pGt_YNIfwy3eh3vfQkA,123,0,0,0
OijPMqx5yPxL9rqPSyErqg,123,0,0,0
OjRpY468e2bzGweJ2RPHmQ,123,0,0,0
OkRTinpAJmz6F85_RVvlMg,123,0,0,0
OkiqWNJ8TIMI7O6o7k0DrA,123,0,0,0
Okt01PxUVkpZ9IryIMzXhQ,123,0,0,0
OlK66KgKEaIA1wQZfNfG0g,123,0,0,0
Om79cAwee6BxWKTgpFYJJw,123,0,0,0
OmL2bjLvvRxg1brM5Pehgw,123,0,0,0
OmXFBEYuLpHMClXphGt8kA,123,0,0,0
OmyuyYiGw0uTs9TNaxgWsQ,123,0.055022942,0.078398269,0.023375327
Oo-Sim3XTQXb0oVHJJem8w,123,0,0,0
OpVo6uoypyDGIuGiGrwLEw,123,0.18154179,0.18154179,0
OqMDY9sHyATzGybL0caygw,123,0,0,0
OqNRT6eb6dt1cjc5Os5qDQ,123,0,0,0
OqkHQ8MwreMyo8Z7SS6g6g,123,0,0,0
Or5xse0EKb2M-XiRWHZetg,123,0,0,0
OriZprtD3fn9PPHIdQq6Zw,123,0,0,0
Orlm0XkQ4w2aESR8-xnx8w,123,0,0,0
Osl6vMbpqZaFDG37WYmVCw,123,0,0,0
OstxoVH10OUxZJF0-Qa-Zw,123,0.33333333,0.30103,-0.032303338
Ot3dwSCZ-1m_z-rIoG5tNA,123,0,0,0
OtVHJZSvBK1E3XhqyZwyiA,123,0,0,0
OuD6n50u0Sj99BrKWM77GA,123,0,0,0
OuQZuqvUx90zIBPHzDX7MQ,123,0,0,0
Oui1mlslgSmqe_W4OqXwyQ,123,0.63092975,0.5,-0.13092975
OwWOl11P1Dg6qP_vEiXHQw,123,0,0,0
OwsY3Fu3ZwkQQ5hTdgf62A,123,0,0,0
OxA9MaydLWwXSxntvCOf5A,123,0,0,0
OxOQ7zAyo5r2b412YFWN_g,123,0,0,0
OxPwTirxr6jsthULWBAuZg,123,0,0,0
OxTyCHf7XnTq_5wCyzTUEg,123,0,0,0
Ox_r62-qno_BZUGw-cPXPA,123,0,0,0
Oxa18NucUK_yjdND3u7jug,123,0.16569577,0.15000679,-0.015688973
OxaqY6xoDhFFxyICEX4QQQ,123,0,0,0
OyGZvP_BcWfhQAWe_M0Ijg,123,0,0,0
OyR30NL3vv91Ue4soXejMg,123,0,0,0
OysFen6HrLBZqgkceMzPYg,123,0,0,0
OzFlKHvGPAny2XSW-Nl8gQ,123,0,0,0
OzIypRYjodjAlcCgprvpqA,123,0.078348516,0.11752277,0.039174258
OzvaEOC8eEdkZRNdZYUh9w,123,0,0,0
P-4deFDF0j7La0-Hlv9b1g,123,0,0,0
P-XjTQhjj3KYpgZp4n4qfg,123,0.63092975,0.63092975,0
P0gPl0k1Wj3NX8iD239s6Q,123,0,0,0
P1n1WG61-QM7gvnWJLc3fg,123,0,0,0
P1ql2eJpuyFkeZP-LG0JFQ,123,0.16716045,0.23463936,0.067478908
P241NkCS4JR-QxUwpsA9Jg,123,0.55314647,0.55314647,0
P2VwTR-pwCZK-IAtNZzU-A,123,0,0,0
P33YhBFNnILhM3LpP_6RGA,123,0.5,0.63092975,0.13092975
P4AH4oEApJLwPjcmnXhlqA,123,0,0,0
P4ZH5wVCpBro0dMPqKNPMg,123,0,0,0
P4iywYHwhZuersWm5moVuw,123,0.5,0.63092975,0.13092975
P4lw069E2a49BeDCCDBFIA,123,0,0,0
P5-Ozd8SH1hWsnOVayrYWg,123,0,0,0
P5NJyc2F0XqF_PpUGhxYZA,123,0.29012267,0.61731968,0.32719702
P5mgmd_5b6yNhMkjMWWFgA,123,0,0,0
P6I3coCpOqy_XvnkX8q4xw,123,0,0,0
P7C05LjMBFK06qKUkAvbkA,123,0.14606835,0.1695801,0.023511753
P7YC-vY40th4OP95FcbfRQ,123,0,0,0
P7yOmRREbV0y2I-NGNUmGQ,123,0,0,0
P8RWak_Re9CQWMivIW0fRg,123,0,0,0
P8cwH7A59NgHKFrNjoiojQ,123,0,0.041058779,0.041058779
P8rHjoGYScawOd_cJlVVFw,123,0,0,0
P9-0_aUcjMiVW1sUXodekw,123,0,0,0
P94TxI8PXfebkUpOei1voQ,123,1,1,0
P9A68Bua9uXTx00oLVMZ4Q,123,0,0,0
P9CZ-fov-0fkoeJuINHtKQ,123,0,0,0
P9D0oyIduE2g8LpgsrfgZw,123,0,0,0
P9SZzPvQYqj4-l-YlPsNkg,123,0,0,0
P9VcQ2CnhJlpEaWO2Yd06w,123,0,0,0
P9i9HZ2dpcnMHzgQtV6p1Q,123,0,0,0
PAVqZDfQFKK4syQTVoRh_A,123,0,0,0
PAmWhKSUyuLOF10P3OcUyQ,123,0,0,0
PAz_E7AYc_rhuvEQPy4Fyw,123,0.61314719,0.61314719,0
PCdoT57DhcolXAJHO1J-Dw,123,0,0,0
PDsv1jjpNUv8jFl0e_bCxg,123,0,0,0
PE1S795v9Jk08fGSo6gylg,123,0,0,0
PEhyruu0fJtayrVJ7qYzaQ,123,0,0,0
PExl1_8Nem6RRSFONFkojQ,123,0.15693994,0.14704034,-0.0098996037
PEy4bNhloknboiJazEN4ig,123,0,0,0
PF6XfLREzkN396Q90XXbkg,123,0,0,0
PFGVcS24whf4aujnA4tXBw,123,0,0,0
PG0xfupKRqSWqudtgghNEw,123,0,0,0
PH3PiwKhbji0O-2dmFQ8KA,123,0,0,0
PIWe5VYOcgzum6ush3nycw,123,0,0,0
PJCM9FMaRxZvUKmwfnv2VQ,123,0,0,0
PJHB2s57IVvdPxSA30mlxA,123,0,0,0
PJcq0kTcTWFYIzc53TxXDw,123,1,1,0
PKWxrZWyfCoHz9TIRfdh-w,123,0,0,0
PKzt4KMQpQIRSvOYo3EdFw,123,0.42749722,0.30363139,-0.12386583
PL33J2uP6FM4a5_uv82_rg,123,0,0,0
PM5GkLmQOyAhYm_0gjp_XA,123,0,0,0
PN-cx-Cqmg9Dv1OgYtI-7g,123,0,0,0
POXZeTQNsugdHQGlTGlbyw,123,0,0,0
POo7dAHxT5klNdEMT-ECoA,123,0,0,0
PPjTsKzk3GPQZsqjoQO04Q,123,0,0,0
PQrpCEgd9KLucrJgr_3q_g,123,0,0,0
PRmW4serpMhAnmbWohRleA,123,0,0,0
PSwmwGF-8XzINvZiK-Xa9w,123,0,0,0
PUj0839L0bqfcW_PdDMCLw,123,0,0,0
PUj5BTAscm67FZQkqe2qwQ,123,0.10122861,0.22460836,0.12337976
PV0U0arT_AUfjVBtrKfPSA,123,0,0,0
PV694DKna7yhZr59aVjLMw,123,0,0,0
PVrvSes-P6E4lWdNfG-peg,123,0,0,0
PVuLz7If07qR2Xg-RaEw3A,123,0,0,0
PX0jBsLZe-rfxbEKLrmMCw,123,0,0,0
PXAzIqui5G7nkdITpvjcAQ,123,0,0,0
PXFDj-b3QvDvyc7ZjxhVBw,123,0.043957021,0.043957021,0
PXhz-vP0d1VWnNqFWrfmMQ,123,0,0,0
PZuAsruu-sfYHBXJzEVn2w,123,0,0,0
P_-nXPCiBGaIxllJVKLevQ,123,0,0,0
P_2DQxHwueC4Jm2qM-4Uuw,123,0,0,0
P_UQgUh0bYwxqfuG9Ja_fg,123,0,0,0
P_zYdFLcWZBVrZypphWBqQ,123,0,0,0
PajPv8UGfqHcTmVBn_gnWg,123,0,0,0
PbSEEEHZ1U65qltWUEWdTQ,123,1,1,0
Pc9KwDxcubbJt_q8sLJjZQ,123,0.5,0.31546488,-0.18453512
Pd0H6mlVHwzWxrYgwpdpow,123,0,0,0
PdOTxqTDRuYO1nyin1rzbg,123,0,0,0
PdTbDMWOd8IGAVXhilWIrA,123,0,0,0
PdYmhoq_ZZXjEr8YC6KxXA,123,0,0,0
Pdb0CDLq5cjQwXEh1MCxUA,123,0,0,0
PeAsdBlxW_-ixUpE91cEJw,123,0,0,0
Pg_TVuQdH-pg8nM3SblTKg,123,0,0,0
PgdIkNN6naDX5PVE7Tp-zQ,123,0,0,0
PibfOlyhlkgHQQ7QpyQ7ng,123,0,0,0
PlFPd69WmqqLNB76dCX3Bw,123,0.46927873,0.11731968,-0.35195904
PlGOItOtSgiiHvwpIM__Sg,123,0,0,0
Plhj0ySNsfUItaEDSL4DkA,123,0,0,0
PnQdnMneO4ad2bC14TEkKQ,123,0,0,0
PoDa9_c1Z0nk2dYtsWcKCQ,123,0,0,0
PoT8cFP1IE1HGpr59qxEMA,123,0,0,0
PoW8vfKfNavWIgkTCw79uw,123,0,0,0
Pozl5pBEIl1h1lfuHD37VA,123,0,0,0
PpDgljq-rlsWfeGpi7CaAg,123,0,0,0
PtKK6dxxgmI-Di3YSifgUw,123,0.15693994,0,-0.15693994
Pte-HFCQ-u_7uTverbo_Ow,123,0,0,0
PuE20IfZb-d8xWcVP0LN-A,123,0.2529427,0.2529427,0
PuXp3mTMRgrUu9MjQ_zyRA,123,0,0,0
Pv21UqJ14y9tqGXY2nIXqg,123,0.17998336,0.055022942,-0.12496042
PvCZ7xfZqOE8tYTca5yRyg,123,0,0,0
PwT-fc4ARKVbAfZZwsNNCQ,123,0,0,0
PwVUM9uFdF_ZliTcAzbuXw,123,0.047978871,0,-0.047978871
PwqpfSOPTVrDmOuOZYG_pA,123,0,0,0
PxOPw_T32jFlMqIuM3dcfA,123,0,0,0
PxV93xTBBBuZl4mdR02CVg,123,0,0,0
PxXeGcukE3rs2qBp3shGFg,123,0,0,0
PxdzBkkd3SIu0Mhns0vRcQ,123,0,0,0
PyVYQfFWGc-zVn_cdem_8g,123,0,0,0
PzsoftVaj2rwo5CIfFZDkg,123,0.35620719,0.23137821,-0.12482897
Q-23ZJVyyouSn6uMeOiPwg,123,0,0,0
Q0hm5H2T7OIi6iei0QXeyg,123,0,0,0
Q1-jGQjH6O3fxbpREyVJWw,123,0,0,0
Q1hMFc9HKoOam-GDwTgXQA,123,0,0,0
Q29HIdum2E2HUoRCVLqOag,123,0.61314719,0.61314719,0
Q3Wt6TeCLVJYJlEjTZ5JgQ,123,0,0,0
Q4OPHhni8IqZzJmNLIGNOg,123,0,0,0
Q4b0TjwnZUDW4FNkYaE7Xw,123,0,0,0
Q4gSDUYBtrcNwEAfLR9VjA,123,0,0,0
Q55n0IkKN_Yn_gJLl0t4gg,123,0,0,0
Q5mN4LibpUgHpC7UksUDng,123,0,0,0
Q6h7l3gr7YByL-XhAeGP5g,123,0,0,0
Q6t2SBwkvKS-HRpAuL3QjQ,123,0,0,0
Q8-bpG6jMCMst4hS1gzDcA,123,0,0,0
Q83sbl1_z-B58thtpDExqQ,123,0,0,0
Q9ep3AJTCnA-SleCNCBkxQ,123,0,0,0
Q9uDr4Gh1x9ustx8bfIawA,123,0,0,0
QA9_GLoltUtAhvYvWM9wAw,123,0,0,0
QATvP2P-tyEiKfsq1TRtIg,123,0,0,0
QAxPC4NQYEXbxRMgjfYsVw,123,0,0,0
QCRjg4R8eBDLKGPki8sK3A,123,0,0,0
QCZhSYO1wYtepsI7ybQhuw,123,0,0,0
QDwLFoqjb10c4UjFqyljRQ,123,0,0,0
QECIoC39Y9IV1No3MQ7gMA,123,0,0,0
QEcsV6kCG21ENwXjob9Z1g,123,0,0,0
QFPtpOs68yDy9EHOUPtw9w,123,0,0,0
QFVcf9iML955o77em4Z1wQ,123,0,0,0
QFicJJb8i47vx4MmzDOmPQ,123,0,0,0
QG0IuQWcCOE6dWQQV5h-Dg,123,0,0,0
QGOtNZfasBwWCuawKjypYA,123,0.070015606,0.24495442,0.17493882
QHd1GXGSTdOKKRwXxCQL4A,123,0,0,0
QHgzi9eC-LWb86oUrPB_KA,123,0,0,0
QIr3Q9BYz5YL9mepS7lPmw,123,0,0,0
QIuguXNpP_q_3y0RqHLGVw,123,0.14704034,0,-0.14704034
QJRxdKbLm3eJguT0BhjlSA,123,0,0,0
QKi_awsYOV-grP2yTMsYvw,123,0,0,0
QM2YesmCmxTvt9BadRxSPA,123,0,0,0
QMWP7DDG631i8gMQo3L1zQ,123,0.54139967,0.52943623,-0.011963439
QOIqH25Cp31Z8D9sQmGZUw,123,0.38685281,0.23981247,-0.14704034
QP-CmQqlpTDFzQuA1ldEJw,123,0,0,0
QPPRfD8JxPypOgIP2ekTTQ,123,0,0,0
QPpKiulFZB-U-Q8ewZq3iQ,123,0,0,0
QQ5XXy4Io-_PxkRtcBiJzg,123,0,0,0
QQgvQ4IpMimc5cBNWY4Kpw,123,0,0,0
QRN-yAxnzXMa0zVH_k-6dg,123,0.094788364,0.13886244,0.04407408
QSPUE8emCtBgQ9P1w9P2HQ,123,0,0,0
QScz2C4EPz6VsFAZT0EDXQ,123,0,0,0
QSmlNt90OYAtRwT9C5I7iQ,123,0,0,0
QSqU9yuhBpcCz42BDufXEQ,123,0,0,0
QTYedYZa1kecqsKEz265Rg,123,0,0,0
QUDc8OsOEGwAVbq-xq9U1g,123,0,0,0
QUYg-igiM4Wgrk3o027HhQ,123,0,0,0
QUjUTDuO31X76TO1W7k4Gw,123,0.43067656,0.38685281,-0.043823751
QUyMu9FKTNPv0xreZUPd5w,123,0,0,0
QVven8caZ_HPkSncLMW8jw,123,0,0,0
QWYkm2MgrfAc-L28d9CGOw,123,0,0,0
QXBHj7TlW76kdPh-oQJ3EQ,123,0,0,0
QZAhLIAmM7TjFy2gsfQFHA,123,0,0,0
QZq6Co89xnT6hyjIZkgwSw,123,0,0,0
Q_R-_KEwykXoz7v4S4HRmw,123,0,0,0
Q_xF3M_vSAtW-7oBkYfO5Q,123,0,0,0
QaVE9VFA4HcHHkJhf675oQ,123,0,0,0
QaYoOconVZj3pbA6Zn5-Aw,123,0,0,0
QawkMsBeNVEACEK_tund2A,123,0,0,0
QbbgxHXA2aABVOmDPJCVmw,123,0,0,0
Qc2iqVraqnuA7efVdWscOA,123,0,0,0
Qc8gaANGOwIctSCyfeVh6w,123,0,0,0
Qcl-ka5E-8to7WZIGuNTig,123,0,0,0
QczCdRxNPg08FGbrj9n0VA,123,0.24630239,0.39038005,0.14407766
QdNYs6KbD8rlo1dEUOFFMg,123,0,0,0
QdsCvj8A9CQpach6_-f2uQ,123,0,0,0
QeaG8ZW52nwJJdHHoMqw9Q,123,0,0,0
QffRnelrbdkinfCfBlkvbw,123,0,0,0
QfsnvINOd1a_ERdRfRrQCg,123,1,1,0
QgXmfJtDOVHhXGMYfGhdLw,123,0,0,0
QgjbllbQdfN-aHFibYhqhw,123,0,0,0
QhWb0Bs-q9T9uTjOuaiVeA,123,0,0,0
QhZX4TYYfUxTAKfnSd_OLg,123,0,0,0
QiQnYLP4cNMufoZsnxHjUQ,123,0,0,0
QigcKGefGkJMhVTVXpAvCg,123,0,0,0
Qj3D2t1AeMIDGPbQtazguw,123,0,0,0
QjP_u1S__spN5E-fxz8Fog,123,0,0,0
QjjChjoRF6glRkHlx4s3Iw,123,0.15376348,0.19130651,0.03754303
QkNgjepXTejTwF5_XHEN-w,123,0,0,0
QkfAe8aWsmxYQm79DmTTIw,123,0.23463936,0.46927873,0.23463936
QkxkoGiIX5L2bhgtJpeJ-g,123,0,0,0
QleicUERSrGL8fibf7Mp2A,123,0,0,0
QllbZQT_3Y9m8OeWM4jc5A,123,0,0,0
Qlvnhz7kIQ69jzgE4dEFlQ,123,0,0,0
QlzPGhyazdripYUNKv41cg,123,0,0,0
Qn08B-MKSYv4mqrEfoKxgg,123,0,0.13120508,0.13120508
QnHPBx3ZQRBHEYqbZO_5LA,123,0,0,0
Qom3SKGBa-eWglHe3DclBw,123,0,0,0
QpLQzRIvNFM9QjqEUdUR5g,123,0,0,0
Qpddd2y-_LwCpHRvqfZRzw,123,0.10889376,0,-0.10889376
Qsk0aTclam9W_DIK6bx42A,123,0,0,0
QsodJTfQmASzICAvSX4c_Q,123,0,0,0
Qsx0KGwtJGnlZfUV_VokcA,123,0,0,0
QuXY2IRH9aIdexbc2ClN4Q,123,0.65082052,0.54430358,-0.10651694
QvKS2MD5HhGlure_n5NCMQ,123,0,0,0
QwDH0X_jDivSy4MTiMCHVQ,123,0,0,0
Qx5RP0y3VzyKplHYD9WHlg,123,0.27487633,0.27487633,0
Qx8WMsFNHBfx6rIH_G0nBw,123,0,0,0
QxTMiqAE4Dw-PbeuOcgvzg,123,0,0,0
Qxb_RDQMCAb_3G1yDXrxew,123,0,0,0
Qy0zhduJMSLeOaqDaXYGJQ,123,0,0,0
Qy4qBiz_ZjNaEl8-uNmhwQ,123,0,0,0
QyR97-cNMAnRI2hJxvPteg,123,0,0,0
QyTT8QswP1Mj3fT241eMEQ,123,0,0,0
QyaONBq9-ZHt3my6iygW4g,123,0,0,0
R-e7QGvUpADgawuEDKpMZg,123,0,0,0
R-s0RjtnCRaeVW_dZ5DYbw,123,0,0,0
R-uPcPp8ErRTj8uOA-461A,123,0,0,0
R0NPQEVtdE-3atyhMFt6PQ,123,0.31279252,0.29748701,-0.015305516
R1GSH7SMdj_D_SzFlJxESQ,123,0,0,0
R2wdfvckYBXNdse6NvB17Q,123,0,0.27894295,0.27894295
R3BNk75C3Qwk-a0EgyJ01w,123,0,0,0
R4X8nwA8LFTNRx7N_ns_vA,123,0.088877923,0.099920907,0.011042983
R4ggOJm8NNSCDCqZqPCnqA,123,0,0,0
R56CBNooRN0xOjUMNuatqA,123,0,0,0
R6H5Bh_hvmQivtUAcx-41g,123,0.14434031,0.3065736,0.16223328
R6QCy5sVlySKgqvHb-HhTg,123,0,0,0
R6TEmXzQ5SYrxxs2MiyH0A,123,0.43292618,0.45390362,0.020977441
R7L6Fz8_SJuPJx3TqwzfTA,123,0.22009177,0.073363922,-0.14672784
R8LJQdJh_jMel1RJT51sng,123,0,0,0
R93hqQN4I0GE4k8nPlKwXA,123,0,0,0
R9NPZR3RxACKsiwy3OIiRQ,123,0,0,0
RBCQewnh3PorMAy5EIvf8Q,123,0.081334845,0.079841335,-0.00149351
RBH68BxAFbakcnhyNnLwPg,123,0,0,0
RBK9DtlrAOhMtDhfCskthg,123,0,0,0
RBQkmdMQJAMJUK6O_J_J7g,123,0,0,0
RCM9xJ7dBVnZaM9rFbD9AA,123,0.16104283,0,-0.16104283
RD1laXKh5zBiiTIR-zSwhQ,123,0,0,0
RE0UqmTZH0V-omBNz7jhJQ,123,0.07223616,0.1178121,0.045575943
RE5YnCzfjaaTj_zD3ctp_A,123,0.14704034,0,-0.14704034
RE8PnBEBQ0cPQHSuc6Krmg,123,0,0,0
REFGsoLynoBWxdTEJeXYfw,123,0,0,0
REmj73mVB8Vq-xgQr72ZZg,123,0,0,0
RErGEI3dkzKOXV1yiT_iBw,123,0,0,0
RF3Sj2_sWHKzpVi4zOsp-w,123,0.33333333,0.27023815,-0.063095179
RFQIFBt1degq26pfaUW1Lw,123,0,0,0
RGO7_81aYXGvgTp8Ta6sXw,123,0,0,0
RGbO0H0r09lfTYfwfzfotA,123,0,0,0
RH-SLGR1BN9K6DcfW7JVyQ,123,0,0,0
RHGu3IoLlY43Y4-Ssz8pkQ,123,0,0,0
RHdXUq2tcQwxDsmFfCVRwA,123,0,0,0
RIGw5WGHK9D4Cj_XPwa8uw,123,0,0,0
RJFHEJpYndyXYFYozaDuAQ,123,0,0,0
RJrCpLb6jjfLVIbXV1LuPg,123,0,0,0
RKGTfi-PkNQYNJvw2nRlzQ,123,0,0,0
RKPkxOYQlM0BjhM-H6_vAw,123,0,0,0
RK_q3_WaVFy5Guq1erXPHQ,123,0,0,0
RKoGprZLKQe2iTwwRRyb_A,123,0,0,0
RKuB8P9Qifcw2HVy5M5MhA,123,0.12325584,0,-0.12325584
RLh59rr3vXX9qnqMzUGbgw,123,0,0,0
RMlnIKv29QoI5b--Lu93MA,123,0,0,0
RNNGukTRICVvbgPbzjQTdg,123,0,0,0
RNoj1MZ8fwvEMf0XCrnJaA,123,0,0,0
ROsac3BfoP3IbI8FVBNhkw,123,0,0,0
ROzJ3UppTc8AKpSpKs-bzA,123,0.43067656,0.43067656,0
RPOK4FncLO7ZFvL1La_lTw,123,0,0,0
RPjCBiB0zM8x2cb8uVU5JQ,123,0.21398626,0.21398626,0
RQgRo-TA79LpLm0KSpTzzA,123,0,0,0
RQnJqB6YEixnrKUXa1jUPQ,123,0.30260241,0.30260241,0
RR2RIpU3YhkSENifCC0G7Q,123,0,0,0
RS2jaexiKYNpUzjpAwAJbA,123,0,0,0
RSSnjaGB3csBvVAojOCkXg,123,0,0,0
RSVufKiElGeC8hpn6COhZg,123,0,0,0
RSi92pZnRZC1Qt9EhEoc5w,123,0.29608191,0.46927873,0.17319682
RSiis4GE8resC9fnbzLw3A,123,0,0,0
RSnevtiu9a5C5odCuodhhw,123,0,0,0
RT5LDpIgI0u2GlprpwwONQ,123,0,0,0
RTQ9HEPfrUrtwSDtzY1cKg,123,0,0,0
RTqmb5g1ya13T_d1AcGFTA,123,0,0,0
RU3uXJxBBEKy0LkWSnrTFA,123,0,0,0
RULNu9f_GvtcOcz_gf0YGA,123,0,0,0
RUpWqyxlEdW_6kWBUELQ8g,123,0,0,0
RVwAeCTcd9P6g9y1eqQVPw,123,0,0,0
RW54QoTkuyAWU5SM1I7lUw,123,0,0,0
RWzBJ-9JzJB32DFczkPWuA,123,0,0,0
RXIeMdM988krQQDj6cXwJQ,123,0,0,0
RYKF-828hPSbjlsGw8ZPpw,123,0.39038005,0.39038005,0
RZMA13MQoFpA6G1xVsWs3g,123,0,0,0
RZO4mXMQ3ETRSilbtXoL_w,123,0,0,0
RZpUrkKNEQ_9qzuigz1ytA,123,0,0,0
RZtZPQkDqGLUPgVuINGtTw,123,0,0,0
RaqNKbbCXIIC5_vdvD4TcA,123,0,0,0
Rato4dlfntx6UpyTfOkH9A,123,0,0,0
Rbi4_j_QTRRfoUkSxMyXJw,123,0,0,0
Rcrg_WMhz6KUu-uDhEt38g,123,0,0,0
Rdio2P-n_5-mfwF0KWrl6A,123,0,0,0
ReOxQXEQAUJSPrwm5NCT7g,123,0,0,0
ReomZd6vQUU08tJZiQdccg,123,0,0,0
RfprZthzb2W7VWhJxmzSXw,123,0,0,0
RfvxsUbtavnboeo8lZqCrA,123,0,0,0
RgeU3JYPzIbg3m3jfsdXUQ,123,0,0,0
Rgf3LmaAm59puuS2q6rUQw,123,0.17342766,0.17342766,0
Rh6zgwhiV4jDP8be99AkgQ,123,0,0,0
RhctH2CY3WDimZHTBEibcw,123,0,0,0
RkFshRb7-ya7-HwOII5jZQ,123,0,0,0
RkY3bDoxG4a1FSA_tuD3Eg,123,0,0,0
RkkLVLZUGHAf1jW0l8Vq3Q,123,0,0,0
Rl2IuP0Ur2Z__1gVGNrxSQ,123,0,0,0
Rl2ZJuOEVo12Q1MLREMVGQ,123,0,0,0
RlEryoNlZnAj6r-9GSwLPg,123,0,0,0
RlND9RT8rCwawH7KHO4CqQ,123,0,0,0
RlOqxqYFCUTBohlpxRn-Qg,123,0,0,0
RlhRj59gChHcfqVNVr0iYA,123,0,0,0
Rmrn-574b7-wpphvsWia1A,123,0.1695801,0.21398626,0.044406162
Rmt2ulyMMXxIrmseOjGKMA,123,0,0,0
Rmx6mTKPP_l-pLE4pSzqAg,123,0,0,0
RnCmtdyeKmiVFFvz_NZD5A,123,0.16104283,0.17723929,0.016196462
Ro3wf_oJaL3xdbHE3NzfHA,123,0,0,0
RoB6wgJwPBHCi-dplCR2rw,123,0,0,0
RoaW24eylvH2ZA6NUniE1w,123,0,0,0
RocHF3CKht-UD-Ca0vfjEg,123,0.61314719,0.26406812,-0.34907907
Rod8ij036KYYX6ZTpONTpQ,123,0,0,0
Rpg5D_chzAbkQTA8ks_now,123,0,0,0
RpuHjlLqJBIQoszxwBokzw,123,0.069944108,0.19635794,0.12641383
RrQQ4TfvnyfrHrQU_Ux2Ug,123,0,0,0
Rsgdryta9GXIXrwlxuijJQ,123,0,0,0
RszODUabSVmwm8LzeT09KQ,123,0,0,0
RunzAiqo8ypoXQBZQPIVUQ,123,0,0,0
Rv4tFeGI0Y9W36HEc0iCbA,123,0,0,0
Rv8seYVcBW28UY8a_1nC8w,123,0,0,0
Rvn-Ymc8_9z4vbcm2ZwenQ,123,0,0,0
Rvpknpf-tqhEe2zc4qmJDw,123,0,0,0
RwLCUabG54ttGGzL-t1bZQ,123,0,0,0
Rx-yuTcHTBZ8cJWQPTu9IA,123,0.46927873,0.46927873,0
RxwQtY9MjPMdQWqv57yvYw,123,0,0,0
Rz1w4WzBRDYZOMHtOoWDRg,123,0,0,0
S0ES0FcpKsZeo4aEP1Kx9A,123,0,0,0
S0k6z0PW1yCGPsr5VnyFKA,123,0,0,0
S0mnUtaM2FctSXcGwxsUfw,123,0.27894295,0.28906483,0.010121881
S1-cbVcXw7PsW1GGl1H-xg,123,0,0,0
S1BnbE7NLgidjhbqPGJlsg,123,0,0,0
S1c-e2hdfXPH5MFIKNxTjA,123,0,0,0
S2H9vQ8H_SPH_QAD7a3_jQ,123,0,0,0
S3IUiaj2TELlZSUpIZ7cRg,123,0.13905618,0.24630239,0.10724621
S4JeThIhKiKjnZWkZgIlgQ,123,0,0,0
S4YtUN6caZHcXXEYG29xjQ,123,0,0,0
S4b6AJ09NBYCde-kUVVfKg,123,0.25595802,0,-0.25595802
S59QzY7MKj6MHedX6gTaHw,123,0,0,0
S5Dicm4VnvzPBzuJDOFolw,123,0,0,0
S5NIuxh8fx7THxtl81rFYQ,123,0,0,0
S6FS5m56P5IUzIjl0aOSBg,123,0,0,0
S734_bHNK2aA6B3CLl4VMA,123,0,0.27023815,0.27023815
S84rIUvqA2S0gtpmoK3k_w,123,0.10893649,0.097851595,-0.011084898
S9tQLRs4lkR8QK1bjKH32g,123,0,0,0
SAaFAf82JpQsbHBGSnkn2Q,123,0,0,0
SAbmtqOzEvzYKT4Qo9z_7w,123,0,0,0
SAfSKcsaKe9TghNC5174WQ,123,0,0,0
SAgf1IxxuomOWSIDzy07pQ,123,0,0,0
SArvvUezHN-9AcXs5bg39w,123,0,0.24465054,0.24465054
SBLXtRTOaZ0hu8bwpz-alg,123,0,0,0
SBYCyB-fEM1o03tW7id1QA,123,0,0,0
SBal_DUb_bBdp6eVSUx8RA,123,0,0,0
SBtI1hglZZcviXaWLa-HgA,123,0,0,0
SCPc0B1NccA79yvM2nTzVQ,123,0,0,0
SD23bg8BuhCl5JUiAu6nxA,123,0,0,0
SDSqjDHBBxix-vCK_0bmsA,123,0,0,0
SDkGatUfx1KfKnwXKfkTUw,123,0.053821216,0.038842643,-0.014978573
SFqfCznzp80TAlQitbxPIw,123,0,0,0
SG9gzOvhFXjTnmZD6IEV1w,123,0,0,0
SGPCLi-kVZ_pz1w7VJtkeA,123,0,0,0
SHYVuK2Xk3jPL6ESR-Xl2A,123,0.38685281,0.38685281,0
SHgi3Vu9WkokLzxQjKQ-0g,123,0,0,0
SHyWxJxb-mKiNgHPUSu3_g,123,0.041058779,0.050595683,0.0095369036
SIPopkw4prrb-Zy43e7YZg,123,0,0,0
SK44xBO2pbOuQ5249ks_4w,123,0,0,0
SLTSC9rnESejXJhj466aYg,123,0,0,0
SLutFo-ABke3cNjDVhTliQ,123,0,0,0
SNcM_q22GwHCLx0DEMi_zg,123,0,0.079841335,0.079841335
SNfdtNKgPf7seqxF2NKwNw,123,0,0,0
SOE_XdI0k-M6YJ1vIqbo6w,123,0,0,0
SPFbEfTgtcLdMs-uBWIBUw,123,0,0,0
SP_xjw_WZwhCLSMJuKGPMw,123,0,0,0
SPuP2IsXl79IKaHQcQ2xRw,123,0,0,0
SPuzzZ0VZ1yyD3s9ObLnaw,123,0,0,0
SQinyR2zvyQChsqI-b52KQ,123,0,0,0
SR25hx0umMJoZMcv-9QQIA,123,0,0,0
SRWKHVJzA--CfRrT5sKzIw,123,0,0,0
SSrLztnvLFYaAfBxJN3hFA,123,0,0,0
SSuPn2A4f-L4h0B6KEhojQ,123,0,0,0
STO9KprPS0pZVO75VX_bvA,123,0,0,0
SU9upI0FSXM5I2sqoMHz7A,123,0,0,0
SUDPIeLdAWsKbMxVq3IT3A,123,0,0,0
SUaFTwRpkLOd8QwE0iDaaA,123,0,0,0
SW5W5fIy6w5kRxNLmphwIQ,123,0,0,0
SXSeBBwE1RT5ZXwUBkB8yQ,123,0.088877923,0.10253314,0.013655216
SXm3Tb9h24GHOr0NOy96gw,123,0,0,0
SYJ7-EFUATb0E7qkKedw-Q,123,0.39038005,0.39038005,0
SZ-cdOCtzvu7UHwbq_HJdA,123,0,0,0
SZGYN55UWVgCR62899yfsA,123,1,1,0
SZMHe7wuFY6d71QrvXP26g,123,0.38685281,0.38685281,0
S_UP_ifYBO7bupTPzRK8aQ,123,0,0,0
Sa1GPVlNdgFsGm-yloQNRA,123,0.14434031,0,-0.14434031
SaYctOj-v2LNNkD4EXtZUA,123,0.089617287,0.18297128,0.093353995
SafmfVz8JcH0jQ50nJTt9g,123,0.085304609,0.06077223,-0.024532379
ScTmA4hTN0x5Ug553epdsQ,123,0,0,0
ScmsypB6yw-UrlGzfETB_g,123,0.43067656,0.35620719,-0.074469371
Se5ay5HqEa_cPS1ZXmJ1cg,123,0,0,0
SeTHJctzkxoX5cT2valCew,123,0,0,0
SeWsQoYPbQuMAqfRNNS6Jg,123,0,0,0
SejRcRXlLmQYZPNBiSPlcg,123,0,0,0
Sevmy_LxMAuUqK6E6rImZw,123,0,0,0
Sf3LGHUsHr5ZocB5b2TdNA,123,0,0,0
SfUNvdUFys8CkgRDKBOpvw,123,0,0,0
SfjmhttjXH8wAuYTciNwtw,123,0,0,0
SgMryjAlGfW8KGxgPGd3eQ,123,0,0,0
Sh7VW9oiQ6bSMzb1ExQfdw,123,0,0,0
ShAOVNAF6QDFABSrcvhcLg,123,0,0,0
Sh_vUlHHY2Kuj14eF8NYZQ,123,0,0,0
SiQYmVeOiCA44GPBvokTXg,123,0,0,0
SigXA2Ff2Cm8hl9U47ZzPg,123,0,0,0
SjC79vcEES6fQZBBCiMdYg,123,0,0,0
Sjs1rEw9uUSrk_XnYFmwmQ,123,0,0,0
SjuPkIFCDW30P3dEAHIgXw,123,0,0,0
SkH6Ih32-AXVbQ-vVSovFw,123,0,0,0
SkTfptyQGBQV5EuH4i_Ebg,123,0,0,0
SkljnlkwP95Ak-C_MRMb4A,123,0,0,0
SkrqglaWKXpeuFMniJO87Q,123,0,0,0
Sl9o87a8YDOJKdGUUkjWYw,123,0,0,0
SlY0sqfR5ICp9wXwwRxEvQ,123,0,0,0
Slc16vviuuTWgZ9OsaJzKQ,123,0,0,0
SlcrEk8sE9whYKkiWgR3hw,123,0,0,0
SlioFfHyDspFlV8IM06mnA,123,0,0,0
Slp2CsM93OBoTrbt6iPpvw,123,0.48797506,0.18647294,-0.30150213
SmDz9XEBEhM-MKQWZUX7nQ,123,0,0,0
SnbjdOdKpV1a0FKJmWYNlg,123,0,0,0
SnkCFw-qkZpbfucAqnvnHQ,123,0,0,0
Sp1_SPbLT89WlLv1j-78Ng,123,0.088877923,0,-0.088877923
Sp_Ok9Z2azGHv61ovMOG2A,123,0,0,0
SrDmD3UP8QBsJnjK4iOLZg,123,0,0,0
SrLubbVCO5NmVQTATq2ysA,123,0,0,0
Srlku6jQD9CHav68Iwev9w,123,0,0,0
Sru74jmh8G7Ny70RVUnU1Q,123,0,0,0
SsA3yxts39e2YjVPWGO8Rw,123,0,0,0
Ssi_i_Em3npe0PcQwiazxA,123,0,0,0
St4SwA_Ngw_hJfmw2HS_DQ,123,0,0,0
SuB52LlawFfoJQvzMGUN_Q,123,0,0.14704034,0.14704034
SxY-gdlcWLJG4X3lrPzILw,123,0,0,0
Sx_VnRbh4TMOzz4oNAGvDg,123,0.4412576,0.45221361,0.010956007
SxkOo0Ox-ijvdK4mjwZXaA,123,0,0,0
SxxvSAvwZWBNZnGBcUC_IA,123,0,0,0
Sy4XrEySTmKaPkH0zO4RSw,123,0,0,0
T10FtMoGMhyOsc8OzsGV0g,123,0,0,0
T3wdKRBfHPpydOob4rESPQ,123,0,0,0
T57CqtZK-Dc3vlnLb4wLmg,123,0.1931017,0.10889376,-0.084207942
T5S_vB-syX-Nwin0nwMZzQ,123,0,0,0
T5UVwLPzLLJKmlUgJ9ZHCw,123,0.1782103,0.1782103,0
T5_sIy-5rsrqzh5Dri8PmQ,123,0,0,0
T5cxi0xkaLgJsw0U4z4d0A,123,0,0,0
T65MUTdDVeSQx4mQBSglNg,123,0,0,0
T6TInNEhz-qm5tT_ZjQEoA,123,0,0,0
T74YydMjw7NJX6RwmMgSaQ,123,0,0,0
T7AVmkj5XlSu9PbE2x_kBQ,123,0,0,0
T7GOu_HC3u7xzJjQY691KQ,123,0,0,0
T7RQKxz3PMX0g34yOp2_Qw,123,0,0,0
T7vY_gyFK9GfvmNp6K33OQ,123,0.6751223,0.68682803,0.011705729
T8RXJupSDfSc1Mb-iV5gbA,123,0,0,0
T8wqkLyaktHi9a6AtHnTCA,123,0,0,0
T96rfdKfWCNIKX1W6rr7iw,123,0,0,0
T9HznDnlvehxInpzxWROYw,123,0,0,0
TAbUes8h_qzYAb6t6Hs2qQ,123,0,0,0
TBtZ0m-FG22_tjaZRVOauQ,123,0,0,0
TEVeRSvzkVdC29MTUWdUYQ,123,0.29608191,0,-0.29608191
TFYwPj2wHBA4aHSiZHkTAg,123,0,0,0
TGLXE79kyltqL4CJHkNHqg,123,0,0,0
TGhd6FvWsVfOyXpm3VbvzQ,123,0,0,0
TGphCFbodes5J6c36F-xYg,123,0.37941405,0.19482612,-0.18458793
THB5XX9AB9dmDcN4CmLVmQ,123,0.61314719,0.38685281,-0.22629439
THJo4sOXgM4jxA9UUocJag,123,0.28952299,0.22400556,-0.065517427
THqNSHvZAyeJKuL05Wzbhw,123,0,0,0
TIOaPyCdAY8I6qo3A7AAYg,123,0,0,0
TIXmjkgPQo8sYnryivAHGw,123,0.15101962,0.11284514,-0.038174477
TJ8Hawan8jDIZHS7AAZJwg,123,0.032864971,0.034062972,0.0011980017
TJLkTkFZKwPzYcsGy5Aoag,123,0,0,0
TKh6KhL749k-aNzNske4rA,123,0,0,0
TKiOTvHSsQ_c4D3f81yYwQ,123,0,0,0
TLNI1VHqpKDz8W7xQhIbAA,123,0,0,0
TMTe5IQSA_YBupSnpkwhUA,123,0.63092975,0.35620719,-0.27472257
TMvw_P9T36Jqm3Q8pxlwEQ,123,0.10086747,0.079478383,-0.021389088
TN0VgSVMPG58PO9DNEJS4A,123,0,0,0
TN8MlAzzOhZu9mvX09F6cw,123,0,0,0
TNwbpJSkflp3HPCal_m2mA,123,0,0,0
TOgWJlfkKXrkbZUp9i0-aA,123,0.20210735,0.12011566,-0.081991691
TOtCT6RbDCALsfcM_Pqe8w,123,0,0,0
TPdzRQGdxoF3MOrJFrASLQ,123,0,0,0
TPe_Fjjy3c5vHbu0S6p_RQ,123,0,0,0
TPjf6z1K51f6jUlSFAqQWQ,123,0.61314719,0.61314719,0
TR1I05l15RZM3BtWrMG9_Q,123,0,0,0
TR4nD7pSr5LqGLEYj7Fd0g,123,0,0,0
TR7ezcRznfr1Jif7euZZJg,123,0.24630239,0.13012668,-0.11617571
TRdefJK49S_7K4IpG2dMZw,123,0,0,0
TSHXYGNL7t4PLAK6vSYKyA,123,0,0,0
TScQOePItzkSe-Iw6oX8oA,123,0,0,0
TSg7QXEzlATI1yBEgpz8Zw,123,0,0,0
TSzhi6D3KbLgXtpdQPl8zw,123,0,0,0
TUOAjK2k6EpBExfYGdjcBg,123,0.11099244,0,-0.11099244
TUrTnoXPx3U_36FeW57FCw,123,0,0,0
TUwu8kdkdz2RNHqeaSKcKw,123,0,0,0
TVN3qoXU0-sateboutdCZg,123,0.15071369,0,-0.15071369
TWmxIDteMA-_Pb4AttY6_w,123,0,0,0
TXBlXlRepEljAkDpWjI8tg,123,0,0,0
TY0VBMQoRQF9Pv3x3Ekqhw,123,0,0,0
TYCkjEHPSJSnFb6m6GDluw,123,0,0,0
TZdq4_qM2NZBQkigO5m6ig,123,0,0,0
TZh5qEew8_f1qpbuWEON4g,123,0,0,0
T_XXcWSA9eMp0U7k7jFlFg,123,0,0,0
Ta1lLyGqPxJbOAwWqQw16A,123,0,0,0
TblUttf3s3eMBeW9KTCsNw,123,0,0.054948588,0.054948588
Tbzt5g2KsYRlzHMtsuaTEg,123,0,0.1068408,0.1068408
TdDxMS27vu0fXXxIvz16bQ,123,0.63092975,0.33333333,-0.29759642
TdRW7_XEJDibEUPo-IGSzQ,123,0,0,0
Te3BwftEFN8C9WxImhfM_g,123,0.27902231,0.23102036,-0.048001946
TeRRWmSTokpfPV-FxhnwOg,123,0,0,0
TfEkEzxjvs1WDM6cxUnzKw,123,0,0,0
Th-A3NlhCWBqbTzBZ9Tc2w,123,0,0,0
ThE_x8A_n4vihdTMYjeOQA,123,0,0,0
ThrbbVj_TZ8V6I24DBPLuw,123,0,0,0
TjjmUb-Sxryk4Npt1QVgXQ,123,0,0,0
Tk7jxxIRAL83NakQkDkMoQ,123,0,0,0
TkXMUw-JsVJa-qtX-EVHOg,123,0,0,0
Tkd0zyvvU2_cN2SiGdNjOQ,123,0,0,0
Tl5Xtd_LDMN6mQTK1Rxu_g,123,0.3065736,0.61314719,0.3065736
TlwAJNdq5xgl-81lKoLsfQ,123,0,0,0
TmWLsjALoNouy5UkdVMsWQ,123,0,0,0
TmfrpEbLtBrrY6Cj8d3kQw,123,0.33333333,0.5,0.16666667
Tmg3uetxUI8nuR-KHp7gPA,123,0,0,0
ToF1FkCN5kFo4nS4XT6TLg,123,0,0,0
ToG-oQVqhKp00tjlSxQZTg,123,0,0,0
Tok5zBSJdWUhew9rqVHIeA,123,0,0,0
Tp9EvdZZzFFwfH1m2SVJ9A,123,0.28906483,0.35620719,0.067142361
TpKt7rQVO475RjNi_PJ_rQ,123,0,0,0
TrOgeAyvIgIQn619jJDhaQ,123,0.14204004,0.14204004,0
TrWDuLzeq145toGpoXOEQw,123,0,0,0
TsKCKb8RvMLo40ZBPIYlpA,123,0,0,0
Tsxfh-GlWLiBjG6Sgte6-g,123,0,0,0
Ttn1RtATzZBtWsx6MoPGqQ,123,0.33245171,0.30267735,-0.029774363
TtnKZsZvtVaLUiC5ZAtarw,123,0.31546488,0.25595802,-0.059506852
TtuLyYy4Gf41XA2JUQgY8A,123,0.22180954,0.12826533,-0.093544218
TuRtYw4FvpGffb8z_00Qxg,123,0,0,0
TvRR10a-WvrfO7i3BptQoQ,123,0,0,0
TvormoEZU9XbdjWZfXCjow,123,0,0,0
TxbNdf6t6k_ap7JjKaPCJA,123,0,0,0
TyXoKaSUkkAXdd2R950hIw,123,0,0,0
TzEpR2MQzNoFaRsDVcPJFw,123,0,0,0
U-GZYnsSYuTAwDL1HrHJlw,123,0,0,0
U0AkWphEhV-q9F3C8cQvMw,123,0.18890817,0.086810776,-0.1020974
U0FyH4O8YBk48g03qzbjNA,123,0.61314719,0.16104283,-0.45210437
U1dP2OptDNV6gUkYSjvztg,123,0,0,0
U1jT2RtGyYM7eNilWw-3sw,123,0,0,0
U39V-PPTgJwFm-AjG5sn7g,123,0,0,0
U43Y142p-WpNR2I9KztTPQ,123,0,0,0
U4IUVP5oYoLdUoIf5TgbDg,123,0,0,0
U4WYpjKw10iW_zUgxQi0Iw,123,0,0,0
U4bbjn2NtjyFOf6JUM29_A,123,0.61314719,0.61314719,0
U4dBJgRR_oWYl8b2WSsvHA,123,0,0,0
U5qVyl-JP0scbJLDZvYc6g,123,0,0,0
U6-6AaTVUQLwJp7j7v-tYg,123,0,0,0
U688Gazae9NXbYYwolmYCg,123,0,0,0
U6Ro-OI_fQv6aIX6q95BJg,123,0,0,0
U6We-QO-l3rOnhiRtu9nrg,123,0.33916021,0.33916021,0
U6aIMZbBZxH3wKQZs-7WOA,123,0,0,0
U6vKvA3SxF8Ji2oDj42YMQ,123,0,0,0
U7FKiS1eROsSzBg-7Ohr4Q,123,0,0,0
U7FNfBRQ0JdgjGUYSvKBHQ,123,0.61314719,0.38685281,-0.22629439
U7aysStyFtCUVdFRTpMQ3A,123,0.6934264,0.43510121,-0.2583252
U8zApucx3_B92sqmEdUs9w,123,0.27101621,0.24890833,-0.022107879
U9O0_DHtkdRaic1cWgXXjA,123,0,0,0
UA477JC4yYwk0sX0HdqPfQ,123,0.16104283,0,-0.16104283
UAIcZS-nCgTX067uUT-fTw,123,0,0,0
UA_qr6abNcBWsRgXPldEHA,123,0,0,0
UAwn-0rPwoXe1koJN-Pp1w,123,0,0,0
UBYIZvyDoqSmvyM65QLUKQ,123,0,0,0
UBiJ0YhkHZWM1CuUTy-2qA,123,0.084314234,0,-0.084314234
UC7Nzj-YqDKrYqtbKSiZvQ,123,0.16569577,0.1532868,-0.012408968
UD-8cTOi8Bac3SZ-TBk3xw,123,0.2043824,0,-0.2043824
UDQI6MyqcoC5MLF7tS6aow,123,0.097595012,0,-0.097595012
UF93ng54bB4981krwCMmKw,123,0.079457079,0,-0.079457079
UF9FzbSw8DaxuDKYdLDLjg,123,0,0,0
UFWLdBejhqMt5c4uq2-mpA,123,0,0,0
UGuE28WBdxqvbg-f36ViiA,123,0,0,0
UJGimjz3mriAAWQwzeVWfA,123,0.46927873,0.46927873,0
UJSe-x7OSLZ-sIsv4gqfng,123,1,0.43067656,-0.56932344
UKU5x7fgNWzzdpCh3PqS0A,123,0,0,0
UKjsdQvypama0X_henp77A,123,0,0,0
ULUa0fQawIzMX2SpcDT9-A,123,0.46927873,0.46927873,0
UMjZw1nfSbT4Y1i-c1D_6w,123,0,0,0
UN6MXJuhyGcX7LTj4-b7FA,123,0.23165733,0.20770821,-0.023949118
UNoo0lO-A3EazsWT53REdg,123,0,0,0
UOj2QYz-h2ulUQ6_neLikQ,123,0,0,0
UQQR0cuTHEjeGNkmGSBLNA,123,0,0,0
URl85BbSrpLfsGHytTYHxg,123,0,0,0
USJDTNYrWHnn73YOIPpTdg,123,0,0,0
USVo1Inok4PqkbP-hNKgIA,123,0,0,0
USfovyfryenT69j_tGmI-A,123,0,0,0
UTOcFxq-MQ4kYt2iokiq-Q,123,0,0,0
UTf4tyyn1SubhB3Eoqgcaw,123,0,0,0
UU-Th5R_o0I_v7Z5eARz_w,123,0,0,0
UU1H7HHPZwP64h3BgEipsA,123,0,0,0
UUiUo5iI2WvaIxUDe1-smA,123,0.10778915,0.10778915,0
UUlsjgTZVzzTwBL0fqWK9Q,123,0,0,0
UUvbwEKCAZcwQ_Nif_2pAA,123,0,0,0
UVMWfFx7cZTnwooIYkpw9Q,123,0,0,0
UW9lHlMmAWWNshOU56cQ_g,123,0,0,0
UWKbL2ti8i0GZYBHpXkwxA,123,0.61314719,0.61314719,0
UWV8IMR-eYOLOvLB9U5ZSQ,123,0,0,0
UWfzWr4egGzG7Q3_GOT9rg,123,0,0,0
UXeuqC7Mz9rgKocbN6Q23w,123,0,0,0
UY1y7ceTlilwE2rZAGIucg,123,0.87721532,1,0.12278468
UYgAC9mvMYc12Ufc5KVUnA,123,0,0,0
UZn3xktbK-kqbMk0zQQj8A,123,0,0,0
UZx8E80vZoZdaxg22e82dw,123,0,0,0
U_p6ne9CgPFVoj5KMjhgeA,123,0,0.38685281,0.38685281
U_pf5JE4Wrxq-gaYWa55zg,123,0,0,0
UbFvaKHHIR9lDYI162eCJQ,123,0,0,0
UcvBVjQqjNwmV_5-N71w4Q,123,0.26406812,0.21840744,-0.045660686
Ud13tub_Pkhrgg6aknYPUQ,123,0,0,0
UdyrulYllDxVNmX-32FLFA,123,0.1845757,0,-0.1845757
UeZopw1iFCn7gld3thNOZQ,123,0,0,0
UettuAsx9mBKaoBuIPWMRw,123,0,0,0
UfCo5uq_IkVkBgfkG_yELA,123,0,0,0
UfXWUMl5YDRugGOAwwtMwg,123,0,0,0
UgYi68PFYWqOjY0Eb_wZGA,123,0.12681702,0,-0.12681702
Ugh7DCWR84BglC_3Z-NugQ,123,0,0,0
UiIkgpprbNLqh55971rJhA,123,0,0,0
UiK4Tv3lr_IMEuo-I-g0xw,123,0.20736123,0.20736123,0
UiRx8jyS6H957ItwFsP2nQ,123,0,0,0
UjPoD-gNqT5vVhs6NiOAGA,123,0.25,0,-0.25
Ukkugenqv4q8qhOqJPd7FA,123,0,0,0
Um76wid8nCClTta3JxrVNQ,123,0.30260241,0.19092087,-0.11168155
UmfT9o_iiPzpLf_5PzH1FA,123,0,0,0
UniMVIU5-JglqwXWVEkvcw,123,0,0,0
UnlEej4c5-s6x86oUlxJEw,123,0,0,0
UnmzO7490NG7i_vUQgiLpA,123,0,0,0
Uo9xHmYyZ8F1oAxORUdPOw,123,0,0,0
UoUcF53xTWeGtrycA5A0FA,123,0.46927873,0.46927873,0
UomQKpEl_NJQORq-XM_n7Q,123,0,0,0
UoxRImM1z5AAHYQd2l6bOA,123,0,0,0
UpE0HeoDpX6dkna31cOxxA,123,0,0,0
UpGVyygMdgOViwdvilwGfw,123,0,0,0
UqTvUrtM9VZfcnjMyvfZxA,123,0.20503242,0.48522856,0.28019614
UqbnGiOpb4Jh1KVfhU7_NA,123,0,0,0
UsFFRKCmYp3jzfgckHVMWw,123,0,0,0
UsG1GUJA4mlfsA8Cw7AGlA,123,0,0,0
UtGspuN_2N-1TjZ0a4AvgA,123,0,0,0
UtI7Hd1rTP0GOirh2u9w7w,123,0,0,0
UtU76515GYpQwz1dP0jhFQ,123,0,0,0
UtoHv1RMj_WmOahnMIINKA,123,0,0.46927873,0.46927873
UvGrtngH9e8MFhaWznAXww,123,0,0.10858087,0.10858087
UwVpw19B7uDli1XZYJsC2w,123,0,0,0
Ux4aqo8EOHZjBQNHUtCVHQ,123,0,0,0
UxFLy-Unqfe6NefWjF4Png,123,0,0,0
UyA_TRYpL3M-2zHPU3lENQ,123,0,0,0
UyK5Sjy7H4tTzEJEnS0T6g,123,0,0,0
UyXqGEKod-veD6m6Hq0EDw,123,0,0,0
UznT9x9Mkn7BBkYFvUtcgQ,123,0,0,0
V-Tv_2hv1Ag3wQrqOpVnEQ,123,0,0,0
V-jiTqYCFl0Tdxg8cmx1NQ,123,0,0,0
V-y5BWIQGU0YwxvRKI8Gag,123,0,0,0
V-y8jqK18Ld3WebFXcvOKw,123,0,0,0
V0Op-27HpdBLzmGGbIU0sg,123,0,0,0
V0c-AS2FFCeSaV-3JfG5vA,123,0,0,0
V0t4DbK0NV6PBGwDdv2aUQ,123,0,0,0
V12HIIwQU-dYEQZBxEQTPg,123,0.14204004,0.14204004,0
V1YgQAuxtj97UACFBg27Qg,123,0,0,0
V1swFWt_8ofnG_aj0Sf3tw,123,0,0,0
V2cp2mTPCgDvK_nHZew8DA,123,0,0,0
V2gIAXNN5LSi8iNsxoYS6w,123,0,0,0
V2oYhxFl5gbT7xHYfz261g,123,0,0,0
V3__vNSGlOYADaNhIxMT2w,123,0,0,0
V43W9fnQ-Mstgnb-WLOsJg,123,0,0,0
V4TJ9mwHnq6qMOM_ry1p_g,123,0,0,0
V56BQ_g62xVHwnxFJyJUyA,123,0,0,0
V5N4ssqlefSTJex-2hVD3Q,123,0,0,0
V68aQyvejS3-VjORfb77mQ,123,0,0,0
V74njIb9fS-Ktt3QepblyA,123,0.08930562,0.11688528,0.02757966
V7VZT9e9qhk9_-7scBtFTA,123,0,0,0
V7n8Jo7jIFkOhRxjyiC-kA,123,0,0,0
V7vFZ0z34ndxLT4wqrExfQ,123,0.12325584,0.11253889,-0.01071695
V8yjJRz0y4M2h5_ZVc6ksA,123,0,0,0
V9-i0JZ4hlKx2inVDDpytg,123,0,0,0
V9NB72DrZ-yj8ewsI43WNw,123,0,0,0
V9qLMoPYxK8C4JO01nf_HA,123,0,0,0
VA27YCEmn_Ex42AlCxb28w,123,0,0,0
VAFqUK5d2tVtG0IRC2aoDQ,123,0,0,0
VAkwYJXqpQ3Sp-q_5v_u9A,123,0,0,0
VAlw0kMMWj75mkE8aUVfaQ,123,0.38685281,0.38685281,0
VBLOJ1kmtCkZ0-_fWoQ1gw,123,0,0,0
VBSvIBQ5xVf4l1QCg7-fig,123,0,0,0
VBZUYxhbLFPj2s2x3pYIxw,123,0,0,0
VC4tgIe-pCazLnbzZFJrWQ,123,0,0,0
VCGtMjI2baDvfvt8ep-thw,123,0,0,0
VCX3CrvQGGGIyQx_HAjFlQ,123,0,0,0
VClMTiHXXYlLNjalD3N4XQ,123,0,0,0
VDseKKt5Oe-4fU-z9bHJiQ,123,0.10253314,0.090325438,-0.0122077
VETPB3vkKRpvyThFBGPibA,123,0,0,0
VEaljaTd4qcneYKFPgBbWQ,123,0,0,0
VFRIv3-_Og34wZyy-LigQQ,123,0,0,0
VFi49jfNoR5YJyOLDF3pcA,123,0,0,0
VFiqbVX_Uhh209_lrN0eTw,123,0,0,0
VHvo3sQQ5gz-cCSnB5j3cQ,123,0,0,0
VJ-mbBj5KukiG0thhvZeaw,123,0,0,0
VJ5H-Emw4JK2RAP_4YYn5w,123,0,0,0
VJibUSYBdFQZ_iMcJb_IvA,123,0,0,0
VJvOMCjU3_PJJR4-RhAkEg,123,0,0,0
VK3djwAI_3-0kDLss7BTjQ,123,0,0,0
VKYF5WV8-ay9eZhQzPc4FQ,123,0,0,0
VKj6LamoMDkzwrqZS76Gdw,123,0,0,0
VL2NGgDqG8CoKt7VsG2j_Q,123,0,0,0
VLxDw93NsvT-1ukkNwzk_w,123,0,0,0
VMMX1rxaO6cB2dDhm3fwzw,123,0,0,0
VN3HUv_KRZj-56lb8VyKvg,123,0,0,0
VN3apynnuv00bFwNOnXqqg,123,0,0,0
VN48Nby-iMfDlrr3vieUaQ,123,0,0,0
VNgaEoVkgkEb1LwLcMj7ww,123,0,0,0
VOOeq6ceXwC-EEyImaAZrg,123,0,0,0
VPWsjvB-YWoH8M-1BGENcw,123,0,0,0
VPhcoGcBfrDDtThkX7UzlA,123,0,0,0
VPryWejfgtEZB9BRcTrCmg,123,0,0,0
VQl1X9nuLQ4FRd-oQ1Pgog,123,0,0,0
VR9bXJJcCFOFuHc5gUNhOA,123,0,0,0
VRHIXvswHP4cXrPnFNAEWw,123,0,0,0
VRIpqpZSlQE66UdL5OMGNw,123,0,0,0
VStnohg36Mjqliyp1sqAlg,123,0,0,0
VUFb5monKirGUv7o98rQXQ,123,0.1175161,0.13905618,0.021540075
VUKoeNObTjuNQYJG7HUAzA,123,0.30260241,0.30260241,0
VU_iMC9xrM3PvobEAZhTHA,123,0.23504555,0.23504555,0
VVktaBGTgHuR81tO8rcnoQ,123,0,0,0
VVpKSGwLj-6cmOUNDXRSWQ,123,0,0,0
VVs0OoDD7ikOS5Qtme6YQQ,123,0.081774718,0.1734353,0.091660585
VW1OCVR5X9NnLkvl5E6__g,123,0,0,0
VW5Huy2PwIkxeZ9f37Ofcg,123,0,0,0
VWEsNC4Q9zhU-cTKWZ2wMA,123,0,0,0
VXwH_pQH8YGNP3TTcCQ1pw,123,0,0,0
VYPkzfD8HAims9BAqQ9HUw,123,0,0,0
VYuuNzTWju8D0rr8SvaZjA,123,0,0,0
VZBEaT-i5BRisVfDirzPnw,123,0,0,0
VZkfSUttsSGggV0W2lsUVg,123,0,0,0
V_j-mYsa8Xrn_KEw-ZbyUw,123,0,0,0
VacSjQO-tnA_zGQ5tvY2wg,123,0,0,0
VbngpjySUH5A7GbxuM6S3A,123,0.30580131,0.17465294,-0.13114837
Vbyxj5X9NQ4A4dw-6PVvGg,123,0,0,0
Vc00aW6ssGrSRY_DbK7iXg,123,0,0,0
VcIo6Fz06MpGEg6JF2hnIg,123,0,0,0
VcsCdoefmZqcIC-Ub1JxFg,123,0,0,0
Vdd3dW7Hr4UTDgkPxobKog,123,0,0,0
VdlDFTwkHxuJl9s7kqyxfw,123,0,0,0
Vf231unsXIB_7Go11_ayfg,123,0.38685281,0.38685281,0
VfhSlbKEMaHzlwEPE3gd-Q,123,0,0,0
VgUR1tjCQ9-W-ujE9S_l3A,123,0,0,0
Vgjy1fsnCHLdm7yTv7HqEA,123,0,0,0
Vgk5Cnye-wjiSMGDBKoK9w,123,0,0,0
Vgx_0jPlJ-ji1VvMmWL56A,123,0,0,0
VhR2C5x80KZjZlJZi0O0kA,123,0,0,0
VhfoNPhmSXGj2Vz4vOE63w,123,0,0,0
VhyMPBkWc1mcFpuu2CAAKw,123,0.089617287,0.14204004,0.052422752
Vi8Eu7Rw5NI8o2rNo4F1gw,123,0,0,0
ViryJoPv2kklhXAr6DzDVQ,123,0,0,0
Vj3AO9BrjVuFCwqoNFbeQw,123,0.14606835,0.33916021,0.19309186
Vj6r3d5UnB-_653B0N3Ndg,123,0,0,0
VjPvHU3cZ4qw3IRJITo26w,123,0,0,0
Vjb8dsOwTXQU-4bdmNzfbw,123,0.059403433,0.053646645,-0.0057567874
VkHcPJMAsXKat_q9fsq2aA,123,0,0,0
VkVk8vlWVuTfD18cYWrAmw,123,0,0,0
Vkq2Ej-YzYGPPYTRkN6z9A,123,0,0,0
Vl_DijFhgI7LxvJwN_aysA,123,0,0,0
VlbzHJut6vDyuwm7fn_0bQ,123,0,0,0
VlfYvru05K3Wb_5ZxdYozA,123,0,0,0
VlskOcH3psJzXZG35le4Ow,123,0,0,0
VmRxCP4Mcs5_tMMsUQPw3Q,123,0,0,0
VpQnOP_YpbLf3jblrxvMmQ,123,0,0,0
VpRxmyY98MiwPsUZy1d7RA,123,0,0,0
VrRUmL7jX867Vhnf0nE6QQ,123,0,0,0
VrcCi1FOw_VHQK6dL6tF3Q,123,0,0,0
VsWNYa6IdLv4X9sWUHOPgA,123,0,0,0
VsdFRZlW8jCvWIGz45PQJA,123,0,0,0
Vsx7Dmpjzn-ZtlGQhBOmDQ,123,0,0,0
VtzHLZ2phOGNlADbiyxFjQ,123,0,0,0
Vtze65lOl7gtYqSDOOGA3A,123,0,0,0
VxiOtmp82aPefMIoO5oUkA,123,0,0,0
VxuZkeNKkQk7swMrqE-gsA,123,0,0,0
VyEJ9Asea7SYaxpYFB589Q,123,0,0,0
VyOOe25sT5R_laBlQgIEuA,123,0.46927873,0.46927873,0
VyU5wZeQeijq1HRbu5UEXw,123,0.11752277,0.23504555,0.11752277
VywmuczOB6HTvqO2q_4r5A,123,0,0,0
VzDqzJzccrKY4zKhkkL7cQ,123,0,0,0
VzdBpqH6AadzkClxqqpU0A,123,0,0,0
VzvlG6oXAvY89bURD1Rhqw,123,0,0,0
W-Z8HuwoCGjFWd2XmqbvJg,123,0,0,0
W-flFACtJ-MkRSp9IWdX2g,123,0,0,0
W1PwuOqzqRE6YdH4YC24LQ,123,0.090325438,0,-0.090325438
W27Tu_ydNG9IAg-OtJBc3w,123,0,0,0
W3o61WWDdvFXc0LURM1L7g,123,0,0,0
W3ysWL_V19TTmAvxMRKnxA,123,0.099424605,0.067867851,-0.031556754
W48aWI8oACKFjTt1hBZb8A,123,0,0,0
W4h7DuY4Y6Rahlx_253ggg,123,0,0,0
W5jd3rNCahJAZhJy6-PvKw,123,0,0,0
W6PNO7pSpMwl0V1bKWTg_w,123,0,0,0
W6_HAvErr18PWOyIUCDdSA,123,0,0,0
W6mjfWkADJER2jvNfbnQCw,123,0,0.16716045,0.16716045
W769q2Z_YzE1ugI16H5Gnw,123,0,0,0
W7Kz2IfXL6aVsFXnFWSwrg,123,0.13743817,0.2650531,0.12761493
W7ybV7GHkzUMXJxvUSqjOg,123,0,0,0
W8mlBTC5VPLD5sqW_36Heg,123,0,0.14434031,0.14434031
W8yJxnBg-KmQxiuuc5TwOw,123,0,0,0
WAU7iIVZ-H5u0IFl7SWCIw,123,0.38685281,0.3065736,-0.080279211
WAtUBiZsrlgPEhgC1_jH7Q,123,0,0,0
WBlAiBpB9kMG2YbO7ngYvg,123,0,0.097595012,0.097595012
WCONLWz4OS0eG2K2TECDvA,123,0,0,0
WCiRV0zpH1PGDI8nfPIYWA,123,0,0,0
WCpwB_uJlljwDG3ubjkhhA,123,0.23463936,0.18154179,-0.05309757
WD-fdj-uLSrEZwP_F2KzEw,123,0,0,0
WDH0zFOo4MhQ63Svc1gJhg,123,0,0,0
WDW7cqr-qhqARM_MDXCcGg,123,0,0,0
WDrVbBxsNZt-0ytEyUAaBg,123,0,0,0
WEXb26dYGZAPlh0540ruNw,123,0,0,0
WEZPHhsXnaxOdjng7mao5Q,123,0,0,0
WEcDrK6Sf4WbktpEMGXZYw,123,0,0,0
WFAZQyWYj9bBxggA9l603Q,123,0.38685281,0.26406812,-0.12278468
WFEaOGIAzkpPhjCVfM0FbQ,123,0,0,0
WFP-b1Aep71xjS3TiGEC2Q,123,0.5778596,0.6105457,0.0326861
WGAnBmYoculahF8BbZ8v2A,123,0.069944108,0.13933942,0.069395313
WGkGYrSrP0L38H52Y_rgqw,123,0,0,0
WHSPIgsr5R6xCafCHyKKlg,123,0,0,0
WHqJA3KlqPm-qVqCIP4_HA,123,0,0,0
WHu2JdtgC77zDBzJUV7yrA,123,0,0,0
WIDiCSoG68ScNeLLhORN6A,123,0.34898956,0.38331966,0.034330094
WIdUAxJqXKp2imC_BfcxMg,123,0.17342766,0.13743817,-0.035989491
WJVedIAJN0FRxDn6M1tLkA,123,0.17386285,0.16377338,-0.010089474
WJbcmqbzNh3UmIbzmi3cFg,123,0.053063406,0.050259389,-0.0028040168
WJu9RMMwJXlnckCxmVim6w,123,0.075691389,0.069221259,-0.00647013
WKM6RSy7wzRoFX8osMHx8Q,123,0,0,0
WKcP6_H_490qqUKb81TdpA,123,0.28906483,0.63092975,0.34186493
WKlNDaZmb9SVCgtazxm_7g,123,0,0,0
WMK-2Su_q2GoxhchmotOsw,123,0.33916021,0.14606835,-0.19309186
WMkfatZgnJQvRTwKFuzt1Q,123,0.3065736,0,-0.3065736
WMnqNdty00qsXIB6mCQmfw,123,0,0,0
WO6L5yMX5LEeJuMNMjerRQ,123,0.5308677,0.59267434,0.061806641
WOnrTnfIvyqM4fHrUSoyKg,123,0.61314719,0.61314719,0
WOyX1oiMVAc-MQ4Z-6MGXw,123,0,0,0
WP79j6RwcAybe1q2Dnbprg,123,0,0,0
WPUbM4wD6WbcFo4PHNLQjw,123,1,1,0
WPpDKTDoPmmBBQP_O0DAog,123,0,0,0
WQS9QcrCc74LM_XKiXHAoA,123,0,0,0
WR6fL_DyhlBvOZSE4VCnAA,123,0,0,0
WRiISaV3b5e_AXmsIkfeHA,123,0,0,0
WRkUybH2IXGDsBV1ikP-Tg,123,0.12315119,0.24630239,0.12315119
WSTmVo-gHS_Iu78t_bZUKw,123,0,0,0
WSutZH3DF678KmAV2V3aug,123,0.43067656,0,-0.43067656
WTipt6SzbfxZSqpXNaXScQ,123,0,0,0
WU7oWEpvF4Lv58-tAMHCow,123,0,0,0
WUgxsRUFjATha8L4qWYDww,123,0.55020662,0.47036528,-0.079841335
WUhNrFIJDefgH5D58PNQGA,123,0.27894295,0.23137821,-0.047564732
WUzwj-60jO0vE9SDkEFztg,123,0,0,0
WVFOh-dbgV4HfVcrzikU0Q,123,0.15130121,0.19092087,0.039619659
WVOBKV4rISRKavUpP1ff3Q,123,0,0,0
WVQ6hAz0FeCUY4Gvgmujxg,123,0,0.33333333,0.33333333
WWoUn-pToYQFE1RpZU8LJw,123,0,0,0
WWqwM-ge3QZNrkHzZYgWiA,123,0,0,0
WXNi47QBnu0CkMBRsnKEqg,123,0,0,0
WXq-T0anQraysdsqhDpMbA,123,0,0,0
WYHIdfB8OI2e737tFYHZfw,123,0,0,0
WYSPCs01_qOhZQ5GjuWa9A,123,0,0.15000679,0.15000679
WYakxy-1VlIFy99Nw8r-xg,123,0,0,0
WYzkUzve3km_iimyfw9wfQ,123,0,0,0
WZqPAfDW4OLL_luPInKIlg,123,0,0,0
W_NVP-2PW3d2kBdFpY7LCg,123,0,0,0
Wa2NsScza_oXyOC-h0toNg,123,0,0,0
WaH25kk8oiC94aaSU8YXfQ,123,0,0,0
WaX5rCOD6UFIPHALwugTHw,123,0,0.098178968,0.098178968
WaaY7q4O2EbKyX1DbzshkQ,123,0,0,0
WbBgU1pdguRZW46rFnhuDw,123,0,0,0
WbFt_MePdPAtRv7CxoryNQ,123,0,0,0
WbUPo7dCgVCxTpqOwfT2Kw,123,0,0,0
WeTPJIVlY6Nidsi-ddPdbg,123,0,0,0
Wei_XGP0f-zv8Q6v1W1oTg,123,0,0,0
Weneo2nyrgw7kjXfbfh18A,123,0,0,0
WfBe3uL225QWCqzLzc-Jxg,123,0,0,0
WfmL5RA3N6A6DvwMhzhgeg,123,0,0,0
WgB7wefzCwbLsi6Q84xFoQ,123,0.2529427,0.15958908,-0.093353626
WgIyexEZKh8-qkqRPCF9Mg,123,0,0,0
WgSYAN4h4zURvbo7DuOXSg,123,0,0,0
WgiUHca4MNLC1_TCfB6fVw,123,1,1,0
Wgu91gFc3K6mzAFm3glEIA,123,0,0,0
Wh2sG-n65m4u1zZ7whPG5w,123,0,0,0
WhPENQwvwEtKmPHGkhD-7Q,123,0,0,0
WiTmfps0NhG_K_3QmQHFCg,123,0,0,0
WiWVUgQWW4j_x2z5bUopZw,123,0.2043824,0,-0.2043824
WikE3QVN3x5wpsagFvG06A,123,0.24214674,0.17342766,-0.068719083
Wjjfsieg05NXJz3uioWg3A,123,0,0,0
WkKVjnkD1mIPr6da2IYwtA,123,0,0,0
Wk_xohYcysEWnkhOp3sBSA,123,0,0,0
WmvyZ4nBx2K5XuFCSgY5-A,123,0,0,0
WnQWPIEGmzdSeeJS57Wzcw,123,0,0,0
WnWIbVFWCoTX03rceuAuDQ,123,0,0,0
WoJoRt-Xcg-smZfqMtBHeQ,123,0,0,0
WocT_hSzVTW1CEFYONRjSQ,123,0,0,0
WqeE5e5ROfaVEgkb9dAkiQ,123,0.11004588,0.073363922,-0.036681961
Wqs8A4GTN_5s6xC_EroZWg,123,0.16952308,0.12309798,-0.046425095
Wr05k7PYVpxjf6d0RmXAsA,123,0,0,0
Wr9gMDnwfDumFye-DbclKA,123,0,0,0
WrAlxbeMxLoVNqDfLYJJfw,123,0,0.065918771,0.065918771
WrLe80KxpEoV9aiZMR5fvA,123,0,0,0
WrmUzCpfiwU7_kW5MEDqyA,123,0,0,0
Wt16yqsJAy2XYQyJ6mhsJw,123,0,0,0
WtEiu-f6oN36pfClndou9Q,123,0,0,0
WtY_qt7wa7OsBwYLyywJbQ,123,0.14434031,0,-0.14434031
WtnerGVQjEgJHNM2rnJDEg,123,0.1507906,0.18980337,0.039012764
WuGmedUnECjKFAhi49SEHQ,123,0,0,0
WuiEYopWZOWOuWQD87fVSw,123,0.06077223,0.10966945,0.048897224
WuxGYrNy3eKo0zo_mtn-4Q,123,0.065918771,0,-0.065918771
WvsnN6KamVC7SCGf9KkNoQ,123,0,0,0
Ww93-NvLc-48C0VotXfW3w,123,0.27023815,0.43067656,0.1604384
WwQS-BdfGxOFR2iQGjGI9Q,123,0,0,0
WwV7gH_tm_p2AC22a4mcrw,123,0,0,0
WwXBUUjLhOzrresGF6Kf_Q,123,0,0,0
WwXcQxvbCXQ1FyVTLvua5A,123,0.63092975,0.5,-0.13092975
Wwili01Lgz-zXLvZTe63kg,123,0,0.23981247,0.23981247
WwtemXxK2bOKSLrfT5II2w,123,0,0,0
WxEjSjQ30XWpgSiymEG3bQ,123,0,0,0
WyDoIlJXTrrE7x290PDOdw,123,0,0,0
WyK9pPXLpkBjNYIQAivMaw,123,0,0,0
WzhoLpHMXI59ETuQ2sRVeQ,123,0.032864971,0,-0.032864971
X-amyxsPEkrxDcWpLD065A,123,0,0,0
X-vcl3qEX-2TyXeQIVCGaA,123,0,0,0
X0ThBT2nXkeEFzd7RSuy6Q,123,0.20784154,0.13905618,-0.068785364
X2-CRkBDuTpDVvsjQNau3g,123,0,0,0
X25_R-Eq6krGixe8aKa0IQ,123,0,0,0
X2Mrrrf-0vXO0eRweYtdsg,123,0,0,0
X2RXhwiOcMs80Oqu4PDwTQ,123,0,0,0
X31wY-lmKTHlZSnTTIliug,123,0,0,0
X3ZiMVOZHWFADCnK-a7kpA,123,0,0,0
X5942llNd4x3MUIVMRbHAA,123,0,0,0
X5YvZXiyRnsisq2rOWcnCg,123,0,0,0
X5eJHB_FPiDTmqtoP6z7WA,123,0,0,0
X7SLxcgTztX5pxtveuRxyA,123,0,0,0
X7cXuXASGDPhFyPhQtn7og,123,0,0.24465054,0.24465054
X7jauXYv9ypW5yenyvxtjA,123,0,0,0
X7zm8FuL1iDfIbfFK9WFBg,123,0,0,0
X8i-TAgTLjXL64knoBRr8A,123,0,0,0
X9r1TeJZ14dtQU71yOGJiA,123,0.33916021,0.33916021,0
X9uzuyZ09EJEXD54d6Rxag,123,0,0,0
X9w-L5IKSyF0u3n7rv1mfw,123,0,0,0
XAbSqdzmYLwg0Cb3TAXMMw,123,0,0,0
XBMj4kvQJ8Q6DlCsV3AFvA,123,0,0,0
XCuw3_AOU8UNvvgoXS-H2A,123,0,0,0
XDD5XqPtWB1jdsfPAZnoJw,123,0.23981247,0.23540891,-0.0044035532
XD_SGGnLRR-NmdI_jjobZg,123,0.23165733,0.16063731,-0.07102002
XDr8lhIRiwIKNSe8AssCBg,123,0,0,0
XEwEdPIjryudxfU098wapg,123,0,0.13959537,0.13959537
XFHhiKVclPnQ7wGK_iCLzQ,123,0,0,0
XFj5kPAKh4yXzoPYo5Auig,123,0,0,0
XFjZZ-8embQUlQ77a3hX0A,123,0,0,0
XFlYbb_mCmDEtvbqEG9oog,123,0,0,0
XH6Y_I9lWkbGHuHhNuG15w,123,0.094356194,0,-0.094356194
XHNdl0kaMo20Y5dDY1Rvxw,123,0,0,0
XHpl1JrAMvkXxNLRblmsCg,123,0.2529427,0.2529427,0
XIBnJEuWOsyUQD9wc5U_wg,123,0,0,0
XKKaSI1pAGiZ6TcnokfjBA,123,0,0,0
XKNZnfHJ6EfkQp8AgOcOJQ,123,0,0,0
XL0_FA6B9CceFH0jXhM3KA,123,0,0,0
XL5ZzHfa881s1IhJ3-o1BA,123,0,0,0
XLiKD8qS8VodTy2QD8RNpg,123,0,0,0
XMKNNh_DTQ12U8u9R70deQ,123,0,0,0
XN1N7gL7c9WpXQ0Ks9r_3A,123,0,0,0
XP5hqB6A9rvXlH_LHtzUgA,123,0.53831243,0.51512544,-0.023186989
XQIah0kkExdDVFSRGRfR6Q,123,1,1,0
XQk1uBZuavl2INvbrflpYw,123,0,0,0
XRvmpSKAM5St2pkweG2GYQ,123,0,0,0
XSEbLukGIr45dU__Lnn3Yw,123,0,0,0
XT-P6LKB96Zmj_M-q3bqXw,123,0,0,0
XT8U_rCZ4c15BoFkDjkOIA,123,0,0,0
XUijXbIyQNrGFNicQAcShA,123,0.43067656,1,0.56932344
XUyDnaKfA7xRfZzaZ03L4w,123,0,0,0
XW6i1_9QekbOzEbdXt9L3w,123,0,0,0
XWpIvZaVQ4pmZnICEXouoQ,123,0,0,0
XXDSnBwj1h0Y_sUO3O26Og,123,0,0.14804096,0.14804096
XXPvWVBIU1LRIKp4wBMlbg,123,0,0,0
XXm_EbEdCT7SYYFS-8Oc-w,123,0,0,0
XZKpVvWDT0bSm4y4DzUoaA,123,0,0,0
XZhUoXvEgrhj3OdocKmVVw,123,0,0,0
XZk1SPhiCI6acusRLrJpjw,123,0,0,0
X_EP3kbaQpqTFtI10oAg5Q,123,0,0,0
X_HiGQolJnAaAAZcBkINug,123,0,0,0
X_LqMZtELMrT4l13Uwu58Q,123,0,0,0
X_RMhFoyV9e-EQSuqKs1yA,123,0,0,0
X__4-RqxoKvT6rGIFIa5Bw,123,0,0,0
Xa8kFFBBtn_UIINQ6-SumQ,123,0,0,0
XbZt0hG6xP8JX-k1FGgIDQ,123,0,0,0
XbwMo8eTjoieTPKWBC3PFQ,123,0,0,0
Xc1PYgr9oyCG1aKy1r3q2g,123,0,0,0
Xca3XaX66luta0w6XLqbxg,123,0,0,0
Xcu4DqYBy83f4xS-FSZnxw,123,0,0,0
XdyC7x3VCOscloPNdp8biw,123,0.070015606,0.10086747,0.030851865
XetBcu9wS-py5BXtJtTc6w,123,0.037286325,0,-0.037286325
XfA2JoFqbLFcRrKi3Fp1-Q,123,0,0,0
XfL5-Ygey6pszU7sgXlXQw,123,1,1,0
Xgp8shQ9oseGhvvDchVLwA,123,0,0,0
Xh9oUo-dRfeKITOZlqAJeg,123,0.23665119,0.11284514,-0.12380605
Xio37ARSzibBRNu70SYrXQ,123,0,0,0
XjLvFaNKzzprEDRR-3kxsQ,123,0,0,0
XjuGctJx7VwRXSx-Km0B3A,123,0.072567831,0.30260241,0.23003458
Xk0US9OZz-YgodHoorfCww,123,0,0,0
Xk6ZzhcWxX75itP-4Am3Zg,123,0,0,0
XkLr9hQUN6OSeILrOEOIOg,123,0,0,0
XkOa5apLdxsEISN9qseteg,123,0,0.11731968,0.11731968
Xl4GuxeCK5t_x91Dla4tsw,123,0,0,0
Xl7AcPmjg13omTqjBiQGSw,123,0,0,0
XlV26dOxOCYir2VEpjjgiQ,123,0,0,0
XmyRqZqwlBvrq_-9jOIcPA,123,0,0,0
XoBB5cDwgP69TVTo9AZDuw,123,0,0,0
Xoe6bjc9Qamd-wX6XDl9FA,123,0,0,0
Xof225KneC9JrUbn5Zjv7A,123,0,0,0
XogL8eho2k3RPwi9SCAjuQ,123,0.22413689,0.19263572,-0.03150117
XqUJbuo_ZIa1uMESArG0jQ,123,0.30103,0.31546488,0.014434881
Xq_IhjXqj5L9lxLlz70WXQ,123,0,0,0
Xqr9B0KrJPYn0ln9it-baA,123,0,0,0
Xr64BDXkLCWZrslccQBN-g,123,0,0,0
XrWAdRK4CUUK85Ak3x-HDw,123,0,0,0
XriEhnKC0Sa0s2yEVIjwvQ,123,0,0,0
XrjhjaU3fo6Q7bmiEvE2uA,123,0,0,0
Xs72dEsypfmB6jK8XUxIUQ,123,0,0,0
XsDVYWnBhOgNGJOsak8NDg,123,0,0,0
Xstf9n7v8rSOryJAuY2S7Q,123,0,0,0
Xu7itIAz90gMsN33mzbO9A,123,0.29181045,0.29181045,0
XuaqlmZdRldcw97I_TtX9w,123,0,0,0
XuhpPK0bZgVenkGBh7KA6w,123,0,0,0
Xur1PwRYVP_XBpZMcQQQgQ,123,0,0.30103,0.30103
Xv3ckcl1D7bcsWJc3ZHdQQ,123,0,0,0
Xv5xbm0IVJ29zzDZJQHQIg,123,0,0,0
Xwn46TsxnY48gZI3_ELKoQ,123,0,0,0
XwnKXff-UPOx2Hx_fyS0dg,123,0,0,0
Xx9jjBtv9DS9jSMEKtwBRA,123,0,0,0
XxG5SZOPkihWeJe3r9XL8Q,123,0,0,0
XyMb5PfeqIj-WCErtMUF1Q,123,0,0,0
XzatI3VtSOCyq9FwPHB09Q,123,0,0,0
XzkAuSae-i9_6Mxe02O41g,123,0.082746021,0.076674814,-0.0060712073
XzpJ4uHkxARCFQiZ9bffyg,123,0,0,0
Y-4RCXXrQ8hS5bR5uTp48Q,123,0,0,0
Y-P0-dfy2ne_VCHyIkMyTA,123,0,0,0
Y-RgbJng4SjUkL3eD76pjg,123,0.063235676,0,-0.063235676
Y0SsDKgvyyJiA1bUJUnQ9Q,123,0,0,0
Y0bU1sUobTqRTUA15nyJbQ,123,0,0,0
Y0ymek23PIy8SavJQOLYDQ,123,0.12011566,0,-0.12011566
Y1ZlH1POk3OCT8xGM7Exnw,123,0,0,0
Y2CR8JRZVR5Qql0wmnYkVg,123,0,0,0
Y2GgRKzWgNma88jIZ6fI-g,123,0,0,0
Y2dhNLLyzeHTJ4zet86rRA,123,0.35620719,0.22767025,-0.12853694
Y2znUUlJVlBXxlMZ4I24zA,123,0,0,0
Y3SuYW73lQjqDhgi3tg3Fw,123,0,0,0
Y5Cm1W5xIavEjFF5cEqJlQ,123,0,0,0
Y6EwtRSR8X_ODTLtlPtMWw,123,0,0,0
Y6M6P80TVtOls_WRFN_Svg,123,0,0,0
Y6gA9-BmO0DT_4KL0XZtQA,123,0,0,0
Y7gSnyxb74YNfdAuvByFPg,123,0,0,0
Y8K7xihLy-mlO1XZeUkEPg,123,0,0,0
Y8L1xsq3MjtO3K94iQ26dg,123,0,0,0
Y8feumhKHDt8f7O1Zlsurw,123,0,0,0
Y8uEQnccKOpgdYOE3ls1ug,123,0,0,0
Y91WAsGW4gCx0pwKhGLyrQ,123,0,0,0
Y98OvuKyneVdT-ou45x30A,123,0,0,0
Y9oJKRhdO_Poa4awK6XyEQ,123,0,0,0
YA4vx_4sLDYM2qmLOkMXgw,123,0,0,0
YD4H2Q9PblePv7r_uQjV5Q,123,0,0,0
YDHiKc9bdJQDEfl17L_wPA,123,0,0,0
YDNpK_Mic1T87ydaISva_Q,123,0,0,0
YDss19FKlGBB1cB-9u4IcA,123,0,0,0
YFHWA1cTiCW5F6pSnvPRow,123,0,0,0
YFVnvzo8c4Q_Yu6kMgPJBw,123,0,0,0
YFjhpiXIC6r4lQNQHXq2aA,123,0,0,0
YGBhHN84Mo7cHWjqZx7ipg,123,0.086810776,0.084790051,-0.0020207249
YGJGIFYlCNB76Ltd88PQIQ,123,0,0,0
YGc7p_3i4esYBVUOSED8XA,123,0,0,0
YGi5jGcm0CaVyuou8fhdiQ,123,0.06242195,0.26520318,0.20278123
YI0M1tTcrBBkGTQip4M3sg,123,0.13905618,0,-0.13905618
YIAsRzpLeUw1TGpS6tXZGw,123,0,0,0
YIHUC2UIztKeQlsf2DIXug,123,0,0,0
YITkUpFtZLlISKCQT4q-Eg,123,0.29608191,0.11253889,-0.18354302
YIlGbZJKTllSiSeHhlUDMg,123,0,0,0
YIxKH-Nb48riSiYeEoeEiA,123,0,0,0
YJ4PpnlQvY6SkD2704xobQ,123,0,0,0
YJCCpBdK_YrmFOWg-hedxQ,123,0.61731968,0.59253457,-0.024785116
YJE5eD_PmNmA1tvz4HqRxg,123,0,0,0
YJO-VbFhtIq1ipnjbK3crg,123,0,0.13959537,0.13959537
YKGKifvl3BrL5d8o4_7MNg,123,0,0,0
YKXSmvWn95LfXn3FOPo_hA,123,0,0,0
YKrMaknUqQWdWRPF7gTy9A,123,0,0,0
YKubepkxyPpL6pkz5FO8Fw,123,0,0,0
YL0jWZP_P9tXyrHxRn5EOA,123,0,0,0
YLInM21z5dI7wJmDLvGyOw,123,0,0,0
YLc7Djf3GsC8IT84YkZMzw,123,0,0,0
YLrXKz9XL_EDzVK3yIIerQ,123,0,0,0
YMkdlZLq9mJU1OpYhVPj2w,123,0.1782103,0.1782103,0
YMpVSfZ56CB9egxykFunjQ,123,0,0,0
YNGmEYqmNja-Rj03239K4A,123,0.20210735,0.46927873,0.26717138
YNO7wE1BWz4WhMOs2ejPSg,123,0,0,0
YO5K8LK8lMcaGdD4hShkXg,123,0,0,0
YOIorhfo8hHhilRyam2c4w,123,0,0,0
YQDSPTtB3oDaU3rHpxFUxw,123,0,0,0
YQfqyaEXmf_ZGjKMCWH4QA,123,0,0,0
YRrg-rXMFK6iY_xetu8Znw,123,0,0,0
YV6uaSzANkraOQQzN0alWg,123,0,0,0
YVWTqpJGwh4Jc515jCFlHg,123,0,0,0
YVhPnISPfEvHJyti7vSlfQ,123,0,0,0
YVubQ2A2EDTxbxcF6lkMcg,123,0,0,0
YW-3YXtHEg49e1A_VlGbfA,123,0,0,0
YWJFfBTUdgAH-AXW9JnYxg,123,0,0,0
YX2qyh485h2oqVhyFFMWlg,123,0,0,0
YYAEwDqJuSH-aD_T50wOvQ,123,0,0,0
YZI55_8xRngkvJs-vcMH0g,123,0,0,0
YZJxCGJYGYR-IbazxS3Exw,123,0.24630239,0.19519002,-0.051112364
YZUV5q2kPZWIBkCJjpQXuQ,123,0,0,0
Y_2jMUKz6pvJ0JSWG3u10A,123,0,0,0
Y_PEkVJ4Rutlzr9-tBXqzQ,123,0,0,0
Y_WwBUUNGCycxqbwUJgp8A,123,0,0,0
Y_gj5S1GVOFQJzk8wCriGQ,123,0,0,0
Y_kH6P402Ekxt05Yg5M2mw,123,0,0,0
Y_oNFOjxXv-1IWI_qEW1OA,123,0,0,0
Ya35yDaVXR0PlL4s64hTzQ,123,0,0.27023815,0.27023815
Ya56iEbphaAEtD_LpmiXvQ,123,0,0,0
Yad7w-eg2rUxoaEcHVbrLg,123,0,0,0
Yb49HvFA5IpponePEptBsA,123,0,0,0
YbUubACDewutJvBkMySh-Q,123,0,0,0
Ybgx8qP4fFJ_duO-5LQimw,123,0,0,0
YblYp9PAsDj5eLvr5CqYAg,123,0,0,0
Ycb2MvdSCdRV_p8F7YGHEQ,123,0.63092975,0.63092975,0
Yd1Km882eEAhOUoDEnqbqQ,123,0,0,0
Yft76ogF5YzCQ4mn6vSQ6Q,123,0,0,0
YgD_Y0DWVIESue1Dk307tg,123,0,0,0
YgF4zJnHiG9vXnGQi4JxFQ,123,0,0,0
YgMjWahfUzJgg5aehgUdqg,123,0,0,0
Ygi1otJvXe_RLyIAVulsEQ,123,0,0,0
YhHZZgKbgvnvqO_N5AeVVw,123,0.091092403,0.13032377,0.039231363
YhSehDEgJVSpBRbGM9ipag,123,0,0,0
YhdXYhX2VC4SgixBH3ernQ,123,0.87721532,0.79772289,-0.079492426
Yhqwmu2kdZk7emS5YShyQA,123,0,0,0
YhwK5asefiAVyV-GoR5F8A,123,0,0,0
Yi85sEOGS5D3vniLTip77Q,123,0,0,0
Yi9SBOp4R9EMY2QLQ_Obwg,123,0,0,0
YiqffynITkvL8jWIHWqABw,123,0,0,0
YitGmVjTec53-Z2Ox9E8Pg,123,0.38685281,0.43067656,0.043823751
Yjer78RnYr7OCzirgdcOaw,123,0,0,0
YkUAL7BSvjbOjrtCWZ0OOQ,123,0.12011566,0.11480929,-0.0053063611
Ym1aoNq4sA4wYDYl4ts7oA,123,0,0,0
Ym524rEHZr-rkNrZSzZvqg,123,0,0,0
YnWZDVcBqaqo71nW52Enbg,123,0,0,0
YnlCpuaBa3qWBp4te8pGmA,123,0,0,0
Ynor9dGrFmKcLc01t42wvA,123,0,0,0
YoGgAVtAnWq8Z9OXdj7pyQ,123,0,0,0
Yp--CXG6q290qjC2XBnL0g,123,0,0,0
Yp6dwRBbmAaskb3sIppM4g,123,0,0,0
YpZByJIgbMsTvPdOjURFsg,123,0,0,0
Ypry7Bl5BF_ybgBCA-r8CQ,123,0,0,0
YqZRbZwn3YNRIFY19234zg,123,0,0,0
YqevbK00R25jhQJINrr1ug,123,0,0,0
YqjW3aqnM2fUyyDHYnuiiQ,123,0,0,0
YrQJgQolEDP2qMn8TClN5w,123,0,0,0
YsXgjHv1TMhvmx1X3u65Qg,123,0,0,0
Ytvz_TTtY7R_y6H2Htb9GQ,123,0,0,0
Ytz8t9J06DB8wMez8lz9Hg,123,0,0,0
YuLnSePP9bElDBg0Fyslvg,123,0,0,0
YuX70bdZdGXUdyU1mKaP4g,123,0,0,0
YvZG-SGe5Y73xD5FVEVoCg,123,0,0,0
YvZPiIqWUFg9NhIf3rOzTw,123,0,0,0
YwYNhoqFLOjixj89wctf2Q,123,0,0,0
Ywm3BEgjWz8dY7lIIlk5AA,123,0.39038005,0.19519002,-0.19519002
Yx7Qa2LGjU_TB_lxCXAw1A,123,0,0,0
YyH-ytiAKjls_6QqKge60w,123,0,0,0
Z-yGoo0AZOjhWGaTW1MzZg,123,0.14434031,0,-0.14434031
Z1OPkLv4gPt3NnxcZOfWrg,123,0,0,0
Z1psaE6HGp4_h_UJo3eKJA,123,0,0,0
Z2cLxtoRfTyk0dTID2Uarg,123,0,0,0
Z2joEy2jPFzKjw0tBfNlLw,123,0,0,0
Z3jnxma03DmhlvZOKpNFcQ,123,0.26264954,0,-0.26264954
Z457ffarXrn1EDlU-EGgxg,123,0,0,0
Z54pcWCRzLrSA8DwQPOc2Q,123,0.39038005,0.24630239,-0.14407766
Z6HWbWxdioqygy_X1-7QwQ,123,0,0,0
Z6MroMIk7lGINtLXcky_5w,123,0,0,0
Z6l4EBQohw_4TwJHkv3UfA,123,0,0,0
Z70vC11ff6oOBunv4WF1Gg,123,0.41618116,0.32958275,-0.086598408
Z7rVo0GOLa8cPAe3PciZmg,123,0,0,0
Z91pqh8onhb1-aKXGkyZxQ,123,0,0,0
Z9C0t6IlQEZ6q7khH7bv6w,123,0,0,0
Z9uDg72GXfdY0eXBhBg4aA,123,0,0,0
ZAML372eRdIFS_XzwH40oQ,123,0,0,0
ZBUSFEyaulM6OXB4ra2E6A,123,0,0,0
ZBoQOK5J-CzSdbrwtzzSUQ,123,0.23137821,0.63092975,0.39955154
ZCC3YD65JnjjMv4c3YyzEA,123,0,0,0
ZCCXm67HaqnBjginWABkAA,123,0,0,0
ZCJ3Hk1tGRUrf4Z1fo9cFg,123,0,0,0
ZCVEZmTB_StK-UXA3WPVlQ,123,0,0,0
ZCwUAE5rkvJ6SKpuSX450w,123,0,0,0
ZDVGfg2e4LPtK3dbs0fhLQ,123,0.15101962,0.10889376,-0.042125857
ZDgLHZYnPGcxrFJuzlJTZQ,123,0.63092975,0.63092975,0
ZDrT0uD421_LT2eFDig5Sw,123,0,0,0
ZERNMW8xIk7Iz2mQqJHBqw,123,0,0,0
ZFNWRNkinRkUxp5eCasgyA,123,0,0,0
ZFQDjaCPY6CxF03Z4jtxSA,123,0,0,0
ZFiCP2iBozULUUaW2Fg9Ng,123,0,0,0
ZFzYjfDFsRkMvzYAjT8HZA,123,0,0,0
ZGPiwpURy3oseaouPJWT5Q,123,0,0,0
ZJPeKDSlpOA74aOhxGcGMw,123,0,0,0
ZJVBWQ0PwJWFEQKvghqxWA,123,0,0,0
ZJb03Sn_AoXc-G8P1ePpmA,123,0.21840744,0.21840744,0
ZKb2n4H9kOpiRptLU3wYlw,123,1,1,0
ZL21m3-qBm7WP-aEtTBvXw,123,0,0,0
ZLK74cYiw1rolqzxn_zE1w,123,0,0,0
ZM4c-B6PvJMHrqX7yz97Ig,123,0.63092975,0.38685281,-0.24407695
ZMAHe2llnHN3rzom5GSoAQ,123,0,0,0
ZMF3sfO9su-GUxGfaEOu_w,123,0,0,0
ZMl12B8M1BGhoKI886VJ5A,123,0,0,0
ZMzaOGUlCXY6kWXEnHZbvQ,123,0,0,0
ZNbF8pW5CfbEhNfgs2nsUA,123,0.086810776,0,-0.086810776
ZORKRArPzQDKrBVolmJ54w,123,0,0,0
ZOTO_NYeLXgkzAlI4UaTGA,123,0,0,0
ZOg7-YPt3fRJRQsCRilTmg,123,0,0,0
ZOqhpXPwPPvP5nlW7W_EAw,123,0,0,0
ZPRt0huWpZyqMw1WMlhQwQ,123,0.23463936,0.31691664,0.082277278
ZQP3sQWomg1duVicGjCXgw,123,0,0,0
ZQglJsk6SvEGF06Jq62YIA,123,0.15613189,0.24378446,0.087652567
ZS1QA9CV1AjkSzGS6snFBA,123,0,0,0
ZS85bkvRejJaPKMhxfx1GQ,123,0,0,0
ZSLIMcGIMAB-yU9sbQ5C0g,123,0,0,0
ZSs1RT6qN2lzPwkXmBGxCg,123,0,0,0
ZTP790lFzO-yZa5J77QUMA,123,0,0,0
ZTvil7E2JbtORKm0bu6MKQ,123,0,0,0
ZTxJh-CC9kZDDIWqzacG7w,123,0,0,0
ZUoEqKfsd8E5bgebqU5ISg,123,0,0,0
ZVJvlDWkmxtIsxISJgNuvQ,123,0.17768457,0,-0.17768457
ZWAP8xQdSZ-lHVTtlee6dw,123,0.46927873,0.46927873,0
ZZxGyDytDMmI1_cFUdjRLA,123,0,0,0
Z_ry6Gl3Xm5Olgo04suf_Q,123,0,0,0
Z_wbKUG2GCn2C4iDYyP_RA,123,1,1,0
Z_zws-kYr4gQckOI7NFykw,123,0,0,0
Za4YW3c6I-x40I1ffjsh1Q,123,0,0,0
Za55xG7jr28NLa4r5hce8g,123,0,0,0
ZaDO7VuGWhNFd52aWmZovQ,123,0,0.30694674,0.30694674
ZaHrVKYhf0OKUYRKx3UFLw,123,0,0,0
ZaJ6zPDAc7YaDTE2QEBGPA,123,0.39038005,0.10253314,-0.28784691
ZbZj6V1fpaGplK_oLrGZLQ,123,0,0,0
Zc4yxA5ljT2ZpS68apHlWA,123,0,0.1068408,0.1068408
Zct7UuMCzK96tr4y-GspwQ,123,0,0,0
Zd2MiIfCHT52WXoUKtYONg,123,0,0,0
ZefLyxAXx3SuecQpQyTuwg,123,0,0,0
Zf2IXMpMLfz77u4qiMCHYg,123,0,0,0
Zgd8BPMuBb8310UwyybmBw,123,0,0,0
ZhsdbCuMVCRkzYg2arwoZw,123,0,0,0
ZhuI2EeoFHt8TJ4Mj-hWcw,123,0.61314719,0.3065736,-0.3065736
ZiI3SU6eOzce1-8o2Ojk7w,123,0,0,0
ZiTFDy25g-g8Vr07uZwYLw,123,0,0,0
ZiZPe9r6MzsY4x0hJO5iMQ,123,0,0,0
ZigqA1_qM5nSxv14431Nhw,123,0,0,0
ZjjZBB8_lhCnEzUz3Sj8zA,123,0,0,0
Zk1KO-G4IggPoibinZ52tw,123,0,0,0
ZkJdOOQtyhrwOH9MfgPQrw,123,0,0,0
ZkiFNYl11aVg3SsonmJjTQ,123,0,0,0
ZkmIJ--oo1NGatq7XbvjuA,123,0.10858087,0,-0.10858087
Zl1fJNTzNULZiqBRShxUYA,123,0.30103,0.35620719,0.055177191
ZleHCVNN22e7osm4IbGqnQ,123,0,0,0
Zo3K-CTwE1rUhtVXwEIrnw,123,0.090325438,0.088877923,-0.0014475154
ZoPHrcZY1csJbAY4ZcZpXQ,123,0,0,0
ZoeEv5jvJiVCUWFlGwyjgQ,123,0,0,0
Zpb3qkFUeQOY5e8ZrNeGaQ,123,0,0,0
Zq31drx-JM2R1MKQg8uJQw,123,0.1130534,0,-0.1130534
Zr_ivvV8F2tBUH0bMqWibw,123,0,0,0
Zrwx0ibeHt8tbjV1mTQmQA,123,0,0,0
ZsPNMo7orTXfWcW5S47pyA,123,0.4036635,0.26406812,-0.13959537
ZstTo1OpzggAGJn5K07TBg,123,0,0,0
ZtQr5DOhdD0yCJxal6oqlQ,123,0.23599634,0.2167692,-0.019227139
ZuR-G07B_86tzp7ffvHc1w,123,0,0,0
Zw845wvdPNLz_L597rYavw,123,0,0,0
ZwV9OMvh2j8-yrpZpA9yog,123,0,0,0
Zwfc-SpPXhXmhFWq_DhQFA,123,0,0,0
Zx9QQe2Fgw_2kbL7qBV7tQ,123,0,0,0
ZxZXpfjv7QijHLfJ3C7o9g,123,0,0,0
Zxw5DLH8KNHyY5SnxqPABw,123,0,0,0
Zy_WV3MwEIBjNHjw3oCe9w,123,0,0,0
Zywg_JbfMjlGI0tWVhqNKw,123,0,0,0
ZyzclV3jUW_Cc7tCs8WVDQ,123,0,0,0
Zz4KTqQdjY1YdsH6K5tzGA,123,0.52050673,0.50322519,-0.017281542
_-tb2KM68CnGQ4MtIGpQSg,123,0,0,0
_01JsTD9N7syNMThio-nCw,123,0,0,0
_0F-8gf7qYLkjHTPsM_3dg,123,1,1,0
_0z239KlbOThV5HlcVkwvg,123,0,0,0
_1TIXBB4VuHqaHZBRtvRQw,123,0,0,0
_1acEeF29hjHbAx8jZieNQ,123,0,0,0
_1j3uJrBFrfOsp-34rv2hw,123,0,0,0
_1u8zd51m6AIK21w8hjcAg,123,0,0,0
_2v_tfLXiIkFM1fmvnZ0Zg,123,0,0,0
_4Wn2zRkrmDfowBrNcji0Q,123,0,0,0
_4n7plsDsywEij4B0U0hnw,123,0,0,0
_4p7zRkT_F9tjjk_8cFtsA,123,0,0,0
_6PX7sVmxK63tzL49jdxQw,123,0,0,0
_6R8FO9krIOBHKDjnQt2rw,123,0,0,0
_6uFgGQdEuAPqhzz55rZTw,123,0,0,0
_70v4nkJu3hbw3Yfpvc4vQ,123,0,0,0
_8QKc8zMtDofWXmHSh1NPQ,123,0,0,0
_96OwXF-2Wc1tn05zgji0A,123,0.087602538,0.040067245,-0.047535293
_9NIhIgbq9RFDvq1j0rp1g,123,0,0,0
_AHPkpG45ccz8Vo6EzG7Ng,123,0,0,0
_AIlDxZmjofML9-LZdcDJQ,123,0,0,0
_AKKnLVR45aUGKPgZzEqtg,123,0,0,0
_AZmORhB2n_R83r69caP2w,123,0,0,0
_AapL2o8ueQcXVHewnS0Vw,123,0,0,0
_BSD3T4KxmxIUnMTHEVj-g,123,0.31546488,0.23540891,-0.080055963
_BY1Hep2S73e5jpvVRY5eQ,123,0,0,0
_BcWyKQL16ndpBdggh2kNA,123,0.60760476,0.56711648,-0.040488279
_DCsVuJNAMVHNJyZIkz8OQ,123,0,0,0
_DM3KG4xQVnLo1t70TeJPA,123,0,0,0
_DTH_j6k6iv1QM5H1Cv7Ew,123,0,0,0
_DyGIB-XpLHHIK9s9VlVsw,123,0,0,0
_DyQFk4IYIX32IKybZwyLQ,123,0.21306006,0.23165733,0.018597267
_ECmKH09eo-wWJDJilFIgw,123,0,0,0
_EXT8rzsCfxAxSAmAQFe0g,123,0,0,0
_FFwWvMzCJVmRHXvkBmQ7w,123,0,0,0
_FHLJJ7QRV0M9ebveb-5_Q,123,0,0,0
_F_Y8Zy13ZpQGVrsLFKDqw,123,0,0,0
_GGiUDIIT8Odq7OeNQFp8Q,123,0,0,0
_Gue2c1IoumoXoWyQt-s6Q,123,0,0,0
_HWO-L9Nx4pbNPMMyieshg,123,0.63092975,1,0.36907025
_I9p55KefLBPrRzaYtojHA,123,0,0,0
_IIEv9aKcSqImSADr76itw,123,0,0.15130121,0.15130121
_IJM86fhgqqePbX07TnjBw,123,0,0,0
_IvKYxvq4cYzsxj2cNFMpw,123,0,0,0
_J48nMqhzVol4tPCYatTCA,123,0,0.43067656,0.43067656
_JCaRjLKQrTy1wdkk6ROpw,123,0,0,0
_JH9y4lzXiz1AwfVRZsc_A,123,0,0,0
_JMr11FZy2h8SkthoBMSmA,123,0,0,0
_KBsHn-aONpQURLVbRlYGA,123,0,0,0
_KZNV5RNCJhAUcjFw3hQoQ,123,0,0,0
_KeAuX2sKECc9p-19uYB7A,123,0,0,0
_KtFW6XpKl3OiRUEd7Rmew,123,0,0,0
_L3N3ur_5OC8Zlrsuf7wtQ,123,1,1,0
_LDFxHmPPfegeJQHhw0hsA,123,0,0,0
_LNCGYNoGKxyVUag3EG0-g,123,0,0,0
_LuS-6m-h5WOAoIy4MG98g,123,0,0,0
_MBqCwJmgzknImniSdHy9g,123,0.33916021,0.21398626,-0.12517394
_MZ52rjB5EvxiXj6knA0_w,123,0,0,0
_N12HNDI5zrNnpeUgvbUnQ,123,0,0,0
_N8kvjHWS60R6xjhs0em9A,123,0,0,0
_NpSl8OWMrQH45mfqia9zQ,123,0.21840744,0.2043824,-0.014025039
_O07bgm0k4AvHlqf9jDWYw,123,0,0,0
_O_bvXST4SLVxEX2pY039g,123,0,0,0
_O_c55meYW8kNUkXYMmZIA,123,0,0,0
_QceBp5iYQK7Q1T7ctT4Yw,123,0,0,0
_QvUf1oGvZpUz0zu0Cxp9A,123,0,0,0
_Qw9VdgM9oV1OHR4zUA-5w,123,0,0,0
_R-xEEF119h1faZ2xfSpjA,123,0,0,0
_RD91KuqIeEkUQkVNR_j0Q,123,0.27487633,0.34915841,0.074282073
_RamAYhTCx3icKGk32tgYQ,123,0,0,0
_RjEjv5czu7cfxOhrAnEOA,123,0,0,0
_Rue5m6AKJsCz2JSjAMT-g,123,0,0,0
_RzOVlLVGaVFWmMAkH6yTQ,123,0,0,0
_S9BoLmq-GjDQm4uv93OEw,123,0,0,0
_SgNu-6rP0XRdelq81oVEw,123,0.39038005,0.16812754,-0.22225251
_SmaZMlCXF4spqjbfnnqbg,123,0,0,0
_SsfXv5sT76DIjmgbvDdBg,123,0,0,0
_Szo6i4oFRYXANpF3JvX5Q,123,0,0,0
_Tagma4xmXxpD7HjgekuJg,123,0,0,0
_TuMjMp-enfDkkhtdgd7lA,123,0,0,0
_Tua-z0N653wqvP-VFZhJA,123,0,0,0
_UELEuFfdxpGdj7Lg83utg,123,0,0,0
_V2BZA6ZKxSM6J9wTBszkw,123,0,0,0
_V4g0SAkIcfC5vL-rrlx7g,123,0.2043824,0.17723929,-0.027143111
_V6o3Z-zdfB27pJAk4sPFA,123,0,0,0
_WGMDzEUxrslcjmxJ299zA,123,0,0,0
_Wkeh_kgtuHWVlAL4zoHdw,123,0,0,0
_YdmOf9xwZbb8K04feHXlA,123,0,0,0
_ZlJA1oBI1JotQviBUBa8Q,123,0,0,0
__GHy1xxetn0SBqP4b_odA,123,0,0,0
__kU2-Wxq-b2HlWsyHnWXQ,123,0,0,0
_aNhS8P_ZKdhuekobjqsLA,123,0,0,0
_aR5B9L1uvvRG71GMJa76g,123,0.10778915,0.087471714,-0.02031744
_b6DPOY2z1jnDcLv4wv_zQ,123,0,0,0
_b7sWPWtHFHMrIaq_4PCHQ,123,0,0,0
_buMJCCAJN2sLKKtnC4H2w,123,0,0,0
_c4XsEQfqz3AybRDWa8hYg,123,0,0.11047239,0.11047239
_cBcXTHWR3V7d0ThAdrQRQ,123,0,0,0
_cEuH9i5R7u1hbcgK253bQ,123,0.065415185,0.059940838,-0.0054743469
_dmNxWOwzQiqsB47tT5l5Q,123,0,0,0
_f0NfALRDLw0noHK151LxA,123,0,0,0
_fF45EoxrYMSX3XQPN1esg,123,0,0,0
_gRY9p7P5v_QAWZo-qJg3g,123,0,0,0
_hPjqzQDiyw1-4U_IAETpg,123,0.074031845,0.14566621,0.071634365
_hPlOmIDB_zpqmJ5QPMyJA,123,0,0,0
_hlhhNACb1VylCPDsWuVmg,123,0,0,0
_i3uTqtUfyVZDryKzUGGiw,123,0.098178968,0.24661733,0.14843836
_i_1_VdQHtlTFqOTApF0yg,123,0,0,0
_jKKicORwRzO8k-Tl2qRIw,123,0,0,0
_jQ4QD84l_CUpsLD8L9LSg,123,0,0,0
_kb012xMj52yImWbv4rl9w,123,0,0,0
_khU0FCzQKjeQPzP7SLyMg,123,0,0,0
_lXS9wZ9yajEikWBptksSQ,123,0.14804096,0.14126697,-0.0067739826
_nU3tfS0zOOzV0rRz8KL0w,123,0,0,0
_o6KSvXPLk7oFd6BaYoNyw,123,0,0,0
_oJxxnVyS4pEXAx4gK5U8w,123,0,0,0
_p9_GXbJNUJLkieaOFfhHg,123,0.33820133,0.24630239,-0.091898943
_pF4l2bsxsS-NHDdYNgF-g,123,0,0,0
_pIgvX90vh7-yzWMfKeXUA,123,0,0,0
_paclj39JIG8yWCHxwf2ag,123,0,0,0
_pigynCPR9FRa6zA5gyU3w,123,0,0,0
_pok0EzLh5_WXVJR9UEMPA,123,0,0,0
_qZAiLYf2GE7KjBb9YhBfw,123,0.61314719,0.61314719,0
_qpzBLTiSjWCi3N9xq-VCA,123,0,0,0
_rVlbC15nRQPSq-o3hMzdQ,123,0,0,0
_rkBxV-UTX_LW3JmnNneoQ,123,0,0,0
_sWha3z3xUK_BXqjl9DPaA,123,0.45997151,0.22004653,-0.23992497
_sZ6KsJyDRvaTBRZY9Welg,123,0,0,0
_s_Q9pkdq0q8bcySQcRoRQ,123,0,0,0
_t5X_TW_CikdZw8Gq20xPw,123,0,0,0
_uBAYgyauBpFy4wdxygsEA,123,0,0,0
_uXsvqMJYALJLaP0DaCWsw,123,0,0,0
_udKyAh3AZr3pNONobWoyg,123,0,0,0
_ueHePP73ubrkrTzqt31Rw,123,0,0,0
_ujLUn7K0I2NjxRNoagnQg,123,0,0,0
_vgG4XF8NCZBmZzP-5CTLQ,123,0.077431701,0.037096742,-0.040334959
_vgSf5L68SXBTegrVbxCrg,123,0,0,0
_wRTBeEpjXvH6oSl2dMhLA,123,0,0,0
_xWn57tbQ1nr39we2Wt_eQ,123,0,0,0
_xkaxXfeODnO_CBieaeQzA,123,0,0,0
_xyV4Z4VZyu0MvRP3zNfbA,123,0,0,0
_yRKTBGymWyWoBj2YJFCmQ,123,0,0,0
_yfP0BJ8L6L5KEbwGhHMrA,123,0.42824048,0.33916021,-0.08908027
_ytUHRh3UVGqlWmO3iIqMA,123,0,0,0
_ytx-JT-RZcTA4aovdmR_Q,123,0,0,0
_zI4ykeqKVtl22jCcJS4dw,123,0,0,0
a-8ZuiQk4EsWgebrG-K2HQ,123,0,0,0
a-E9ybiFGl-kOvXtIyslYg,123,0,0,0
a-UFwyQI2nyRHTFTrbRnbw,123,0.15958908,0.2529427,0.093353626
a02h-nIjmzf_Vkvu__XB1A,123,0,0,0
a1pu9OpkUiqTLkvl-P39vw,123,0,0,0
a2JdNtFqB-C38ga_06BHvw,123,0,0,0
a2SeAQWwduCEljiCVi_o4Q,123,0,0,0
a4ARQ10d2JCizg0za0D4HA,123,0,0,0
a4I9ZjzQc-PnNmbOJhMsAg,123,0,0,0
a4oitV8lYoLFVPhDO8k-Pg,123,0,0,0
a4yIl-ix2u_WlEiBaAeNZQ,123,0.093618003,0,-0.093618003
a536VAnQz5VUOnMUaXYBdw,123,0,0,0
a5GncoOg4e7DAoC791q8KQ,123,0,0,0
a5IxLTRuQpYVI0kamEo12g,123,0,0,0
a5qmW2hvqRkrz_HSWzDLtQ,123,0.26264954,0,-0.26264954
a6_IDlSvtPUb2CDdiKSazQ,123,0.23981247,0.26264954,0.022837068
a785WJuWVC2tNmQLwgQfFQ,123,0,0,0
a7sUmuiKSKEhDY6q7MB0yg,123,0.46927873,0.46927873,0
aAG0_Rz3GnUlQY1auAsN-A,123,0,0,0
aAhN8V9UFLpQj-OgEvKyrA,123,0,0,0
aBA76hKuLWuNVTS-is7fGw,123,0.055331817,0.054384419,-0.00094739814
aCIIluXyGoCNXAzOLqHTnQ,123,0,0,0
aCT5tLjCrNdJazQ5kDECOg,123,0,0,0
aDSFR8WDMkG3wMCxZCVILQ,123,0,0,0
aDhZb3CPuYdjMCzLqWGU2Q,123,0.28598227,0.14141426,-0.14456801
aEQ-CdWunsYjpuf5XSOsqA,123,0,0,0
aEaZGRATp6X9TvVMCeYVRA,123,0,0,0
aEcZXUxXbNW0SQixu0T5Eg,123,0,0,0
aEqhUqUJn3pZ7uDMMN-yDw,123,0.14949399,0,-0.14949399
aErRZ7cRAXFxkc8F1DhL1w,123,0,0,0
aFa96pz67TwOFu4Weq5Agg,123,0,0,0
aFft-D0CCy6Ik1L9Bj_cDw,123,0,0,0
aFyEZ0Iv8ZaNHNULMPgOsw,123,0.081886688,0.049300699,-0.03258599
aGDtObhCNrySrrT2qpljfA,123,0.13959537,0,-0.13959537
aGffyvYdXpT7Eq0a4H590g,123,0,0,0
aH-uJUN3nat-vaoo2bdRGg,123,0,0,0
aH5x8mMN8njbFnApPAmzOQ,123,0,0,0
aHJ8Jqbadtw-ASIEYmYe6A,123,0,0,0
aHfW5LEWJzzdWKL6ZCpJwA,123,0,0,0
aI3n3hp8ZyX0RNekn9JysA,123,0,0,0
aIz24cPzQM9Nt_WUIpzvQg,123,0,0,0
aJzehVpvN6oNLAhfCZw_0Q,123,0,0,0
aLfIY6FOC1xn4QLuOleZGw,123,0,0,0
aLtvIGucNiiC1bIuTLpmqQ,123,0,0,0
aLyabX-Q7504zElfBAjkMQ,123,0,0,0
aMxT74JTfrH4BL5m8rmtlg,123,0.097595012,0,-0.097595012
aNu11OSW0g_hVHrcLiJwmA,123,0.050595683,0.050595683,0
aO5IU2vsvRW8hyUFoSZ1mg,123,0,0,0
aO78EAQXcY0_6cX5LdosLQ,123,0.23463936,0.13565197,-0.09898739
aP9U7fiZTnf8U5PiTzDNDw,123,0,0,0
aPTwqLnmlJuRXIh2t-2uRA,123,1,1,0
aQmA4I6OnCPAvAzWL14QAQ,123,0,0,0
aR6kzMUkIUhpxJrT7XbHsA,123,0,0,0
aRYk2snBNhxAk6hBgWD-Aw,123,0,0,0
aRZkstJ6Z8j5NeV-K37WRQ,123,0.46927873,0.46927873,0
aRalYstdWlyiXL_u7pCBvg,123,0,0,0
aReKTs8YdoHV_fkeGgFHOA,123,0.46927873,0.46927873,0
aRpbB8Pp7iCuR9vANLch_g,123,0,0,0
aTmDh2aGyBwTGBkuEy3y9w,123,0,0,0
aU487Da8GLOWONON8YKNmw,123,0,0,0
aV2eutOWIInmgKE_kczrjQ,123,0,0,0
aVQnEoBiWTuPOtrLxW1AAw,123,0,0,0
aVoIhTlHIkUaWFxr1gYQ4w,123,0.26406812,0.26406812,0
aWFzduZe0eaqr5dfIsybEA,123,0,0,0
aWcq9zSmUMbCTGyfrSAoLw,123,0,0.072567831,0.072567831
aX2FV_bS34Vt0U5XYGvINQ,123,0,0,0
aXEqpBc7mlSegvUTgFJOkA,123,0.61314719,0.61314719,0
aXLzJNf36s0gHlqUoC2Btg,123,0,0,0
aXRzdtPakasykk99CzsTAg,123,0,0,0
aXU9f01w5xustiZfhpeKOQ,123,0.29608191,0.29608191,0
aYveEctPYcZiubXyEgLhTA,123,0.18672776,0.18672776,0
aYwgDcVJJO68ojXUEiPY7Q,123,0,0,0
aZ-5N30YHfC-kCKPZybY5A,123,0,0,0
abv9GQCNO-PfJYzLIC0TNw,123,1,1,0
acHG5V09guzUCdP_3aUBqQ,123,0.26264954,0,-0.26264954
acMsMOJ-FJtl6mPYCkbQ_g,123,0,0,0
acshnsJsMZS9iIx30bSuUQ,123,0,0,0
ad1oc5DDEZ8cA4KxxHFIvw,123,0,0,0
adMjyYAea_A0a36MrR5zBg,123,0,0,0
admamOqKZBd6Nh4uEOkKKA,123,0,0,0
aeCpAiEQdRdbQaSSEu5ZXA,123,0,0,0
aeIlClrYOAeNyG4ZJ7byKQ,123,0.23719771,0,-0.23719771
aei3V9A1pZWQ5Ph7UiohSA,123,0,0,0
afJ0J9dcfPvN-23c2dS5eQ,123,0,0,0
afjPvWfviPjx94X_NE7Ndw,123,0.46927873,0.46927873,0
afudnUcRyZ1PwjlNY1HP9Q,123,0,0,0
ahM4S-hghF7-al13d_DPYA,123,0,0,0
aha055JQo_MKHlBGAqPkWA,123,0,0,0
ai0MlRtZjG-egMz-PyQrhA,123,0,0,0
aiUNKhWsm3mWAllfajU3Iw,123,0,0,0
ajTYBum5Iq-AnSU3YK0C0w,123,0.43067656,0.5,0.069323442
ajXTcNUPYfpoqPQ9vFkChA,123,0,0,0
ak60wKHLdPYq8j7ImjvMjw,123,0,0,0
al-88kr0SAphNMTjdft47Q,123,0,0,0
alsigtlICIwbGjeleoEy6A,123,0,0,0
am7-gkH_PDz598oTdYSD6A,123,0,0,0
an6AvA5g-ysd-3RAWQ9VLw,123,0.061734604,0.078348516,0.016613912
anA_ZREYbGYDIh1cyexXyg,123,0,0,0
anJSIZERb5eX8vapGrBFXg,123,0,0,0
ant59d11IsDaepaxZL1O4A,123,0,0,0
anv4jZa1kg4v8iKoaLpPMw,123,0,0,0
ao2DWGjcU2hhPNWcCXfK0w,123,0,0,0
ao3KmeB-DG7scB6VpeuOpA,123,0,0,0
aoPIR79XTT6MDrZScomWeg,123,0,0,0
aqA5bfDTKEOrjbWpa97ZYg,123,0,0,0
aqOa8rLU5Fvq9tkl30p4ig,123,0,0,0
aqoDY1ON1KNtCSsgN091XQ,123,0,0,0
arrKbfFr1ksZSCCIeBgPBQ,123,0,0,0
at-raleZTWjLRqdDa0CIgw,123,0,0,0
au8pbtG-n-tADWb0OnKsYw,123,0,0,0
aupFMhCaIcULqFeLzDAAJQ,123,0,0,0
auuCtUBXUNuLVL0XmospXQ,123,0,0,0
av_8mRH1QkwbCvkADGbNEQ,123,0,0,0
avnHYdaQdmyUujzrthkeZA,123,0,0,0
awYxGwoKnQdcGHTcSsqHCA,123,0,0,0
awrLsmPaLWqR7FAFxq9gLw,123,0,0,0
ax6PentCVOBmeWEcLSZnNg,123,0,0,0
axw79CwUOpbLRho17C8OBw,123,0,0,0
axxK4lKVn0u6x4GL7hRrAQ,123,0,0,0
ayh-p9OVESQaF_RZH_RHRw,123,0,0,0
az4agMaSGWrZr9Ygii0SDA,123,0,0,0
az86xaP37MUQL2qHF9QbhA,123,0.5,1,0.5
azhYuAZnnVpKRvOEc-Vc-w,123,0.23504555,0.23504555,0
azylke9XcUaqUg-TR9MnhQ,123,0,0,0
b-05O8JtzamgsJOrfhkw7g,123,0.11480929,0,-0.11480929
b-3BAMoq56CcFvK5N1uKgg,123,0.5,0,-0.5
b-7y4e1NcEzclgyi2TEy7w,123,0,0,0
b148kCklWACiyegSS8-rHg,123,0,0,0
b1Azuyq3u4zHASkiwJId_g,123,0,0,0
b1UhGHe68Pyn0vzsftYLhQ,123,0,0,0
b28NdulNRDYdtXWFl5_VCA,123,0,0,0
b2iK-oXT9onUeODm80oaaA,123,0.19698034,0.19613735,-0.00084299042
b3DwFWcdQnhKfq-Q4zyEGA,123,0.30564029,0.27657324,-0.029067058
b3uUjaTqxfIh5uGV98bptw,123,0,0,0
b3uyg2m1HIxQKsE5Eg4ZnQ,123,0,0,0
b43wuCIyWsENYvoeRm2lnA,123,0.61314719,0.61314719,0
b5OqNUIJPRi-onpMGBCZRA,123,0,0,0
b5Pp_fOZnMHg_Z1NZcmMIQ,123,0,0,0
b5z-kyMJr8TBryVPSRg3DA,123,0,0,0
b6tv1o3JvD-GDH8f9b26xg,123,0,0,0
b80BrMm6R5VYjj21gOQGPA,123,0,0,0
b84U4lyNTGzuP7rMg6JErA,123,0,0,0
b8RJG-1BRwCzv4MVMGjicA,123,0,0,0
b8SWcnxNL_czKgvRbzP0Mg,123,0.30103,0.5,0.19897
b8aCjlTJDA0hoZLMAE-iLg,123,0,0,0
b8cagRGAlBJtfQmjS2_D2g,123,0,0,0
b9HV74ZB2neuy51hWstUGQ,123,0.23981247,0,-0.23981247
b9vYEd5TJPYCEWr98ylp8g,123,0,0,0
bAV9OzddT7ufO7cfGPGabA,123,0,0,0
bB6BlbN88WzijTj6TAVSYg,123,0,0,0
bBThiF-1XxSatDOM49eCGQ,123,0,0,0
bBd8sOgkhbaEeZHjczV8ZQ,123,0.27894295,1,0.72105705
bD3Xrd0HWnaM1cJ_geFbyg,123,0.11047239,0.10858087,-0.0018915219
bDCCzWxv2fU-z7eeaFzKxQ,123,0,0,0
bEGLhmfZB3wgVZcn9Aswwg,123,0,0,0
bEKDlxJgqFOXKODPnvXNFg,123,0.63092975,0.63092975,0
bEVgYA2HzHpqdQtv-KnuYw,123,0.30103,0,-0.30103
bEadB1h4l7kSU9ApZFTeHg,123,0,0,0
bFDwzNhDoiTwsaqiwRilrQ,123,0,0,0
bFNn1jLP8bC_stWDEnhzuw,123,0,0,0
bGhapzumnrHl42wtjiKenw,123,0,0,0
bGjjXHdlIJSvfHEq497OYw,123,0,0,0
bGknNx_hlu5ciXaWhxLDAg,123,0,0,0
bH3yc4ZI4CGd_wPpZKML5A,123,0.2111145,0.20945681,-0.0016576946
bHPpSsGbFM9BxwiG3OYqTA,123,0,0,0
bINIb2jxeZ2GmWu0B0soug,123,0,0,0
bJ5FtCtZX3ZZacz2_2PJjA,123,0,0,0
bJfzYcvRfZ-n8gQAi9_vGQ,123,0,0,0
bJgfxs6_h5Tcp5anvdTtYQ,123,0.21716179,0.10393163,-0.11323016
bKDEs0ujjT28o3K0TtUOlA,123,0.31546488,0,-0.31546488
bKzRaHF0HmGti_4ROJxJ0g,123,0,0,0
bLEltq8yMvBcnUmsKjNiig,123,0,0,0
bLUq5Yt9ILWHtNY6o2O8jA,123,0,0,0
bL_K0uuXTVgUzmZjjVwrUg,123,0,0,0
bMOTnVsvHkVEzSBlNjUbtw,123,0,0,0
bNVKNecoSQJ7196xZVzB4g,123,0,0,0
bNenfi9OcIhLLuuqqN8ExQ,123,0,0,0
bOwDOAbFeRtgjHePGDNhEw,123,0,0,0
bPEwGZOLL3lftkFoNZlIiA,123,0,0,0
bPJtJwRN12reIhTcdGkXVA,123,0,0,0
bPiE0Ztrobl-JGtI9XHgsw,123,0,0,0
bPrGT59MQPMxy95ixEj0JA,123,0,0,0
bQCHF5rn5lMI9c5kEwCaNA,123,0.037893591,0,-0.037893591
bQCsL97RJrfBsU6T749-TA,123,0,0,0
bQUchPRG1QVOEqoQ-PO72Q,123,0,0,0
bQYqdcu6c5yuoTnUy7ze-Q,123,0,0,0
bQZVPlso-PPLhxrCmJryFw,123,0,0,0
bQbTlM4TRjodo_59GPp3Eg,123,0,0,0
bQnaTbU39ejYufe6Z6JN-Q,123,0,0,0
bR5d5ppWy2V1X0_x11-ZXQ,123,0,0,0
bTRFge5pRWMh7IoCLn7lBw,123,0,0,0
bTiQztu4X5tG45Lnt-GIwg,123,0,0,0
bUN-sLR8fN7jKuhXoa0mvw,123,0.08910837,0.099965683,0.010857312
bUyZ3DN2nKPhZNjtTnWMlA,123,0,0,0
bVEQOCwSOlaCNIBHWRPfHA,123,0.18101501,0.17589105,-0.0051239675
bVJHUaQIOBn-1hDVe1c62g,123,0,0,0
bVPD0vQDE7LbRSwFSKp5zQ,123,0,0,0
bVdCjiSf-9X6Yidt6b2YSQ,123,0,0,0
bVfk-rSP6-BSRjez29-C_Q,123,0,0,0
bVmzV_JahHoPxUrPRYLCfw,123,0,0,0
bWGj7L2HLV6ELRKII_3h9Q,123,0,0,0
bYJyfPhqD916gWLeyB9vfw,123,0,0,0
bZ-VCrtfiOj0-mahWc-3CA,123,0.1934264,0.3065736,0.11314719
bZtlEeyawNfVucIBzCAQag,123,0,0.065918771,0.065918771
b_-gfruhwOecFOwyKVCCPg,123,0,0,0
b_JjdOKTGa0QIuG3DYpZVw,123,0,0,0
baWLqajM0hJk4rVH_jEupA,123,0,0,0
bbN4dSqLNWfiTYZTTv62sQ,123,0,0,0
bbZFiGdRJlxs1ys5RYfZWA,123,0.21398626,0.33916021,0.12517394
bbf5hkBKZDNMnZ8Sacc6hg,123,0,0,0
bbtc1OcdwTOsz3i7WwpHGA,123,0,0,0
bcNgc_hXnsVHO0iYZAgoLg,123,0.61314719,0.61314719,0
bc_A6NRe54_MhlRIXffAvA,123,0,0,0
bceU1PXUmtM7Hz8baZXZ7A,123,0,0,0
bd7KaALm-AJbSfoLJ9Em-Q,123,0,0,0
bdP1x_cDKdXrJen3QkzLEw,123,0,0,0
bdS6Aq26wMaw8juFGc0AyA,123,0,0,0
bdSDXHQF0LoUweNdsI9IAg,123,0,0,0
beSqvtodazXd59ZmyVcjFw,123,0,0,0
bfJpL3-nDiqgfmZgUpjPiQ,123,0.28430967,0.30267735,0.018367678
bgdFMsxMlOrUIvjRnLJPlw,123,0.21427802,0.21671434,0.0024363218
bgmhRGxb7-gzw4SthxvGDA,123,0,0,0
bguBryEPhyNWWDIU6aismA,123,0,0.1418689,0.1418689
bhAB5wo9iLsaExSw4apR4g,123,0.045683428,0,-0.045683428
bi76Ih6tRv-ghYWFCJ0dag,123,0.067248644,0.082746021,0.015497377
biXvLE9j8tzt1iZ1adBPOQ,123,0,0,0
bj8eKrfiYC8nc7uH4jyxcw,123,0,0,0
bjxN5wW6mdpe2GIzVgEo4Q,123,0,0,0
bk2WkWrsZBNF5uLQOTzVlA,123,0,0,0
bk_A2fCTWtT0zaqYreul4w,123,0,0,0
blj3vXi-F0Nc-liEkExU6A,123,0,0,0
bnHCAZTk-btf9H4aZH21fQ,123,0.23540891,0.31546488,0.080055963
bpvlhtK-AV4NUnmG3yepMg,123,0,0,0
brtnNqHM2ER44b0nFXNziw,123,0,0,0
bsRj20h6r_WBdffZaQaUhg,123,0,0,0
btab31-ThzQ15PoaIfWkug,123,0,0,0
btdMwcbzwNPbsCcI-cLl4g,123,0,0,0
bttMaiREeZH_6KgjraiFnQ,123,0,0,0
buWot5DMN-w7MEoTPqBejw,123,0.24612437,0.24249278,-0.0036315907
buXV7Vn7ki4YZuXqVgLNAw,123,0,0,0
budxX8l3xleFTM8QlNWgqA,123,0,0,0
buspPncTFgQIzORc5ELhXQ,123,0,0,0
bvDZ3n7K33299U47WvrpGQ,123,0,0,0
bvdyM5OR9kQHl2Jegj-9bg,123,0,0,0
bwvscWCSPZD1tLgzywAgCQ,123,0,0,0
bxDzgr0a8d2cFYBl_h8d0w,123,0.16377338,0.16377338,0
bxKtZwV1Xr6JUksBASxiRQ,123,0,0,0
bxVg7WgLSDoZRGShYZK_XA,123,0,0,0
byIpgEbSQo6KHHhKymgU6Q,123,0.1020974,0.077216688,-0.024880707
bySwOkKdTvxj3XoHNdHqtg,123,0,0,0
byl3l7SvvUOHo0rMxIC6dQ,123,0,0,0
bz3P0iXJ0oeBzdZq_7Nuig,123,0,0,0
bzBkcAXoD-qJDChKBt2yLA,123,0,0,0
bzNrQWSCwh41MULRarijyg,123,0,0,0
bzOCV6S3h5412lUgjMIFhg,123,0,0,0
bz_5z6jzSloYZaAYImdPaA,123,0,0,0
bzkBOTSd88QP5vVSad37ig,123,0,0,0
c-7z4kQjlzd_Lp9iMCkHqw,123,0,0,0
c0K9ON2zP3ORSK-t1K7Vmw,123,0,0,0
c0VeS87oL1XnLxCyqAScMQ,123,0.33333333,0.43067656,0.097343225
c0tiWWhq7QxJOJ5iCkOACw,123,0,0,0
c1IW78R9Qb4mpmLXmam0Wg,123,0,0,0
c2LH6JfmaNLG14o3TZ3ItQ,123,0,0,0
c2iD04NaZ5dIB42I1Zagdw,123,0,0,0
c32puiLR7wLx7Z5Yt-OlMQ,123,0,0,0
c4kfRCXgIag-zMrly358Hw,123,0,0,0
c52vdp1FpkOVhn6iimGcgg,123,0,0,0
c58LB4hCJcL93W52whHgKA,123,0,0,0
c6CEwuiDgKzXt4pdznEGgg,123,0,0,0
c6JNl4nzIGR5lmt3VK3sYA,123,0,0,0
c7ZFB3lBGd2QVQSVtRLTDg,123,0,0,0
c7nC1NiMplU9RXmmLvBcUg,123,0,0,0
c86PuhFwaWdcHHdl9F1nwQ,123,0,0,0
c87zSGqkAh_HhGM7nR13vg,123,0,0,0
c8aTh6t3UGnq3d8Qw_Q6vg,123,0.13083037,0.13083037,0
c8pMZVU9GxiuL-B14vkajg,123,0.46927873,0.18154179,-0.28773693
c8utevVplmca-SAxp62DRg,123,0,0,0
c8vZ4DFxv_Jnem1JBTFnIA,123,0,0,0
c9EefkB_2cK8rOB53N99mQ,123,0,0,0
c9ZkkYwVdWs5EarrmViFOQ,123,0,0,0
c9kbgFM9uxrQn5p_AdGfgg,123,0,0,0
c9nnnaox3miKi5p10yXtSA,123,0,0,0
cA-xf9zd3y0DS6fFrJD3eA,123,0,0,0
cAEZTpvv1F-hPQpwnn8G4w,123,0,0,0
cAGOrXtZr165JleILpfTzg,123,0,0,0
cAU6u0P--AX071hVQRkd0w,123,0,0,0
cApR-VuIXu5G-zcQPmPesg,123,0,0,0
cBUw8N4owUVo69M8Juh-JA,123,0,0,0
cBjSRn4TgD6T99b7vDRFtA,123,0,0.31546488,0.31546488
cC9flaguB3JXdQSghVT03Q,123,0,0.13090199,0.13090199
cCIR5ru9IG3rGTbgAGbFew,123,0,0,0
cCeCQxErE9ToaQQBEVFuFA,123,0,0.079457079,0.079457079
cDQG_OGCpu4ATDz6rQSryw,123,0.62405052,0.60526024,-0.018790276
cDcakQinxKO8szOx4rtP3g,123,0.19519002,0.24630239,0.051112364
cEWQEFAhMg7SXdHRK6N2SA,123,0,0,0
cEgEq_y_w_LFiODcexOe4w,123,0.26406812,0.26406812,0
cFKMbVWvxbSfWU9g_J4qMg,123,0,0,0
cFoI3jF3gK0p7W6iJRuEOg,123,0,0,0
cG-6LfrPXpKNdcEe6nOHUw,123,0,0,0
cGEyvvuGQr2vWqXmjo-T7A,123,0,0,0
cGNlFHX1EQtLNRmDtpFw0w,123,0,0,0
cHxDxFfJHyim96tb8jr-yw,123,0.23981247,0,-0.23981247
cHxPxdA4Y4M5S7d0gJf6MA,123,0.081774718,0.13032377,0.048549048
cI78WL_iGzmZKlSuKmCN6g,123,0,0,0
cICyKh_ZeIIXpOkA5jcQjg,123,0,0,0
cIVmIJD7nIiEcVGamfBoVw,123,0.27074468,0.42230021,0.15155554
cIp8FWbkzrwWeIHVMuiTQQ,123,0.61314719,0.61314719,0
cJ6oDYzAdHS_9ejY4DZCRw,123,0,0,0
cJ7XcXG5-U82VN3LNNOxGg,123,0,0,0
cJCYCEfDL4n5TgU9y8RTWg,123,0.46927873,0.70420368,0.23492495
cJNAg0RtRYKhUvmMPGSh3w,123,0,0,0
cJR2dSsbg7Z8zDklnan-Cw,123,0,0,0
cJfkKNg2yVPhp9Q8eR-dmA,123,0,0,0
cKTA-iJbfrioKWFiDreghw,123,0,0,0
cL4n5spJuAvlndSMdo8u_Q,123,0.097912925,0.086713828,-0.011199097
cLXP8gb-uHI-ZL6AxTRlaw,123,0,0,0
cMIVlEuCKkiEo1QkPBbMaw,123,0.63668244,0.30718372,-0.32949872
cMPJlsuY5IQgJ8N9qICdDw,123,0,0,0
cMVqaehdc5ZmcTP8BWPrSg,123,0,0.26406812,0.26406812
cN9E0Z78ViWBiwhUfZhCXA,123,0,0,0
cNgeX7WVodQcIDx8JxSXNQ,123,0,0,0
cNrcl3sOkPl1l9QXH2rn7g,123,0.63092975,0.30103,-0.32989976
cO3qx8O0ZZToztcWf30d5Q,123,0,0,0
cOl5Zx-q-ZHNq6EX-DaMaQ,123,0,0,0
cOtS5qFKqpU8C1htHc1NSQ,123,0,0,0
cOudgqbymQwq-amv-3-WhA,123,0,0,0
cOvqqI2u2Dqm4aXrn9NPOA,123,0,0,0
cP6jm-Lk5pZ6YAiHiaaaSg,123,0,0,0
cPKzSTXXap2MEg1NFxyaQA,123,0,0,0
cQ2fN2WsrmO32-wL0jnQcQ,123,0,0,0
cQ4WTCe19v9jwyE5n02MyQ,123,0,0,0
cQi5KWvQ3cbWqWTTwa7fxQ,123,0,0,0
cR5bvpc0xeQpm-Bsx67A8w,123,0,0,0
cSQk6DuSVJlWdny_8AAAGg,123,0,0,0
cTgidQke3_loMTZhiVQ7rA,123,0,0,0
cUB2WhICFuSe7DwXAIoo0g,123,0.18672776,0.18672776,0
cULJIe7whsGb6Agz_pTVbA,123,0,0,0
cVIHmtaYfEm_fmKPLcp9Kg,123,0,0,0
cWm963v1BLwTpSiwawNfKA,123,0,0,0
cWp5SI50JZsVfllfCAj18A,123,0,0,0
cWvP0mEmM5UC6OOUykdAUQ,123,0,0,0
cX-0hiimt8D1D04Tpq6RHA,123,0.26406812,0.38685281,0.12278468
cXSyttl_8F03HbDDeKnyyA,123,0,0,0
cXeORmtyzb7kpKtLBFGqsw,123,0,0,0
cYBIS0ULPL4lRhZmApY5ug,123,0,0,0
cYcZCpH-oi-28lIZHxS06A,123,0,0,0
cYri1iWhhfH2UCxvWag1xA,123,0,0,0
cZ2LBJ8Qz8j0lXCmOqs68w,123,0,0,0
cZJJPbAEUuSZKZ9nVdtuvA,123,0,0,0
cZnTDZ__FvT-Fy6MyWU93w,123,0,0,0
c_Ap6RsFcZpqWN9QM-qIlQ,123,0.31547442,0.29283064,-0.022643777
ca86pKyVVbJacCQQGEBJVQ,123,0,0,0
caYicwPqwGy_khwMO7oZ_Q,123,0,0,0
caorYo2PbF_dux_qoZ8K1Q,123,0,0,0
ccL-5xiw2Yq-FdUToySfnQ,123,0.39032477,0.31482527,-0.075499497
ccboyo-sSWqEZDVfBSY6nw,123,0,0,0
ccce_-dw_glnLMQbKMabeA,123,0,0,0
ceOgTpuVltWRkwr3Q5Yj-A,123,0,0,0
cf5RlpeCGkithqJ-Dp7elA,123,0,0,0
cgKu0CHBNN83ucaUB_oSVQ,123,0,0,0
chq0Ycuf0tTbX-7FaqD3uA,123,0,0,0
ci9JNxqrdWZ-zgBWmHNRVA,123,0.24630239,0.16812754,-0.078174852
cjC-rcZOWv_wiPxhmtaicA,123,0.077453516,0,-0.077453516
ckFC2OotVWf7jPZg2f4JJQ,123,0,0,0
cki04-dtVHO6ZBrbveOynA,123,0,0,0
ckoYvWD77zpWUCY5O_8SIQ,123,0,0,0
cl-c9rAAbb8rwyk6sXeOPQ,123,0,0,0
cmMYzA1UQZymlgx3aDOSAA,123,0,0,0
cmY3BvUi1ibRhhFzIVJ9Vw,123,0,0,0
cn4Iphre0CFtkJeN7_6tYg,123,0,0,0
cnA1ucA6KSZUUeosDQIJjg,123,0,0,0
cnrV83qYHYSwaV1MNlq71Q,123,0,0,0
cpZbwIhnGUXFmh7AWsTrrg,123,0,0,0
cqS23cIPG0LMvciDirIBhA,123,0,0,0
cqcmrb7Cs-AwWRr0pG8Brw,123,0,0,0
cqrhOU811XB9kFYRvIgmnw,123,0,0,0
cqvIoYROau70eE6mFZzpXA,123,0,0,0
csFArSJaWtEXKalZCXbVTg,123,0,0,0
csxphawVKwodqwnI5YU4sw,123,0,0,0
ctb9dQLc8HFMCtTHCLLkdw,123,0,0,0
ctq5ep2NMKKHu52xG-JA1Q,123,0.033963285,0,-0.033963285
cuFo8IKX4zc6vF7UCxbr2g,123,0,0,0
cuVmAqWlB7i_e7N1kSrSAw,123,0,0,0
cunpzBkEboEewYlFofWhTQ,123,0,0.070556583,0.070556583
cupTlUHJBF1B3jWS6FVwyQ,123,0,0,0
cuwv0cwD0qwTHIcx-K7q2A,123,0,0,0
cvtVhdDwyT0eF6CV9XgxLQ,123,0,0,0
cyO6nw8M5-2y_zcUfciPZA,123,0,0,0
cyRZcHSazagn71IkMi8aEw,123,0,0,0
cyd6Dvh1Si8keEHhMbVyQQ,123,0.28148481,0.22009177,-0.061393046
czZfkDYawbI1GkfAcwUKDA,123,0,0,0
d-8BkC8w0uMRLkGjY4pZjw,123,0.30260241,0.30260241,0
d-PVB7w2vDLdIFT3-yxMkg,123,0,0,0
d-dG958YIg5aLlsBv7U9YQ,123,0,0,0
d0FbFaZuJWfai0RYsUS7qw,123,0,0.23540891,0.23540891
d0xjrf1CL0ollZNK5xewWg,123,0.10253314,0.13905618,0.036523041
d1uSqpNav2liDr5qeutTRA,123,0.47411404,0.45288139,-0.021232655
d30YmrHWxYUl7ODpC2Q2Eg,123,0,0,0
d31c-i_LVFs1LTXzDp_Xpg,123,0,0,0
d3DfcZEVo2ntAC_Mc-ZLCg,123,0,0,0
d3IjjMYpGRrl_OiwqEqolw,123,0.2529427,0.2529427,0
d3IwmrTq8eCw8g8tVZqbzg,123,0,0,0
d3i582wefTonNg8DB9WKqA,123,0.04779447,0,-0.04779447
d3yM4XI_qfHnKct9TtMGzg,123,0,0,0
d41DrZzEooYd9oAMLv6HjA,123,0,0,0
d47dyqCgr5f7gzATn773xA,123,0,0,0
d4Kzoe9pXQx9mo4VMGOqPQ,123,0,0,0
d4PTX2lM0cM2Sf-A8nicsA,123,0.1208113,0.10699313,-0.01381817
d4u3hxVegG2LcNwAuuJPkg,123,0,0,0
d50UUxmCMpXXjOuSGZiM4w,123,0,0,0
d53Yh7Do_pFFk4wwXFqPUw,123,0,0,0
d5UPpH3NNlfs98ZEMYel9A,123,0,0,0
d5bTmxYf-I08fvogo8YpaA,123,0,0,0
d6DBPeuD_cOKqqUwfqP8OQ,123,0,0,0
d6H0HhqyOLiihCG6gbV4cg,123,0,0,0
d6ujK-5FqqzIczIr0U3R2w,123,0.20210735,0.13565197,-0.066455373
d7Mc11oeZ7csVyw3nu2baw,123,0,0,0
d7xA2kRYIH0m8muwOWnsSw,123,0,0,0
d80ShWXSeNoSuya6fJjyiQ,123,0,0,0
d8NutNI8ScRUKTV8aCQ2zQ,123,0.13012668,0.10889376,-0.021232922
d9VhjE_kqUe9nFpwoc6Upg,123,0.040945164,0.034554939,-0.0063902246
dAO-APJaGsXKRSn24pdFsQ,123,0,0,0
dArzYnlZh0gBLjA6YkJeoQ,123,0,0,0
dBTkbILURRXXXf_hCJ1B5w,123,0.13120508,0.091654028,-0.03955105
dBlDmgYACHsskfOuT4qlrg,123,0,0,0
dCATwLTGaDZAbSFxA-4pkw,123,0,0,0
dCOonQ7Md1ooief37g1SHw,123,0,0,0
dDnfnlLZpF7ufvUw51BQTA,123,0,0,0
dEHaRAaHyA39nr_AFyQuTw,123,0,0,0
dEKozQU5YkDuhy4y3DlJUA,123,0,0,0
dEcYAgpFD9KTIA2H1vrTKg,123,0,0,0
dF450JP4LMJYJKRU3fTrYQ,123,0,0,0
dFLppA6HboRiBiT5-8j7Zw,123,0,0,0
dFsZHNkZAhCsN_A7g8BJAQ,123,0,0,0
dGFQUhcBUSiz1Gy7KTzBkQ,123,0,0,0
dGT0g7kHt9IzryiITiP2Pw,123,0,0,0
dGkAskGHxJS_gjU3_lbGTg,123,0,0,0
dHVP3UbizpEsJaOPdcKG_g,123,0,0,0
dHZ4h6mbWWAvvlm7YRGyiQ,123,0,0,0
dIKGGMYW2SocsGVqp2ZXCg,123,0.35620719,0.35620719,0
dIKvjW_c6DmsHMoCjCMAcQ,123,0,0,0
dIRTUvNn9HSG7SlCB1CdKw,123,0,0,0
dIh7pPwdVsmEf0KDfJKHmQ,123,0,0,0
dJcWI28T1QYgRBJEs_fZMQ,123,0,0,0
dJnCcW_dFZ8SeU2HtqkuHQ,123,0,0,0
dKbXMlv3C2dfiGWXlAdszA,123,0,0,0
dKwzOOMQte1WbozogRMxmg,123,0,0,0
dM2bWLUvK82XsrjjNL45vg,123,0.12011566,0.13090199,0.010786334
dMBzfEZVid6__5D4D5IgBw,123,0,0,0
dN113LRbW5q5CT4La8ZMgQ,123,0,0,0
dNENGU5i6F1D4p118hn_9A,123,0,0,0
dNYRcQBMUmb8QquI5WWQsg,123,0,0,0
dNdTHvVEUZqRKIdhQJmZGw,123,0.20729657,0.099424605,-0.10787197
dOFrTw_un5lk3P6P3xevJA,123,0,0,0
dONIjfGevnStP5TOEvd1mw,123,0,0,0
dOX69tY9pYtxvQetUp4f-w,123,0,0,0
dO_9i8HfapTEWAzAN-h1IQ,123,0.34222207,0.24676164,-0.095460433
dPtp9PKFL-uAaijlyu8b9A,123,0,0,0
dQIB3S1Y_oSD-9ghqwr0-g,123,0,0,0
dQZOOYT8fi7KRlj5drsySQ,123,0,0,0
dR1IZUQ8Ymzi8jyDBRw7yA,123,0,0,0
dS-0tIYXMn2bXR308J_WHw,123,0,0,0
dS7kxY-JZnyAfaQTv3fr3g,123,0,0,0
dSYnzfwLiC1pxR3XDCyARg,123,0,0,0
dT6sOAggtl3OIry192lhag,123,0,0,0
dThZ9eQR5LhYqIDqz_9FLA,123,0,0,0
dUv39VwPgN5ZSsVGAzVDBw,123,0,0,0
dVYyV3fDdTSeiZK8G2PLnQ,123,0,0,0
dWHnB7dGynte4w7tolcJwA,123,0,0,0
dWomYQ3TweVLrHdlzcwMkQ,123,0,0,0
dYJPAlkQx_K7WVfbg3aj7A,123,0,0,0
dZJcJ-36Na--Iht_ZdAhsw,123,0,0,0
dZUrYvwXEFzNZ6IzQXQptw,123,0.61314719,0.61314719,0
dZizT8DEituZ404ZFRNzuw,123,0,0,0
dZn_Aqvyh-Fx0CkbcQdYPw,123,0,0,0
d_Blgv9PgXX5CVnFwpURjw,123,0.08930562,0.16610256,0.076796944
daPpL710LNttL2FwvJCnNg,123,0,0,0
dalL2l5U1JDVcT_aDh16Ww,123,0,0,0
dbLz7YfH5Fy6AAB-5-vDyA,123,0,0,0
dbhPkOfmv4RYNzb9rDkHlQ,123,0,0,0
dblMeSI1ohQXU-AjiFFNYg,123,0,0,0
dcIMQveZpojXgPggygNDaw,123,0,0,0
dcdXcpa_1JBWQWou-OL4TQ,123,0,0,0
ddmhl3fui90yCT15MO7ylg,123,0,0,0
df4oOKSWoWPgsJtokCcd4g,123,0,0,0
dftHlm7RrJqNFrYmz0kkLA,123,0.61314719,0.3065736,-0.3065736
dgGUKdOh2a01OwLw1qgfDw,123,0,0,0
dgS3s8MW5ZkPbfMS3XC52A,123,0,0,0
dhDFioIydbshgDh27QuWVw,123,0.14804096,0.23463936,0.086598408
dhLizr4a2oydrv15y56r0A,123,0,0,0
dhhueHEUCV2Ya8A8WHIciA,123,0,0,0
dhuRgFqkbs-VLqMpNPBZ2A,123,0,0,0
di4JcdfaqfIljIXKt-mBAQ,123,0.30260241,0.30260241,0
disUH0hHS1nYoWjrlayCbQ,123,0,0,0
dkE7OXULjSZyCQwxCFyvIQ,123,0,0,0
dkfWNTseuKiZGkAYI473Vw,123,0,0,0
dl1BK33CCpuMrc-nZWLv_A,123,0,0,0
dlAZ0T60iW_HXyC_vc8FJg,123,0,0,0
dl_zO_5XMpLD4-KzxkmHeQ,123,0,0,0
dlx7-mP-8vRyocdtAEXLvA,123,0,0,0
dmfuwKm_-fc36XcVTvKziw,123,0,0,0
dnzPsL-kTrLWdjB8QX_RAQ,123,0,0,0
do3HpIxxM0rFKDV0np0pig,123,0,0,0
dofgdgVUJO8e8SDrrgpl2g,123,0,0,0
dp-1NZDaIkcbJQtPbDJ68w,123,0,0,0
dq8X0XQ-N8my2rSjWQOPdw,123,0,0,0
dqM6ekoksMf5PQr-7REWtQ,123,0,0,0
dqhkVgVVAXCcJuWEMMT86Q,123,0,0,0
dqucQwA-CHWhUczwqIxKKg,123,0,0,0
drLSG84LnnighzakGx6dOg,123,0,0,0
dsN2SF82WKnBUruurcjo1g,123,0.15101962,0.24630239,0.095282771
dsigYfF0MUXPX379Rpj54A,123,0,0,0
dt1Bp6gRkQWmm4wrUAhFxg,123,0,0,0
dt7hSz_Uh8-PdIlvefVwbQ,123,0.27826332,0.15883358,-0.11942974
dtHAM1wr9dKhjBh9f92ZsQ,123,0,0,0
du3Lh-DrDfJb9ra3giCtPQ,123,0,0,0
duRuzZ-GitlP34qyW8s1OA,123,0.095460433,0,-0.095460433
dw4DP4_lMacxQ_IGxlmXVA,123,0,0,0
dwmEc7acSWOswF021KhX2g,123,0,0,0
dwn8crOfw3HD0Yo3sOglEg,123,0,0,0
dxEU4v4fSX9aD3tH8dy7cw,123,0,0,0
dyAaNxc4QGNxOIYz5uSy4g,123,0.050649171,0.037986878,-0.012662293
dyPBzXdOVyT5tJzwEzjqQA,123,0,0,0
dysHY87X_urEc2ojEs87LA,123,0,0,0
dyzaphUiajbO48x-OpZnTQ,123,0,0.2043824,0.2043824
dzAZWHtJ52JI8J4zB2mkow,123,0.27487633,0.27487633,0
dzC4DU7P-kcKntHtv1YqYw,123,0,0,0
dzZZl9mTut7T_srEWRjxyw,123,0,0,0
dzlDB2uabWOzbQHw-J3y2g,123,0,0,0
e-CUYkWVWQwiYdmhumx9Rg,123,0,0,0
e0bGaiHgKanzSwkzwnhRuQ,123,0,0,0
e0jxeRbUJA0pvC5jJ5JnhQ,123,0,0,0
e1Mh_DtPV3hxoFtJnBaGXg,123,0,0,0
e2M7L6Ksx650TEFQE7bENA,123,0,0,0
e2T4AgLGE98Ps6f8_KNibA,123,0,0,0
e33l3ucOBsdsb8jyegZVVQ,123,0,0,0
e39z_fBuq0r_FFHJZC6fYw,123,0,0,0
e4KH_B4O2R03j7-YC4Kr6g,123,0,0,0
e4brzGSmkYbEQ4yuIpZ6nw,123,0,0,0
e4fHPrp3DlLMbzJV2pzkdQ,123,0.27894295,0.43067656,0.15173361
e4hd3J5hDY9YnxbbXq8-Cw,123,0,0,0
e4ivdEYPdEzvEo_afG9-hg,123,0,0.1418689,0.1418689
e4mqwfJb1rBNk12XVzijcA,123,0,0,0
e73U5LOCxSUU143E-_NE8Q,123,0,0,0
e76o5LO_rWK32PefXfmIgQ,123,0,0,0
e7LMLf_OmyUcdHjNuBfa0g,123,0.1934264,0.14434031,-0.049086089
e7V5B3xq3rRNxmABwFKqVw,123,0.49947263,0.53263518,0.033162552
e89yBp9E8eigdRwWfwktgg,123,0,0,0
e9ngbhCBxqM0ZbJ-I20vBA,123,0,0,0
e9v_62hQaqAbs66WWOlCTQ,123,0.35620719,0.33333333,-0.022873854
eANjVSZl9jt3FyeFZHQcGQ,123,0,0,0
eAjTEqqzps0yMJBrNz_fjg,123,0,0,0
eBgZsWe63Wa4hkWhF0qW9A,123,0,0,0
eEMvOSF4TWqzblF2F46VQw,123,0,0,0
eEi1L3HukfplQJE9h7oXYA,123,0,0,0
eEriUnFk-_D-dH8RUsh7XA,123,0,0,0
eFS6uTKsFqwwv2l9gAZHjA,123,0,0,0
eFUcc2QbaW0InWgsBsMiwA,123,0.1789533,0.22747896,0.048525656
eFd9nltG8seiNGEvjZGe3w,123,0.3438974,0.35179797,0.0079005717
eG1Tur78lGPRLPysNSzadQ,123,0,0,0
eG3FZXCVaQmL82Iu9JhTPw,123,0,0,0
eH1Rmb5sytONhhHGGcvhdw,123,0,0.22767025,0.22767025
eHALrqFUZqGvrg9vvgrOTA,123,0,0,0
eHaHSuipPLECuDwIIKdm4w,123,0,0,0
eHdl3Utb5zundQubiVQ2XQ,123,0,0,0
eHpr2pc8h8YoMDA-Figm9A,123,0,0,0
eIXSyYTMIGsVuKCwZydw-w,123,0,0,0
eIZ-CESbnJ1gDsdvZKyl0g,123,0,0,0
eJLr0A9_xW9O455rZ4kIOA,123,0.5,0.63092975,0.13092975
eJnwyot0rLyWN84DwyC0RA,123,0.30916581,0.20032111,-0.1088447
eKT1Uvzc6MYcIP5nS-TqiA,123,0,0,0
eKzkRNayNSfP3HzIDwR3Qg,123,0,0,0
eNCspK1fdkTxiPQH1fUgGQ,123,0,0,0
eO9ViZv2mUm5Arc66-44Ig,123,0,0,0
ePA2mGDLqauSsJJg9qWfHg,123,0,0,0
ePCQzrTnnMC0JjgG2D2Etg,123,0,0,0
ePmanjMTkYwpO65_9_fwQA,123,0,0,0
ePo_RBIlnldnIolruorjSw,123,0,0,0
eQB-zeNwKOGk3F1xLQDp5g,123,0,0,0
eQQs6Cgsco6nAwbet4QrAA,123,0,0,0
eQTgUlc-GQxYTq78l3Vcow,123,0,0,0
eRwo1yuxmejnS4_edQ68cg,123,0.54307208,0.56155026,0.018478176
eS1uSO4VEPgDWH9EyvD2uQ,123,0,0,0
eSXG5M-mGZF_mPcHKea3zg,123,0.71246549,0.60836841,-0.10409708
eSlOI3GhroEtcbaD_nFXJQ,123,0,0,0
eTH22xWja2k6zrX6rJ-CaA,123,0,0,0
eTU4xZS6KbmUl3yrAfGJbw,123,0,0,0
eTjdsdJNmoDDXSDGvY2plg,123,0,0,0
eVUmxx1kN-Acni0t7gcg3g,123,0,0,0
eWh5uuH3kMuU8DRHl588vQ,123,0,0,0
eX0lRHOuhl0agJGv-8ruLA,123,0,0,0
eXEmyH7UvUaaL-dXu3ZeqA,123,0,0,0
eXych7LFgg5uI6VaRAUW2w,123,0.39038005,0.39038005,0
eXzYjRp-ga_e1Zsqmj3hsQ,123,0,0,0
eY2ZgvK7gmUS_kUQWZYk9Q,123,0,0,0
eYJhuFcj6kMWVXdQbJ-Pkw,123,0,0,0
eYg71ima9LQxZDrfMfB0Kw,123,0,0,0
eYhImFGQ2mI-_sU5cXZy5A,123,0.27894295,0,-0.27894295
eaBrGjFai1weY2QE3KQOdg,123,0.3374575,0.38121301,0.043755518
eaLyVS16vp5suddGUqddvw,123,0,0,0
eafMG2OyM7w_ArEGNcAA1A,123,0,0,0
ecptImHT4hdiVJJzRKCD8g,123,0.37050539,0.22206703,-0.14843836
edFNPGqQDlKVT8_NtI-5cw,123,0,0,0
edZabMpWKLiUDHKrVe2vMA,123,0,0,0
edZrlpSDWD7FpxDHFzX-Ww,123,0,0,0
edlf0nEAsld7DX4yCKyXHw,123,0,0,0
ednyeWhn75PZ5ZfCqeVCxQ,123,0,0,0
eewlPlMN5f7C1NFNMJSZqw,123,0,0,0
eezobBKna5Qqqv8HA8HjPQ,123,0,0,0
efoFHUP08msKW73LPkZxWA,123,0.32790882,0,-0.32790882
eg0cwrodeKGLeLIDTSCXoA,123,0.061882569,0,-0.061882569
egMB07COhbixrLLbz7IToA,123,0,0,0
egqQiDiiXj0V36zaWmJ0XA,123,0,0,0
eh-U66G5Bbo2tLww2DmD8g,123,0,0,0
ehINuGHaJxJGjS3730dAGA,123,0,0,0
eiiXoxbl2nzTy3VTsOd-Qw,123,0.61314719,0.61314719,0
ejDUqEJu2KWK8SGnrMDu8w,123,0,0,0
ejFxLGqQcWNLdNByJlIhnQ,123,0,0,0
ejodn7PCiZ1xLTMSZ29W6g,123,0,0,0
ek6BhFgw9oITxrnurqUuxQ,123,0,0,0
emH4pDc54pEe3jRGKrTpTQ,123,0,0,0
emWdy8DFSjuKam7ygHsPng,123,0,0,0
emahlBK9yn7MEWEt7PQy-w,123,0,0,0
eo-2OFMSHLfsm8Wkd7Eo4Q,123,0,0,0
eoVVQVTFFj4UGQ_J5zE6ig,123,0,0,0
eo_g1lVqmbOeselosg18yQ,123,0,0,0
eod1mk6q1p155DTZqLoRqg,123,0,0,0
eopmkPjbMQz9uh1hnZ8nhA,123,0,0,0
epC6bUHQGleshgwcapuDzw,123,0,0,0
eqDDNHFO1juY2qDEz8topA,123,0,0,0
eqSSrJRApywSMpSWvC8OfA,123,0,0,0
er7w44xkBKHaqT10b3S2ZQ,123,0,0,0
erBDslOZXDI48j5QB_I_SA,123,0.042652305,0.11958251,0.076930207
eraq9PAfE19ewya6EN7uPg,123,1,1,0
eruUtHID3MhB0jehrueuZQ,123,0.43067656,0.5,0.069323442
erwKZe1mY-hQpcuC0LxLsg,123,0.3065736,0.21840744,-0.08816616
eskGH1Z0IBHxrz4s4An_Cw,123,0,0,0
esoGbswMT7VQeJPxWGhWNg,123,0,0,0
et7Ndr07Kz-4wX8bbmQjWg,123,0.10940466,0.044808644,-0.064596014
etLA7u9VoTVbuyJ34FUAww,123,0,0,0
eujwmBw0-a6yDGvZk37J5A,123,0,0,0
evRwCG9m-lwfL5TeCwrAhg,123,0,0,0
evSTPfN2RjZwKhLIWRp7fg,123,0,0,0
ewHZnpWChCh38FtLmvvOuQ,123,0,0,0
ex0hjYWW_kHJHhzN0LQmVA,123,0,0,0
exMcVUxhd_SKTV2ZZvek9A,123,0,0,0
eyDMRX8RnSE6bzpGCeQAcg,123,0,0,0
eyMBa10sJI8DgA22G4GYjw,123,0,0,0
ez1gpYG2F9El6I0bFv8MEA,123,0,0,0
ezGbeI2kBxkX9fuDnjGe5g,123,0.46927873,0.46927873,0
ezsDAOqzK_w2BPdf1qQ7fg,123,0.61314719,0.61314719,0
f0Xd3SPyfYdqKqnwSXdePg,123,0,0,0
f1I3wxxzB_3aNoIrJ-IHRQ,123,0,0,0
f1Mk3ZALeHfs3YnM9ikVsQ,123,0,0,0
f1rCQ9caKvGUDr-cOFirhA,123,0,0,0
f2MCyl8TZCeCuO2sO2yzUw,123,0,0,0
f2YjUi7qGcDOB5rKOhm8ug,123,0,0,0
f2i3_nxeI6nS_HRUK6CIOA,123,0,0,0
f2lysfZjghg8KyPF4poZGQ,123,0,0,0
f2ojVhuI7x3gqjstCtD62w,123,0,0,0
f2qDQ8KnU6szwpTiaz9tVg,123,0.1782103,0.11243818,-0.065772119
f3ZBI7v6aLOCecagnx3uMQ,123,0,0,0
f3iXHsmzafnUAE85IfuOcg,123,0,0,0
f4eODkTXIqUdCGvAwkrM1Q,123,0,0,0
f4v6QDA88r8RZAEpCsVsTQ,123,0.11582866,0.087566956,-0.028261707
f5PbzdLFw1R476NdlLC-1Q,123,0,0,0
f6-m6N7UekNiHVMZHLhjLA,123,0,0,0
f6gCPRAPcFOCsXWBulTKpw,123,0,0,0
f6h7XzcZHiK1uwf5x_B16Q,123,0,0,0
f6whHtyZTNFMRtREBcyGfw,123,0,0,0
f6xS_-hD1lZ24oWeYKnkQA,123,0,0,0
f7ZPmi_oR-5p7Otjf49bUA,123,0,0,0
f7xa0p_1V9lx53iIGN5Sug,123,0,0,0
f8Ht9qzyxW0knjr63AgARw,123,0.14204004,0.050595683,-0.091444357
fAJ4v8WKt7DYkC2dskayvQ,123,0,0,0
fAifVnX46ZwIpxqlH0hj0g,123,0,0,0
fAoK3Y92c8oHuNL-qTNuQw,123,0,0,0
fB74w7w3dOZcmW46cY1yDw,123,0.10889376,0,-0.10889376
fBTRvObv06mj43gBGiWJSg,123,0,0,0
fBr9Y_xgEES5LaG6p2Sflg,123,0.034062972,0,-0.034062972
fByH7HF-mFP-CwTMHrKhYw,123,0,0,0
fC-PdtqFvX6mlvoU1v_sew,123,0,0,0
fCX8CygpnULMyYOt9m2cFg,123,0,0,0
fDBZPiu8aYEM2XgVDqYh1w,123,0,0,0
fDitHiqFzqYph3b53tSkiQ,123,0,0,0
fE3I25foF6Isyt3ORwf7wQ,123,0,0,0
fEhRVcAJ2qproQ-ipWoZWQ,123,0,0,0
fEptE7AEC2GQqHJjfzh0qA,123,0,0,0
fEtWwhNKSoTqIWTSEwGIvg,123,0.2529427,0.2529427,0
fExL6u06xTSg13k945IPAQ,123,0,0.1532868,0.1532868
fGDiNBxX4XaCPnU-PX_TZw,123,0,0,0
fGSTxgfx1TOFywy34aDEQw,123,0,0,0
fI-iS82j7Qp0lPO2Y_R_JA,123,0,0,0
fJ3iKa2YmdNMOOy4L_R9kQ,123,0.33333333,0.38685281,0.053519474
fJhr0G2JBNkfqpbIwkEQHg,123,0,0.23981247,0.23981247
fKCWtd9xRl3yFv1WseHRlQ,123,0,0,0
fLhc4AVfVOnbQcSqUq1Eig,123,0,0,0
fMFq6WFgYr8FACkLRtZezQ,123,0,0,0
fMg591KP-lXkzQw0uSDh2w,123,0,0,0
fMm9byMvqg7ftyq9s84RuQ,123,0,0,0
fMnpQNa9urGAbVvu349iPQ,123,0,0,0
fNfW1b4VMX2bCzbNMsoY6A,123,0,0,0
fPA2bfLDnZ2iVpW9DhW7qg,123,0,0,0
fQl_sfLGDBAgQgnwDfgYgA,123,0,0,0
fR6B55QeTluwPCCRMwwqOw,123,0,0,0
fS6huoDFOk31wKHVe2H58g,123,0,0,0
fSfegMflm7DHSXUHBOmz5A,123,0.21840744,0.23719771,0.018790276
fU1p12SheMBOgftFlbooGA,123,0,0,0
fUaC1gayXqRTJnF4GqrsKA,123,0,0,0
fVH0f-gFnqno5fss-M-JPA,123,0,0,0
fXHw9UBEjoKOnGlVcpbcgw,123,0,0,0
fY3ELHueVWweWjQ-Q_nSfw,123,0,0,0
fYShPchxH88HJpbJYxgD_Q,123,0.07244761,0,-0.07244761
fYpbP4shUjYLS15tse0HDw,123,0,0,0
fYq-MSwgcg5fowyY0sHROw,123,0,0,0
fZCBT2-px9on2buxM7WckQ,123,0,0.26264954,0.26264954
fZRxBbhnv7_9bgNcS23YNQ,123,0,0,0
fZSZr6JzflBLV0_DN1MsKw,123,0,0,0
f_CPBJKFAML1XnHxUnf0hg,123,0,0,0
fb9eDPNW21CSbYyOfnnwIQ,123,0.16600565,0.16600565,0
fb9oASYqx-Trxj89jmzujQ,123,0,0,0
fcN7Qz23S-9yAEW8E5B7Sw,123,0,0,0
fcxvoLKvWNZR3nPWXdAl7w,123,0.21398626,0.1695801,-0.044406162
fdEp-UKApvvf9wucfQrHFg,123,0,0,0
fdWWfRFIS8ySjdKY42Fqlw,123,0,0,0
fddYwIkLW9hzhEIoTS4J7w,123,0,0,0
feU-fb6Yx8_WdADBJz26Sg,123,0,0,0
fegUHze8ihummWgTzQ2VYQ,123,0.26233182,0.18326092,-0.079070894
fft-TzOP7yuDcvCg_O9dYA,123,0,0,0
fgEpaNSxoaamOgGyZQVDkQ,123,0,0,0
fgZlHZlG55eyPKe-VzAehQ,123,0,0,0
fgcWUeTHjeN2GD9foHUyyw,123,0,0,0
fgxCCajAwdvNE29xMuKlnw,123,0,0,0
fi1S9w-wAJijOi_YYlJuqQ,123,0,0,0
fjiDAZv5DMfbtLULXrl5xQ,123,0,0,0
fkqQfJZ_Anp_J8F47WHWtw,123,0,0,0
fmMKoIQK307Vztgyk-om_w,123,0,0,0
fnnW9C-K44zvOIg819VPig,123,0.14606835,0.33916021,0.19309186
fnxXONGMKeOF8oMmoCTuWw,123,0.1695801,0.1695801,0
foJm_c8-YY871uQsVyr2LA,123,0,0,0
fofoYDiVaI9uQF3Hw894gQ,123,0,0,0
fosiRqaQ_pGesUW3Yeig7Q,123,0.16716045,0.14804096,-0.019119499
fp8Wz5Z5wsblpXQD0iKpvw,123,0.050108347,0,-0.050108347
fpzizzHFIv-To2gBy8BaRw,123,0.31564845,0.55314647,0.23749802
fq0nLWwyTv3mVW-l_OnSAg,123,0,0,0
fqN5tpKlZNJObIZFBhjtxw,123,0,0,0
fqvVczGcHzp1YlgIMnRaBw,123,0,0,0
frGLwZ9iv4dQJ07vl3w7VA,123,0,0,0
frIiDayrnrLs0kZb3_kTAw,123,0.23165733,0.20321336,-0.028443972
frJrxxG4Mm6oYOP8qONO1g,123,0,0,0
frSothHid7o3nAmcxfCBtQ,123,0,0,0
frfA_E_j6YJaJg5-qsnwQA,123,0,0,0
frsPOt8-KDwpD4yVoxCHTA,123,0,0,0
fs5bpfk-2pvq2v8S1De5pQ,123,0.61314719,0.61314719,0
fsEbn77_SMn743MTp3ptPg,123,0.15642624,0.20210735,0.045681104
ftIPVahZ98qFdtxdOoQGmA,123,0.61314719,0.61314719,0
ftnxIhMATvcDresRLrfscQ,123,0,0,0
fu7wU5WrMxqwYUN7mvyCUw,123,0,0.056869739,0.056869739
fulmvcKa9nIXhKJDjagI6g,123,0.10549558,0.1175161,0.012020521
fuuhCaOp4qoh8lNjWD_BvA,123,0,0,0
fv-5QhnClMVFQPVmL_39bg,123,0,0,0
fvaGSLyJ3Y8KQKe7f1Vr0A,123,0,0,0
fx3PjKIil6sTTyHGRtS6Sw,123,0,0,0
fzTlgQxguS3V1pGfj_5iEw,123,0,0,0
fzaqzDJuXg8YPxk1pPERqQ,123,0,0,0
g-pTpYfV_rYlC8yhCbidWg,123,0.17723929,0.3065736,0.12933431
g1RWHlySrOYoCqH9AJrjnQ,123,0,0,0
g1YYZRklnq_BzKdaAaZ5eA,123,0,0,0
g2msNh9EGVSnTdYG8pfEDg,123,0,0,0
g2ow-khD4b3KdaICxrgvCQ,123,0,0,0
g3alcy1r78NiJlVBkgecdQ,123,0.1532868,0.1532868,0
g3mPWT6ff5U3AmD2MHRp7Q,123,0.14704034,0.1934264,0.046386063
g54vHWBC9WftTq1LBKKiEg,123,0,0,0
g56HtkHdwTZ5IyEbYxVXsQ,123,0,0,0
g58N3qGKr-5cJg1Kqs7AWQ,123,0,0,0
g5Wbr_20Jd2dgOISb09z3w,123,0,0,0
g5XwC_XeolxZ-wMsfX6arQ,123,0,0,0
g5rqNyUoJg-kzBx8IR1MXg,123,0.11253889,0.1068408,-0.0056980845
g6PmCZC2Ld48U8tSnvx_vg,123,0,0,0
g6Raa8bzfuWNgs3YeTGbdA,123,0,0,0
g6a7-HvcYUrBVaTEe_V2fA,123,0,0,0
g6fkvvB4o_eRcTsQrvdukw,123,0.7175004,0.76697194,0.049471543
g6wCTsTC4HxuiqCG9yK6gQ,123,0,0,0
g7fPWlhCztg9xBFpi5NpAw,123,0,0,0
g8Wrs02Za0rkbFTH7rt3lw,123,0.091556317,0.050460967,-0.041095351
g90BuzOSmlLCDXbDSpI5OA,123,0,0,0
g9RJ3rbeIp5ZbMnGPqvOUA,123,0,0,0
g9o5-IASNLq-KSKRbMLTbg,123,0.1130534,0.21398626,0.10093286
gAGH3nP7se_wrlA6ejU05g,123,0,0,0
gAM1J6cRGCYdY9QWoJe2HQ,123,0.26406812,0.23719771,-0.02687041
gAvuqk1q2uAo2BJzZDLmDQ,123,0.61314719,0.61314719,0
gB7_aM_xC_jVZ0sB5jARTw,123,0,0,0
gB7buT5SEk9BDtsAEiCBFw,123,0,0,0
gC2NfaQ_KzCNXZokxoiJLg,123,1,1,0
gCOh7yykGkDRsG3bkT8RXA,123,0,0,0
gCo0Z-a5bF3w609bd9Bcaw,123,0,0,0
gDJqHKhVB6zEUFZ90Cu3Aw,123,0,0,0
gDPx0buG1jh51Itd1UTV0Q,123,0,0,0
gDSX6mPS0pBnGXN-JoUAJQ,123,0,0,0
gECTGhoToWi4PPxhSlJ40g,123,0,0,0
gEy6iQRCSdjEwzm-TaBAoA,123,0,0,0
gF4l6uxzmELPPZfaap8i3w,123,0,0,0
gF9BKX9fuTPQL-EFvSok2Q,123,0.40585408,0.35862558,-0.047228501
gFbCHlcIDfrEt1wuzWHFLQ,123,0.15130121,0.074031845,-0.077269362
gFqz7g0K92i_7DYssVP0Zw,123,0.36024916,0.57203933,0.21179018
gFt0Z8P8ZndOC-i6YcXKqg,123,0,0,0
gGO-GdRgaHxzTKI3j56F9w,123,0,0,0
gGT_87S1-VOB-Y6HtXl0kg,123,0,0,0
gGW-gPyI8wWkiz9Z7sr3tA,123,0,0,0
gGgFKHjBup0wPNmxJH6R2g,123,0,0,0
gHQLPjTkNuh0a0d1gWjlXw,123,1,0.63092975,-0.36907025
gKJqQ8mjFHtGnfOxTuaaQA,123,0,0,0
gKuqQiRZUCIFBlyJ1xuW1A,123,0,0,0
gLdovZNiipF7NUrhfUxO3g,123,0,0,0
gMSFy0rSacPXNYYQVpB4EQ,123,0.059544967,0.068354769,0.0088098024
gM_zT7DdH23fuUHHz8lF7Q,123,0,0,0
gMfiGKtpVIi99vDlqVgT-g,123,0,0,0
gMktqMh4PIbk6FudOnmQKA,123,0.39038005,0.39038005,0
gNtQyGKf-s2pXNH-HMEX5w,123,0.23463936,0.20210735,-0.032532017
gOwgQ_I3vdFznrMEb5EfhQ,123,0,0,0
gP7rdiBuDGRtSfBfV-oS2w,123,0,0,0
gPI9QQegyALB4fhvaKv3fA,123,0,0,0
gQ8F2voTNXyrpdTS_xJSUg,123,0,0,0
gQoEjCuDP2JQOJspq1RmiA,123,1,1,0
gRGYox73sLg90b3r9xx1Gg,123,0.33333333,0.33333333,0
gRtDkEdF3rg2mbDetBcLng,123,0,0,0
gS4hsRnOvQIn9tEpgOPeZw,123,0,0,0
gShcfDuFLpppnLKv-GSjIQ,123,0,0,0
gSl1k0WfAd6mwu5Ol2pcMw,123,0,0,0
gSxtrtxrmipXW8tYHjHv6g,123,0,0,0
gTeW8C9rnISPqI3IUKgujA,123,0,0,0
gTrPtdmbcUBK4nromLt6UQ,123,0,0,0
gTtpAu4b8Pp2fAfooP48lA,123,0,0,0
gUaYljrISaJ1bSEFG3fexw,123,0,0,0
gX0CnXpgP-pwOQEadFx_8g,123,0,0,0
gXlf3KCkTUF8F1Z36nEVQw,123,0,0,0
gXyuECWmHq6whsQEDiRLWw,123,0,0,0
gYjSqRcUkgLN_c7UPD75nQ,123,0,0,0
gZKrQxAG2cpsXpwOMLvcow,123,0,0,0
g_xvwFsXufyeBVjNFjruDg,123,0,0,0
gb8UDnHlu3XjcjwZryVNPA,123,0.21306006,0.2657203,0.05266024
gbOwc68yvfmAvGoniNpJ7w,123,0,0,0
gcCzq7k3kQNNKZliOLlXTw,123,0,0,0
gcE_SsmngRWALhhRxYk45Q,123,0,0,0
gc_RTl5JgfVU6AdmtHJgkw,123,0.61314719,0.2043824,-0.4087648
gdE08fH1krgdIykCyWUj1A,123,0,0,0
gdbitELNIkLWmqn3v1CojQ,123,0,0,0
geHVCFog0jxllBRnGfjJFg,123,0,0,0
geKvzk8sZMzB5K6WNqZhvg,123,1,1,0
gejdiQVlLjVuptpC4jC6Eg,123,0,0,0
gfQqQYI5_hCAGEHlHXIz2Q,123,0.21242872,0.10919405,-0.10323467
gfgmDx2NPT6he--w92mFvw,123,0,0,0
gfhh8Oz7d8Non2KRiO0SRw,123,0.43067656,0.5,0.069323442
gg7yc2NySerE0X0XKVLAcQ,123,0,0,0
ggYC7pgQ83A5ymBuCnB-vg,123,0,0,0
gi9AeHdU5170jddacnsX1g,123,0,0,0
gifLZixNqFnePJP1KQl7Sw,123,0,0,0
ginuRaya4wRom3kB91PGCw,123,0.29181045,0.34707247,0.055262024
gjxEOfClIs2IRrg4XvnhkQ,123,0,0,0
gkFTta5Y-0mSUGwdRxXXvQ,123,0,0,0
glYvMIz34SEc3-mkKSM6uA,123,0.21840744,0,-0.21840744
gmCK2ARSx22S_4_RQF9Jwg,123,0.28129101,0.35010051,0.0688095
gn8iQUt5wNvu7evr92sHPg,123,0,0,0
gnSH3Qk1T3wEnDoy02axzg,123,0,0,0
go1LRb_LsfsIpu3iioG4_g,123,0.095506691,0.13012668,0.034619992
goj5Sx0qGtXhc_IupQDArw,123,0,0,0
goot-ycMTE1ITE9rI0FPuw,123,0,0,0
gp0yzvt-g6YNS3c7AefpDw,123,0,0,0
gpXLAdgNBglNB_DuQ4JFXA,123,0,0,0
gq1NgzN4HkT2-n38D8lswQ,123,0.10889376,0.1175161,0.0086223437
gqimocAPnvr9V-YjYhfElg,123,0.5,0.5,0
grLPP_5KVbUWKcP6LZaFkA,123,0,0,0
grQxw6o0JGu8ftwDiPEJZw,123,0,0,0
grmiM5BkyKczv-4jRrscig,123,0,0,0
gsLR8zgNY6fouu16A3y8Cw,123,0,0,0
gtOr0JcxR8f3PMR4PVVdVA,123,0,0,0
gu5P7Jxcj7GoqSKGksfm7w,123,0,0,0
gv0coNUFY-fibRwP8IKqPA,123,0.39038005,0.39038005,0
gvxas5d-rEhZa9_xcicUag,123,0,0,0
gvzS-0QCR1CAgi1wDuuizg,123,0,0.26264954,0.26264954
gwUNrClCimj5Tk4lRmrPSQ,123,0,0,0
gwf9IhlsBo9bAGbeZQkUGQ,123,0,0,0
gxDLM6O2hdSlD8ud5XX-kA,123,0,0,0
gy2pRLi_i0PtBhVAUryZyQ,123,0,0.063600395,0.063600395
gyeZ0BtRBQ5C0_lMrCS9fA,123,0,0,0
h-NFrVwhhCvxdle_3pBwiQ,123,0,0,0
h0-hvODz_t70_j7YlOyqmA,123,0,0,0
h0OTWzInglzjRZwXygib0A,123,0,0,0
h0bD7BzzJ4ix6e4VjZRduQ,123,0,0,0
h1YLk3M96ZYaQuMEkyUVoA,123,0,0,0
h1kMMscIoT1Bnk-3a-pW5w,123,0,0,0
h1wKEXFcMAMikSFsJyisCA,123,0,0,0
h2LtQ1s5X20d0yrdqUMJ0Q,123,0,0,0
h2fMWiP7mzjdOC_GescX6g,123,0,0,0
h3KYuVHhr59Q-UFloqhLHg,123,0,0.10253314,0.10253314
h4CvnY6SMdg_jEuupsp9jQ,123,0,0,0
h4EJcXHPHzgDIGIvMwO5-g,123,0,0,0
h4pt1pleLJfMo1XBhn-E3g,123,0,0,0
h4u-CFz7evIkAQ9Kk5jXKA,123,0,0,0
h5RfuRey9oAJJB-dmwOvuw,123,0,0,0
h5Uyui19iR4ZfiuSz237Ew,123,0,0,0
h6CBkFkvVe1AXtwzz3QKIg,123,0,0,0
h6_AMck7djAmqw5AGZ8rMg,123,0.099920907,0.10253314,0.0026122321
h7DbYWJyknQfLX9cbwmxJQ,123,0,0,0
h7GlV-dKPHJvJN83BgXETA,123,0,0,0
h7Jt1l6QXalQSa7j12OnAg,123,0,0,0
h8L_oYRfB_fhpwPM9-pgpQ,123,0,0,0
h8SIncN1VOS6p4BDMb4xMg,123,0.26406812,0.26406812,0
h8dJ-6jCcobe2HMcES6TCQ,123,0,0,0
h901YPWEBOF-3S952SUIMA,123,0,0,0
h99O47kP446lHkSii80-jg,123,0.27487633,0.27487633,0
h9CC0vN_58Dz70LYEGFV8g,123,0.46927873,0.46927873,0
hA2X9akTxboda17YqbF20g,123,0.25,0.31546488,0.065464877
hASfWv9EQvd4eKsKflBi-Q,123,0,0,0
hAh8miQTDg91tUZoqnA-5g,123,0,0,0
hBU_5OIzsGVTnNq5m_QEbA,123,0.5,0.63092975,0.13092975
hBzlZJivyH-FDo2rJJgmHA,123,0,0,0
hCmwWxVKWakZY1gQR067VA,123,1,1,0
hDNJi6OXHgbP0MVjrEkDtw,123,0,0,0
hDNa6d892hdhNYIsKYBNMw,123,0,0,0
hDbkTFmfd9s8pfk7Usk3rw,123,0,0,0
hEsPn8Z8-fHAwOvQYrWL3g,123,0,0,0
hF68a0mpu97u0oaryFYhyg,123,0,0,0
hFL0CsXeJqb7sZN_vTktiw,123,0,0,0
hGLcwdfdSIOfomXgRGxpEQ,123,0,0,0
hGRiCnLg1zAqkKOolWfvDg,123,0,0,0
hGUS_MpjG4esD49WKBLfqA,123,0,0,0
hH2Xc-0QBu9mztsrGYSZkg,123,0,0,0
hHO_13VrZ5YZQqBGMNnGhw,123,0.39824054,0.43062412,0.032383579
hHnzWvFZSM2kAF3w1LdThg,123,0,0,0
hILJ3-JPKMwd1BAPrNC9oQ,123,0,0,0
hImphCrKdXy4rYj7TSZRgw,123,0.093618003,0.19615114,0.10253314
hJW329bPVpqXyh5XmdD5Yw,123,0,0,0
hJWF8jlRJteHDceAwtw15g,123,0,0,0
hJXBiJRNEUHnyLubmlxS8Q,123,0,0,0
hK4_YzsYoQvGYZwmStrRSA,123,0,0,0
hKuFJ_0IcX-nqkgPm1yIRg,123,0,0,0
hLVMSWU-Rl_xNjvLX_lL8A,123,0,0,0
hLVq7VSJBHZwqurwWoCmpg,123,0,0,0
hLrVYIKUgsyNNwyDz2RtUg,123,0,0,0
hMwD1ffKead6Q2dQL_XIDw,123,0,0,0
hNZdJS0qpClBMua7WNp-3g,123,0,0,0
hNc9ICYav-FcOkcKaGBZDw,123,0.19995078,0.17754417,-0.022406604
hNlE1qp-xt98Hqb6q2jH0w,123,0,0,0
hOg3E9BRnXdwPbjHSSGBZQ,123,0,0,0
hP3Y6-m1aA_UZaa4X3T1cQ,123,0,0,0
hPWBomuKWChcRp5d2GAghw,123,0.61314719,0.61314719,0
hPZx8tn2cQXQ15diVLZzrA,123,0,0,0
hQSYK6SLvQyLEFbkr6PBKg,123,0,0,0
hQ_eYwA0KkCJwK77T5F2nQ,123,0,0,0
hQjN1FuYaB4pQACZwfrclw,123,0.2336945,0.2153295,-0.018365005
hSBwDy6bQBUsW3M9_QZVIA,123,0.61314719,0.61314719,0
hSEH1zHycmFHlcAsuofEKA,123,0,0,0
hSWcQKAXRrndD6T0gObWdg,123,1,1,0
hT2Mw5m_SXBDVBuvA3KY-w,123,0,0,0
hTZu4j_SZsiABuU29sQXww,123,0,0,0
hURhPAvhEcwQ-Bu5hvbbug,123,0.12315119,0.19519002,0.072038831
hVPyu7QWaSQgOlz0rppmkg,123,0.23725452,0.22036499,-0.016889529
hVdCVwzzszVWl0HdgXnWCQ,123,0,0,0
hVmFyyFW3JI6b-lYq-HIiQ,123,0,0,0
hWDybu_KvYLSdEFzGrniTw,123,0,0,0
hWGY8i7qaMYdkVhQezXgGA,123,0.084408809,0.095460433,0.011051625
hX9Uza5h-s9B7OKvB6qw_Q,123,0,0,0
hYNjLuAebVKPn5XRuit50w,123,0,0,0
hYaRNmn7pTI5uWDju29OyA,123,0.078474282,0.1695801,0.09110582
hZSWEjV0JAAQ9nq0k50aNg,123,0,0,0
h_2gtzMu36xsjxuWbIuV6w,123,0,0,0
h_nWGXq2vAuAKQpS-vUnew,123,0.26406812,0.38685281,0.12278468
ha5jq3G0RMr2wQ0AGnyG4Q,123,0,0,0
haa2RMAMTWoxNAvlciH-Eg,123,0,0,0
haebF6ELoYWkHcwODPPBmw,123,0.22408554,0.081886688,-0.14219885
hbDC_encFtVnTKzZmjiI8g,123,0,0,0
hcTjjvDdRYMBSHVTnBuNIg,123,0.092612208,0.073393438,-0.01921877
hcun7AM77av9jTuYRAAiGg,123,0,0,0
hcwif1bHAD7uwzYOyQC-Og,123,0.27487633,0.27487633,0
hdEm5r8fXhJUFwEbsCd15g,123,0,0,0
hdorMOwOph4ZKQ4T9VqUgA,123,0,0,0
heNA1Zk8KX19bt9p_zn8KA,123,0.33333333,0.23137821,-0.10195512
heSD8DBMNMW77Eqi31I9Xg,123,0,0,0
heZh0WCmbUc5guWJHYi95w,123,0,0,0
hfB5vHwP-2eFOzpEpxtFbQ,123,0,0,0
hfZiJgz6ipKp2oBQbtnehg,123,0.17754417,0.36550517,0.187961
hg4jjvY4g3S6UqHHeA29wA,123,0.28906483,0.38685281,0.097787981
hiPwylkGpsPiNcQtb4IyqQ,123,0,0,0
hj5Ja8M2vSTLgmcgzOW0Gg,123,0,0,0
hj7sIOq8sS52K2jPlORnfA,123,0,0,0
hje3rKR2xYlvxbDCS0e2eg,123,0,0,0
hkrTsoQzPmIE6bZqNMotwQ,123,0.46927873,0.12681702,-0.34246171
hlL-bjtW26u6W-74a-Hpvg,123,0,0,0
hlPOotTeYCyd5TQAKpv5LQ,123,0,0,0
hlfq84LrCALma-yHxt0mBA,123,0.46927873,0.46927873,0
hltOHAZKtagEMgpLoKB5lg,123,0,0,0
hmU56cpReAJ4Szn10XiDuA,123,0,0,0
hnPTPyh6wNfZe1GxOm21Gg,123,0,0,0
hnQ6sVBJpXQ7vHJ2Z12eLA,123,0,0,0
hnVXeRIxCf6CQc1wcRx3tg,123,0.38685281,0.17723929,-0.20961352
hoEKtckOR1bf0u8X4k0HPg,123,0,0,0
hogWQi--Ht_Rp171YFky6w,123,0,0,0
hp5zPAfck4u3q5hTga4c_Q,123,0,0,0
hqwg7OQ3bmF0Hxq8yja2kw,123,0,0,0
hs84CBuTvMV4J6ZpvLW0vg,123,1,1,0
hslJT_K_RXvjV2VqhpxjcQ,123,0,0,0
hsu0ULtk6zKCgqo4-7CM8A,123,0,0,0
htKk-h8d3NaZVAQLLJidKw,123,0,0,0
huZT0xpKKeXaX_G-g8bc0w,123,0,0,0
hvEPZ2OiL6g3mEOuGA3zsg,123,0,0,0
hvGspChzUx9daHYImMYDxw,123,0,0,0
hvJga-B55vY-aAQ_t5Fe8Q,123,0,0,0
hvmsseaFq-jcKjyUSlTVkg,123,0.11706259,0.10086747,-0.016195122
hwOGeE4xqrHEWih1mQW_dw,123,0,0,0
hwgGVwGM9karoHqfhM9Meg,123,0,0,0
hwm1TJudmwhIx0yfwWRS-g,123,0,0,0
hwpdZD05Uc-heB4e00WEEg,123,0,0,0
hxVNtQuN5B5lMKGhGvEuQw,123,0,0,0
hxndbrPeZiYvZHWT4H0qGw,123,0,0,0
hxzBUgJyk1AuJgsxmlyU-w,123,0,0,0
hy1RSfRa_zu74enNVn2SNw,123,0,0,0
hyEFKkWXCsKZBIcI7keneA,123,0.1845757,0.61314719,0.4285715
hy_GlBc7tn0oWVYQuzv9uw,123,0,0,0
hyv-a2bBQehwaTIeYlKecQ,123,0.24890833,0.33013765,0.081229322
hzXK1HcJtF_Y7qCbuyfWIw,123,0,0,0
hzs5bkTwCVzqoQ0Iw2z1zQ,123,0,0,0
i-AimJE55t8VQhXMs8cv4Q,123,0,0,0
i-F7UDrmMhQtNcLK59aA_Q,123,0,0,0
i0L2_PnofKoRgblsM-0IPQ,123,0,0,0
i0N4XE7OrT_jP7mtvJNiHA,123,0.30260241,0.19092087,-0.11168155
i0uSBvSZr8uLBvKfh404YA,123,0,0,0
i0x6MWNiFLQ2cV3aIVjO5g,123,0,0,0
i1Oxr_XAscirXOB5F4Pacg,123,1,0.63092975,-0.36907025
i20Nt0pIUoJpN6Rr_t2hKQ,123,0,0,0
i25GoiDkZFchtwL9JARUpA,123,0,0,0
i350uwKLfC9oDRRf1XZ8-w,123,0,0.33333333,0.33333333
i3jcM4k0rjUYrnPD-Pg5fQ,123,0,0,0
i5HTNIBhhCPyYzrJOryXbw,123,0.38685281,0.23719771,-0.14965509
i5QBMt0ShT2SEBfYYZqJKg,123,0,0,0
i5bMwdSBVY1eC52LfTqvGA,123,0,0,0
i6b7ltjoL7JXAjMWtsZr7Q,123,0,0,0
i6t04ohe_hUhULa1txSOkA,123,0.29608191,0.29608191,0
i6taQMvkZCScqW-e-EGrxw,123,0.61314719,0.61314719,0
i7EGytxYPfSgTa8TdI6h5A,123,0,0,0
i84YDhPbxtq9F8ipmtR5vg,123,0,0,0
i9TdF8OaX6SRw8IEit35SQ,123,0,0,0
i9dnGoiHpJ883mEcI1wYaQ,123,0,0,0
i9pHdGTNsm-Uh8dHDwKATw,123,0.24539835,0.35762593,0.11222758
iA0GzXHIgkDTe6M1tjS_vg,123,0,0,0
iAkAWd6FkCDNhJNBTRjIXg,123,0,0,0
iAn_zPYPo_bFUVN4nlBspw,123,0,0,0
iAznr383xhSezN2xud2BFg,123,0,0,0
iB0uM_eLDvB3hzUdJAw6KA,123,0,0,0
iE82cd9eEwKwwevhKjdziw,123,0.24652631,0.18222438,-0.064301927
iEQHAu1sJIkjAgaB0eh1JQ,123,0,0,0
iEmopVOkkLtMVb2MpFgSew,123,0,0,0
iEzH95vnlEpCMqjuQOi0Dg,123,0,0,0
iFPSzu1CQcjDoaXQcvIg_Q,123,0,0,0
iFhS15esm1T13cpbsgEF4w,123,0,0,0
iFqI2jR2N-KryNZ4dwxWog,123,0,0,0
iG8tP9Y1AwVfGOGCham55A,123,0,0,0
iGThcEUFWbh96foi8zrh-g,123,0.063620788,0.085143118,0.021522329
iHSMdHSNtub1v9G9sqx0zQ,123,0,0,0
iHSislm3HLyg0Znd-BPILw,123,0,0,0
iH_xg_g9oFSsSC2Z7H7QNg,123,0,0,0
iIMCQ4CZcXdlmgruaO6WiQ,123,0,0,0
iIj1sm78e9ZwyxWbSevBTA,123,0.074282073,0.27487633,0.20059426
iJE3RnVcfHM3jsM4I6WFCw,123,0.27758209,0.33479652,0.057214431
iJF0pe09jiYE7BvBTvniIQ,123,0,0,0
iJMDvVg6Mgl43is4XxIKsA,123,0,0,0
iKOMD573kiMJ1UzC0fzZTA,123,0,0,0
iLHyy332Tu4hLvaGA9yq9Q,123,0.14126697,0.16716045,0.025893482
iLX05kzrufY7E4bAmEF6WQ,123,0.39038005,0.19519002,-0.19519002
iMe-BwJitkKSiKBK77_gsg,123,0,0,0
iN5ojYRkP8XIAHOVi4TVFA,123,0,0,0
iNBLonWxx8ibByGJpZtfPg,123,0,0,0
iNXAN6Vgz2RX_Ax-tYrEuQ,123,0,0,0
iPAs2OzjPHeZlRhkZa4VLw,123,0.063620788,0.14465249,0.081031704
iPv40J2SCa-0RCdZisYQKw,123,0,0,0
iQ7aOn6YsNBLuXmKWAtRGA,123,0.10253314,0,-0.10253314
iQHfsx4zaz3n-5EssvYMxg,123,0,0,0
iQRbDXTPhf_84GjqG6YCpg,123,0,0,0
iQsIhLv6dyQDXxdCyORkRg,123,0,0,0
iSe2rooxZ9QVwXnTu1V0hw,123,0,0,0
iSoQ_4nDmHZJs20p-QeLxg,123,0,0,0
iTxe2v2SA8jQXl-kZ3boaw,123,0,0,0
iUdqEMvl2JLzhP5QjDFgTw,123,0,0,0
iUhVPCZCgTaXZ2x5iYlkRQ,123,0.067500464,0.034062972,-0.033437491
iW2xWp1aiclvfsni7H-2nA,123,0,0,0
iWATdPcMb-fv94UBLXSFsA,123,0,0,0
iWYpLH3KZXkWCQvTNWSoEg,123,0,0,0
iX1msXXgIPXTa6vZ6izCZQ,123,0,0,0
iXMSceiYsJQT0burbNAA5A,123,0,0,0
iXV4P8aiDaPzl7H_Owb6Ew,123,0,0,0
iXscBaXhOhzMGlGCjbdnDA,123,0,0,0
iXyBIcoNCZ9KZgoRVuPl8g,123,0,0,0
iY-H0IElPxnsXx-rjKFPlg,123,0,0,0
iY262MNxieewhtFInDY4Rg,123,0,0,0
iYCIBVEvF3vljTsgBa7RNA,123,0,0,0
iYGt0BtSa9PYQ2AUYLZ_mA,123,0.26406812,0.21840744,-0.045660686
iYtCcBjXaQAALTSBp5Lkqw,123,0,0,0
iZTtgFn4X5ql09L3Jg_KMQ,123,0,0,0
iZZbwVIFOE1GLOkO4j0kDQ,123,0,0,0
i_-uGItWO67aG4jBoqFUpQ,123,0,0,0
i_Wgpe52zViN-iTcWAEqVQ,123,0,0,0
i_ZBS4w36LtjhmJmGukhog,123,0,0,0
iaIwGalVbRYZQrmL9c45ZA,123,0,0,0
ib75TCR2xGLVH3zctj6_bg,123,0,0,0
ibRVueJnYNyxvLBOtArW_w,123,0,0,0
ibYII6UrPwrdAnyduWwGWQ,123,0,0,0
ic-JWW705n5GAsiIEGhkKQ,123,0,0,0
icjh9iTdNKUYAj32ER8K_w,123,0,0,0
ictcdY0LGbBvZuPlhkEWbQ,123,0,0,0
idq2ag6jgcpzBcvjAZvGdg,123,0,0,0
ien-sP_aLl2A96BlW9lPsA,123,0.5,0.24465054,-0.25534946
ifNaz6i4s95ByPtFf-rCyQ,123,0,0,0
igAD1HvypYBNRbxmW1LL_Q,123,0,0,0
igWmuGCx-iK-goSBmK7iRQ,123,0,0,0
igYkMEOu4NwDD-JRp7FYzg,123,0,0,0
ih5SaH9l3lAe6CBVAQ-Xjw,123,0,0,0
iha6SziczriCl8N12jWJrw,123,0.2043824,0.2043824,0
iiycBiDHqMY-QLg6ondA8g,123,0,0,0
ijkuEWkdMKwcyyU1L5boKg,123,0,0,0
ikA5c1rXzscTWTFdePelLQ,123,0,0,0
ikIT45t6zrQQ55JBoozHFw,123,0,0,0
iktppSfxNZRZZtKB96qLvg,123,0,0,0
il64P3G-9k2-8r0UPgzXCQ,123,0,0,0
ilP0sXxd06-Zc_TPyyO0Ww,123,0,0,0
ilsqW1FWTjSLiYuW5hmXQQ,123,0,0,0
im8ZZSw9XsGFLXDrvLlu9A,123,0.14804096,0,-0.14804096
imGQirCh-t_Kftb4U7VuUA,123,0,0,0
imOM0o-SD7f0Cscsmvbc7A,123,0,0,0
in6FMh6fYmzxUUgAUsHeTQ,123,0,0.1068408,0.1068408
inAorlf6vhc1QMkYEIWDFg,123,0,0,0
inYwYq9erPn94KA039x8Rg,123,1,1,0
inYx06D0vuz6MnYDBpYhXQ,123,0,0,0
ingS0cGkImMEpDpl2NPzDw,123,0,0,0
io9ib3Of3h3aUe0lbF1GwQ,123,0,0,0
ioHVGVU55SgL4CNMIsyBlA,123,0.10253314,0,-0.10253314
iomYOtGCrI2ECFEG8sVuHg,123,0,0,0
iovSO6Xrd6Az5Ia2FWCQtQ,123,0,0,0
ip4YfbrJCUArDcb-zN0EWg,123,0,0,0
ipg6eNxagm0xbljbbpKdSg,123,0.63092975,1,0.36907025
ipz5Yrcur-TZ9w4qPQKmew,123,0.23463936,0.11731968,-0.11731968
iq5cvFo0UHJKsW4foWScyA,123,0.14023079,0.2549613,0.11473051
iqLzp5jQn5Hnp6bxQpMDdA,123,0,0,0
iqVJrIFUVMgdLPEt4uGhfA,123,0,0,0
ism7RcRwOLGHzEZJ2G9DIg,123,0,0,0
itcyGJsassJ0iutr0gBMjg,123,0.042758313,0.042758313,0
itm7J1IWFo3YGBwcZUin9g,123,0,0,0
ivFR170hYEy6IdCkq3k5Mg,123,0,0,0
iwBJ6E_2Q6ybYuoYezS4hQ,123,0.61314719,0.3065736,-0.3065736
iwL0ccbBiNFQQFW-zNg3eA,123,0,0,0
iyOzbo_h56AIP0EdTIf5xw,123,0,0,0
iycy4wfL6zoxpKUSPrbWlw,123,0.11253889,0,-0.11253889
izIOKXQlf2o3q1qVvyjh_w,123,0,0.23540891,0.23540891
izWNobWCSPLk46Vpa_3p6Q,123,0,0,0
izbKQPDgGjGhE0uFdI8l7g,123,0,0,0
j-bEZhvBw3tl6iruUQ8wMA,123,0,0,0
j-jgKQJL1670UixfD_fsBQ,123,0,0,0
j0wUc7QIRG6q1hkiyX9jpA,123,0,0,0
j1j0sihFSznI8zlhIp3tZw,123,0,0.066513772,0.066513772
j1uGBey6CkyntcjlkpOq8g,123,0,0,0
j2uupEhc_4OXbCmF1q4SGw,123,0,0,0
j4enWVEAYz8V33Qc3nP5hw,123,0,0,0
j55HsX7PlvXvBTFpokAwDA,123,0,0,0
j59m8zESozT2K1_-AQBnEg,123,0,0,0
j5gwNYItx2hziZaaUJKEeA,123,0,0,0
j6Dk4auogPz9obXWNWkdWA,123,0.13032377,0.072567831,-0.057755935
j6MhudOkFIDNS90rHgAD7Q,123,0,0,0
j6ktXHmVr9rlGBaYd3vJ8w,123,0,0,0
j6ohktF342Oo9lTPz01E6A,123,0.41039157,0.30260241,-0.10778915
j7gM2jTyQu3EIXVDvZSQ8Q,123,0,0,0
j8DRLjowFEi0tGxAy09RCw,123,0.42946413,0.37975363,-0.049710506
j8UODb7MWmuraUTg9RGcXQ,123,0,0,0
jA2-YjW9ESjDLLqDlbT-Qg,123,0,0,0
jAfujoByoKgESAd-RfhXEA,123,0.3065736,0.40298313,0.096409537
jCCNf8VlDwam9lyP-U_iUw,123,0,0,0
jCSuQQYkVO4eHfcr-zrr4w,123,0.39038005,0.39038005,0
jCWQW5KCYlOwy_j9s8VXfA,123,0,0,0
jEBxFjFNHfD--0cVDSvsXQ,123,0,0,0
jEcSGHkE31zEGt7p_8Mbkw,123,0.41879925,0.41879925,0
jFKTlyFPFvWyVEk-rRmFwA,123,0.19519002,0.13905618,-0.056133845
jF_vE7-hsuw850zuvr4-yg,123,0.10951434,0.11305008,0.003535741
jFodVxoElzlB69pPTqPazg,123,0,0,0
jG0FZPgfOGKHMgbPumN0Ag,123,0.098039286,0,-0.098039286
jHkKBs7LxpoaPpxjM9pZ7Q,123,0,0,0
jK1_pM6U50seuco7Tvhing,123,0,0,0
jK9vreZhMXrVNBtxp1SUkg,123,0,0,0
jK_SY5ciS1IL82Cf3Ed1_w,123,0.51420358,0.51095457,-0.0032490031
jL38_ogeJAXnqW8Aqy83xA,123,0,0,0
jLKBQVdcHKJLh0nusE5sfA,123,0,0.16104283,0.16104283
jLxGktuXtIFWFuI2Sf1WTA,123,0,0,0
jLzXLiOvoIk4Q1Qkmt7CSA,123,0,0,0
jMKcvtQn8RVSyXSt2G2iAw,123,0,0,0
jMMX0zfJL9BNki9JnrFnBQ,123,0.079794539,0.073116838,-0.0066777001
jMNbi2ap9K-4q1_uaxX_JQ,123,0,0,0
jOU73K85NeMzBsqwJtfu0A,123,0.3065736,0.17103308,-0.13554051
jOgPtY1LdbCNoNoeCLvUkw,123,0,0,0
jOlFTzMi17zNxyVQenBsEw,123,0,0,0
jPLn_QfZbVQZks5WpLccrA,123,0.34870225,0.34337432,-0.0053279281
jQk3MOrdoT9rKNsvS03miA,123,0,0,0
jQqjOFKcQ3y_qsRDqBQ6Xw,123,0,0,0
jR2Kb_GQ04Lf2ZgO_-rdgQ,123,0,0,0
jRVs6KNh30LgOcAcWttJMg,123,0,0,0
jSx-T-kuO7WHQBTqHwJhQA,123,0,0,0
jTFY6nPeTvG2ffsNsil7kQ,123,0,0,0
jV994QtHdF1k5K1K6M4QEw,123,0,0,0
jWN-BgwCh210KzFUmDi53A,123,0,0,0
jXX-G_goCYZZrLSDY8qXdg,123,0.17342766,0.27487633,0.10144868
jXhSMz7KxMixxvcNDMx7Tg,123,0,0,0
jZ7gwktCLMYxTJiN7ILVDQ,123,0,0.23981247,0.23981247
jZMG0guBWjgFDgETR-u0AQ,123,0,0,0
jZgihdS6_xxldYg-Eo64Rw,123,0,0,0
jbKi-tS2ySbcJ-ENnZHXHQ,123,0,0,0
jbWWG-7nXAgtRae2RxGKmw,123,0,0,0
jc-K_QFFUfKhv7xCnv9vxw,123,0,0.084790051,0.084790051
jcG1-HgxFuk-NzJZWBxjNg,123,0,0,0
jcK6d6xrb_byQxzrBGswFg,123,0,0,0
jd3tZmIqS6yFdB-mTJc1Wg,123,0,0,0
jdAnhCSuzLNZIBaXGreq9g,123,0,0,0
je08G4XiZIJMV6RCUOoZSg,123,0,0,0
jelEhQhZia9FBPsMq0WeJg,123,0,0,0
jfbPuZ_uPB93OaqSZv7YrQ,123,0,0,0
jhDEh1YBOPcqKaRzR0WbAQ,123,0,0,0
jhF2aD1k3Pp6RjgbLzJoRw,123,0,0,0
jiaSrQknZMwyfKm5O3HpHA,123,0.16716045,0,-0.16716045
jidLJOEoxJ5-GiEKGpzJVg,123,0,0,0
jiiVEghxAusmeYxw1OYpQw,123,0.13032377,0.11706259,-0.013261173
jj78-kDHKh2lzvKbfUvd3g,123,0,0,0
jjCuneJ_dX81A5jW4pIf8w,123,0,0,0
jjssleQNtIBcS7JNXiB0xg,123,0,0,0
jk5oDKpRerjJ_U5Z8sAz5w,123,0,0,0
jkJJXpzCpuw2xYIM69Yc_w,123,0,0,0
jkijlQdvTYIWFJQWekFY2w,123,0,0,0
jkoQgU0cHqB5j7w0-4ZHPA,123,0,0,0
jm6zCII7rtT6y04csSUUfw,123,1,1,0
jmHCRUxkVf7AUMvUICkJUw,123,0,0,0
jmb-gr1KBlFPQePMWJxVeg,123,0,0,0
jmhG9UJAsdAn9EFjN0WaXg,123,0,0,0
jmmne1DuO3N1G0xFSIYxPA,123,0,0,0
joF9vYIvkCtPaIDHsXXfVA,123,0,0,0
joanms0fTKN3jHyDUeMzYw,123,0,0,0
jofRlWezV7QJpCjBGRXnEg,123,0,0,0
jpY8IGiem6A7kXfPrFv0PA,123,0,0,0
jrQ-cDLTqx-Xjjxb7A-vDA,123,0.18154179,0.20210735,0.020565554
jtb5-3GYQf7gYFN31jg1Rg,123,0,0,0
juR8F3qqhnqDaqapOWnNYw,123,0,0,0
julh_sf_TLtVkl2TRhudiw,123,0,0,0
juoTJ0_8r3ImVTo726qLmA,123,0,0,0
juwXP11YonKnEvleWkmZ8g,123,0,0,0
jvRvgOrKX3jzJvi6BXuFKg,123,0,0,0
jvuiHdPe2wg4Msp_9-IdOA,123,0,0,0
jwYcIwlpFR73DeMhfxt76g,123,0,0,0
jwtTBTYuL8249q26lmJH6A,123,0,0,0
jwyg6Bo4aYJYvJhz-UHbfg,123,0,0,0
jxac2pQOPQvYY32Zk-SM1Q,123,0.24857007,0.19145397,-0.0571161
jxj5xTascQZ01qYfYUiGbA,123,0,0,0
jxvdKemetSt8jFi21K3kaA,123,0,0,0
jyIvWjsYhxMEJRqpNk67Pg,123,0,0,0
jySWq88Y7BE8mru53Ql5FQ,123,0,0,0
jym_vGpElQ1DttwNHSccHQ,123,0,0,0
jyo36hAYLNrmNPZLbXsBBg,123,0,0,0
jyoRTd9KbwzWI16gh8sdaA,123,0,0,0
jzamul6RO5Q2pkq5qSQf6g,123,0,0,0
k-VVZ613e-7pFz9bShf_uQ,123,0,0,0
k0ItOdfAkjrvH7Hj-u7lVg,123,0,0,0
k0PV5GT4lTx-kFdNx89qeQ,123,0,0,0
k0uqCO3pGxQcT-fVUTsHCg,123,0,0,0
k1seducTq2YHpyD49-cVYg,123,0.16812754,0.24630239,0.078174852
k24QIVcmhhOnv9MCY3dELA,123,0,0,0
k2kYJSZWIiSW_79sFGpz9Q,123,0.23165733,0.23165733,0
k3Xxkt-rplj8-kDpwQ33MQ,123,0,0,0
k3dnhhJaxQl7PFfyEONECQ,123,0,0,0
k3unLq8yPApU4y7JvZ1Yiw,123,0,0,0
k3vleCExr52KzSmzVInMRw,123,0,0,0
k4LF4mv4KXuXbsU-7aKeJw,123,0,0,0
k4NTFS_bOZPkcww5EitoNA,123,0,0,0
k4W4BRYvZemxKJHEOFkCLQ,123,0,0,0
k4XjNX8Mju434hDMli7k2g,123,0,0,0
k5Uqg9GmF_Z_9LBAxjegpg,123,0,0,0
k5iA70JBHhY8ucLXGR0npA,123,0,0,0
k6AwCajLT06J6cwC3SqFcg,123,0.16176948,0.07223616,-0.089533323
k6Gl3_OZVEXV7EpJBqKE2Q,123,0.14804096,0.29608191,0.14804096
k6GurG0wmHVyiZGzmxs8eQ,123,0.5,1,0.5
k8KZKWtU5P3184mo8ABxYQ,123,0,0,0
k8XYJH8a7VjL4sM_jahXSg,123,0,0,0
k8lsITXfOwBOesuLnFAsyg,123,0,0,0
k9BCIgi9UdGaNkDxBkIR7A,123,0.38685281,0.1845757,-0.20227711
k9BP--nQ45tD6fVDNtn93A,123,0,0,0
k9VvSC6kRUSHBFn6sh4S8w,123,0.23599634,0.24291856,0.0069222259
kA16WmCbqMsU4nwzYpJBWg,123,0,0,0
kAE7vcgafLO5N6WmG2PJVg,123,0,0,0
kCMfy1_8YSWhOF2O6PZSuw,123,0,0,0
kCwKq26mfhmwi8FUDV0ZQw,123,0,0,0
kD52Br_KSfANXJ_p8lY27A,123,0.25595802,0.25,-0.0059580248
kDKWKnb5WSLk1SjLcP84Bg,123,0,0,0
kEQghZ8PcOTdpyL0fF4uDA,123,0,0,0
kEcMLkQwMEnMYsYfUMOXBg,123,0,0,0
kEfG0D2ga4vl0xbIUjZ3mA,123,1,1,0
kEyRH-wIsIw9M7T-pfQZAw,123,0,0,0
kFX8p4NbflPsTLWKYnc0Ig,123,0,0,0
kFyVpGIJKkXIlORaatoBpg,123,0,0,0
kH4MvwDaTNkMnKiU2WjIgQ,123,0,0,0
kHmXUEOAsIbguUrPoX6Tkg,123,0,0,0
kIUDNNr0lCzYZ5WjNjsRAQ,123,0,0,0
kIkw_hlSkANX5_xwwW1amw,123,0,0,0
kItyNkRiDBtN8NCN8JhblQ,123,0,0,0
kJnbLIPdJ6QOu_USBdfuZA,123,0,0,0
kK1VqkVSMkRewP6KP7hJXQ,123,0,0,0
kKPtzymyBkIuRpc7KTQSJA,123,0,0,0
kKncnVGJRsJ8j9UnbqmdsA,123,0,0,0
kLEH7BqR1NSaJZ0yGCdCSg,123,0.61314719,0.61314719,0
kLm3B6LeboEZWX_4otpILA,123,0,0,0
kMQpdrn7N5GEAPtmIxL1yw,123,0,0,0
kNj-CSpMrzSC99fiqSlkNQ,123,0,0,0
kOG9KvVJ3A-FvNx5WILuwA,123,0,0,0
kPu_ZlCwtwInEjdE4PuslA,123,0,0,0
kQE6wYjjph14jrIZttOW2Q,123,0,0,0
kQek0Ft9uFPRuxP9Z3g5-A,123,0,0,0
kQrrTVy2kvuGz-Flv9Htww,123,0,0,0
kRD9SybtzNVuKcpbnXhk6Q,123,0.71930748,0.74090964,0.02160216
kRRyU-jWHu-yiczlupobBQ,123,0,0,0
kRyjFBqU8bt-8NcJOLIciA,123,0,0,0
kSfFD0gNRiuixm0F_bjhAg,123,0,0,0
kTk9ZjSJUB391At76D7ixw,123,0,0,0
kTpsjDUhl9BlRl0FVuNreA,123,0.39038005,0.24630239,-0.14407766
kVQHTSp2YU6Mpka6ZCrPZQ,123,0,0,0
kWBkbLuOFac2HFt3zcltRg,123,0,0,0
kWOApx9Yhmpe1Hj1moA-eA,123,0,0,0
kYDEGwHzWBxyC-R1eo3SDA,123,0,0,0
kYEMdA8erJVUpDOa_XEBeQ,123,0,0,0
kYNtwV_NYUSJDtBXLjjpuQ,123,0,0,0
kY_GzlFxLkXK_2ln4l-l-A,123,0,0,0
kYflv5tITinh4n4solpxMA,123,0,0,0
kYujA4d-zud35Zs2yfoq0g,123,0,0,0
kYyszsVktocplfjPsupZ8g,123,0,0,0
kZGB0vboBRDCjsqcsAjMMw,123,0,0,0
kZS93CWlO0D41iNhFGj9Eg,123,0,0,0
kZ_RstLIIDXqmQkRfO10qQ,123,0,0,0
k_QqFbnVIMkDo3M7bbpSrg,123,0,0,0
kaOV2JYS0-hdGm0ce3AIDQ,123,0,0,0
kauJmG3ZiA-m5u0nPrjb4g,123,0.22585713,0.30532037,0.079463234
kbFzYCzq9WkmitCXkxsWEw,123,0.60692396,0.5199968,-0.086927162
kc4kn028zSyl7NPvxJ47KA,123,0,0,0
kcLWNtG7gA_HWgiLxzqXtA,123,0,0,0
kccmmpuPbFvTmFtQF9CKaw,123,0,0,0
kdF05ql0bquraoqcTwrweg,123,0,0,0
kg66FxWXqggr1hq4jz86Ow,123,0,0,0
khDfwbNBvJ44CzvWJUiWTw,123,0,0,0
khYCwrUnEY3DkI-F1ahfDw,123,0,0,0
kj-jdhOYqi85101EEu1kTg,123,0,0,0
kjZeiNWPzvVZFWDKW3mdoQ,123,0,0,0
kj_DV5bdZjTLxa2ODGV_Qg,123,0,0,0
kjjsLDsa7EUp8lLKUY3_0Q,123,0,0,0
kjlhPieXBPx7PqX8K4aQ9A,123,0.19635794,0.19635794,0
kkHcLQqS5If2ohMvoLhAMg,123,0.27487633,0.27487633,0
kkHdxY0j7tU04Y6eDl75rA,123,0.14704034,0,-0.14704034
kkKo6_qwbiu9SdZwOv2Rbg,123,0,0,0
kmM10yUMt62-oDNDB8eTHw,123,0,0,0
kmQPHpob2__bYTWs0CVwYA,123,0,0,0
kmmqamXMEB0qLIorrS46pQ,123,0,0,0
kmuZJhe2UERaTtIm44Z9Ow,123,0,0,0
knm6obTHwvxH2fMFYEu3pQ,123,1,1,0
knrupsullzWNqkUzGHshpQ,123,0,0,0
knwK1zwTWQylqEvGkVWzog,123,0,0.11284514,0.11284514
kqhR7c4ZhWhnkhXNHlt6tA,123,0,0,0
kqlXCOXymKHbO_w2kRLPgg,123,0.064708339,0,-0.064708339
ksBWrqnjT6fL6nulF_GYZQ,123,0,0,0
ktCNJpjtIWVSnQRjZT1iUQ,123,0,0,0
ktk1ADOeTUgAjE_Y5bvtqQ,123,0,0,0
kuyawcIRvZE-hjOWUntgXw,123,0,0,0
kwUgEePIpX2ik7FxKr4Bfg,123,0,0,0
kxVwdG68BctSAEYXd_HyGQ,123,0,0,0
ky0awPVmGZBB8wCzbCYz9g,123,0,0,0
kyQKElpkSCDRka7ti72qng,123,0,0,0
kyVJXFsIf_JaHMy51rc67w,123,0,0,0
kyc_Jt9r4Su8liaMa9raQw,123,0,0,0
kynpayfZunwfm8bMR8fRZw,123,0,0,0
kzExLqulSFnd5iBXWyxewQ,123,0,0,0
kzHl-XB5ubTxgoqQbm9yGw,123,0,0,0
l-BGQL_dveUG2ab-2KEyQQ,123,0,0,0
l-z55nydXM644W0oVwBcuw,123,0,0,0
l0e_QnB17xqzv5BAFOqiGQ,123,0,0,0
l0oWM0S4wpyGTsKQJ5GWBQ,123,0,0,0
l1BxkplUwWczHNulfYEkIg,123,0,0,0
l2JpmmYO-5OXSYehBvTfcQ,123,0,0,0
l2o_pjuS5T4jEn-8T4Z8KA,123,0,0,0
l3CSbTbrptAz8Jd_xKzqYQ,123,0,0,0
l3ElIU_Wsz16qnBp690mvA,123,0,0,0
l3Xdak0KOMN98PnD2HmVUA,123,0.1845757,0,-0.1845757
l4GzwJkLRel2kaoKiDEofA,123,0,0,0
l4iQ8z7Q6PFatFx_UUMpCw,123,0.2529427,0.2529427,0
l4xendC5jJ7Zp7OReyL6Hw,123,0,0,0
l62nMXWXyiLqtYrXBGCEyw,123,0,0,0
l6FQna_TOyj3d6C2mCNKKQ,123,0,0,0
l6TG_9SJa9diNH0Eayccrw,123,0.083193282,0.14456588,0.061372594
l6uGXP3qRHuPF97Iv3i-sA,123,0,0,0
l792-VmF1_fax2-h2lmg_A,123,0,0,0
l7dEPxOqm3KAoKBCFgurCA,123,0,0,0
l8YT0FqbvwEzrCH4HrrDKQ,123,0,0,0
l9P5RI9w5AplgAdlymkv5A,123,0,0,0
lA2ClQhpbFx5X-rQYGS1tg,123,0,0,0
lAG123sv99BMtyILjaazKQ,123,0.064708339,0.082746021,0.018037682
lAGVeGUk3LKnIQdrEy0trA,123,0,0,0
lASXNxCyR7wqwgRjh8fU3g,123,0,0,0
lDTZPQtnfl-OfsGEb8jf1Q,123,0,0,0
lDWnAJWWylzSWFL6EOBQSQ,123,0,0,0
lDyu0zxDc0jXR3QAtw_tGQ,123,0,0,0
lE5y0ccZdlQbdvny6PVECg,123,0,0,0
lEFLQEI0qP7QvxqTCtfTQA,123,0,0,0
lEI5lN0QHVRFyHen96c85g,123,0,0,0
lEYdBIixXIM3SJ_D4_ma2w,123,0,0,0
lEklU-0ebR_ZWFs8v5YA5A,123,0,0,0
lFLSuHyr22QfQxr26KkvGw,123,0.1175161,0.1175161,0
lG046VqgCpgW_qzOhKmGVA,123,0,0,0
lGZclrwA3HTMRq4iNmRAqw,123,0,0,0
lHJIhD0vQ8xjyHUb-IxByQ,123,0,0,0
lIE2RpoYvF0Cg5jCEBKGtA,123,0,0,0
lIpGqvvmg3glkkK48PHTPg,123,0,0,0
lK6vU1_UCK1owB6VEIOZPQ,123,0.32424651,0.260437,-0.06380951
lK7bEhOIdnQWWSvopiBW2g,123,0,0,0
lKtd3RfLNQy8nev7rFPkcQ,123,0,0,0
lLHbU0-h3xeI226SQubrYw,123,0,0,0
lLKBshoFXqizrPt25Pc-7A,123,0.34717825,0.29608191,-0.051096341
lMTqYsCmQ780-q_Tm_-LTA,123,0,0,0
lO1ZJdZcQXvtpXK0tu3_cw,123,0,0,0
lOPdCFAkCrEfuc97DxNFSQ,123,0,0,0
lOdZoda6Hq0Wi3RR2V8Y0Q,123,0,0,0
lQ3z8tjSxOvqrWdcKjUlrQ,123,0,0,0
lQ_dbuM6xIthZ63nnd8cHQ,123,0,0,0
lR2CWLz7Y_76WGMl0OeWKQ,123,0,0.038384638,0.038384638
lRLMfXSoYAErQdnuyFgt2w,123,0,0,0
lRRuTimITgwzoXLIM3g9qw,123,0.29608191,0,-0.29608191
lRa8LUtA5DMrkTu3NpNNlA,123,0,0,0
lSLFvLbgWmvB_nIWsYpW6w,123,0.061734604,0,-0.061734604
lSxbxkHMeMOqvWAtgxSl5Q,123,0,0,0
lTMdCdU_z-NSZzb-e4ejDg,123,0,0,0
lTxPGJx5PNTSVgQnFqe5dg,123,0,0,0
lTyrc6Isxnu6_yq5v0d5sw,123,0,0,0
lU9v6r4bo6nh1i5z4Z-BDg,123,0.40061355,0.40731201,0.0066984598
lUc4LbgjbPniRso7txzVuA,123,0,0,0
lUgyk9vHUmBlt49WSdpD0Q,123,0,0,0
lV17W9GupGzhRizZtbzGSA,123,0,0,0
lV9epgzUWlc53rqkf51XgA,123,0,0,0
lVj6rc7Xr_FCaehzRMmPtw,123,0,0,0
lW9xTvoDyPn2AhreAUjEww,123,0,0,0
lWNEBu8S3f1dbYsEdkaV8Q,123,0,0,0
lWhowBlZFOWzWGryS2LMxA,123,0.61314719,0.61314719,0
lXcc2mdDhBRYW1UFwuF4Nw,123,0,0,0
lXnRjF3mNga32LyRiEclQQ,123,0,0,0
lXrzXv1tWbCMh6hPXqcR4g,123,0,0,0
lY2Cfx3fOELseFH0HSG9ZQ,123,0,0,0
lYEHrma-v7DI2aZ-DRxJQA,123,0,0,0
lYtxh-L5yvp41FYXL2r4-A,123,0.61314719,0.61314719,0
l_PYlgyZLEnZm4jCp8Gmdw,123,0,0,0
la6VxtOrm0rzw1iAWLprfQ,123,0,0,0
lahQZzrrOG9xxGiqs977iQ,123,0.18672776,0.1178121,-0.068915662
lavyYLh68LxIBhJdIE5f_g,123,0,0,0
lbDYppQgGowSJIeD3xS4eA,123,0,0,0
lbGn0sxC5OuGjdccSoJJQQ,123,0,0,0
ldCg-SHasDf59p-qTPkGew,123,0,0,0
ldrQtLPZzX5RTBMxOy__9w,123,0,0,0
ldtxYghu6OLAMxRkkKh3uA,123,0,0,0
lepAXOBZWyGhLNJhHbT1nw,123,0,0,0
lflWLPxgcvu2rf9-zPyzbw,123,0,0,0
lg0yxTsNyCHy89DAD8rElA,123,0,0,0
lgB93Q5dePzMBWXu_GVHEA,123,0,0,0
lgUHdLdNQlcaUCzkKPVAmA,123,0,0,0
lgUKLRsqvhu4DbM9syzq_Q,123,0,0,0
lh4-936qzBe9z12iwDgIrw,123,0,0,0
lhtWUXD6zQW5UOvUpZCXUg,123,0,0,0
li0KxXvLCZlPD-aZZ6b_KQ,123,0,0,0
liw7-Jkd9Jn5bOIgTRGcPA,123,0,0,0
ljzRGc17tlLoyv9AYEQrPA,123,0.083724914,0.11367467,0.029949759
lkGB6HVoFe5-hJq3Mp0eTQ,123,0,0,0
lkbY1ahEEW5S2th1yAdn2Q,123,0,0,0
lke1vhsIqio4TaeJFs4bnQ,123,0,0,0
lm2uz_4jZJL1Iz2RDQHKIg,123,0,0.23981247,0.23981247
lm56NZaqG90rCIq7mdZYgA,123,0,0,0
lm68iuxsqDEZ3u_EkDIE6Q,123,0,0,0
lmJy4OwP_TyHIg8a8Q0RsA,123,0,0,0
lmL1P6wJi0Z8Jg8DTPqawQ,123,0,0,0
lmjaCVsRD9DnBlns7r2l-w,123,0,0,0
ln3R5ujXP_n8fXvRrKxAng,123,0.10858087,0,-0.10858087
lnQyKu1NZTMThnUYGh6jgg,123,0,0,0
lneyam99jHB_ITEyTXT7bg,123,0,0,0
lodcjNGaE1B-lAWfn-L2Qw,123,0,0,0
lp4D-epxES8G-EIGZay4SA,123,0,0,0
lp4n-BGrNB4Mf9z6Lk1R2w,123,0,0,0
lpjmKkdcUo4sjroCawuwQg,123,0,0,0
lpnI226_ekGGvkx2Kd-biQ,123,0,0,0
lrtGPAmDqCFnbfAKiB4NmA,123,0,0,0
lserqDseBmOizRQk8zbU4Q,123,0,0,0
ltVVan0-7G-mQt7QW3rKjg,123,0,0,0
ltv6-0NLK9GweBbRjC9Avg,123,0,0,0
ltzqwSA474YxEzLoD1MVIg,123,0,0,0
luM_UHp6Yc4fdI1yKQZ_Pw,123,0,0,0
lurVw8WAzlEYLYMm8dOOCw,123,0,0,0
lvhpSWe2vae8uTlnf7alyA,123,0,0,0
lw1EuTo6vV_biYruLwFXHg,123,0.1934264,0.21840744,0.024981033
lwHDxfX2z2ufI-QuWMmQkw,123,0,0.26264954,0.26264954
lwUZzdNG-XLlNpivmwcEsQ,123,0,0,0
lwUa756W1t0jX68St3hPWw,123,0,0,0
lxA2xhPoGyEKdfKkR7u7yw,123,0,0,0
lxarBB7Mg2IVGlM7dNukFQ,123,0,0,0
lxkfonZr_y4yeNXKrKIf9w,123,0,0,0
lyxvWcFLoho5AB_GzZmdhw,123,0.25595802,0.30103,0.045071971
lzKIQNdszz0-EodxitP4PQ,123,0,0,0
m-Pnm53eK4NFW6keiL7yjQ,123,0,0,0
m-cM4C61m6d3iusOS9X1pA,123,0,0,0
m-o1o9E6yTCL8KOIH04ixQ,123,0.14804096,0.16716045,0.019119499
m0Z0H_jPvyA5T00Pg6xT_g,123,0,0,0
m0lZWKBoPifxndi0SLwh4w,123,0,0,0
m0o5tgCVle3anbaVL307kw,123,0,0,0
m1AUK8tI19tUT_N3DMkyIQ,123,0,0,0
m1AysTXG_v2Ig_P0zDJL2Q,123,0,0,0
m1sJ1YBdDp4GzPdrJLCjXQ,123,0,0,0
m26Ymu59nIeZZb5l8PGHCA,123,0,0,0
m39JMmoUjI6cF2E_LP-_Og,123,0.23540891,0,-0.23540891
m3ukIzoOjLso5QUWMNcGrg,123,0,0,0
m4Ba2rsUJ50C2FRpcFtxlw,123,0,0,0
m4F2dSJM3Eu1rRA8_QAQjQ,123,0,0,0
m4KAMgdgkAQtchNh9Ay80A,123,1,1,0
m4egTXIv3nBhvFuVDFceKg,123,0.13565197,0.14126697,0.0056149994
m5ORqgiVvB_JvVAdPQcGhg,123,0.43091684,0.23504555,-0.19587129
m5_fH7FmPgrE57YeLTqX8Q,123,0,0,0
m5dvyMpWhuh-a60rq9GzSg,123,0,0,0
m5i0UL5dnbUx3C1A41yoSw,123,0,0,0
m68LrtzwCrdln17GC2e5ZQ,123,0,0,0
m6ePktu2cDs1auXdoIzt5w,123,0.17610301,0.07102002,-0.10508299
m6i-9dPtvEnxotYsvYW3zA,123,0,0,0
m82YODoJKVhLENP-HtdHng,123,0,0,0
m8TgjNnyKgwslHaqNMFtHw,123,0,0,0
m8YRg68_52Vlj1tYYyC6Ug,123,0,0,0
m8y-4w0JpLe_NzkWRGEBpw,123,0,0,0
mAq1xBX7U_mbLpt6mKgOxw,123,0,0,0
mBEv23RpvHhPTGxrLTpN_A,123,0,0,0
mC19ofbbqvBAwOUH3fRHsg,123,0,0,0
mCL0nhYyvDa5a3Egqto6vg,123,0.1020974,0.19602913,0.093931735
mCW8Stba-sMGnR1HlV2M0g,123,0,0,0
mC_BjoGIJbS5XD9BA91CVw,123,0.24630239,0.13905618,-0.10724621
mCzZcydzTumzb09sK_IOFg,123,0,0,0
mDBAmEsyxuVTTT70dK-dqA,123,0,0,0
mDib4kH89y4tgR2eSBBxnA,123,0,0,0
mEHR0eMD0ZlhBiVR_Cu0SA,123,0,0,0
mFBnOCP92E6A738_FqYQwg,123,0,0,0
mFU1SzhxSs13QCDcPJguhQ,123,0,0,0
mFVHcixhLASc-qH0RgMLgg,123,0,0,0
mGTk_yB7-pVxvFcEYMc1GA,123,0,0,0
mGbn9P6Cl9FQCwfQWcA5CQ,123,0.20817041,0.063235676,-0.14493473
mH-NRs4CEzYrQzJKRjAvlw,123,0,0,0
mHjr_jucrxCv7InmDlCSLQ,123,0,0,0
mI5I7bLp7VxBU1JdxkNpUg,123,0,0,0
mJ6yNAm5x5-lyW7mkHmNFg,123,0.1507906,0.19263572,0.04184512
mJdO7amNT0tb3F2fvr8drg,123,0,0,0
mJqkH2uXFQQyoKfoXMjxuA,123,0,0,0
mJtYMmLcpofP7qBK1DfZQA,123,0,0,0
mKXjxcjG6iAee9DjjIFd3Q,123,0,0,0
mKoQi0-lXExGi8aVQfVPTQ,123,0,0,0
mL5cSWB9cSN0T5jQ2P2Gtw,123,0,0,0
mLIwT3cKR3JUhyt6jmSQ6Q,123,0,0,0
mLMTOW3bWc2BMSdYL_DS3Q,123,0,0,0
mLwKdFW96yof7-6EVgLXhA,123,0,0,0
mM8dZe49n8tMA2L1DRgpRQ,123,0,0,0
mN6RujPNIr9tPkLMj-NwGg,123,0.1208113,0.33916021,0.2183489
mN8fyBuA6ruTOg7BXIcQ7A,123,0,0,0
mNAVI_w-Bg_Us1gV4Dzphw,123,0,0,0
mNH59fye2BRKxU09AG2qyw,123,0,0,0
mNNDxJQR_LRxblW7m61JYQ,123,0,0,0
mNsrvbvPCwWx9_0GordRvw,123,0.26406812,0.2043824,-0.059685725
mODp6JlLClGNjgi1KHxXVA,123,0.61314719,0.61314719,0
mOSP0qhtAFxmKKnyO8YIYA,123,0,0,0
mPNsCj0_fMuNfxxkgeR1Hg,123,0,0,0
mPnOlm9FEHtc4fcfK6FjPw,123,0,0,0
mRTu_76SDZzmc8k8ll6OEQ,123,0.2529427,0.2529427,0
mRyFuAKSLQKdVvfN850_bQ,123,0,0,0
mT-Cf6OzEmgVWtfBiekZxw,123,0,0,0
mTZnNv-CbLGvqAhzkPDViA,123,0,0,0
mV9CpqMSvn_MFFZoRKqFMw,123,0,0,0
mVX_xyhExZy1keuFMknWsA,123,0.10889376,0.10549558,-0.0033981768
mVjgO4DwYzy4_lT6s2Q2_g,123,0.46927873,0.18154179,-0.28773693
mVkopn2FcSNOSrirL84v0w,123,0,0,0
mWk-VooDHOr1iyRtyUftZQ,123,0.13447875,0.04779447,-0.086684278
mWledV1ng0_cLgwdaceufg,123,0,0,0
mXmx-dkgyxrpxkJCJ95xkA,123,0,0,0
mYDBWALp3m6ccgxec2Q7PA,123,0.23137821,0,-0.23137821
mZQ6NG0UCbeIyz7vQpG41g,123,0,0,0
m_NaIYPKeHzaQcc90sKULQ,123,0.33916021,0.33916021,0
m_nYle8DOEyDddtR4bpgag,123,0,0,0
maSbHZfZzAvIzhu-y5svbQ,123,0,0,0
mai888IdxBKWWbcpN95dhA,123,0,0,0
mbDmR-HBmn310hfijtVHVA,123,0.091092403,0.15130121,0.060208804
mbJA9_yy-JbB1lkteWYD1A,123,0,0,0
mbMFiqA-QG3D-qa_KgzxWA,123,0,0,0
mcEHwmpiCOCFXemb2hIHaA,123,0,0,0
mcSyS5ZFTjNy2kP8ynlfLw,123,0,0,0
mcoDFbdugjc-hqqA-2wHZw,123,0,0,0
mgBV3YmtaEqKmvrOHKQXfA,123,0.33916021,0.33916021,0
mgN3F0ROIHGj_H7RlJa-EQ,123,0,0,0
mgisYq5lSAjWtJiXL_obOA,123,0,0,0
mgmWP0xb_ng5MEA7FAmWjQ,123,0,0,0
miGhlCIj5yAv_aHElvQslw,123,0.33333333,0.33333333,0
miezoBzEvncTmHU58g5HmA,123,0,0,0
mivYt-sr0OyYsnwpLFuXDg,123,0,0,0
mj_RWh934Y4TJxIZ_rvnog,123,0,0,0
ml-rDgT9FAz6G9UlpRPwIw,123,0,0,0
ml1AQElm3F1QCb0a6AJiKQ,123,0,0,0
mlEZTSkIQTXrEbOdsWq26w,123,0,0,0
mlTN5YVzzSk0etZFuD7eRA,123,0,0,0
mm6E4FbCMwJmb7kPDZ5v2Q,123,0.58181761,0.46927873,-0.11253889
mmXl5IhUqUZ1vkmZC2edqQ,123,0,0,0
mmi63Hg9BmgbUCditaGrkA,123,0,0,0
mmwuy8xa_qck0r42nPX8Tw,123,0,0,0
mmyYz-xiAO-tXqGSfyFJqA,123,0,0,0
mmzwk7j9-nYppgbJG0nU8w,123,0,0,0
mnpFeD_4TDSc9VvlzEHhRw,123,0,0,0
momZW_ekJwAOPoCvFiBWoA,123,0.61314719,0.61314719,0
moz1VXqvaWzVjVKaAFO8ZQ,123,0.13959537,0,-0.13959537
mpKZeBrIiXBTPJaWxloZ3g,123,0,0,0
mptaaXQBQ6b54LlHLooiag,123,0,0,0
mqhQc_J2AAH9y_O7Pd-8ig,123,0,0,0
mr8Wol7FgypD_CmboU5ToQ,123,0,0,0
mrbVjIfH--MlmAmrqLzoAw,123,0,0,0
mtSqqC0I3sD8C0VikZ2uJw,123,0,0,0
mteaS2dSVgQNlMf9xvgF0g,123,0,0,0
muOlT-uQrShoN1Qi610DWA,123,1,1,0
mukbs7Bj65O2fIVMi935nA,123,0,0,0
mv5r2Ixz67gUp-KRiPrE5g,123,0,0,0
mwHk33BsGV3Pc7fXAhcZ0A,123,0,0,0
mwNWXxPqG7uB6RLAuZ7Jow,123,0.21398626,0.29877632,0.084790051
mxeq9l3IvlqFbzgVycn9Tg,123,0,0,0
myMt8frtYZ2nrEdoI9G5CQ,123,0,0,0
mywz_VROZh9Le1Lw55VsqA,123,0,0,0
mz9eb3kuvovZ443CxTOVgw,123,0.1208113,0,-0.1208113
mzeZleZ3yvr_lpc3Ku5QEA,123,0.042430923,0.033963285,-0.0084676378
n-KG9hT4eGCgdcnQP8qMIA,123,0,0,0
n-MC3UtTTynTPSnvw4Ju9w,123,0,0.26264954,0.26264954
n-eqEznsIaunXMkulA6glg,123,0,0,0
n-r14HfcTMDBQHxnsljqmQ,123,0,0,0
n0GJcpRu_GNqnuqsOaRFbQ,123,0.61314719,0.1934264,-0.41972079
n0Qbz7LaA0r46x-N2gPXxQ,123,0,0,0
n0amJ0p8b9pCfPcEACYwLg,123,0,0,0
n0iUkClauyyGApcTowCx5A,123,0.23504555,0.23504555,0
n0qe0uuU9He-Bc30rKmmkg,123,0,0,0
n0qjtA4hkVRD6axmVUUi-Q,123,0,0,0
n26DdD4xHMHbXYpy5FT-sg,123,0,0,0
n2Ai17KWWCSQeo2u-NDq_Q,123,0.094606347,0,-0.094606347
n2DZt4d_zcyfIvhwhVlXVQ,123,0.034062972,0.075131077,0.041068105
n2RSuHvwCzeTDUMzSDnFdA,123,0,0,0
n2UpKhkU2N-66a1QQzrjYw,123,0,0,0
n2ZbJXzQO4OBRFnNgTHScw,123,0,0,0
n2h_Zw0Oi4JouwAttXLJcw,123,0,0,0
n3Gg5mIokBirc8s_unINnQ,123,0.072196141,0.070356803,-0.0018393378
n3U7fV0TohWMywEqkgXUHw,123,0,0,0
n3aKJqRTJM8JjrFn_l6NwQ,123,0.050595683,0.189464,0.13886832
n3u9tSWz1FZbrIU8waahnQ,123,0.19635794,0.24258234,0.046224408
n45wjLDcYb1oE-GOOc58gw,123,0,0,0
n63Fr8cQP5766ZVExQcK-w,123,0,0,0
n6fyzuFm1cwb_Q5y4A_quA,123,0,0,0
n6iqHi7uYpFgzDg1Wj5rCA,123,0,0,0
n6mZiu2THIak73c4-1xa-g,123,0,0,0
n8Ihks7t4EhNC3FrfbEoOg,123,0,0,0
n8MSZSy0poq7TuHRJcs_Tg,123,0,0,0
n8TgUTVW8J6oZNYEKar0fA,123,0.076143341,0.2529427,0.17679936
n91RA9TGj-_aZZ2HM9q4xw,123,0,0,0
nASvf2p4PtAPaxDxqaapOg,123,0,0,0
nAe5USXtIe-o7Y-7J0tHlQ,123,0.22009177,0.22009177,0
nBOOcMnJgf5DPKjCEUSIDA,123,0.39038005,0.39038005,0
nD8Cg2jQdPFitx1MGGBRVA,123,0,0,0
nDVaE1KQ3QSeY645LkrHNg,123,0,0,0
nEBR37gei5qGg4FNQQZt9Q,123,0,0,0
nF-p2LxfYtkRrlz9NNrgOg,123,0,0,0
nFMtiYWsrEt6_r74GuFimw,123,0,0,0
nFwIfRsPVerLGKJpdg_hUA,123,0.28906483,0.35620719,0.067142361
nG3Mek6QUuC44ej8hMnTxg,123,0.63668244,0.63668244,0
nGBYFOdUMJSwui-i5WYtGw,123,0,0,0
nGqmdnQb_xUHNcPheQbwtg,123,0,0,0
nIPN01gVhKTaWoTZtjsKfQ,123,0,0,0
nJlmXNwAIjr4EC3jKW_Klg,123,0,0,0
nKa_r2ajf6YCELH2qmckrg,123,0,0,0
nLTUExV7QL5OttVMCfSfSw,123,0,0,0
nLezkM9TRDnQNaU0l4GJcA,123,0,0,0
nMbmtja7SwJMZ1c_a81sKw,123,0,0,0
nMlN5rLd_RONhgxQy0jgjA,123,0,0,0
nMni4GyAmdEjpW0dcIxyKg,123,0.61314719,0.61314719,0
nMw5xm9h6xFXdsNbG3b80Q,123,0,0,0
nNAQB5vNEldNlbdt3jLHwQ,123,0,0,0
nNGYRSkY8Oid6Of_SFMWuA,123,1,0.63092975,-0.36907025
nNm9RGXQgnVJ6ypbBgc20A,123,0,0,0
nO-7V8QTKmgnL-9gLYRjCQ,123,0,0,0
nOhVFMv2TtV3hjjXqpFgaw,123,0.10549558,0.19519002,0.089694441
nOr3_aq60yivqgcso_iDMw,123,0,0,0
nPGtW8JHNb7Fw6KAUV3_rA,123,0.22471947,0.27134058,0.046621108
nPXVprOV3ioobtAc_s7-CA,123,0.23719771,0.61314719,0.37594948
nRBuwri2nzmFHUdOX9xO1Q,123,0,0,0
nRpUQsLfGWBJ8u7gcj6qzA,123,0,0,0
nSEKWE-AXv_GI18jIxNOig,123,0,0,0
nSOf0NLbCxggtojX-BD0tg,123,0.15101962,0.19519002,0.044170407
nTpyI1VOrjrF5u7BPd1cyA,123,0,0,0
nUXwfzh2r3laqaEMwCPAgg,123,0,0,0
nVETQCSxAK8p_5zMQppIGQ,123,0,0,0
nVRPACH_wNtFNWANBUXSnw,123,0,0,0
nVSWhxT4FKDV4krM6i3sNw,123,0.23505972,0.35895421,0.12389449
nVrsQkDOFNiU4ol5Sk9JSw,123,0,0,0
nWausiX02FIL5yv3Zts4Mw,123,0,0,0
nWwh7DwUeNN4-3fEUlpD8Q,123,0,0,0
nX0AlE895Bb_-X0enB11jQ,123,0,0,0
nX6ctMcGXc1hki9Ps_fQHA,123,0,0,0
nXGeCTztgEaKCqdK4M6_9w,123,0,0,0
nXHcBe38meR4CV5Jr4QxiQ,123,0,0,0
nXMMoDzXRByQiWH9cf-FAQ,123,0,0.077216688,0.077216688
nXOQUWgqXYhYnL6EbWY32g,123,0.35895421,0.35895421,0
nY1402fR_FWwNioXfkqQnQ,123,0,0,0
nY29vdpRYBemkdcNs26kJQ,123,0,0,0
nYXjXuFswfovytDQCcxN4A,123,0.13090199,0,-0.13090199
nZUohand16Mi_PvRvhuRug,123,0,0,0
nZjDiwDqM5LSR1j2IYx0PQ,123,0,0,0
nZnIBpiQpB-OFhpEo6aO2Q,123,0,0,0
nZpi0aZclYjq0SWtGYeDkA,123,0,0,0
n_KzNZXCU8j3cQD_SfxMjw,123,0,0,0
naKJ_QWnRoD3GRlm5Ggjfw,123,0,0,0
naNuJE04B2KABxsQrno9DA,123,0,0,0
naz-juMTb07fQ6s3Hd66aA,123,0,0,0
nbLc7poIXelCoxdHrfWc0w,123,0,0,0
nbRv3XDfKLTRCEd3-vdvpA,123,0,0,0
nbpJ4_z3L919M3lCRERU2A,123,0,0,0
ncV3D4quNNIzM4_AiISRbQ,123,0.31546488,0,-0.31546488
nd3J4ng39EnLN5nAiafA4w,123,0.036356288,0,-0.036356288
nfDxw0duXMyPbPIjICYtmg,123,0,0,0
ngz11B9sz8dJhA5v9F8phA,123,0,0,0
nhWYlrTiNUXVouuLd5Q56Q,123,0.83155463,0.45658039,-0.37497424
nhlQ_QOz6Iedwvaa2ztFgQ,123,0,0,0
niEo6IS7Bi84cICjy33uOA,123,0,0,0
niVlNMVNHYJ8euskuIP0dQ,123,0.61314719,0.61314719,0
nihpn-qhbubNMHpi4laU0g,123,0,0,0
njd6EX0g8zZhxDuco2k8WA,123,0,0,0
nk16MnzTrWrU3f0n5r_eag,123,0.38685281,0.5,0.11314719
nkFczNcgKJh9BetHTH-btQ,123,0,0,0
nkP9kZDn1v3qEn-RoTvVnA,123,0,0,0
nkYWfdBJtQzb3UeNIwYejg,123,0,0,0
nl1wx96aJiRwPChw1hMOjg,123,0,0,0
nlN2c8Ji9JQvs6fveKkWMw,123,0,0,0
nlPP-AFgRZMaNFKaqRhCuQ,123,0.38685281,0.63092975,0.24407695
nls8l7SodeL6Bgpf2OYqyg,123,0,0,0
nm4tRAo3sKZQ5HyLo28HJA,123,0,0,0
nm6rVuEUUjaxjC5K0bvlWg,123,0,0,0
nmZh1hS948QbD7FunGi8eg,123,0.1175161,0.13905618,0.021540075
nn-xUz1yQdB9t9R3imccJQ,123,0.79772289,0.77884296,-0.018879931
nnwBdqGHIAJQ5QX9lHOtrQ,123,0.26687965,0.44615334,0.17927369
novFMPBgjicGHqNW0LqMmw,123,0,0.088877923,0.088877923
nqHmFx837BIlsYNX5LsR4w,123,0.13743817,0.11838279,-0.019055374
nr35WjC-YI0dFcsnW33Szw,123,0,0,0
nrcN1JYp4hbeE4O5Rf1tag,123,0,0,0
nrsluaI6yJ3T0xXJKt1phQ,123,0,0,0
nsK8-mIUND_iQBAgRroQtw,123,0,0,0
nswUC3PmWsuOZQ4HjLZBlQ,123,0,0,0
nti0EhLYrCKhXzJx425Oaw,123,0,0,0
ntqURA0yzrFadofEZNwIyw,123,0,0,0
nuM0nR-VK21pbkb3ShclBg,123,0,0,0
nuPB8UJO5qZ3h61xSh5xFQ,123,0,0,0
nufBzzQSCg8NkigpeVU3Lw,123,0,0,0
nuvixCCU_r7lxOurci_Dgw,123,0,0,0
nvdkt-r6z6rHIAHuGp3wiw,123,0,0,0
nw32o5US9ftfInBrLcfVQQ,123,0.079841335,0,-0.079841335
nw45oaStBbi85yGojhtyTQ,123,0,0,0
nxNO7_6U2Nu90v0IdnEhIg,123,0,0,0
nxbovs2Kx0L8FqaUcttJSg,123,0,0,0
nxbuUn7tn06-jz9_E3MN-w,123,0,0,0
nygK2B94V6xZcQLSKtdY6w,123,0,0,0
nzm6MM_2mc2TN3EyiceqvQ,123,0,0,0
o-kbNSZILWSsmoI_gugzlA,123,0,0,0
o-sCs60rqW75uPlXhyS0Mg,123,0.46927873,0.46927873,0
o0-CYTDJkQxYBU4CCxlcyw,123,0,0,0
o1-Flue1EoUvRsOR9cDRsA,123,0,0,0
o1qKg96vRCR-NL7O5d776g,123,0,0,0
o2CzlUJZn1mdlbWZRNK89w,123,0,0,0
o2QMhwNV7QOX4e7JPNFYpQ,123,0,0,0
o2_HCDhJ8-LLdRSoTmEBbg,123,0,0,0
o2j99GOYL3Jboelb0w5ntg,123,0,0,0
o3-GL3bS4MVoTVsax7-dVg,123,0,0,0
o4gRgCdVSRUK4f8L0sJBtg,123,0.49068689,0.41992399,-0.070762908
o5Ge7vHonm63P8nYvmNiYA,123,0,0,0
o8NgSyF_970zpXvlC3uD4w,123,0,0,0
o8fbYsa4qKZGea2y4H2wBg,123,0,0,0
o95o0pMRUK0noCAa5KA9yg,123,0,0,0
o9WLfM70nHrBKgk1xPKe1w,123,1,1,0
oAInL2Ci-_BUa7SGIMWA_g,123,0.10737631,0.07102002,-0.036356288
oAov5erInFJgklxHJjYHuw,123,0,0,0
oAydR_WIcpPny1c6GYCv-Q,123,0,0,0
oBQZfFdCLFWLW4m2iRr6Kg,123,0,0,0
oBWeugfyhx2gLQWzDWfGZw,123,0.082746021,0.11838279,0.035636772
oBcJdr1C-oZE5uOfFP-E3w,123,0,0,0
oC7bEpqUCWkgtUDoeayrAg,123,0.43067656,0.5,0.069323442
oCnLbe9OGnpyQBY4E90bVQ,123,0.23137821,0,-0.23137821
oDo9o0oxE3_4U5Q8sPNAmA,123,0,0,0
oDuMcQ73TF60-TuWDu_GUQ,123,0,0,0
oEy9d6dUDYNjeTjJ0P9y8Q,123,0,0,0
oFhn9LfSXwfpvrcO8RfP4Q,123,0,0,0
oFuZcJakXnNJinl5B6q77g,123,0,0,0
oFyG8q1n83o6GlAEaVWktA,123,0,0,0
oG4n_XVtFl7y-A5v0x1Xew,123,0,0,0
oGRSdCk8zAPNMSGTAtkkpw,123,0,0,0
oJpiRod1fOIbgKHchRlRpw,123,0.13565197,0.11480929,-0.020842679
oKz0QvPS8kBDNNlT3js4pQ,123,0,0,0
oLCsUI2hkHESGCMfeONr5g,123,0,0.077216688,0.077216688
oMcmerArbeL0OOEZVPMeuQ,123,0.04555207,0,-0.04555207
oN2GmKS7jRjunWGNkI7Qzg,123,0,0,0
oNNL-ykTZx5S-xf66SOVjQ,123,0.07102002,0.14204004,0.07102002
oN_3pMGXz9xprDgFyghsrQ,123,0,0,0
oNhpUe_tO5LB656VcQIhvw,123,0,0,0
oPIBTyB8slqBdJAoE3RblQ,123,0,0,0
oPtjAFyz9fACz4nwRH-4fQ,123,0.079841335,0.081334845,0.00149351
oPzrAcYobZqKzwPOWvU2KA,123,0,0,0
oR7RloSKHbZOCz-WlT1fwQ,123,0,0,0
oRCYGVVt0yjTd-vvTyChhA,123,0,0,0
oRGRgWhbc02JHPWG_wbPVw,123,0,0,0
oS8546qX17-BKf7R30KeAw,123,0,0,0
oSAyAIf0vEel_c3dlAKp6g,123,0,0,0
oSml-KJ3vWDGZqqNGkZ_GA,123,0,0,0
oTT3TA6ThnYlF8ZnlbVd0w,123,0.19511345,0.053646645,-0.14146681
oTVST7CTfms-7RFrX2QFHA,123,0,0.097595012,0.097595012
oUQZPfb78DcYMq1fX4S_1w,123,0,0,0
oUpcqnjo3o6x52MUzDJlfw,123,0,0,0
oVitRcmHwrvJRqbj4bcHBA,123,0,0,0
oVjEx-bNbs2JI1AzBIl_-g,123,0,0,0
oVpfBZDeqa9GxC6RfzL3Xg,123,0,0,0
oVrXlRwYMA7v-BjWsGLTkQ,123,0.14704034,0,-0.14704034
oW310mDidejIRAPggwIAzg,123,0,0,0
oWTSh_iL0BDgjMRgU4jvQQ,123,0,0,0
oXpxSVp-VbvCQE51QsWiog,123,0,0,0
oYnHljVhhiGue9kB25SfBQ,123,0,0,0
oZG3IaSr-QdgK2B-ZJd51Q,123,0.15958908,0.090100009,-0.069489068
oZMVahaKX1x4R_jIMTOi3Q,123,0,0,0
oZljEdVN-QFm4XNLoSKDGQ,123,0,0,0
obAksk0tLwmo6Vb32fOgQQ,123,0,0,0
obYPVyRaBQqI4-OjtWqlVA,123,0,0,0
ocFniU3muXVYiwB-ieuMHQ,123,0,0,0
ocwdUZZoZs00n6Jd0c3cgg,123,0,0,0
odpWD4GIyvlZG6PuWqLl0g,123,0,0,0
oe-CFCZFeGBpyhTxGin5ow,123,0,0,0
oe5TR0JgXgelUfeLcCimVA,123,0,0,0
of1f4jdoUZvkW2D2w2WfeQ,123,0,0,0
ofJT7inmiJelNKCoajp1jA,123,1,1,0
ofqpwiC706uCxPuhHBYZaA,123,0,0,0
ogjYdqBDiOrZQgFKBvoTEQ,123,0,0,0
oh8jhxBjzl7x9WUh8xHsyA,123,0,0,0
ohUC4ZSIX-jxZ9JpdCvQKw,123,0,0,0
ojWY7qMhC79QV29lO0cfGQ,123,0,0,0
ojiN3u-8CVBPBisohY9_5Q,123,0.22932692,0.17547753,-0.053849388
ojxS1v-8nUvEEx4DlsPQrA,123,0.14114593,0.14924646,0.0081005304
ok3sseiioQlxtGSGb1H1zQ,123,0,0,0
okPC6jSaVJEtbScW3cihFg,123,0,0,0
okR3xbPWxoCb1reO1T3Ojw,123,0,0,0
okkWvjg9is-5LGYGSZXLwQ,123,0,0,0
okunlZ__2eM0S4xa7Jb8PQ,123,0,0,0
ol1-wTIfWfhKZ31vtQPSnw,123,0,0,0
olIE9j5IefCu-stQoSUlDw,123,0,0,0
olrbv25TwaJOjV75AYfEQg,123,0,0,0
omLHnp1T7C9tVLfITli0lg,123,0,0,0
onMl5E4xXuYU2PI_k1yH7A,123,0,0,0
onTfHjnJMVlyzELEGT0c9A,123,0,0,0
onXxga1bCwkDtFMgN7Pzkg,123,0,0,0
onvQWG0D8mcAJvZRUqY8hg,123,0,0,0
opqWdxIOwuYcmo-PZvNS4A,123,0,0,0
oqCtfkf3IcwLF7A5iLlxlQ,123,0,0,0
oqQxCJ2nYOfkBidxSqMkXg,123,0,0,0
oqcmJZXPgjA0qMlFkjTF4A,123,1,1,0
oqonDf_ooCCNCgGeZgNh7A,123,0,0,0
orsGwqZsPHTQ5YgEfa4AtQ,123,0,0,0
orvJ8m2dLCfJojObNUcsvA,123,0,0,0
osKslEr2bzDO0Ah6tnZzIA,123,0,0,0
osOel5O1I94_xKwgaAWu0A,123,0.1934264,0,-0.1934264
osXzXSSdIg7F4BBVqZY_gw,123,0,0,0
osdeS7I26qJhW2Qz6sJLzQ,123,0.38685281,0.43067656,0.043823751
oszjgx27qBjO_11jVx21sw,123,0,0,0
ouF4mCJFbrk0_rMvb8qT8A,123,0,0,0
ouODopBKF3AqfCkuQEnrDg,123,0.058525431,0.18356778,0.12504235
ouWc7a4HTsdJRdy1YFnSBg,123,0,0,0
ouiM-3pVnOGzjnl72oCwbA,123,0,0,0
ovS01jAmR82MZsFnQWGAgA,123,0,0,0
ovwXBx6ZwGWgRLJkrat-tQ,123,0,0,0
ow-Xzd5e8gMmHG4Du5SBQA,123,0,0,0
owh2dgbzDokHiqqWxUpA9g,123,0,0,0
oxJJ0N82GFZeBCxBi6vH1A,123,0,0,0
oxaaYd2vAa0ezVvoltjlkQ,123,0,0,0
oxl2c_qQ9GrXkq8SMoEoUQ,123,0,0,0
oyXlYU31-EefXLgORF5pIQ,123,0,0,0
oymQgQQWGOKRy4430A0Stg,123,0,0,0
ozUHEpWDfRn7IKqluK503A,123,0,0,0
p-3GcxiOW6NDvrFq3Z0HVQ,123,0,0,0
p-3grx8aw9eowG36jkouWA,123,0,0,0
p-ID8148nfDiD5UYswAySQ,123,0,0,0
p-iQfPW42ldSnORO0EHIGg,123,0,0,0
p-sXvw7CzOH3MBtBRwmbhA,123,0,0,0
p0TstOsc3Xsl_TJ3RpV01g,123,0.15958908,0.15958908,0
p0iqVyaUv_mtTi4KlOxCUw,123,0,0,0
p0rL4knqv-o2_hzlpCSzSA,123,0,0,0
p1EiD_VGJfAQwo543FmQog,123,0,0,0
p1F8kQSDf8eaV7loRvZDOw,123,0.23719771,0.3065736,0.069375884
p1pg5NleZVUO_hcOgiNMmA,123,0.5,1,0.5
p2U71qwAUSj2spNSS6Qn0A,123,0,0,0
p2qsU49DvbMrcG_nlejnuA,123,0,0,0
p3V-5BChEeC6eWji-uquQw,123,0,0,0
p3yFKLydopDIpClyr0tl5w,123,0,0,0
p3yJEAUEBcUF4WNBciy5nQ,123,0,0,0
p4BYmpS2V172HDAs0yek2g,123,0,0,0
p4uIMhZB9WO5a6hD71ZrOQ,123,0,0,0
p4ubt9o_zQBzy3xK6aOkbw,123,0,0,0
p5dlns2jXo24nvE4cdHnyw,123,0,0,0
p63ErgXqff3qU3ubuvcwBA,123,0,0,0
p6D7zzs3nu12aVWdyp7ihw,123,0,0,0
p6RurvWCPEqR8PP4siwiVA,123,0,0,0
p7sjXws6YaPweIJUC0_dNA,123,0,0,0
p7zBtAxvVeMt7HvPCohMdg,123,0,0,0
p8fQgjXipslPXEk1_B1jWw,123,0,0,0
p951eClfn_bx4Is3IB6tpg,123,0,0,0
p9kRneOo9-7MWttZiNFK9w,123,0.14200989,0.14081404,-0.0011958471
pAU6Rt5Gxc7tAZPT0CukJQ,123,0,0,0
pB3hPVfzTXNFHMx8JC_Y5A,123,0,0,0
pBPc0ingZ7ryynu5Y7ON-w,123,0,0,0
pC0tjsVBier2y-6PmfslCA,123,0,0,0
pDF6x0s9b5ONCaUwrv4xrQ,123,0,0,0
pDmz4d4_JrBIZPvTpyG1LQ,123,0,0,0
pE4rk3ia1xAElYILJ05GNQ,123,0,0,0
pEoPOy9FUoZlUJXgz_pggw,123,0,0,0
pGmbV55YLG54t8r1W4F3xg,123,0.07102002,0.054948588,-0.016071432
pH7Dv_jdxcKmSoEdR76Rtg,123,0,0,0
pHljbVBfwORKse5NWp3q3g,123,0,0,0
pJP5XM4_FVnCEYUee_5Bgw,123,0.14704034,0.16104283,0.014002484
pJWK3udsDI4K1MIAPgNfcg,123,0,0,0
pJbUQc_Sgy5zEUrzjhmXsQ,123,0,0,0
pL4gS-6ghUTjfEqvWy_eFA,123,0,0,0
pLZIZXIebqEcrX7IVKoJRg,123,0,0,0
pMMTFtJ6BONrrNDOGs9rhA,123,0,0,0
pMQ0U71uXjpRJuV6eR6kqg,123,0,0,0
pMvitqg3Edrwdj2iaKYZ2w,123,0,0,0
pNKimXVue7vJD52OwO1xLQ,123,0,0,0
pOCuiGKW_lOHpzQjEH4N1w,123,0,0,0
pPr5MRSj8QiB2F2vg_QsAA,123,0,0,0
pQCkVflo2_DaZMWCbRuDig,123,0,0,0
pRc6n68xro4SCdOPIw9ucQ,123,0,0,0
pS1t1DR-qcR-37v-Y3LDKA,123,0,0,0
pSWOnbQ6GfrQEiNFakCKkQ,123,1,1,0
pS_q49s_TOaF0TkLbThjcw,123,0,0,0
pSk38npo1ZGsD3uILOQOkA,123,0,0,0
pUNvLJwdJIOemOgU98mp1w,123,0,0,0
pVx_nWcROmwegfr-CruQZg,123,0,0,0
pWhaWrBMYyykptjvCO_60A,123,0,0,0
pY14pb59PNCvaSWPFjYTqA,123,0.38685281,0.61314719,0.22629439
pYaCbN49TO3Kaay7yZzxug,123,0,0,0
pZ3sVJNckofgIbvPjm5CEQ,123,0,0,0
pZ8OAkVFcl1lQVWztcno9w,123,0.16716045,0.14126697,-0.025893482
pZQDbsJy9eJG8RyXwFcGNQ,123,0,0,0
pZeGZGzX-ROT_D5lam5uNg,123,0,0,0
pa6glQGbGNFP-FZhITV0pQ,123,0.23540891,0,-0.23540891
pauvV0h01w_dUHFmKT5FUg,123,0.33916021,0.55314647,0.21398626
pb6TEP1fbC1urWPNvT_HnA,123,0,0,0
pbWV7I43HPl_F1w9nlEVoQ,123,0,0,0
pbbrE69rQjgoFEAbAKIq-A,123,0,0,0
pbj1PN5Z8yzpNy6a5E20Sg,123,0,0,0
pc_Le7NmA6cacQ2ZmpdwLw,123,0,0,0
pctgUvk8c3bDpNZKiSB9hg,123,0,0,0
pcuCZ0RTYa4PUN0jrcHi8g,123,0,0,0
pd7I_nh3UDW6eLS8mqJYKw,123,0,0,0
pdpKT4f7O2c3PNQaKCdSpQ,123,0.28906483,0.30103,0.011965169
pehdkxwE_uW-Bdf2ZxWsug,123,0,0,0
pfVqwLneNdNo8uAxpYsnqg,123,0,0,0
pgBV9IsNQWrLI32ctadFuQ,123,0,0,0
pgysyF9BIhvp-RG87Aw6Yg,123,0,0.10699313,0.10699313
ph-F9RlnjyRySZEpU0iALw,123,0,0,0
ph465s4_sruEwp7ltLSqbw,123,0,0,0
piRgNlK-pGixrTX3yYARUg,123,0,0,0
pjkEZXtxhQYmyAUW41GTLg,123,0,0,0
pjz7LWbOmJIkYYP_ohNP-A,123,0,0,0
pk6UlPAJiw0-0s7zvX4TZQ,123,0.11253889,0.13090199,0.018363101
pkFf6Z03KT0E76zV1g4Y-g,123,0,0,0
pl18nnuQ8htzHbDpePqq9w,123,0,0,0
pl_6pRWdV2ht5IjJ_YEsPQ,123,0,0,0
pljgkZSB60BmtbkM6PvsGA,123,0,0,0
pmXiaK7RM_veqJ8OcGhRJw,123,0.39038005,0.39038005,0
pn-dpgK1BB7Zv5pcMHircQ,123,0,0,0
pn_1A8ZhmOEMobUuhXTRnQ,123,0.18672776,0.23068515,0.04395738
poaJyHwzCluwjZ4syVgbgA,123,0,0,0
ppQSinm3-HMjxy1fej_dJQ,123,0,0,0
pppIHoA8b8B8Wd5t72sDxA,123,0,0,0
ppsm8EDKjA1fp1yTCP3RrQ,123,0.58409477,0.59365519,0.009560417
pqlLJVba9KAtahkjvNINYg,123,0,0,0
prdkwsDrtAqDHV6UwSHI9A,123,0,0,0
psavL1hOoMn1xeZbEtjxSg,123,0,0,0
pt29dCl2Hj4sebCC-na5Kg,123,0,0,0
puUUPs_ZpYJy-zamwx_T3g,123,0,0,0
pvU67d0hytJH2yUeghOqWQ,123,0,0,0
pwpKFY_WRFddFj7B_w578w,123,0,0,0
pxBmvgpiDMN161PwHDtsLw,123,0,0,0
pxHek1QyYnTRCSIUI6HT1A,123,0,0,0
py6WYGuBEt5MwzGn1dbmNw,123,0,0,0
pyR3eB5pzzdnw2rgDD-4uQ,123,0,0,0
pysIFCgm5IHgnat9h99QWw,123,0.12425872,0.12692404,0.0026653162
pz4NJuHe2DPqE_nbBBUMPg,123,0,0,0
pzV7A5XSTK6zSPAxeAmaLA,123,0,0,0
pzmrNJf-cndXbxTPa2-r3A,123,0,0,0
q-JEMIMXNvDtZimKWhl4fA,123,0.11004588,0,-0.11004588
q-cMT2WEPNBHm9goUfjJcA,123,0,0,0
q-qZF6EmDg8_zuVXAyVcJg,123,1,0.31546488,-0.68453512
q0TowirWeIpdJYxQB622AA,123,0,0,0
q0oVp-26XuMGz0UapA-QZQ,123,0,0,0
q0q21_a14ulDp9M-uZp1zw,123,0,0,0
q17QjiN6xDM2mz0bnS8qJw,123,0,0,0
q1Ig5thYDlA78EtPyodhrw,123,0.61314719,0,-0.61314719
q2Xcpp_5oAASImqVomwiPg,123,0,0,0
q3lPWLreF9PLh8lLlWgwDg,123,0,0,0
q3tIoVVCPMTmSolpvJgLmg,123,0.61314719,0.61314719,0
q4H5r1sWzyh1WpU7SAwnMQ,123,1,1,0
q4PUEGJv51imxu-wKV3LPg,123,0,0,0
q4ZlBeFO4cfJT_h-YPPXyA,123,0,0,0
q5NTKvLuFVRPvZuuA_0qng,123,0,0,0
q5Qv5oTB92Cg1HYpkpsJug,123,0.25437015,0.21398626,-0.040383889
q5fK4JndTw_ip-qbjxxHkQ,123,0.59251203,0.52744869,-0.065063342
q5ugbU-qsihZitkA1zbe1w,123,0,0,0
q6XJKbFcLxT5Pgss1BhjdA,123,0,0,0
q6lG-sk_MULdcpf5ZRfMEg,123,0.069431222,0.056334254,-0.013096968
q6smJrRtr0wLypmS-aqKLA,123,0,0,0
q7AitJYW5IHqSVKcQLghFg,123,0,0,0
q97r_ExtGSJyNUXfo-GvYQ,123,0,0,0
q9pUMk_3yo2j6LwXM2FCVg,123,0,0,0
qAuJnk-mkehkvHM3pB8dIQ,123,0,0,0
qBJHs3gFO_rgJBCUonfong,123,0,0,0
qBRo2hqk7pEIbr51D9P2GQ,123,0.17060922,0.17060922,0
qBbTCei6_dW5-ss-7X9b5g,123,0,0,0
qC2tVHBoQQIEoBMW-L4Wlg,123,0,0,0
qCaKL8lmDvjlCia5PQtGsA,123,0,0,0
qEP__UaygBNUeaxl0RTLwA,123,0,0,0
qEQob9pzNanp9BZbCiUUwQ,123,0.30260241,0.37261802,0.070015606
qHBE2hUMirPAUJ-4dIjS3g,123,0,0,0
qHDPSaTwD9_H8tNQqaDBDw,123,0,0,0
qJ7XTi3J9-lUE2b-I63ZlA,123,0.16783565,0.11320461,-0.054631037
qJFKlbq9qrpeO2DUR-kBDA,123,0.44527418,0.38930098,-0.055973205
qJY5_8k3ipUfVRLVOruOMQ,123,0,0,0
qKOWuKXqa_16hmLnbntS1A,123,0.23442939,0.1782103,-0.05621909
qKQqNChjWL81xYEqI5kFvQ,123,0,0,0
qKd0Itbf7FRuSISBZ7SXFA,123,0,0,0
qKuonDWqbditIy4uc_clqA,123,0,0,0
qL23QCacF2u-rmL_WTVQjA,123,0,0,0
qL53MSSKR97KZbgukf8GTw,123,0,0.11731968,0.11731968
qLWYEa9qKTEycQyoVBLgEw,123,0,0,0
qMUVULJZ_acMAm78dx8IQg,123,0,0,0
qNStEAb_H38Dkc3bjFTATA,123,0,0,0
qNX8fk8q0LX8oUxnQ6uV7A,123,0,0,0
qNia-tAppIlUj6qxjZxurA,123,0,0,0
qNwdCYPsNuFonEwJ5RCX1g,123,0,0,0
qO1QHXFg8KvXKiUdld53Kw,123,0,0,0
qOSnrJYdfWHpIFc99dozpw,123,0,0,0
qOzcgy-aNOlvKhsOgQfGPA,123,0,0,0
qPCaHNNtYs_or8ZFAAyp_g,123,0,0,0
qPCo5xBhLhewmKWfmXuqcQ,123,0,0,0
qPI2Pb_jrRO3JHRyskE3BQ,123,0,0,0
qPMcmtVX-VcMcvrIRK8-fw,123,0.38685281,0.61314719,0.22629439
qQ4v3-TykvfHF7YmpfUifg,123,0,0,0
qQIWzXRWZkjBM5Ka1MJsDw,123,0,0,0
qQoJ_3_NM7sLggVO4d5hjw,123,0,0,0
qSWKYQv-ZLj8DRY2RWkSIA,123,0,0,0
qU0aHVWkRUnr0K1w3w3p5g,123,0.034750173,0.042758313,0.0080081398
qURbrDoa_19pvaJtMoMzKQ,123,0,0,0
qV-1hF9oBm1ViSTnm45pFA,123,0,0,0
qVKPkdfajXuKqaukv_g1dg,123,0.30103,0.30103,0
qVuZit1iyRNc_0eqdBYgYA,123,0,0,0
qVx3I3sqkjk7-YsOQHeNiA,123,0,0,0
qX7x9pHODJgxO7nVaJGmHg,123,0.10858087,0,-0.10858087
qXBzIn-EiWKWWuk8YOHgAA,123,0,0,0
qXSs5xrVIfcil7MgS8GYWw,123,0,0,0
qXXWMh79Y9G7aL6q2L00OA,123,0,0,0
qXvacYgtHgLcbMMZPqM5rA,123,0,0,0
qZ68868w4k94tiXRCF4jHw,123,0,0,0
qZRPGzjlCBNkm_mMo9cyiQ,123,0,0,0
qZizik6Xg0OsEZnshTSz_w,123,0,0,0
qZsuTK8e8xy0OTGN6T6hQA,123,0,0.17041512,0.17041512
q_2_4VytoEiZ8PyYittyvA,123,0,0,0
q_aJwoWN97kHjp6oAZxBCQ,123,0,0,0
qaC5lja5RclWWUpJYatx1w,123,0,0,0
qaI-xpraSaxg9I5J_lc6Zg,123,0.14434031,0.1934264,0.049086089
qao0hhchTv8iACMiLGC0tA,123,0,0,0
qbFMtKbBeka9X21iLU1tgQ,123,0.33916021,0.33916021,0
qbbKjGQ2QiYIo_xbOht8VQ,123,0,0,0
qbtznqJqPl4-7hXkJBE8jQ,123,0,0,0
qcPBTtec1jdAgCtjgh4WHA,123,0.15130121,0.070015606,-0.081285601
qdCpvNyhm1EBOPkwfMjirg,123,0.27976434,0.18953837,-0.090225968
qeU_taXeFL_NyBk379sAVw,123,0.26264954,0,-0.26264954
qfXp7Vycy6JhOujwB4PNLg,123,0.86695053,0.77143218,-0.095518347
qfvbuGON_wS9qCKviOyolA,123,0,0,0
qgCanTXLz_myQ8VTMLApGg,123,0,0,0
qhR_qKzYzIEwSYZAVSSaBg,123,0.33333333,0.27894295,-0.054390388
qhUgJ83GRhQ4yZIqApbfmg,123,0,0,0
qhyZOfM-iTOm4nbcwlj3BQ,123,0,0,0
qifgGoyS3Fnt7KogFa064Q,123,0,0,0
qjZRsKI8uuKrJKRYy-9i9g,123,0,0,0
qjlfrNm2X6U7S72ICmeccg,123,0,0,0
qjvYubTGvFUDxAWy8H-Xsw,123,0.43067656,0.5,0.069323442
qk-fj2n7w5LzUrJ_x-I_hA,123,0.46927873,0.46927873,0
qlD7FffWlQmBO597CeLHtQ,123,0,0,0
qnOiRlXHvIStK1GADRRBOw,123,0,0,0
qnoT0ceBFvLyv7OEks64BQ,123,0,0,0
qoNQo-kLOsNQGMCFwmSpRg,123,0,0,0
qoYcA7_yoPqVF7jxRDPGCw,123,0,0,0
qojZsVKgUhimt5XZMClt3g,123,0,0,0
qpHcaQpmRVbngq1-7n_ViA,123,0.58256728,0.60693697,0.024369694
qphhH_o-R9ZpK16Sc89jtw,123,0,0,0
qqNKErWW4M-As9KnMtyg6A,123,0.38535857,0.39038005,0.0050214817
qqV5qBr0dcTtc3QzJYg5RA,123,0,0,0
qrJ12rjlVj3AkNRB-EcEgg,123,0,0,0
qrJxMlbgZrBakEs1M3Ub_A,123,0,0,0
qs4AwQqHxIir-lwB5jLQdQ,123,0,0,0
qs4kM3kgCixzNBP_4sAhVg,123,0.46927873,0.29608191,-0.17319682
qs8Mmg4zPLc1SNJizAGtSA,123,0,0,0
qs9_yIgen2NUxQCS-LiR_Q,123,0.53600541,0.51425212,-0.021753299
qsHZ6_yT870pmm4Oxvw5Og,123,0,0,0
qtWYsp3Fagzr-yWtJvO8JQ,123,0,0,0
qu-vYavOVMpgEwWGQxG-kg,123,0,0,0
qv0Jthy-A0D95FDDIUapmg,123,0,0,0
qwtu7jcoRpIRWYGKC3rzww,123,0.25,0.27894295,0.028942946
qx6jrQeHfJxdcFUqU_7wLA,123,0,0,0
qxgk0St0YctOKFSriqnzFw,123,0.1033295,0.14188321,0.038553713
qxt3k9js4ZB1dRCdKeiTog,123,0,0,0
qyPTP7D9KyyROIsDIRHXlA,123,0.46927873,0.46927873,0
qyPZ9sKiDBkcn8D4egNw-Q,123,0,0,0
qzE5oOFMKrvdVADuGkjGZA,123,0.61314719,0.61314719,0
qzvKlDLs2eE9OtHlN_yWpA,123,0,0,0
r-3NKibpkbJLt-5tSx35hg,123,0,0,0
r0LsnZWsqcfPje-_UmXs_g,123,0,0,0
r0yqQy6iS-LdhPFFQI2tJA,123,0,0,0
r2POix6TcRSx9JM-GNK1aQ,123,0,0,0
r2x8M1bkK0FlVLvpciZEwA,123,0,0,0
r44f3CckX4INyGoEMOe6IQ,123,0,0,0
r55tqEFOEwNGBDJlYThvvA,123,0,0,0
r6Idk31SNib0HWe37dvCOQ,123,0,0,0
r6ihS2WVE-3_Q1RU4a8rDg,123,0,0,0
r8iUod2sezjTKl1WiSe8uA,123,0,0,0
r9S0VYrdXJrdhfR7OXj8tA,123,0.47301024,0.31700318,-0.15600706
rABIT5lHnrYSiu_wzgBX6w,123,0,0,0
rAHnQToOwqjMjASztvfrSA,123,0,0,0
rAgCPqxaQKgd7XQVhePBeA,123,0.43674671,0,-0.43674671
rAnACu7vQX27g8QAlvp5dA,123,0,0,0
rB50ofIHBNyikHy0jpidVA,123,0,0,0
rB9ZTSc_dVAVQpcM_FNQlg,123,0,0,0
rC_PmrrNVe1PG3GmFO7NRw,123,0,0,0
rDpysBqhldE0poFgF_DX8w,123,0,0,0
rEJIDnwHh2HhNgAu0blp8g,123,0,0,0
rHP3q9Ok1qu9_tJmIy4i9w,123,0,0,0
rHQwXOOwGTa1bb-yzgvqDg,123,0,0.10858087,0.10858087
rIFGa8Sf7DBqeu1Dyp0o4w,123,0,0,0
rIMVtZ7orr--QtYHe2C06Q,123,0.39038005,0,-0.39038005
rIWHnEv7pphaCm04CVbpdQ,123,0,0,0
rJ5Bx-59Mjj_7NPljFU5lg,123,0,0,0
rJCbNpqG7ew3JoF5raqYog,123,0,0,0
rJgG93LAn5h_2R7zUtAe4A,123,0,0,0
rJn1WiFolH254Q1htYRGMw,123,0,0,0
rK8kLDiaKoIexHy3JzcVCA,123,0,0,0
rKGTBWaFgu8a60DFqeK3Fg,123,0.088877923,0,-0.088877923
rLCbMQmIuWnlI-IhIj51kQ,123,0,0,0
rLwgWkZkJjUWJvDKPHtrAg,123,0,0,0
rM-4AtxRS6WB7Q7suvlOMQ,123,0,0,0
rM2GRlyIx9c8kVPnUr3PTA,123,0,0,0
rMNMIdJlgnybYSHdmxmbtQ,123,0.53379365,0.59439075,0.0605971
rN5rfqzCPNZpPgPwnyzheQ,123,0,0,0
rNRqtp50e-oKbS10q6Q7Dg,123,1,1,0
rOf1Y62zS2-YFXAp6Okzzw,123,0,0,0
rOnsnJGYDvv36WF20qu0AQ,123,0.1782103,0.089105149,-0.089105149
rPOP_CTZvVx7b-Jtri4niA,123,0,0,0
rPYJKiGmSb1JT9OkzxmDrg,123,0,0,0
rPmFLVyQQNYZq1lzS0Staw,123,0,0,0
rQFCs4a72QOxVf6rKTISCg,123,0,0.10858087,0.10858087
rRc-XEMmSmzx1lbMsTZh0A,123,0,0,0
rSIuKMvWfvdKiJjO5YLC8w,123,0,0,0
rSY42CuMQl-suTmBM2WJHg,123,0,0,0
rS_tgsnKrTPjlAFt7y4TDA,123,0,0,0
rShI4E0qDHS9HIzNNeXNPg,123,0,0,0
rT1O8OAntSwwzpPLgXXEqA,123,0,0,0
rT502dRc8jUxcIdIu0JTLA,123,0,0,0
rVEhD4A7jFlymQXF09D18w,123,0,0,0
rV_WocjUhVn6_G9UNThBsQ,123,0,0,0
rWSHfLxj_Zd3eu9Fgiotag,123,0,0,0
rYFb6XFM6P4cMdom7y8PzQ,123,0,0,0
rYQz4KKc1godYg5ZnM0DxA,123,0,0,0
rZ4rHwgqTnP4NUcpG_MQvw,123,0.30260241,0.30260241,0
rZMQ9UIN6wVC9BD_MBrJWg,123,0,0,0
rZg5xWm--gdr6LiHoqe_AA,123,0.15958908,0.22794385,0.068354769
r_35KlUYfU_TauNVHrCAxg,123,0,0,0
rcgseTUNEU9IOjJ4j92sxQ,123,0,0,0
rctJAi-e3ZHl4Rlimmam_A,123,0,0,0
rcxe77LUEMRv9yr-8zjAeg,123,0,0,0
rd0J9qgJsrU7YnfzLb1eQw,123,0.03730675,0,-0.03730675
rdEmXcNrdjG71ABU7p4ZJw,123,0,0,0
re4iNqQzvdwSixYlGMgTsg,123,0,0,0
rexL6V0eSuHcv7hUgN7KeA,123,0,0,0
rfTJxi4YzFWRPEQ2iwbTzQ,123,0,0,0
rg0LTHqkRKqCs2_xxGLmow,123,0,0,0
rgwIYrsZjZy5vHv_wq-dKA,123,0.10889376,0.15101962,0.042125857
rhcnh8YR5Q-PUa6mnfbXWA,123,0,0,0
rhnXCm4fIJ5hZHEGqBBqIg,123,0,0.11480929,0.11480929
riF3iGGr4kdGYDdu1maSpA,123,0,0,0
riqVnqzfWKfE37DV0LJ-gA,123,0,0,0
rj_crR8NzN5peeg-kzNS3A,123,0,0,0
rk-19Vfvi3t7euy2pa08Sw,123,0,0,0
rk6W5bQ3Q9MR90gsBPZP-A,123,0.63092975,0.5,-0.13092975
rkmsy8QUiG3FmkLPHW5ejw,123,0,0,0
rlTNE_LrOkRfWEhVuldz4A,123,0,0,0
rm4fHYJdgGEcDudO1cZ3uQ,123,0,0,0
rnH9fiCEiYrr84zr2joLHA,123,0.14204004,0.14204004,0
rnNQzeKJbvqVCsYsL10mkQ,123,0.61314719,0.61314719,0
rnZy1ISdJ2sCdGlyD5RZkg,123,0.048814682,0.20736123,0.15854655
rnc7w8Nek6Pj-UQ44B3xeA,123,0,0,0
rnwkOCzU8_iVImT2IRUh0A,123,0,0,0
ro8GmteCjOSxnIhRyRQVjw,123,0,0,0
roX_qWSBewOu4VH6dN37oQ,123,0,0,0
rpE7XV81ugJqf40aqrp4og,123,0,0,0
rpbUjRcQpnlQyc2fEXpB_w,123,0,0.13565197,0.13565197
rpjKAuHBwM-SqI4260DzCw,123,0,0,0
rpl8G-W-HUhYzO1zjZ-MEw,123,0,0,0
rqImJQcrzPm3R9fTe5N1VA,123,0,0,0
rqqpIgfNlwc-PzwcVdkctw,123,0,0,0
rrBTdukmhum4Qm2MH_uJyw,123,0,0,0
rru1fYGLirtf10MfAKqBww,123,0,0,0
rrwQh7V4WPz2BWSnxqCAyw,123,0,0,0
rsEHIwMEclzTnhI3Cv22BA,123,0,0,0
rt_DZfzQCgxRZoyaeMgG4g,123,0,0,0
ruUnR0ow-H4ZTISVEXIvdw,123,0,0,0
ru_LlJIG3WZyO7ULVRi_kA,123,0,0,0
rvYTWj_twMGMkT3k7qjxZQ,123,0,0,0
rvrQra7skIE0v-eHt2tXdg,123,0,0,0
rwCISNRiAfiF824O-gjkmQ,123,0,0,0
rwvss28DqeYfn1B_SAY2pg,123,0.074148615,0.15759546,0.083446846
rxgoHeIus7ES4cGrg8DUqQ,123,0.43794459,0.44389718,0.0059525953
ry7rkv7q-ZE7K0rWoTGyhw,123,0.050259389,0,-0.050259389
ry9OhPirgJesJ2qfHsChhg,123,0,0,0
ryKxt67Tlp9qhq1ZEsQSFw,123,0,0,0
rybfK0I3Gzf3Gt5URTnvig,123,0,0,0
ryisT19-tzvMyVVi0iLvwA,123,0,0,0
s-xVBnGjW1U4iqbTJRSu7Q,123,0,0,0
s0M8VttOEQPtoq4yF_1DoQ,123,0.13090199,0.20210735,0.071205356
s0e-yMHJRs8R8sdLZ8WTwA,123,0,0,0
s1XHKBjnf8mUbYYb6axxVA,123,0,0,0
s1eeQy0CxZitwduDeXrKcA,123,0,0,0
s1nfH4bDUgZbPluDig9NMw,123,0,0,0
s1q10923ECQTROTZV3foiA,123,0,0,0
s1qOhYEs43IiGSQz4QmZ-A,123,0,0,0
s257zoX0sk7XIec41H0LnA,123,0,0,0
s34ZmKzCaWE2z-FBlJiIxw,123,0,0,0
s3HiFFQ-rnP-V59_TvXWfw,123,0,0,0
s3SuMFGf_e0fI8Y3AIe8lg,123,0,0,0
s3aa1sbS4WGtTQkOQ-gaaA,123,0,0,0
s4G4MQF_8OsNxt2RK3RK8Q,123,0.13442593,0.18626527,0.051839338
s4h-hclVSYnrwbnekk-Hjg,123,0,0,0
s4qNQkR_12kg9Vk9vzrc2w,123,0,0,0
s5-YgMQ8NTp2np94BV9UkA,123,0,0,0
s5Ip4bc112gwA6faMD5apw,123,0,0,0
s5e_PNvLLhnCpFFA9zGHPA,123,0,0,0
s5fhqm13bkgHPExQwy1KPg,123,0,0,0
s6BUyUlqxrQqQ7zLmzfH0Q,123,0,0,0
s6GFrQnnj4jqwZJYr-y03Q,123,0,0,0
s6d4Nf2-W5oxjMZQtpyk7A,123,0,0,0
s86ySoFbFPX2rp8OVjDSHw,123,0,0,0
s8jr65E_xPSW84nh6CG94w,123,0,0,0
sAigaJRNfiFohTgH_EKCVw,123,0,0,0
sCCJsk38T49wUA12dQzyiA,123,0.19519002,0.16812754,-0.027062489
sCMNteFitvq3jR31z0Duuw,123,0,0,0
sCgAitmutOkKR2LbtocVoQ,123,0,0,0
sCpZilDWQslqVKk2xUJKQw,123,0,0,0
sDy8oKKAB2POcRRwtju-hw,123,0,0,0
sE3gqctmDJjM9qzobB6Vbg,123,0,0,0
sEYwgkrMkcXfpPA3EaaXUw,123,0,0,0
sFAsg2mKKT0azjjSIu5fuw,123,0.093618003,0.095506691,0.0018886882
sFSt3B099B5kUHddiFc4FA,123,0,0,0
sFl8KhCsMDDzFgI_Q6oYBg,123,0,0,0
sFvakrs9kmhCgtwzYc3Xig,123,0,0,0
sFz-iwjrOafinHo0j3okgQ,123,0,0,0
sGRYJlEqvkeqNkwD-OYCEw,123,0,0,0
sGaoPWB_p1aOm5z9cnV3Aw,123,0,0,0
sHpIq4Df0413LPZzpM1yDQ,123,0,0,0
sIH5HbEwhbxt-4waYoDUBw,123,0,0,0
sIICI_uGUcOJzNf603CdCA,123,0,0,0
sIiVZINB0uwjkG9sYtuNoQ,123,0,0,0
sIjgu8dzP__72lV_N3wblA,123,0,0.11480929,0.11480929
sIzuAM8Mhd9aUycY-ZxL4g,123,0,0,0
sJEPBPuDyrRTOkzlkUPpWg,123,0,0,0
sKTG-oysidDbyB0xA6t2kA,123,0,0,0
sLbqnByNYsV9KW99DQeYzg,123,0,0,0
sMPqByfefvg_ITlz9t5dPA,123,0,0,0
sP0Tc_NBcaqfhikL4LlQHA,123,0,0,0
sPqy1Rn8XD02CfFVMnwG3w,123,0,0,0
sQM4rszyBaTVUcuqGhbT_A,123,0,0,0
sQQzobwx9db4sQuBXcB4IA,123,0,0,0
sQarquZSwKsEIekegCSGKw,123,0,0,0
sRyNXAjlGWXOtX8KyzM8vw,123,0,0,0
sSKM2zeM2O-jSYqq3yjR8A,123,0,0,0
sT5Vc5lfV77cqniJ4xALEA,123,0,0,0
sTcVhZFtVJfnBIsdrkO2CQ,123,1,1,0
sVmOxjL1d5et9Cfhf-mjcA,123,0,0,0
sVv8hk6c1VQT6s57dfTTKQ,123,0,0,0
sW41kZklONcv-1zFWoG-zg,123,0,0,0
sW8se1OrDvzmsqLpDPFJuA,123,0,0,0
sWy9Udo9Wr3n7r0Udry10w,123,0,0,0
sXsnf7bugQbOFa8Rv3P6IQ,123,0,0,0
sYhgwLEKtZZoaBGR37Hkjg,123,0,0,0
sZqVA-kTWXY3U00AOU7RYw,123,0,0,0
sZrK10PsmMcxo16NTkBoLQ,123,0,0.22767025,0.22767025
s_aDEbDMuIVYWrzp52DFVA,123,0,0,0
s_fskxHicgCpjnVP-lbBSA,123,0,0,0
saQmEdEQ4TxyshnCSHfkMA,123,0,0,0
scAJy3GqFSf8-CqnAMbe2w,123,0,0,0
scdTjUdj76BNg78b88yXrA,123,0,0,0
sdDaGDKZ9PzRJ5_SfCCIng,123,0,0,0
sdb9Vq9wdDjVYY2mMhudJQ,123,0,0,0
seYOavuhdAX5XECqWA9jMA,123,0,0,0
seuC0zlXuGoYB4LYIWxD5g,123,0,0,0
sfocm040E3afFzj_Qaxr5Q,123,0,0,0
sfsyRZJ8e-t-eLNupElHhw,123,0,0,0
sfw1RvVbtzV4sAQv7en3XQ,123,0.23463936,0.14804096,-0.086598408
sg6nsr05IGGO00b7m4bkIQ,123,0,0,0
sgh8O_qUEkTHjLE34ZmvPA,123,0,0,0
sgtnT63RgGnAa3i_XPyb9A,123,0,0,0
shk8nQ99eMcVBy8wSWi5fg,123,0,0,0
si-xoAJdMvGieVTpBmRCQQ,123,0,0,0
siV-76hjDt4emBens7CAvA,123,0,0,0
siikoDWFY6YLctJE1EJ7Ow,123,0.61314719,0.1845757,-0.4285715
sjX6nkd7PgojHHsUqd0rdg,123,0,0,0
skFw-hYJHT3Po0oE-WLbEA,123,0,0,0
skU8dm4rLmAj-WmBS6PV-A,123,0,0,0
sl7aJdV95i4t6oXxlI6AYg,123,0,0,0
sm4KAbf18q_dXufXzGRdeA,123,0,0,0
spC4nkB0TANWkTuurH_4Tw,123,0,0,0
spErUNBECaqrIxhkWbYhtQ,123,0,0,0
spQatUCQ0iTm6joyZXf1fw,123,0.074031845,0.072567831,-0.0014640133
splfcS_Z6XSMmS0j0c2Y6w,123,0,0,0
spm8buUkQz7qQ9Ld7x_98A,123,0,0,0
sprnlGcAvumzGnlAZbYcCw,123,0.35620719,0.43067656,0.074469371
sq7HI52sKsAaroqiq3Y-kw,123,0,0,0
sqF4ovq3uOKHkNwrPc070A,123,0,0.099424605,0.099424605
sqKWVIMXm1RGAlvVQYaiHw,123,0,0,0
srJDCAv_dZXyy9DWDIjG2g,123,0,0,0
srQ5Kl7595ilsuFNNULmXA,123,0.070356803,0.074282073,0.0039252697
ssU5VkjO_lVhxO3JsBG1GQ,123,0,0,0
sscw4SllngcILJCGJZ21cA,123,0,0,0
sskQ99GZO4xJ-3sHwUphRA,123,0,0,0
stIgmVcLEouAPa-lQyTFzg,123,0,0,0
su7iy3N7FyatvvrESUSUnA,123,0,0,0
suRoi6fJjOSdzBMWzaZ5sQ,123,0,0,0
sxBTwhwf2mbsYnQ2OogPsg,123,0,0,0
sxQiWIyMNxWyG3nHVp6GEg,123,0,0,0
szarX0EALH1HnhDqQ63ptQ,123,0.28906483,0.33333333,0.044268507
t-8FyO0nBQPewnKOgzSrxg,123,0,0,0
t-hSLP38f3U1Z_txb_ZAvA,123,0,0,0
t1-HdAwNoxY9b9rJ8TcKQw,123,0,0,0
t1YJeMmKheWeFZY8G2zEiA,123,0,0,0
t2bJNCDr1yR3WxrhjTwERQ,123,0,0,0
t2wF2uIngSKL9XJYnTrUmQ,123,0,0,0
t3jMhMLsXULiowjMra-g6w,123,0,0,0
t4ShM1ItZwfW-FXdA97taQ,123,0,0,0
t4givLRgsL5zwNLhTlIpUA,123,0,0,0
t503mLaX1A1f4qs_gLAGRg,123,0.26264954,0,-0.26264954
t5eNyh2FNtH2_rXfvJf0wA,123,0,0,0
t5wdba8cU7G5RTlarr50MA,123,0,0,0
t65g-turpuAWsbsAyEuiQA,123,0,0,0
t6nBgXNY13UwaPU-jLJ_Gg,123,0,0,0
t7AVXx5drXDuUZxap5f7kQ,123,0,0,0
t7oefFi5LM-UsK_jOKv1UA,123,0,0,0
t7yU4kfld4v7joqaw51xlw,123,0,0,0
t83WunzR6ygWR43ZtzlABw,123,0,0,0
t8zrFfsAw3RSbQEmnay_vA,123,0,0,0
t9A1zKT0L07_khr_OiN4jw,123,0,0,0
t9dTwzUvWLo1Tl1tF3DZiQ,123,0,0,0
tA0zdO52YTg7to49k05bfA,123,0,0,0
tA7j2v083l9FQXp60I8JTg,123,0,0,0
tAMCAWSLh7825HByobLIqw,123,0,0,0
tCPzvPwsd_DwBx6whsDlLQ,123,0,0,0
tD6EHQlNQV2ZN_TU_UJ2vw,123,0,0,0
tE1JaYfIYrkS3UOsrFjeTg,123,0,0,0
tE4ypr9D2CaAtk5Qehnr0Q,123,0,0,0
tEM0sslzGh-wpE3ibZOYiA,123,0,0,0
tEd93zgMQbSL5mp6y_QFhQ,123,0,0.22938162,0.22938162
tEymTf-qQJBi_yNWHQyc8g,123,0,0,0
tGZsC4Hs0wDAn_5v6CquGA,123,0,0,0
tGsCEYUn4CsmSusf2eC9rw,123,0,0,0
tHNkmZAvx7Y0eESrV6SBig,123,0.39038005,0.39038005,0
tHsxcCUUQYkypUxssH48yg,123,0,0,0
tI1_a94exjWlnZaXm_Ftow,123,0,0,0
tI6dRMttzplFhvQPlyeR4g,123,0,0,0
tIKND1tYTs3mhTMUyq0zdg,123,0.1695801,0.1208113,-0.0487688
tIxg4UNtQUiLrth2DMl-2w,123,0.10778915,0.087471714,-0.02031744
tJGjIiwPs-sUFnr5bfcqXQ,123,0,0,0
tJMWBk8nAyslAsgChjHxOw,123,0,0,0
tJZ98y0FTSEPC3GYe_YeeQ,123,0,0,0
tJgQm4i2MlIpk5TZaQFrfw,123,0.078348516,0.078348516,0
tLAdUAXThT9iIsfjne7jDg,123,0,0,0
tLc0wyimcpZbfhc-ozdUDw,123,0,0,0
tM26EE2YAPGngBxSo78DwA,123,0,0,0
tMyfVqA882D9GU1NkWD8mQ,123,0,0,0
tN6Coe6EDGDmokyn2X5t3g,123,0,0,0
tNdTtSXhSoxwra6Q1L2L4g,123,0,0,0
tNmMjWPcQk8zeUR0phG8UQ,123,0,0,0
tOJAoJf6sgW0Z_hiO4i7Ow,123,0,0,0
tOaFS6pIRrg6kiyUl5vK0A,123,0,0,0
tPfCYpXM108G-GWC1XosnQ,123,0,0,0
tQ2g3kVkTBG2g0Gmz4U1YA,123,0,0,0
tQ2iHOt--3YAhAEugAtzVw,123,0,0,0
tQ8N3-j2Ckc_6ajPRg01tw,123,0.034554939,0.036696719,0.00214178
tQfhFC_1cGlSXr9H-U2t4A,123,0,0,0
tQgI3IR2CfkKJzojHXQBVg,123,0,0,0
tR-imrgFYBwCzwJFcjWmcA,123,0,0,0
tRDYb8Vd6VM5BpbVI89Yhw,123,0,0,0
tRQFbllPvL7NQRXb8kssAQ,123,0,0,0
tRqFlPI5W6t4DrDvzcLU9Q,123,0,0,0
tS78kRmhpi2NZbtvFu9yFA,123,0,0,0
tSejZPTUMY12Z02n0oRSaA,123,0,0,0
tTcZkjEqGc9WsNj67P-Hwg,123,0,0,0
tTlntkoWh4DibHmVf0-2dw,123,0,0,0
tTxCwqnI5XZLARookFxYsQ,123,0.38121301,0.48103358,0.099820569
tUJtWskTwFWQ7R7qR64qOQ,123,0,0,0
tUVprgEsy_yIdq7nt2JtlQ,123,0,0,0
tVeGMwfLScmdXTCUN_GZ8A,123,0,0,0
tVjZsrpIldh3P-1tHECaug,123,0.40575996,0.51513518,0.10937522
tW33RetNn_Bvc0x776RBLQ,123,0.61314719,0.15000679,-0.4631404
tWz_2MPJRJnSH4DLlr9pDQ,123,0,0.053512879,0.053512879
tXI5GghK7ljFufyFlCFmVg,123,0.050595683,0.099557954,0.048962271
tXQ9zDmX-1JFjopVsfimQg,123,0,0,0
tZcmMOb70I0VSBpkBkfGQQ,123,0,0,0
tZjxL1BBisbDsc3-jXHN4Q,123,0,0,0
tZnvSe9E2BSuj5c3vLOrgQ,123,0,0,0
t_O7iyu3Ceqp43hX625qWg,123,0.46927873,0.46927873,0
t_Sz0VkbnoQYDWOdxH9rEA,123,0,0,0
t_b9XmoQjitckfzkdsWLaQ,123,0,0,0
t_tEx84kukpyBC5jjUTvAw,123,0,0,0
ta43MhMDzwwkLDJICBW6_g,123,0,0,0
taFyAisQrmAElX69kz3vDQ,123,0,0,0
talMN9ZZ3Ti0iSeaivqBLg,123,0.23504555,0.23504555,0
tamlTn9MdGQJA_2uaBIIAg,123,0,0,0
tbCg1msx9HBV3Q-zQ_XiFQ,123,0,0,0
tbh0_2rKyId6OAiVsZNzcQ,123,0,0,0
tc9FOyrX_yk07ivNy4keRw,123,0,0,0
tczskc-2M3SWQb3FaMYBCg,123,0,0,0
td59mx4jPGvSrTChGgvFlw,123,0.33554232,0.23804741,-0.09749491
tdGd10MGjxbsGMX1RAAd1g,123,0,0,0
tdYG7gu6LJkQU8AGPMdErQ,123,0,0,0
tdi88PK5-TE7ASV6dtXpjQ,123,0.22009177,0.22009177,0
tfBdA1jELmlYs_g61QeHLQ,123,0,0,0
tfK5vczhi-lrLyt1muF8Gw,123,0.27894295,0,-0.27894295
tfbyGWr64NarLhG7Ujzxjg,123,0,0,0
tfzyhZ-BW9tBh2EnwU9cTg,123,0,0,0
thFYPFkwKjSAw9Y5XPMT9A,123,0,0,0
thQcxA2hMTXLc6mc0_M9sw,123,0,0,0
tj6Z4uxiHXlWConnRfRDTw,123,0,0,0
tjc-aJ2zLNFeN-3SMatYlw,123,0.40082073,0.55314647,0.15232574
tjdccENvDJPHb9gQCDmo6Q,123,0,0,0
tkpj1evDJTrLl-Yu0zxQag,123,0,0,0
tlC6qTO-I6LqBnm7QRxoOg,123,0,0,0
tlbPmw0TtzODN7CfaZeC9g,123,0,0,0
tln930C_TuiEEKixbbNN_w,123,0,0,0
tmEVTwI6wERu9abZa_mN8Q,123,0,0,0
tmmOlG2BUReyQ20uMpl9hA,123,0,0,0
tnqHq6JayIGYTtL7K0tXRA,123,0.14704034,0,-0.14704034
toQe9adQWV7iC7KM_eugsA,123,0,0,0
to_edWPdOOAByaV0Plgrbg,123,0,0,0
tonx28Eup9w1IYVKsJB2sA,123,0,0,0
toqU4fL0dXRKxskHRSfgWw,123,0,0,0
tp6LTjSTenVnMHeviPKCvg,123,0,0,0
tpKwc1auWpseeygIITc_DA,123,0,0,0
tpeSrIFB-Ce0CjtTsRE0OA,123,0,0,0
tqXyjCPq0-z6j1jnVTLA6g,123,0,0,0
tq_cyx-FLkw4-wZTCrgGXg,123,0,0,0
tqvKqLu5MjrS4pZFVRajGg,123,0,0,0
tsLCoSKFZO_vUf_-NMb6Rw,123,0,0,0
ttyzgc93vTrwIYoDY0UmXw,123,0,0,0
tu1XdABnHGNVNguWxdZ_HA,123,0,0,0
tu4Bwf83fydHzhQarrkOxA,123,0,0,0
tu4DMPM_cFe3WzV6tI_EbQ,123,0,0,0
tvHgnE4_tUfqoEPNbMmclw,123,0,0,0
tvVduaNaiI8ZwS7d5qESVw,123,0,0,0
twGrdwAgUVjlbVAzP6trZg,123,0,0,0
tweCMKvKGN-02fO48YopKQ,123,0,0,0
twtleL5WiyXOpe9MH0BqJw,123,0,0,0
txnamCZcfPhdETymqlUf_A,123,0,0,0
tzZaidvtlH_V5NGRJio5PQ,123,0,0,0
tzsMiB-N1GrZ2sjj926Ppg,123,0,0,0
u-g21x15kZKMutZdUZfoMQ,123,0,0,0
u00UM8MXgZV08A-ihnD2ow,123,0,0,0
u0mM9ssiRyvP5TmxjxZM9g,123,0,0,0
u1ALMk8ZSYNzUeqOKhxACA,123,0,0,0
u1GcLjc1hR2Id4iVUkiRgw,123,0,0,0
u1P7POW_Hy4V8xaOWbvf8g,123,0,0,0
u1gUbwyeBe8mtV97hZyImg,123,0,0,0
u2TS0iHYxfrdMW_QOsz2Tg,123,0.13959537,0,-0.13959537
u3XWzLdvyw_pzWw-vcrmEQ,123,0,0,0
u4jpV1MgTDVO6chrEJq3Ww,123,0,0,0
u4yX6mVdM_r06vrqX-UnsA,123,0,0,0
u5NXKkrXPhAvfeUX6vFn4A,123,0.39038005,0.48070549,0.090325438
u60vmml-bjbtf8IOAC_HwQ,123,0,0,0
u6YvPjwov--HS_7xvTM7dw,123,0,0,0
u6abkBEI5ZkwaxKn9Ow3Bw,123,0,0,0
u79JLmKzua7wxGxs1Q3Qkg,123,0.26409494,0.29488837,0.03079343
u7lGgwVTmPaILJ0C1CwnHg,123,0,0,0
u93q64NwGlMIIRBNkxEssQ,123,0,0,0
u9kFHr0ZyuvXYejCaxz7ew,123,0,0,0
uA4YeL4IPjVLg4NqVXwFhw,123,0,0,0
uABgKX42VTRqGDUhSC_3mg,123,0,0,0
uAct63JL4CDXZzpJ00syhw,123,0,0,0
uAgdZrjioy7wcCQvwtIpsA,123,0,0,0
uB4IqReFpQ_DX2ZRqBX97g,123,0,0,0
uBHAc_FrPUd_1eZZgUrYMw,123,0.49352328,0.49480038,0.0012770969
uBb5_DPYAXPYXvs9uhmGzg,123,0,0,0
uCAtWdcGvNDkJUxqBk8OBA,123,0,0,0
uCD9YxsLxBJcDyjwrSJlXw,123,0.17723929,0.21840744,0.04116815
uCzvQUDW-1IN11qeE5jGqQ,123,0,0,0
uDBnapEGywTQ0ovaCu7Orw,123,0,0,0
uDOImAxvjEc0NPEZsDfJ7A,123,0,0,0
uDlefb19L7vtpMsu9LGjoA,123,0.39038005,0.49927381,0.10889376
uEpfN2yQ2DMI8k6DW73GWg,123,0,0,0
uEso8oTkxdJw-YDkC12LSQ,123,0,0,0
uFKk0LndAFokoVsly644Vw,123,0,0,0
uFOGvTGXY_MfEyStMqrfNg,123,0,0,0
uGMd8KgR4IK466wC3IERZw,123,0,0,0
uH0KmWhfylEUpcvZKG64fw,123,0,0,0
uHHQ3Z_yBhFt8Ff__JYlfQ,123,0,0,0
uIKD7cJF4ZWkicin2ulWPg,123,0.44149241,0.34620964,-0.095282771
uJS2StuC1c60-GvysgRIJw,123,0,0,0
uJYhDHh1wf3Vx8HwsSUt7w,123,0,0,0
uKUZX7CnIcy2OzP1K3hpCQ,123,0,0,0
uKqkquINCbM-j2ZgvAfYsA,123,0,0,0
uL3yFIW1BvPD8IfFV8wIBA,123,0,0,0
uLKdql1tyU4rj6dEDkz3nQ,123,0.25595802,0,-0.25595802
uLfK6tn2-g0vHtMksPd0eA,123,0,0,0
uLthrQwJFUYvfNzsB45iHA,123,0,0,0
uMgleFmkApLxJsrLSDOEAA,123,0,0,0
uN1LggZnxKs9tGH2vbqy7Q,123,0,0,0
uNSoKfNUNeWnjb3HB_AVuQ,123,0,0,0
uNbboFzpFfn6d4P-rgBSpw,123,0,0,0
uOwjdjiNwbqrwLFWCqmzoA,123,0,0,0
uPjuRECmhvF0DeCD4uYLTA,123,0,0,0
uPr3t2M-OykA8M_oro7j1A,123,0,0,0
uRwxr1xulZk3g8_eimR6tA,123,0,0,0
uSW4S1CrdU0XkMyDZ-EQXA,123,0.39038005,0.52050673,0.13012668
uSbLnoOqMLKxKSpwqtPtJw,123,0,0,0
uSiIX6Xi431yarud8_9pmQ,123,0,0,0
uU5ZNXxr4K7-9K8JoQydBw,123,0,0,0
uVjRuriuqjMHZT1U5ITxAg,123,0,0,0
uWRjv0WiEGGIrvKI7THX8Q,123,0,0,0
uXznbrfW2o2WumkfHkuCkg,123,0,0,0
uYB04U1yz5Svi3enL7sLqA,123,0.61314719,0.61314719,0
uYgTxpRK7BjKtZjSiyAKDg,123,0,0,0
uZh24QNZnwNHUu73LDdjRQ,123,0,0,0
u_K3Qh4LvKVcjXGfKp1kTQ,123,0,0,0
u_WZavcZZXyBT4TOrzgwuA,123,0,0,0
uaknaEaywVitJGVyjucYKw,123,0.26264954,0.26264954,0
ucxPzgsXe-xYKE9rblmFQQ,123,0,0,0
ud_FXCdYEBzEmN-StimrhA,123,0,0,0
udlKWbHtXLEbutbkhs7ysA,123,1,1,0
uefh148KzhHnSkIxr0JBCQ,123,0,0,0
ufVEgFC21fUzYKKz2YDE4g,123,0,0,0
ufco-sxD9Org0AMxagNgQw,123,0.52885352,0.43081423,-0.098039286
ugMgb7NH1Fi9EggOCQyl2w,123,0,0,0
ugrqJ4Zk7-cqtVUZGMAVFw,123,0,0,0
ugs7RpSHH0O8Tm_rUkTUSg,123,0,0,0
uhg89buGYO6wlwFZitmLPA,123,0,0,0
ui9Mx2bzUOv6UM2jkhbmVg,123,0,0,0
ujnDUkonNCe8VVX-AodqAQ,123,0,0,0
ujpW4XrCyjXgZLo1Fu6Qrw,123,0,0,0
ukNsjuQuoY7N0jt6GgGEzQ,123,0,0,0
ukcw_VFRfo9pIJ7NBZS5QA,123,0,0,0
ul8pCL28qUSG9UbhueQBDg,123,0,0,0
ulrRyKesfZSp2GuQTPmU-w,123,0,0,0
unKiy2n4GK8MUK3ze9peow,123,0,0,0
unSL3jKjrrJLS5sAeeYKSg,123,0,0,0
un_lVoDxTW1X8ZF646MEqg,123,0,0,0
uncpOYLlTS_g6GRgE6Rnuw,123,0,0,0
uoH1yt6nEthuRJOAzYqqTA,123,0,0,0
uoQ1uNsv4qXqp70XdVie5g,123,0,0,0
uonP_K_oh0BylbQp-GsFvA,123,0,0,0
upUOCn4sPkFVxzJQ8L-OVA,123,0,0,0
uphOaycQ-_SkhFPoodp4RA,123,0,0,0
uq9qUyhLzfsPAMT61a-8zw,123,0,0,0
uqnVoK6B2tKWFLWPksrt1A,123,0,0,0
ur82bhDYvD6_PlndoUlLvg,123,0,0,0
urxYenJHTllQanlE8pXLFA,123,0,0,0
ury6Z2RSPY5HrmTcIl2Rpw,123,0,0,0
usEhQUcnAIxGZM_mU0rvaA,123,0,0,0
ut-tZLiQMe_BoImacIqbhg,123,0,0,0
uuOPo3bEKY2xx6YXsoZAJg,123,0,0,0
uux85jH-wCKLbNV6ZkaJUg,123,0,0,0
uvDYHvovZUz5x1Y5b66Cmg,123,0,0,0
uvav-UwHwFGGGAxAMDECZA,123,0,0,0
uw9cwb4qvH0EKvUh-X_W-w,123,0,0,0
uweJG4F7Q8qiljI-U02OGw,123,0,0,0
uwhVvjdoW2jnAYBMEGXbfA,123,0,0,0
uzGgsz00quM8npQqCuLqPw,123,0,0,0
uzI6tzdRsqVTvQtYT6zqyg,123,0,0,0
v-cA8D1zLe4ZglIRsPuVKg,123,0,0,0
v-e3htBzbdG7uNwnuBx6VA,123,0,0.11253889,0.11253889
v-jVmulBJ1UVe3Bnj5PYCA,123,0,0,0
v0cOwLQIoJS7AnqNsouhHQ,123,0,0,0
v153Q6RoGDoQDXQAI0dWEA,123,0,0,0
v1z1eX0B_WTfRICUPRFOjg,123,0,0,0
v21FsdvXTY_HOw91T6czyg,123,0,0,0
v2NXcLlILQEztwc_uXGRrQ,123,0.1068408,0.13565197,0.028811169
v3SOmeAftPTv7HntKd0UvQ,123,0,0,0
v3asYzSUsauvsP9sM4TqSw,123,0,0,0
v3tfLldPToSZWbpmRGWipQ,123,0,0,0
v40lA__-5DYjdurztH6uyw,123,0,0,0
v45JbwOaT8joAOzN_cKH1w,123,0,0,0
v59JOYQC0CleymY4RG2Abw,123,0,0,0
v7CLuUfX_4FWqSMUjK41xw,123,0,0,0
v9JOSvfS7VcIB5a2qUj8OQ,123,0,0,0
vA7TmucNttb11Y_mpDjvyw,123,0,0,0
vAmVqfpM7fjC26SvDSDS9Q,123,0,0,0
vB0gDLJ-VieZrgnH3UWzjQ,123,0,0,0
vB3DuHgXvQlk-fwVPgPgyw,123,0,0,0
vBkMA-V0hEXgtUpBJkEr6A,123,0,0,0
vCUeFAY774VtmpszX9hyGA,123,0,0,0
vEFJfeis4LEuM-y4qZvXAA,123,0,0,0
vELZPqIzED2jrx3SxwbiXA,123,0.27487633,0.13743817,-0.13743817
vF7WfIW06ymRIz8sX0scPw,123,0.61314719,0.61314719,0
vFI3NIJJBstQNI4T1xb2tg,123,0,0,0
vFd8aBLg1kFcd0kCkoi-xw,123,0.96766171,0.93035496,-0.03730675
vGxxX3P6FCZZAZaSPsJaXw,123,0,0,0
vH30u2I54Sgesml2M7QDRg,123,0,0,0
vHYNMTuFqbVpTVHqiu56zw,123,0,0,0
vHf2-W2r8s_dP2ikR0yoXg,123,0,0,0
vHja6F8-QZW_lZ_bie-KTw,123,0,0,0
vIcFuPtw8cRXRN0HJDXirQ,123,0,0,0
vJ3YiIUVwhshFBpQDRJhPQ,123,0,0,0
vJKQ6Vn-cQRcoPNE5QIR8w,123,0,0,0
vLSKfxquToSdB7NL09XRUQ,123,0.12011566,0,-0.12011566
vLsMP4KFswd1rP-052UCqg,123,0,0,0
vMjwDOGXse7bcI_1d9lKzQ,123,0,0.097595012,0.097595012
vOQKR1aI-kMFpkVAU51aiQ,123,0,0,0
vOWWuQbY1lMxe7OEClOj2g,123,0,0,0
vOvqETH0s3WcgPsxl07zPQ,123,0,0,0
vP2u77abmwF4tL6UIqsgzA,123,0,0,0
vPZJC3zOqgAyFlX7ELQ1cA,123,0,0,0
vS8H4lgp0AvtPSjrmKOQkg,123,0,0,0
vSKQ6ylro5DoAMyiLZC4tA,123,0,0,0
vT0zU-jHNJQgKUBNgXG9dg,123,0,0,0
vU9_lZqJQIR8btUYw7fqxA,123,0,0,0
vUIydOj8gaNwXaTXTF3Y3Q,123,0,0,0
vUOQx0GadlgRVINjXbCZLA,123,0,0,0
vURX1_GPy7PXcgj1P4iDDQ,123,0,0,0
vUiebV27kFKne70hRP-L4A,123,0,0,0
vVBhsqbv07cPiPJHW5F8rw,123,0,0,0
vYMUZ9Kpr7h0Tt-Om5f4hw,123,0,0,0
vYR_UiHiBkHn5wOsEOYGRw,123,0.17103308,0,-0.17103308
vYbbFz2xEm-2JqBDZ1npLQ,123,0,0,0
vZsOBoAqQT2SoEzj8l9yeA,123,0,0,0
v_0ozsd4DU7Ttu7-cYJnXw,123,0,0,0
v_wGBhpbUeJ6DxTFyiZv2Q,123,0,0,0
va7nYy4eRJF2AbO5WVV2SA,123,0,0,0
vaXIJKUS9T8izz1NTilvMg,123,1,0.5,-0.5
vb4vJ1AfSca0qpY9ybzvUw,123,0,0,0
vbPrCNu4fWZSdKgS-JyKjA,123,0,0,0
vbrwpxbYDD2NpLsfiD7G6Q,123,0,0,0
vbu9sjdqoDrUq_I0L2Y-rw,123,0,0,0
vcHN_SOGbOQhjQYArtpk-A,123,0,0,0
vccC5EdBrkDVUdHJtzY42g,123,0,0,0
ve-W_JSzbRlz7B9nmCPOlg,123,0,0,0
ve0YCgBgjmMR8uGwcNSUgQ,123,0,0,0
ve8J3jometSzOV6qMltZ4A,123,0,0,0
veZGsORMB2Ti-AMxoXIP0g,123,0.55780039,0.54439206,-0.013408327
vf5heRma4NAPhhcKrnc7Cg,123,0,0,0
vfEEeG8AB2YTQETiFkp1bg,123,0,0,0
vftKBmmnlkOcK2PEFaA34Q,123,0,0,0
vgT_PWkWqt5CiDmJ9PpreA,123,0,0,0
vgqmaSvEs0Tx9xz7sXbuvg,123,0,0,0
vh0H2k1LpHRtf6JUZW4Q3w,123,0,0,0
vhRurbdop6V7vrCFBBJS1A,123,0.61314719,0.61314719,0
viA9AbOpmoqT3AgNOPAHyg,123,0,0,0
viFLiYYrr19xJNaMPDZ7fA,123,0,0,0
viWkK6--5ChiN3hlZ8XqTg,123,0.26406812,0.16104283,-0.1030253
vkEJacURA_suNJQOF61O5w,123,0.13120508,0.21398626,0.082781187
vl5Tc6MXpSBq7TlceiFTGQ,123,0,0,0
vlGSRdma94-KDoYcHgc6pw,123,0,0,0
vlRVqXO_V0YEJm2B30W9mg,123,0,0,0
vl_pERwmYpEcfhHkkGFhsQ,123,0,0,0
vlehgFdySB62xExGaaqEow,123,0.1845757,0,-0.1845757
vmPkcipge9ICnIGwUuCAFg,123,0,0,0
vn87l_pm2Fe2ayVms63lsw,123,0,0,0
vna1beYPMnwlQpkCqfnXJQ,123,0,0,0
vnaPB68RrAcTn2PQxcbDbg,123,0.1068408,0,-0.1068408
vnqehTQ2kPv-oWb-9hcNfQ,123,0,0,0
vpBn_-JT_3Fyy-ZSr8iqhQ,123,0,0,0
vq0RhJrEaAFOjyrLyKnvDQ,123,0,0,0
vqvz7NZFudMM9Vzoq6hILQ,123,0,0.071235305,0.071235305
vr-Rw3nMKIgGrVNT6A7p9g,123,0,0,0
vr-gbhdwVvzQJAreAPrqcA,123,0,0.079457079,0.079457079
vr6EwvHgsT2f-scHr-Suzw,123,0,0,0
vrH9aAL4z8eloATHcvBNaA,123,0,0,0
vsRQZ5MV61g47Vb5HRS-PA,123,0,0,0
vt7TvkKsybpfbbX5PWvFjg,123,0,0,0
vtY-vWHvrbNWlWHosNG4ZA,123,0,0,0
vu0hRIbTTXWK75gsPGundQ,123,0,0,0
vuyn8gQSv5IwgRUw5ukGEQ,123,0.46927873,0.46927873,0
vvDlUjRBCVymRXAZd-R0vQ,123,0,0,0
vvNLyNiMenk9Zi19QCsepg,123,0,0,0
vvaWm4qkK-m3h89fa83B5g,123,0,0,0
vvjhJcaSMorF-NorNwBgSA,123,0.41253178,0.41253178,0
vvne44j5eWeHGzYeLbIRcA,123,0,0,0
vwNGJ1tFxe6HhvpYPzPcHQ,123,0,0,0
vx6JR5We5Mex0Q3NhJVVqQ,123,0,0,0
vxT8uJaf7gW38RLGs4d5Bw,123,0.61314719,0.61314719,0
vyQfrtDRhnGpC6WoVzS-HQ,123,0.30260241,0.30260241,0
vySk7eHaznAnbaqqlhnW8w,123,0,0,0
vzH9g9o3nlFxb0AFVbK3Qg,123,0,0,0
vzLaY-zW81FVTWKpbD37ZQ,123,0.2043824,0.23719771,0.032815315
w0Eb3PnZFiyQdWqXYKnx3A,123,0,0,0
w0f3twDIXtkYuKUzfy_s5A,123,0,0,0
w1LHR1Grlpo_fTSsoXmwkg,123,0,0,0
w2cVjnLK_n6PrIVUj78gLA,123,0,0,0
w2cvBfiNIBsy3C7g4-RpZQ,123,0,0,0
w2ntisggCzwnu_EuCIZz2g,123,0,0,0
w3O-9VPps_JEQmyk7ljt-w,123,0.17723929,0.3065736,0.12933431
w3UyPT4x1uCw8Ci430-1nA,123,0,0,0
w4GHZOHmc0qRe0Y9zwrObg,123,0,0,0
w4PqT-9vVSVpamDvTHnsDw,123,0,0,0
w4ROGBt26UtOhiJETKAa1Q,123,0.61314719,0.61314719,0
w4rac-04zSWhhxI3gRBFCg,123,0,0,0
w5msIz-I3D7fNyas0BW3aQ,123,0.15642624,0.14126697,-0.015159269
w9_aZDRgSTmokiPh0yPDEg,123,0,0.079478383,0.079478383
w9b3RcwGfHP-hvGFso-ADg,123,0.3065736,0.1934264,-0.11314719
wABHp4fGUC-0acRKhmQO2A,123,0.061173315,0.091654462,0.030481147
wACiJiJdCikLZh9CxInL6g,123,0,0,0
wALWN-0m9wviE6vmgr1LFw,123,0,0,0
wAiGc2Rvc9mI1LqKfN4KhQ,123,0,0,0
wAvohuw5_JdUD_PhqhUMqA,123,0,0,0
wB1nqiVf8LPClOKBX5WQEg,123,0,0,0
wB56ABOU-XWlD4IKZTPHJg,123,0,0,0
wBMlrahqkFmkCACktcRkCA,123,0,0,0
wBf5HiyZHt08gjtaQAYy_g,123,0,0,0
wBg8De_6caBZPFHDszna-g,123,0,0,0
wBs4opAqqvxYrvUg0C4hdw,123,0,0,0
wBv4l952xPbAbM2EziuAzA,123,0,0,0
wC4NI9o2F64oi_pmdk_6JA,123,0,0,0
wClPpZ7y5aK2ygmubkUB-g,123,0,0,0
wD0BwDMifsuBhH6WCUBYlg,123,0,0,0
wDmSvr3rtzJI05u9FoLYfQ,123,0,0.099920907,0.099920907
wFfzWYWX-ke5auLlnPG4Kg,123,0,0,0
wG6pSbzmQkXDrghRHOAV5Q,123,0.12315119,0,-0.12315119
wHHjOtVXYtz9AcGM9seWrg,123,0,0,0
wHPkNTlW3UW3XpKuMyr8Qg,123,0,0,0
wIIICszWgVyCX5OJIbGfpA,123,0,0,0
wK1h4MOjM3q80YmL_Rx_dA,123,0,0,0
wK56PYC3Oy5kB0MB0P7HxQ,123,0.39038005,0.39038005,0
wKkikLFeCfVA1QQFsYrZ8g,123,0,0,0
wLr4wi0YKU52U3mN3Ri79w,123,0,0,0
wMT72Ya2R6LZzZ5y95gOxA,123,0,0,0
wN2f5qD2tbiD0xpZsrUC2A,123,0,0,0
wN64OkMFXzn630qO5ZmRUw,123,1,1,0
wNCXZzLsRLwpwXoT-aUa2g,123,0,0,0
wNeR43UMTOwOIsJp6uEecA,123,0,0,0
wQOAM_pyARyd3zHs7WYltA,123,0,0,0
wQlVhuqzAkRvmBynVtRebg,123,0,0,0
wQtvtI-eTQ3-mdT0U_k52w,123,0,0,0
wR7pFcXKEVvpr2pM4jr50A,123,0,0,0
wRvW0uiPZ1UAKXN7U6JZUg,123,0.22767025,0,-0.22767025
wT9XMEl3wPuzNGt25Ai23g,123,0,0,0
wTlQzT6IrPMIFeqZabItyA,123,0,0,0
wTrwPOlAmAtfVSRyRhwmMw,123,0,0,0
wU0HcKMaUKRvCmVAvaISlQ,123,0,0,0
wU2jAHlYCbpPHDpLBSg0Zg,123,0,0,0
wUTjHpPAs6EWFZtMfEQUiw,123,0,0,0
wU_51QNLyQyQKtd440m9Kw,123,0,0,0
wVZMFgBWx9_NtOeTVncmZA,123,0.1934264,0,-0.1934264
wVhG3gHr4cwZAnXIAqLXcA,123,0,0,0
wW-3dqwUYBiZdpIXAm8HiQ,123,0,0,0
wW5EU5BvnX_WBITF5rir2A,123,0,0,0
wWa9X07Cq8EVaqJrA5QKyA,123,0,0,0
wWrIJiaqRrqXE6l9uaclJQ,123,0.23463936,0.15642624,-0.078213121
wWyR5AdkPNwxEBZhYCGiFA,123,0,0,0
wXR3m5frAkqYqYknuZJs9w,123,0.33916021,0.33916021,0
wYAspqrg3OaXMleBYf4tMg,123,0.27023815,0.24465054,-0.025587612
wZglx9SPgOOL4L8CU_SkvA,123,0,0,0
w_RrPXOq6O3mx4hb1zcjwA,123,0,0,0
wat2TtMMeJZN5YFavnbgmg,123,0.61314719,0.61314719,0
wb-yY6b9A7QiuPFTrnTinQ,123,0,0,0
wc2H5kh7oPDlGFAkehdWkA,123,0.39038005,0.39038005,0
wcSxQDMZwrV02Ntzh49gxA,123,0,0,0
wcYvN9M3Cl3O5_MhTt7nzw,123,0,0,0
wckCTnXT1PRv2H9hUE6ifg,123,0,0,0
wda3N_MyDAvB4ZC7-KHBhg,123,0,0,0
wekw0bbIv8o61WkTg7GPkg,123,0,0,0
wgiVsn5ZtsxULQb2K2gioA,123,0,0,0
whGR_gvYVqssZGKPtsCATQ,123,0,0,0
wi_w-Ew9LgrEEFkUMPmsFg,123,0,0,0
wjN0yT3VB2ICKW_o6jnsgA,123,0,0,0
wjW2OjX9cN0BSZtQ6ddv6g,123,0,0,0
wjko_JEkgwydWiT-aIjKIg,123,0,0,0
wkRmDIGv_MvSoX1k6hopAg,123,0,0,0
wkaYGtsC3Qt7g09kExjRcQ,123,0,0,0
wlOcGCOIhf3BpGQkAOfFPA,123,0,0,0
wmBrrxamK2Dud-VVM_zw8g,123,0,0,0
wnB3Idz0ghDtItI1SB6sGA,123,0.14704034,0,-0.14704034
wnpJIBb-IYg53_CD_86Z1g,123,0,0,0
wnqrvAfWjTuNas0Oib0WDg,123,0,0,0
wnrHhjDpQk5uLUK7Iku75A,123,0,0,0
wntGyJSD2boI8mx562Sumw,123,0.097595012,0.24630239,0.14870738
wnw91K5aeWL0xDCUm73ARA,123,0.26406812,0.17723929,-0.086828836
wo632pzj23-Di2RakSugjQ,123,0,0,0
wo8mvtL0eJ2pnnmMfJM03Q,123,0,0,0
wojMqIU5hJAv71o9h2mCig,123,0,0,0
wpMvNi8YZsBDJXf0YYzxzQ,123,0.33388942,0.31100242,-0.022886999
wpfvF8ue3yr1m5xD4OrZNw,123,0,0,0
wqU8CHXTBIB68RbQ7XyyKw,123,0,0,0
wqWQOLLUUl-jY0bFQZGdkA,123,0,0,0
wrd7Bp1nYs4oz3LMHXG7Mg,123,0,0,0
ws5xN4JuudHqRLYleWw_1g,123,0,0,0
wsUXagSlQR5ETEaBZEhDDg,123,0,0,0
wsdtHpgw45hpju4mREenoQ,123,0.058906051,0.050460967,-0.0084450848
wsfjk4YMEswaxulhv5rdmA,123,0,0,0
wszI8TKqFEuaQjxEYrt-qA,123,0,0,0
wtTQ1XUlFQC3KtmzUK0EUA,123,0,0,0
wtn0vgUqdQeiydhg6mvSJg,123,0,0,0
wuVdyjawx8yVotASEQPn6w,123,0,0,0
wuYqjkBHfsw3sq-M9elEpQ,123,0,0,0
wv3I0yO4k8Disn8F1p4O8w,123,0,0,0
wvPZT_65WuGr9wXG3GibfA,123,0.093618003,0,-0.093618003
wwEV66BaaGIiXerjrPMziQ,123,0,0,0
wxxwnRsJHegMGk99forjzg,123,0,0,0
wyJ6UV1huG3vH0dodBD3Dg,123,0,0,0
wySVwaeovPlqXhNQRo-shA,123,0,0,0
wzvk2yIl1TK-CMC2-N0rxA,123,0,0,0
wzyGNvArcpUjZauRWFrKHA,123,0,0,0
x-ypNpt4nGTBAfTqyJyA3Q,123,0,0,0
x0VPBGCkQzCq41NrKQkh3A,123,0,0,0
x1NswtSImNRYvXY1nfDL9g,123,0,0,0
x1SYQsKU5lBrl3wBPvuHHg,123,0.33916021,0.33916021,0
x1VKE6c-h_LURcTrbk9l4g,123,0,0,0
x1_sp_rHxZtI8VLX_IF5cw,123,0,0,0
x2Q3CdREDt1GuYmNDrpCyA,123,0,0,0
x2XfFXM2wAQL9TuDFnfGxQ,123,0,0,0
x3133lbPRsll8t2lrZeApw,123,0.25,0,-0.25
x3E-qywSnEioMMknTmvBdQ,123,0,0,0
x3g2mcOmonqy8NKhywUUrQ,123,0,0,0
x3kLoRyM2hNnBwT8YRxQnw,123,0,0,0
x4ZEVdDvN2N1Uef7SYiZCQ,123,0,0,0
x5ZmMaIaZyUbWlXiuTpiNg,123,0,0,0
x82Vqj573nIU9MzHlvcZ6w,123,0,0,0
x8gC4oO9x5iYxJUPgHDTkA,123,0.099920907,0,-0.099920907
x9dptqQKNGchhMIcz1c-Bg,123,0,0,0
x9h7cePunuZNzXg8F_r6Rg,123,0,0,0
x9rkVoNB92HR_bFOe6MFTQ,123,0,0,0
x9tpYPYSt8MGZe8v60i8OQ,123,0,0,0
xABZeE6c_DUn7FNj8kpfDw,123,0,0,0
xADEEd4XSUauHTupnKMrhg,123,0,0,0
xAWmRgn72zqpH9B79Tb5tw,123,0,0,0
xAjy22aSVgu2EB2cqGMe4Q,123,0,0,0
xC0EwX1RMsM99vVVisKLfQ,123,0.36879867,0.29749022,-0.071308453
xCyrTXHiUJaJiMdadI13Xg,123,0.089617287,0.089617287,0
xDGDeJ7QnD-TZAV3KVVeuQ,123,0.61314719,0.61314719,0
xDMxrEh6lo-ihRFs_3zndg,123,0,0,0
xDQlc86OBoSPS5NgaUyFuw,123,0.12388806,0.10819911,-0.015688952
xDfxoLiTK9l2CuI1KON6qA,123,0,0,0
xE9ISXYakfWG8hDyBVDeHA,123,0,0,0
xETfyiW7Uhwcr5pBptpOIg,123,0,0,0
xFR__0o86dOYiRECKR5Z0Q,123,0,0,0
xHzU9YYhGAtVHEouuI4lxA,123,0,0,0
xIDbzsCm6fl7EQHZIQZYyQ,123,0,0,0
xILFSnRh9WEh-YyAvdwPfg,123,0.10549558,0.15101962,0.045524034
xIqKVLEy_wRyFf6JPQX4dA,123,1,1,0
xJpZH-h-OhA94GipnR4kgg,123,0,0,0
xKKwjtLoiA423KmXv7RjWg,123,0,0,0
xLF_5_8FgH-AyHA7p2zDnA,123,0,0,0
xLhQL6LoeyCZZENV-4AauA,123,0,0,0
xMzsQaC59OT74Z3m05Aepw,123,0,0,0
xO73PgPy9HbWqD3KlEvjow,123,0,0,0
xOCT9pbGPW4Z4sg7ZMKsbQ,123,0,0,0
xOR0oXZ6an-zTLu3jGxSTQ,123,0,0,0
xOsjYB2HHIjiTASnEEPLOQ,123,0,0,0
xP9ztT6tiRAV7IekzKBaAw,123,0,0,0
xPeP-KySC8sFMmc5RnlgWA,123,0,0,0
xPtVNR9mmLis1dV0iy0tsQ,123,0,0,0
xQBc6CYzkst2YhN9D4FZKQ,123,0,0,0
xQC-G-9bxyXEsy-GQ-UTEw,123,0,0,0
xRXWUPEgcKxJz-LQXFZpvw,123,0,0,0
xRXq4R3FmyI_gIHtGLqdHQ,123,0,0,0
xRsK05J7MEo7lV1kru3bLQ,123,0.14126697,0.23463936,0.09337239
xS7RNp94koln5JgNPIbxig,123,0,0,0
xSMhOhMuqgOiqC_23Mn_wA,123,0,0,0
xSU5rO5SLgI9OMY29pD3MQ,123,0,0,0
xSYB0uJODZEAGJVXMBGq3Q,123,0,0,0
xS_1PFhIlEChnl4pmO6p9g,123,0,0,0
xSfd0Yq0zNxhRn8j5AKcNA,123,0,0,0
xUxyfBWlrhIpr36p9MlYcg,123,0,0,0
xVeizuWJzhsAdkZ0MfrPVA,123,0,0,0
xVgB3oWeTZ0FtuTyAN7zzQ,123,0,0,0
xVuXPljZRPk90K30A8kupg,123,0,0,0
xWSow25oW0oxSI_hCZ41Yg,123,0,0,0
xWbq5YaDhT36IYsOmAydvg,123,0,0,0
xWo5LSE7Tv3gNp-rGE9qZw,123,0,0,0
xX9Xl6Yq16SvdOsvxBRhTg,123,0,0,0
xXVWvQef2Bd8ir38X7I-zw,123,0,0,0
xXoc8NO_MXq4zHX_N9a0KA,123,0,0,0
xZ5nuRO49izbeqouxG-h6A,123,0,0,0
x_0ZFK-S5UQE5lbn1vsXUw,123,0,0,0
x_CMTLjBJVA6nWhuMblUDQ,123,0.15642624,0.12681702,-0.029609225
x_Frpa8QWc25FDJ5BJM8tg,123,0,0.10253314,0.10253314
x_oKLABbfrx626bZtmLKhw,123,0,0,0
xa0vHkaID4kZ6BSfweP1Ew,123,0.13012668,0.088877923,-0.04124876
xaX2xvXTRt78WJ-AHJ_Vlw,123,0,0.064708339,0.064708339
xcGPD8pdfyugcZ8SskvP1Q,123,0,0,0
xcInMSLP1vhZdact4TGzyw,123,0,0,0
xcdgtVCNkwFseitJSdRnXA,123,0.37945026,0.15000679,-0.22944347
xciuLCCHQtdg4QoN_EjN5w,123,0.46927873,0.46927873,0
xe0HCUloxUjA9VngKwwEaw,123,0,0,0
xeDcC0ZVasU8VDDdCsfrVA,123,0.33916021,0.33916021,0
xeFtjq0o8uMC3Kwwub9GFA,123,0,0,0
xfjWvKzAqhvbtg1huVA9_Q,123,0,0,0
xgGYB4NCz8ZsDpI-st-g9g,123,0,0,0
xhV0evzsT2wE5D0LO8zHVA,123,0,0,0
xiVOHH_mYEK8_b0hOYTDfg,123,0.090100009,0.12647135,0.036371343
xkLRTaTDoZr20Lk-kKp18Q,123,0,0,0
xkmypny5H5-kFJR2LfbRcw,123,0,0,0
xlEyP85qs0mNV2rspP4MgA,123,0,0,0
xmLLrhc34KMMx6e24MUqNQ,123,0,0,0
xmm6CUZE7dctB79d3IWnvA,123,0,0,0
xnnS5fZUAStMc20C5KdwLA,123,0,0,0
xnwe_mJoMTAKPuk_-Nk_AQ,123,0,0,0
xoF5UIiR1MscrxMhKGKGlg,123,0,0,0
xoMtvN3OjTNuA9FLAm_peQ,123,0,0,0
xoPwsLNfF8MCESQ7flu4-Q,123,0,0,0
xopaCtwpnCprkynKty-mYw,123,0,0,0
xppDW7-E6c-rDNMq5YA24g,123,0,0,0
xqjhgh6G_fd0l6FPeKrp5A,123,0,0,0
xqmyAQXVBUQ4JvdG2T8XLA,123,0.2529427,0.2529427,0
xqybfWaTzzst2ZlpWCjUNA,123,0,0,0
xrCxWeHjVOCv2-fH-sRNmQ,123,0,0,0
xrMRQN0APR7PZuqRYTaRTg,123,0,0,0
xs7xL0iyDP7Q8dtuAlX4gw,123,1,1,0
xt6fHEl0lHQ9ogxWSPtWuQ,123,0,0,0
xtIz_tKpH-vFmLtQQYwLZg,123,0.39038005,0.24630239,-0.14407766
xu_bd_3CSJbMgD3PKxkaVA,123,0,0,0
xudItvqWCVJsDzk1qqo5JA,123,0.15000679,0.17103308,0.021026291
xuryiOCxJNa4DNyrNCkGMg,123,0,0,0
xuzNMdcvlTUzYDO4BaB3Aw,123,0,0,0
xvW0kYzR4gYlM4_F3t0p3w,123,0,0,0
xvvXYgohFoskgg6WiVchvw,123,0,0,0
xwsQfP66TVvV-3g2G9ngmA,123,0,0,0
xxc751tvn4uLZNe7o_Z86w,123,0,0,0
xy73BfEs7UKuT1PImQWM1g,123,0,0,0
xz40QnB6ojaWIS_2KpcEKg,123,0,0,0
xzaMmu8UCDbkG2UYiuXiig,123,0,0,0
y-MbemaPTMgJpB3hklmjLw,123,0,0,0
y-ihe4xLRCSibVjmF2jAHw,123,0,0,0
y0MwqMMYGt9lvQQsFVB-ug,123,0,0,0
y0TidM7UrE322UeCLys1GQ,123,0,0,0
y1SMdzjnl-G9y70RpfDY8A,123,0,0,0
y1rDf4fbpgJpA6NUpTNJgA,123,0,0,0
y2cfdcjs2aTpPJjbKyKdyA,123,0,0.1532868,0.1532868
y30-Azv_pNnJarz4zHZqaQ,123,0,0,0
y33bv7f43HfIbHjmkHl8BQ,123,0,0,0
y5JJVlWfEZoDhafzomVgSA,123,0.39038005,0.39038005,0
y5dAM9jOjdQBaHvz1YS0ig,123,0,0,0
y68DufBz04HzH8mB6-_F4g,123,0,0,0
y7AGOXeSOTNVROisSMgHfA,123,0,0,0
y7G3rH0D2phnPvNnhv2Skg,123,0,0,0
y7H-4bWuX3eqC7C11DvQcA,123,0,0,0
y7gOYoY9hL3A84gjI7iulA,123,0,0,0
y7rUQ5HSh0awNduJITC9LQ,123,0,0,0
y7rs7Yqs_4_HzQ2sd_VTjg,123,0,0,0
y7vOFM6mOjNDIEyIrD60YA,123,0,0,0
y8LDMlCO4DH3W4aiaZZE4g,123,0,0,0
y94FS7iXvZp9QISUc0F__Q,123,0,0,0
y9B_A0ZCE0SO3ut4OkUtOQ,123,0,0,0
y9lOGLOGcmC6jyh6lxUAEQ,123,0,0,0
yA4rJVAFSJdYrADctutoYg,123,0,0,0
yA9lR4NXtsfTqpBS9TnzUA,123,0,0,0
yALX8yLSLMUUieEYjRwBpA,123,0,0,0
yBQEOTjFlZkjf3rcwDxAbA,123,0,0,0
yC9ht4Yr9pFZig7OZnl2eA,123,0.16569577,0,-0.16569577
yCF-T1t7ML7NC_ib4Yq4mw,123,0,0,0
yD2t9OfjMpt3zc772GznBg,123,0,0,0
yEDq0hDy8LG-T6NP-C1e8A,123,0,0,0
yEO8zA3aQQXvX4Sf9OfTug,123,0,0.25,0.25
yESVHMBq-7GUbcVK4Z1LsA,123,0,0,0
yFfU9RkIc7rv2_BaWjiVQQ,123,0.29608191,0.20210735,-0.093974564
yG1q9kH2Zj4OeWusHMQmSw,123,0.43826498,0.27487633,-0.16338864
yG26a5NFLSKn4DffKcHIIQ,123,0,0,0
yG4Y5b_dfMxBj31XhA1dnQ,123,0.19635794,0.19635794,0
yGWX1h_xhMnSmnVl50uV9Q,123,0,0,0
yH4lGyg73D6oxSf4EDx8RQ,123,0,0,0
yHAFyRKk6asNz2-Wb0go4Q,123,0,0.095460433,0.095460433
yHJR23pt7vfcBSPU8UUsLw,123,0,0,0
yHMbchndK3HTsm6kSkKjcw,123,0,0,0
yHY5QyJmeVsywaKkCojU6Q,123,0,0,0
yHy4xIfrENhYptOScwqHUA,123,0,0,0
yImgETADLZY7hBJ6C4TLWg,123,0,0,0
yIsQ4qFCyY-clmlRwQlw_w,123,0,0,0
yJ-iqzaM9EKivFbS93WWFg,123,0.46927873,0.46927873,0
yJIrJ-cx1nhcpJDLFRMybw,123,0,0,0
yJlJKlqrK1WsIEICdLTCBw,123,0,0,0
yJnEAA7iaN6yOjZoJCMX9g,123,0,0.14804096,0.14804096
yL9FvC1zSA34RymTkNVTAg,123,0,0,0
yLOHrp1kv9Ut4-rFVDAN8w,123,0,0,0
yLRgfnhZZfNp7KASyRL6ZQ,123,0,0,0
yLqPde-MvBWg80j0c4DqbQ,123,0.46927873,0.46927873,0
yLt1pqbQsRXMguOIId_aGA,123,0.073116838,0.076143341,0.0030265023
yM2m1VixYSJBCwrTiqFADw,123,1,1,0
yMEsTtgZMnofpWkt7dC4pQ,123,0,0,0
yMR-l-GxjWtJbzn8agZ0Uw,123,0,0.27894295,0.27894295
yMlk3HBqiRi0-HIU2jtmIw,123,0.10889376,0.097595012,-0.011298749
yNCMW7NP6X9BqlVaeY9j7Q,123,0,0,0
yNEuxv_oq2w2bVkMy7Gz6A,123,0,0,0
yOLXoEGrpIxsWGfihJjZFA,123,0,0,0
yOO5Dj4CU-UJsnVxsSpVPg,123,0,0,0
yOdpCMzWtgPcC1GqJoWGoA,123,0.61314719,0.61314719,0
yPa_4u6hcWEHkziHAeRapw,123,0,0,0
yQ9X1krk3L1TBckF8K95QQ,123,0,0,0
yQDeWccOtFb5CEbYwZ9XhA,123,0,0,0
yRWYLlW5gO2986PuD0RJtA,123,0,0,0
ySLN61LmMc9kjEleiLh72A,123,0,0,0
ySdQOT6sGt13SNsFjECEPA,123,0.050595683,0.06837498,0.017779298
yTF8dNsYLJIDG2cPReFdzg,123,0,0,0
yT_yy03kzw4TYHb9kTQN6g,123,0,0,0
yTeGFm_Em9D73W9W0tR7_g,123,0,0,0
yXTJq5K4zlUraDzJvHNb4A,123,0,0,0
yZ-KypNrUUEhB-FgPl9efQ,123,0,0,0
yZEU7Kduli1FSlsOaQecgw,123,0,0,0
yZoOGwQl-lYlGfgI7XAfzQ,123,0,0,0
yZwgNBKJb6YFnS7_lo8pGg,123,0.2529427,0.2529427,0
yZz14ST6gPAO6KkTvSy1Nw,123,0,0,0
y_LS2MZJB7J9fUfRtEkV_w,123,0,0,0
yaI_-iJ3P4KGfg0obUi1Qw,123,0,0,0
yaPtqlclr-iTIU2tKVCSMA,123,0.33916021,0.2938276,-0.045332605
yab5bwtrszHnh6VT5l_3cA,123,0,0,0
yb5bQBhc0_Q9neoMSPAJvA,123,0,0,0
ybBtjH-YlOv_gWDcQuDK1A,123,0.11731968,0,-0.11731968
ybk17mqDIGgeqtbd4X-e6A,123,0.042652305,0.25210417,0.20945186
yc7Q9rmW9KnSbz5ad6x_jQ,123,0,0,0
ycHz6JUtQVsHoN4wq62ZbA,123,0,0,0
yd-PRvnG9tXxJDFo9Ohpvg,123,0,0,0
ydsAA_vB_SAuHWIjLmSbew,123,0.10889376,0.11284514,0.0039513803
yeUN85YNAtJ3ORnkkGFALw,123,0,0,0
yenOtENGbT9W31wsFbeBiQ,123,0,0,0
yexCJ1nAbrGAYKKUvUogPA,123,0.10368061,0.08930562,-0.014374994
ygP68TEDdmlJDyq_1in4UA,123,0,0,0
ygq7GSHI5hUCmsV9R3G6Tw,123,1,1,0
ygwgGRtq6G_0f7GD1Y334A,123,0,0,0
yh08LMJHrvoTghshxCsv8g,123,0.037790673,0,-0.037790673
yhjqpVS22KBm2PruuorAwA,123,0.39038005,0.39038005,0
yi-iLaHZOluOpI6mYEXurQ,123,0,0,0
yjA6g4_5N0f3qV_yxM55Ug,123,0,0,0
ykBPSKopFL7Wm3hxpxdmjg,123,0,0,0
ylE_w4QR7JCz9cr9ub9l3A,123,0.20166697,0.093583858,-0.10808311
ylNoap5vLFZCPIjwBIdnYA,123,0,0,0
ym8gfKa6LRG29uxkDdRQIA,123,0,0,0
ymvMTixxv0MlnM55uM0rOg,123,0,0,0
ynOKdr3bfj9MvTwhfis2rw,123,0,0,0
yobMLS23pTa4UydoJQL2hg,123,0,0,0
yonLnehnOp5fjWV2cFVqVA,123,0,0,0
yp3wpdHWP4I5HBWr5eon_Q,123,0,0,0
ypf85D0eBf6kDoj6f1rANw,123,0,0,0
yqDg60Ju-qNp1S7KJM4rhw,123,0,0,0
yqMtnToHQ5OrHTF9UAKerA,123,0,0,0
yqNQWHajXrmZWPil3oZnWQ,123,0,0,0
yqczn6cIwy-a-PSYAppFFQ,123,0,0,0
yrUiyDfq0_aD0VdrYHImKQ,123,0,0,0
yrhVSn8LiepmCUAJ8AG1_Q,123,0,0,0
ys26Cac6wDZr5cIzMRCa0A,123,0,0,0
ys47WpP2diRD1NTnRxNXIQ,123,0,0,0
ysWiBod46KSZ5XdM40Br2A,123,0,0,0
yspPTDP2jFui6UuMj93c9w,123,0,0.042737051,0.042737051
ytCc56UktOXyXawkAUXrPg,123,0,0,0
ytoJFi6kdzFnohwsbdZg0A,123,0,0,0
yuvuuHmz7w9-J3fcJJHBUA,123,0,0,0
yvDDyApXeKFzrRcX1t7WiQ,123,0,0,0
yvjPeJrwuON1a9fx7emmgg,123,0,0,0
yw44nuXNx_omBzrFB6yiCA,123,0,0,0
ywNIZGZ_kkUStzx__jUYPA,123,0,0,0
yxFheLr6Drm62RSS11XbWw,123,0,0,0
yxOWlIYLJ0C0xZLGnhuZKg,123,0.31546488,0.27023815,-0.045226722
yx_adZRzHmBqIvSF8Lv4tg,123,0,0,0
yxo6tOM_wZ-LmXrVGSlXdQ,123,0.074282073,0.065918771,-0.0083633015
yxrDIW0b823PhQTZ0Q1KcA,123,0,0,0
yz0UbfAV5UJGcl_T9f0m0Q,123,0,0,0
z-7GwZS2la1xgIfTVBpe4g,123,0,0,0
z-OLTZksAmzTleHj7YfCWQ,123,0,0,0
z02XKjGqJMONH59_lUHlTQ,123,0,0,0
z0Sn8T1ZkbpavtfRBgkzWw,123,0.054384419,0,-0.054384419
z0Sy2UYlDt7YfPOp0IpP-g,123,0,0.065564298,0.065564298
z16WRKWt5nXtQou3e_rV5A,123,0,0,0
z1wGT7x0qw6o-VA9uxXHFA,123,0,0,0
z2oMm9i7F0r_2_LwF8msZg,123,0,0,0
z4mUxbLP3AqNzHkupO4c0Q,123,0,0,0
z4ocevcFClKWY0g4lnfbMw,123,0,0,0
z5Yb7s_pfuZzvL_SId9-UQ,123,0,0,0
z5b_FAddlWhCURix1PyWWQ,123,0,0,0
z5k5FOeVhnB6dBm1jhaY_w,123,1,0.5,-0.5
z5xFWjm-DT1fjCb8rcTN1Q,123,0,0.33333333,0.33333333
z6IkL07s9xa4Vq1v1ZWUtg,123,0,0,0
z7Es8lCJ2XAPlkoQnKgSdg,123,0,0,0
z7aCL4IJzBuo5nhLaUHavg,123,0,0,0
z7ghqh14j920qv2kcbncqA,123,0,0,0
z8XOkJ9UneWaP_KJ-3XWTg,123,0.55314647,0.47036528,-0.082781187
z8at9rz17whEbR0WaBmcAA,123,0.1457128,0.16506882,0.019356021
zBg1bsqP2NmD52tX0j18gw,123,0,0,0
zBqZR7MM5-5NJUXdpuwUjA,123,0,0,0
zC3F7O7K8QaF8syRtIInsQ,123,1,1,0
zCXl02lAcNr246bTzsYjtA,123,0,0,0
zDZIvIs5XOK7iQzcJ2oNlQ,123,0,0,0
zDxfpc6Xgca95GAfYrWxoA,123,0,0,0
zE6Ievj6V_6hEZV2AQ1LHA,123,0,0,0
zF5FyS1hdBv-ED3a3gZWPA,123,0,0,0
zF9448EbarUkUzOMHzyMZQ,123,0.46927873,0.46927873,0
zFIw7n8UCJ2InV20wXtWWw,123,0,0,0
zFoPD3N8-MKK7IKik_7_BA,123,0,0,0
zGhqU4fjAV7KxIaTHIrzDw,123,0,0,0
zI0XWEuUH9_dx0sjfyz59g,123,0.03551001,0.034750173,-0.00075983721
zI4FZJjiB9Thnw5CtDuNdw,123,0,0,0
zItunQlYgOQvOlJQXAvZsQ,123,0,0.16569577,0.16569577
zJ4MM5h-0Mb4VvO-WEskJg,123,0,0,0
zK6QHdr3-K4gp1Krr94dCA,123,0,0,0
zKC7q7L0TadZpTH20kQwug,123,0,0,0
zKL2TpZwQeOf5IxQYka9eQ,123,0.85034491,0.61314719,-0.23719771
zLBY91Mbj3wvi4JrANEDOw,123,0,0,0
zLDTEik9ymk7wo1VYYskzA,123,0,0,0
zLk1GqLWh0u4u-zHILI5dA,123,0,0,0
zLtGtF3yJrN9mIC4Nphh2g,123,0,0,0
zNwGnhYuzji-SG9W915_hw,123,1,1,0
zOZR3F-fLi9oP5_PHFlqeQ,123,0.33626283,0.39365116,0.057388323
zOg0wEW2adv_vwuYt1LHOw,123,0,0,0
zPC3ybXCUFPeV3IejMkT5g,123,0,0,0
zPPyxgbjhcy2tHo3F1jMXw,123,0,0,0
zQSOP_UiMsKAJrbfBux7Ow,123,0,0,0
zQp6CsFeQfO6OX4rHbN6sA,123,0,0,0
zRWeIJ5s2gMK85PZ-4QMeg,123,0,0,0
zRberopK8MjdtkJzOSHdrw,123,0,0,0
zSbwaVU-z5024d9E_AFYPw,123,0,0,0
zT5GBadM0lnBdt2ItulzcA,123,0.13090199,0,-0.13090199
zTHDXwgIw5rqpnv4qUFyXg,123,0.2043824,0.3065736,0.1021912
zTH_srTF8wSYXPJz7fGK-A,123,0,0,0
zTwwciNRMedBvUS3-_8h6g,123,0.3065736,0.38685281,0.080279211
zUk_Ww2q1At1QSyRbUjIGQ,123,0,0,0
zUxwIzn6ecfzH-W6kqW-hg,123,0,0,0
zV99rzBLsU5KUWd6oJhc-w,123,0,0,0
zVMyH0dm78YNADi6pCGFzA,123,0,0,0
zViwF4_TMPVus6I6t78SqQ,123,0,0,0
zWsGb4AbnxdrjUAWJtNR3w,123,0,0,0
zXufVxrInmTPOF8F-2qcnQ,123,0,0,0
zYtlZo1al5gHMRQviGFDgA,123,0,0,0
z_7BUfOwWj-RSX4DgbaDQg,123,0,0,0
zbtt4rw8-AZr0UgqcZaIZQ,123,0,0,0
zbuPDA8tCOFIbhqBEY2M4A,123,0,0,0
zdkVtQVBWVPITCLcxZEddA,123,0,0,0
zeHbJiDMQpfTjgNyZPvbhw,123,0,0,0
zeI_flqkFhz38fGTzP6UFA,123,0,0,0
zexRdACYzhpyu_byMWFzHQ,123,0,0,0
zfD3xhVNkGJs-AOOSslqtQ,123,1,1,0
zg6lm7DLKJArzFxLDILhwQ,123,0,0,0
zhSt6_tGS0RQmUTG6Kb7jA,123,0,0,0
zisX6x_ifQL0qt3BcPd0og,123,0,0,0
zj_aFvu0CxfoHpdWv8aU2g,123,0,0,0
zkcUmQRycoejvxnkiIkLeg,123,0,0,0
zkcbs-0Tm-RyrigqFBc0nQ,123,0,0,0
zlaJpKg0HhgWrcus_lFFFQ,123,0,0,0
zmogIAJh4S3y6O1Aq01khA,123,0,0,0
zn-OG9W5oZrbrxi6H92wJA,123,0,0,0
znBcTh3VZXAq0BuuY4aa3Q,123,0,0,0
znJdrKZVvLEUnpur9hQLVw,123,0.27487633,0.27487633,0
zne046H1pIrf_BZOsk07bA,123,0,0,0
znqrMpQglRsGOYPeJlskeQ,123,0,0.11731968,0.11731968
zq6KZLkucmLvvP9G5327WA,123,0,0,0
zqF7qjRWkYQyjcIGc1DtEg,123,0,0,0
zqX7cyQoHdfaXydTDRfrFg,123,0,0,0
zr-8Zdm529G9EQrs1i3c8w,123,0,0,0
zrG1SLTPztz-qCSAGT62eA,123,0,0,0
zrhs2v7Lq_Gxw-xUf4mVVQ,123,0,0,0
zt0FvOuRJSu_olRZixNLAw,123,0,0,0
zt7JJXtyXv6ddg5iRQMiSQ,123,0,0,0
ztC-mhkE54z0aMimsr0vaw,123,0,0,0
ztDSO7DSGNtPN_XW5VFjvg,123,0.095868207,0.075973757,-0.01989445
ztkJxENDU7ds5I-Un8IZrw,123,0,0,0
zvMv5OoXRXRAgZzmUJFg6Q,123,0,0,0
zvWk0tjgTM3ZUpVNgnHsRg,123,0.19092087,0.084408809,-0.10651206
zvq6qxc2IVA08jaUelUMRw,123,0,0,0
zwfqMSM8Or_Pw4VDM-nBcw,123,0.3065736,0.38685281,0.080279211
zwoU-BXEUJwZmf_f94G2oQ,123,0,0,0
zx2NkJtfSvJhid6rxvYMlg,123,0,0,0
zxSQ9j5Ec3Q1OI6Bj-Cl7g,123,0,0,0
zxeG7pecqW6SPGrYIP0HSg,123,0,0,0
zy7ul0w2K5S4RVi0urtQKw,123,0,0,0
zzW56xgATvt0CouuDYxkrA,123,0,0.088877923,0.088877923
zzeRWIiPtuJNRBUcxe0Upw,123,0,0,0
-0TIxezdO7xXrkP7zXFd8Q,2026,1,1,0
-3h48rG-sopyGDLu5bh4xQ,2026,0,0,0
-4gIZlTNT0CA1VGl4BsHJA,2026,0,0,0
-4qa2JVDEC_QPVWcZ1nHkQ,2026,0,0,0
-5X3pQ0XrdZqNU1LHQPnpg,2026,0,0,0
-6VU46iNtnR8-rat3ONY1g,2026,0,0,0
-7-C4zqNHbeDGL_62XKToA,2026,0,0,0
-7Jz5rawtZ4EGf8QhDcAlg,2026,0.1934264,0.17723929,-0.016187117
-7NO4luUI6dzpQ3ORf3NVw,2026,0,0,0
-7_OQiwD8HojEj2qeRSIWw,2026,0,0,0
-7jn_O7MFqhN7XCz4CoOIw,2026,0,0,0
-8DhMYnu5gXInZEpuO4VlQ,2026,0,0,0
-8Vf9roRMLb-_vxmM347Pg,2026,0,0,0
-9OIms4jE1bdD1fz7AzAFA,2026,0.13101427,0.04555207,-0.085462198
-AS4NLOxH22-hCLpXZzUAA,2026,0,0,0
-AWA9IUFWgFHLO549geEbA,2026,0,0,0
-A_vNNnNsjHiNHJYAweWoQ,2026,0,0,0
-Av5_Ee5eXO1kz9etK_DIA,2026,0,0,0
-AwZjQNFpCqc0bVNNyBqwg,2026,0.14678688,0.14678688,0
-Bc2fC2U5X-VOgd-L4n2DQ,2026,0,0,0
-Bhu4EgFfhItSqyEhRE3Wg,2026,0,0.1175161,0.1175161
-Btcpcgv-2x9E-_hi34uYA,2026,0,0,0
-DqEhMknM-vqqnKvodiwig,2026,0,0,0
-EGwTiRaB0v4UZPhfFAxng,2026,0,0,0
-ELJuOz6r-it0mIi1SmMOQ,2026,0,0,0
-EzMyfoBHhWfu_Q7MYUM-Q,2026,0,0,0
-FJePf48fLwDbvdtYgualw,2026,0,0,0
-G7Zkl1wIWBBmD0KRy_sCw,2026,0.13696397,0.14204004,0.0050760726
-HQIg9KJ2sn6rBNwuqZPRw,2026,0,0,0
-Her419l4DCjSFey7UjmtA,2026,0.41840987,0.42749722,0.0090873468
-J1J7E5pRAC8vqUGeZOjlA,2026,0.38685281,0.61314719,0.22629439
-J2K2z10mYeMxzhl4Ag_1g,2026,0,0,0
-JDG1VycyUKdX_bs7KvnYA,2026,0,0,0
-KRmD4ofr1qOvhMk7jLZ0g,2026,0.63092975,0.5,-0.13092975
-LaL8s1Xg0jg2_lhrYlSUA,2026,0,0,0
-MeResg7zWIywg7JwuMvaw,2026,0,0,0
-NXMmOULp-kUv_LO1V6JVQ,2026,0.050259389,0,-0.050259389
-Od0vvWj3RISQ0pNBGqXnQ,2026,0.2101087,0.15743107,-0.052677632
-Odn_q5uNPt52g8nBWl6SA,2026,0,0,0
-Oyi4dDuax3yGa-Pnyf9jg,2026,0,0,0
-P7w7MuldCRPhTtOMc2Srg,2026,0.46927873,0.46927873,0
-PHhewouMe4OcObjdqBWAA,2026,0.093353995,0.050595683,-0.042758313
-Pe7q2T-q3lOEnn8ncgsYQ,2026,0,0,0
-RK5cUoeO-0Gm35RxNHrEQ,2026,0,0,0
-RXXJeHviyE3kdZFtT3r7g,2026,0,0,0
-Rocdfu1eqSbyqCEBvOzDw,2026,0,0,0
-UQXVqJvkohMjGfZeDFDOA,2026,0,0,0
-W89ndsvFdDdn01cyN68WQ,2026,0,0,0
-WfqJ7YCqZOWopsrFQTBCQ,2026,0,0.38685281,0.38685281
-WiBjLZdA3fC6sZ3Biv78A,2026,0,0,0
-Y27dKYxj66xXBPq2m6urQ,2026,0,0,0
-Yc59VoMlMPmx65NY6pCWA,2026,0,0,0
-Yiza03tQfakAYkHUPUtxw,2026,0,0,0
-Z69J2TrHTz8zUKbx6e4Cw,2026,0,0,0
-_Lfm5bztNCYXaBmrqY7tA,2026,0.049710506,0.10543208,0.055721576
-_dkddkIz2_KusAQuZiS6Q,2026,0.33916021,0.33916021,0
-_vHoVyXXRm571TG6a8q_A,2026,0,0,0
-a0qNtjQPRhS8wbuDxoO1g,2026,0,0,0
-bE9ajKOZ5CuQy8zOF_DmA,2026,0.42760126,0.24707589,-0.18052537
-cWBOFyS3I3SSTSiaix7Rg,2026,0,0,0
-dQxCeIDHcrstcOzw0D_uw,2026,0,0,0
-dWt1gg4hzYTUc6XcLZn2Q,2026,0,0,0
-diePajeU2qg_MKPEo92kw,2026,0.26406812,0,-0.26406812
-dnERQYQCDVZFMMuh7bBDg,2026,0,0,0
-ek3DshZyeJp9oXcncRxqQ,2026,0,0.1418689,0.1418689
-eqMWzdq_S0JwDgETX_PhQ,2026,0,0,0
-evsv79Pnaztd_SRjxwYaw,2026,0.10778915,0.11706259,0.0092734386
-fGhtQIddNvy1gEgMBOZMg,2026,0,0,0
-foYCv84A0n0HmsrDEAhtw,2026,0,0,0
-h6w8C_5RUJfz_TsF2BXXQ,2026,0,0,0
-hamNUJcfmeYObvM5Wlgyw,2026,0,0,0
-hcJTLMT3neN4aX6VufnmA,2026,0,0,0
-hl9iBp1KUh0CM3W8y9Scw,2026,0,0,0
-i0naVgAra7wMYSFaFNEgg,2026,0,0,0
-jXt65pdvrH_0BwP40M_Cw,2026,0,0,0
-jt1ACMiZljnBFvS6RRvnA,2026,0.33916021,0.33916021,0
-kDpJFEVRpoAzxJA9FFwTg,2026,0,0,0
-kKGZIXpI_K-owqYG52xvg,2026,0,0,0
-kkHPNvc4dxBHmYgHCNVfQ,2026,0,0,0
-krlwlOuu1xKQoCBz9fpWQ,2026,0,0,0
-ldK3alDCuMPvsfdC_EBJQ,2026,0,0,0
-miyp-5ZQpqGcxkUZuWRqg,2026,0.1418689,0,-0.1418689
-mjJ1yEXgmdr4mM_diOnAQ,2026,0,0,0
-oHw7ZmproTM7rmgWod7AQ,2026,0,0,0
-pfPBJzVB-EBwaFX8B59gQ,2026,0,0,0
-pq4djP4i-rWR1XplXqC3A,2026,0,0,0
-q-TYZYa7o-zyKzAvgChyw,2026,0.080218274,0.05446333,-0.025754943
-qSMDYNTBCJk1N-aX1mP3A,2026,0,0,0
-qzdU0_NywmtPDB6WObYVQ,2026,0,0,0
-rQ706URCVoMAIn-cq1x2Q,2026,0,0,0
-rw9_TTO1XN4qD6-ex8yCw,2026,0,0,0
-sLCSjCUUXvO6cRbx4OiLg,2026,0,0,0
-sgySGhEoP9fbzDcQMu5Lw,2026,0,0,0
-sjdj9gPpuYmxg01_HWXFg,2026,0,0,0
-sqSE7B2LoPNRW2PEJ0nlw,2026,0,0,0
-wdWkg4IczkFTL1eSb_Vsw,2026,0.27487633,0.27487633,0
-wksA6A9WjBk0t906rPLbw,2026,0,0,0
-x1516ZG5GllZiBjDQlRkA,2026,0,0,0
-xTAmslBDE_mq-6Kbxieag,2026,0.63092975,1,0.36907025
-xUVxZKsUFeQwKUHIQjjEw,2026,0,0,0
-xotbvscTK8t19mittfplg,2026,0.044779646,0,-0.044779646
-xuT4DxjU5z_4uf5_zfY6w,2026,0.25595802,0,-0.25595802
-y4O_E79Z6QwEI1p4OU_0w,2026,0.10368061,0.20736123,0.10368061
-y6w2PD8lOd5h2H7oI0x9A,2026,0.63092975,0,-0.63092975
-zs2jcSRATTp83tiQbuJPQ,2026,0,0,0
0-8rHexnylRxhSO_KH5-rw,2026,0,0,0
00njy47jpw8fW40DOcrEew,2026,0.10778915,0.074031845,-0.03375731
01W5YuohCa2DdGC9SkqQ7g,2026,0,0,0
026bdRWmyIyer8gZqFqtmQ,2026,0,0,0
02H49g16MdRoZKoX6IEoFA,2026,0,0,0
030xaqW2akhXYFdmOTmEng,2026,0,0,0
0366_vHAffRsuWFchSESog,2026,0,0,0
03F1c27jkAikld3z5tSdpQ,2026,0,0,0
03SUs_1GmkwRMzZjHtfpEg,2026,0,0,0
050uqsM7olbVzR_c_bKZ5w,2026,0,0,0
05VClQnGnJKIGV_38wGYjw,2026,0,0,0
0632IU4j4dAwLqCOQqfCGg,2026,0.13565197,0.46927873,0.33362675
06ciNUNchmjY6FUlmcuqPw,2026,0,0,0
07P10hEQf0gboe-JgyeB_g,2026,0,0,0
07zgPowZ9npflBPiBf7otg,2026,0,0,0
08pLxf_1-sGKp9jloV66og,2026,0,0,0
0AJVlnhg-2o89hx0KnLwQw,2026,0,0,0
0AhlLCUit7iJ4vUq_dFqpQ,2026,0,0,0
0B0OzwpJvmk1LYy2DBVoTQ,2026,0,0,0
0B16UFw1UXQx0qw2OdJefg,2026,0,0,0
0BAOET0tIF2WUbQCOQY_aQ,2026,0.78998628,0.7402035,-0.049782785
0Bu7_bXX4dCssG0-OWd_jQ,2026,1,1,0
0C0CfhRj1-pXzKcGeTbW8A,2026,0,0,0
0Cr1-ButxsuCCRBExuZlTg,2026,0,0,0
0Cwus8T5TL7AqKa3iAqyFw,2026,0,0,0
0DB3Irpf_ETVXu_Ou9vPow,2026,0.2238478,0.31100242,0.087154625
0DwIgHpK632QN0Qb2tr2UQ,2026,0,0.050731037,0.050731037
0E9mnSfjkIOSM_stmTfXiw,2026,0,0,0
0ENM3nd9e8NQM8HJFnM58g,2026,0,0,0
0FpeqH7u_Z5_OFpCyEQfXg,2026,0.26264954,0,-0.26264954
0H6t-lnnEd7Ott6CbKnMpg,2026,0,0,0
0IBO_usaFqSoxZJYHH_s9Q,2026,0,0,0
0InQK2FgeFLKOUTIV3yGig,2026,0,0,0
0JMsUOZFK7SFy8giZbFdeQ,2026,0,0,0
0JXHsC1yh5aE5t5EholdEQ,2026,0,0,0
0JiGvGzSfT7Rj_4fd5gBhg,2026,0,0,0
0JzEGl6pffSgQ7VCIKT5sw,2026,0,0,0
0K9H88eoVeONhxIbj-ywlw,2026,0,0,0
0KK7jw_kj7XTpKRDitQMZw,2026,0,0,0
0KxiL6pjBrr8Vb1fdkVHoQ,2026,0,0,0
0M4fD9lm_d2S-0yaqI-rnQ,2026,0,0,0
0MJ5sKX5uq7Ma5hbl4l3BQ,2026,0,0,0
0MP7_DqL-kr7HpNbptO_5g,2026,0,0,0
0MetyfheEO-CjRxHj9oNJQ,2026,0,0,0
0NbG6ikTcjX-XlLVEc5n4Q,2026,0,0.38685281,0.38685281
0O5tx2Ht6o1YaxEDZuYAjw,2026,0.040573183,0,-0.040573183
0PDCPEkIQvAjkgNohYI1NQ,2026,0,0,0
0PU_FiNfYj8l1yZnloywNg,2026,1,1,0
0PvCRvnFStZ9YdwVP0CqgQ,2026,0,0,0
0QDpvX-qoKoY0Q0O1IpaCQ,2026,0,0,0
0Qu3Yk68LVFiXf1ufdSqSQ,2026,0,0,0
0R1fxiO9L3-IvZ48EzjGLQ,2026,0,0,0
0RGKCpzJRJonSnknLq3sVg,2026,0,0,0
0RXEpYmI_s7teBVzHxEX7A,2026,0,0,0
0Ro5rijYMcI5_-cD3iWyyQ,2026,0,0,0
0STN8erhzXwRn9LtXLSOvQ,2026,0,0,0
0T1LmktrKhwIf70p28HDOg,2026,0,0,0
0T2RYxLaSjdQDbiTjEM6Bw,2026,0,0,0
0TX7pSaroqHH29a1OOb8zQ,2026,0,0,0
0UpYFd7AZ7p4LVDBDErqxg,2026,0,0,0
0UwEipUrjdI1JVTuFM2zqw,2026,0,0.21109269,0.21109269
0V67n7qh9Si4hEfSh2HABA,2026,0,0,0
0VYxTV3UNsaulRInHjaxhA,2026,0.054948588,0.039621067,-0.015327521
0XK0W8Az6c4ZSnMeXtzgIg,2026,0,0,0
0XlM-yE-7gyZH2hcwtb0MA,2026,0,0,0
0XmgOinrZWNO15DlimRQeg,2026,0.35196527,0.4200976,0.068132334
0Y-BFVXLFkTpBXagSRn7DA,2026,0,0,0
0YkXimpc04bQ1B3JYDBLWQ,2026,0,0,0
0YyF7OrD2VEUVUiYmKZ8MA,2026,0.14651079,0.26749998,0.12098919
0ZRTwd5xyGwo4cW1vgQJNg,2026,0,0,0
0a4gdzFajirbPM5cH7GEBg,2026,0,0,0
0alvVQSGWpBPb66ZnOCKIQ,2026,0,0,0
0bfGLamn1fzzlC8fWNhWmQ,2026,0,0,0
0bjd1N5QyFNTsHYUmFDBBg,2026,0,0,0
0cJQ8OesP0BLcLbAjAbY0Q,2026,0.23974694,0.21306006,-0.026686881
0cxaKFcbtS3Dsxzmk-Q3AQ,2026,0,0,0
0dZXxGH-nmfrDscm3QVtyA,2026,0,0,0
0dlZT-lccPODraw6XyW_pQ,2026,0.46927873,0.46927873,0
0dxR_Q8PCOOWNkfpvI4t3w,2026,0.093481634,0.23939908,0.14591745
0eG5v7znR9PFXWNkLRpEZQ,2026,0,0,0
0eOq2tJa2tmPxWcqrsg0Qw,2026,0,0,0
0efhiL1BfEuRKyQT8VXuLQ,2026,0,0,0
0fvJN6eaBNDjVoMoNESHfA,2026,0,0,0
0gBQZ_7cTVIqAZKtpMM9tw,2026,0,0,0
0gDrLusXEkoiwBogyEd7YA,2026,0,0,0
0h7gq2CmEaR-Z6_oPyFFoA,2026,0.24465054,0,-0.24465054
0h8YxaL9MnA9LsKKOYWggA,2026,0,0,0
0hjTz0tI7e2jm1sQHtkrUg,2026,0.61314719,0.61314719,0
0iBwDU_88feB_Drpmjkx-g,2026,0,0,0
0iWJsvFtU1VzyqekzMOiiA,2026,0,0,0
0igkaDyGdTtUeHU_k004gQ,2026,0,0,0
0it9kPX7JHO7wtBktKDeDA,2026,0,0,0
0iyooD2EG_uA1JxFenvqtQ,2026,0,0,0
0jFiKymwqrjQD-kqLMkadg,2026,0,0,0
0jIgFeBFOkt5SJ7weop8Iw,2026,0,0,0
0je8Cw_nCPoU_0_hdFZIAw,2026,0,0,0
0kPfZz9R1_0f7vYSXglF8Q,2026,0.25816194,0.34342633,0.085264382
0kp0MzOxqnXoeNeETZ0tzw,2026,0,0,0
0l8_u9i8o81fU8ETJx797A,2026,0,0,0
0lLCFrDu4R2lRJAH-zYTlA,2026,0,0,0
0m6KJhYz7sZEFUAVfYJDDQ,2026,0,0,0
0n1dC0VXqalTYVAtvjn5Dg,2026,0,0,0
0nP7RnaaThFgphKUXtaZTw,2026,0,0,0
0nqUmhc2qGmI9UsWR4HPhQ,2026,0,0,0
0nuuk84GKG8yYIyyuYqvCA,2026,0,0,0
0o2MGFk3cbvCxxcyux_aWg,2026,0,0,0
0oWnBfUjAv7ZmTWaW8Ufdg,2026,0,0,0
0p6erysijmBCMFX6JiGyaw,2026,0,0.23719771,0.23719771
0ppMo5YHewWO-F1FHfpjnQ,2026,0,0,0
0qTnB0fFqt1YDvhYjBK6Zg,2026,0.46927873,0.29608191,-0.17319682
0sEuG1OE5ZuAzhjz_QVKeQ,2026,0.61314719,0.38685281,-0.22629439
0sqPc0VxXOLRV11a5eEu6Q,2026,0,0,0
0sxiTd-rg8IICNUuDEvptQ,2026,0,0,0
0u15tPqxQBVBX6beJ1D3sA,2026,0,0,0
0u1hUugGxvzM_gEg8NT8Tg,2026,0,0,0
0uV4JPUVJDa_Sw-xJY8eBg,2026,0,0,0
0uVeXBy5iCFtbFMv09OLQQ,2026,0,0,0
0ur15Tln5PK4lVQ3ph5Qkw,2026,1,0.63092975,-0.36907025
0us9bFdds4rqm117K-DCHw,2026,0,0,0
0vIA16K6kXLOz5X1rRb0dg,2026,0,0,0
0vZQ5uaf42Ue1e58M-7epw,2026,0,0,0
0vg3lFMGU-A9rwTQxL8TJw,2026,0,0,0
0vnF9En8gZfjipND_pzF4w,2026,0,0,0
0wYuREI8lQncPuDw5ztWIA,2026,0,0,0
0wrY4WgRAHMRjvI5tgP2Zg,2026,0,0,0
0wrrmrTQJ8PDlwsFw6Od3w,2026,0,0,0
0wzBLkMjGNhjqzPobs4LVw,2026,0,0,0
0x2Iui-LyCofTkmjevf6uw,2026,0,0,0
0xGf3NlkPuLeIOaIhyTqIg,2026,0.090100009,0.12647135,0.036371343
0xIIhbp1ylm-WhOOBpp5Ug,2026,0,0,0
0xLek5Zgnp4k6nsbI66YZw,2026,0.30260241,0.30260241,0
0y1wqlnBfQTPOwhPGCu03w,2026,0,0,0
0yBBVHdbfBC14E3c3FdeJg,2026,0,0,0
0yfAQHARYo_esqbeoFc5CA,2026,0,0,0
0yrgXkKQUl6aSNAWs25dsQ,2026,1,1,0
0ytcEzAI9en6xvFXKz_JtA,2026,0,0,0
0zHAeKMmW9VAQm8quBKAkQ,2026,0.26406812,0.61314719,0.34907907
0zQoEssgAu219RiTagf1GQ,2026,0,0,0
0zhjNFybw5S0cXpLabfmZQ,2026,0,0,0
0zvfnPXE1i4Let6S_X4eCA,2026,0,0,0
1-5Z7NwfMESZPv5X3Duhhg,2026,0,0,0
1-7Tr7OywiMB3WotViDqSg,2026,0.61731968,0.58181761,-0.035502067
1-zcVBU1ibqivtn0gUVhOA,2026,0,0,0
10-BfrY9mD-3uynso6kmIg,2026,0,0,0
103mjpOYdqE0mk_rS5g1cA,2026,0,0,0
10P_ZZdkG1UyIzSvL1UE-A,2026,0,0,0
10WuyIPr5UhzqZ1xcWAuRA,2026,0,0,0
10mOVtYHFxz9jdA5knV0jA,2026,0,0,0
116WqzT3Egf7yfRp5UGWyg,2026,0,0,0
11BKbKqER_Tbnqk_3yXj3A,2026,0,0,0
11Q3D1kzcI2tsaNyEa2JBg,2026,0,0,0
11QEug47dBrh7hwh8LZFfg,2026,0,0,0
11XTXYmhkEFo7SwEb2ByCQ,2026,0.045683428,0,-0.045683428
13FBU9xFBDMLU_YlQHetRA,2026,0,0,0
146X5ov-ftmB3qyer72ySA,2026,0,0,0
14D5we7dGDXlB6HVYbECuw,2026,0,0,0
14HFvudIgrVH7su2qRdtKg,2026,0,0,0
14eorytQ6DWRNPFdMOT6JQ,2026,0.33916021,0.33916021,0
15AFoWFOPNHRUHy7GeL7_Q,2026,0,0,0
15Rp70KGPlznq6o7120UYQ,2026,0,0,0
16L5l_KWcDNC4Bg9PtvVcA,2026,0,0.12011566,0.12011566
16Xeku29Y27xkxH20CVOFg,2026,0.10858087,0.11047239,0.0018915219
16kli3vCVOaK6GPwhlWVPg,2026,0,0.17723929,0.17723929
16t0PNNu5N-fHe7TNB02FA,2026,1,1,0
195NFwBA3u4VXnyPA4HZyQ,2026,0,0,0
19aAhhiIukw3IQxdCWnfnQ,2026,0,0,0
1A6NGfGxOfg0SIRTE08vCg,2026,0,0,0
1ASI0IUCt5jHjq4Caxq-1g,2026,0,0,0
1CDs9-DeXNSvx_QzevMbrQ,2026,0.30103,0.31546488,0.014434881
1CmhdHhJHokf2mkemRiY3g,2026,0,0,0
1CndurKBoAOdIlkZwcqhQA,2026,0,0,0
1Crrb6iFPaTEn_K1HMpYcw,2026,0,0,0
1DL7E0yGpppKg8ZLyCdm8Q,2026,0,0,0
1EN03oRpBPVcSwLgLao5FQ,2026,1,1,0
1F4ZbWIRizVXI7YJVLvlYg,2026,0,0,0
1FLR36RTq0O4dGFkkRgsxQ,2026,0,0,0
1H7pHbKkq0OyEO8CN7K5rA,2026,0,0,0
1HDlTmyyRhu8XjrmQuR5Vw,2026,0,0,0
1HIVxebUAYjdirhA0hJ3aA,2026,0,0,0
1HlJ6ZHY3eMBeNnrJHKLWg,2026,0.35620719,0.25,-0.10620719
1IFmYXHFQwewawjtaoyBGQ,2026,0.47726565,0.48867512,0.011409472
1J3VGPKCb1E2PDABUR3NCw,2026,0,0,0
1JfrM8feUtF9cVVnsb7uRg,2026,0,0,0
1JjGmCbXlFfc6JX69IfUnw,2026,0,0,0
1KU1EDQTHUVyEmC8TO8OgQ,2026,0,0,0
1KwkzXm9mgTff4C1kIiaoQ,2026,0,0,0
1L-CT-WlFvy374ifjJF40A,2026,1,1,0
1L84JcuSzsgsF3WsRK5Rug,2026,0,0,0
1LZAeDieJf-S6OrLk-AP1w,2026,0,0,0
1M1HMZO1_TuTS5tQbHKIgg,2026,0,0,0
1MJolSallMHdLsP_jB4i8A,2026,0,0,0
1MwoiUajN2l54d4K9uTycA,2026,0.33916021,0.21398626,-0.12517394
1MxKwHOwynYG7lkFkTPrFw,2026,0,0,0
1N4HNCbMIead4r_22jseHw,2026,0.22767025,0,-0.22767025
1ODsWD3LDRBJfs8OSwq_7Q,2026,0,0,0
1PJ-RjMqXHeymSkLRzuIdA,2026,0,0.13114221,0.13114221
1Pk1NSVDz_pdXb-QM8JUCQ,2026,0,0,0
1Q2s7_lLpG8hLrCfWCVvBg,2026,0,0.22767025,0.22767025
1QJblqwnDGI-0_rHIzgdhQ,2026,0,0,0
1QvWJtLJlruX-9cYYArTGA,2026,0,0,0
1Tt_kBq5Z-cArXkXosHzFA,2026,0,0,0
1Tx9hUGN-W2DLxINkqfx1A,2026,0,0,0
1UCQOJxaOKqugbglLPd5ig,2026,0,0,0
1UHyZ2T6ZWEDRai1TkPELw,2026,0,0,0
1VBYDDdxWjztoHUfrGUIHw,2026,0,0,0
1VJfQ3NDrLKUs50LdxT4Yw,2026,0,0,0
1VpFYhcIg3iV1LoT1Zbftg,2026,0,0,0
1XULjVqqDU8iVuU_6YATRw,2026,0,0,0
1YLucJaA-gCJRRDsXyFApQ,2026,0,0,0
1ZNoD0moOKQJWW6vEOMBJA,2026,0,0,0
1Z_A2sjWphb-eCNLy4XmRw,2026,0,0,0
1_2DkgyvN4Vy7gkb-XRA-w,2026,0,0.43067656,0.43067656
1_sws6Q8TiR21CzzNvxUiw,2026,0.062581163,0,-0.062581163
1aSBB60c2G6Je3vhYptvng,2026,0,0,0
1ao85GKiWKs1NbfZAtNEkg,2026,0.16569577,0,-0.16569577
1avBfWUqoTi4TzCwrAPQFQ,2026,0,0,0
1bNmW83PvG7MR2DhQkpXEg,2026,0,0,0
1bmSAhUcz_zHYXqQUGVzMQ,2026,0,0,0
1cfl2GIaTDJ_uiiIC_kUvQ,2026,0,0,0
1coXLkVlfre7XiT_QVdv-Q,2026,0,0.18154179,0.18154179
1d-NLv5I3B7dz1tn9mDilw,2026,0,0,0
1dECMVjTC4-LQaUFQvK6rw,2026,0,0,0
1da1ak2BlbS7BLbopJlwnA,2026,0.61314719,0.61314719,0
1dvDFFAlpeY_4V5HJ-aGDw,2026,0,0,0
1eihAXjjWTkqiTuI95qcZg,2026,0,0,0
1eijL2sT-sVhAdYf7MfKbA,2026,0.46927873,0.46927873,0
1fPkyfWFyp3NkxLi80ZswA,2026,0,0,0
1gD0dtIhlr8p1lCKkfDN7g,2026,0,0,0
1gpZXnZhfVYkKjWZXA7FzA,2026,0,0,0
1gpvXKHROvFSKbdL11o4Pg,2026,0,0,0
1hPOhqdOpoT0BXdQJ8bmSA,2026,0,0,0
1hWoI2P90_7mO4qifnxvsw,2026,0,0,0
1iMtOlXd7BRaCDejF1wZIA,2026,0,0,0
1j0ef7b89BUBByKc5BNWDg,2026,0,0,0
1jEmjihu1sFi5W5fmGbGOA,2026,0,0,0
1jnEPKecERky-FnSeHl4HQ,2026,0,0,0
1kVjDa0lupEe5uhnj28sdw,2026,0,0,0
1kaD9XT1ZD7rT4oCpoXb8Q,2026,0,0,0
1kfYDZEej0eI8HDUnrgOuA,2026,0,0,0
1lAIpfpQxfMOmH8vvLar5w,2026,0,0,0
1lV0zOCOVCVMaiCmdVrLaw,2026,0,0,0
1msVg_B-Ef6K814sQDOTPA,2026,0.34777923,0.30096249,-0.046816737
1mwlAJsbpb8lRRTCtBOKjw,2026,0,0,0
1nEt3kNJs_gaq433fBCs4A,2026,0.61314719,0.61314719,0
1okEYvcI_OuhLIRAT-pSYQ,2026,0,0,0
1pDIAbNBTzriR7XFzn4lFQ,2026,0,0,0
1phNaKyrbsRT1PbLs_JxCQ,2026,0,0,0
1rCtEc1hzFF4m5zJ4wngHg,2026,0,0,0
1suvUqjKTYrsWiHvbCswlw,2026,0,0,0
1u-WnhkyE656xwuGzI1dBA,2026,0,0,0
1uVstrxbTj2Lwkzf255okA,2026,0,0,0
1vGD0NAre4oZ4evvXXzSSQ,2026,0,0,0
1vh3MGM67d8HG2ZrkQfOXQ,2026,0.26406812,0.3065736,0.042505474
1w0QR9UmXj4JlM-3ex0Y_w,2026,0,0,0
1wUK4z4AlZB3yOF6TyCMUw,2026,0,0,0
1wgYYWKWoDl4WFA8shpzKg,2026,0.38005593,0.070015606,-0.31004032
1x2nLYqAWFHIzXSYQc5oIw,2026,0.049089484,0.061944032,0.012854548
1xFpt3S7c-8wkE18oG6QqA,2026,0,0,0
1yXVKvK7uYjAZnonIl3jNg,2026,0.29608191,0,-0.29608191
2-emzYMEFFSOcEBF6B-0NQ,2026,0.10368061,0.27648164,0.17280102
2-eoODWXqLdQEpdO7NzAWQ,2026,0,0,0
2-j3j-5s5XGSmDk7nrI2gQ,2026,0,0,0
20-puMbCJsQoFOy_eitJZg,2026,0,0,0
20yqT4DN_xJow5vnPSHIhg,2026,0.14606835,0.098039286,-0.048029064
229zIiYYORTvqbxJ9ITB9A,2026,0,0,0
23L6Ua1w15AFE3rK50jh9g,2026,0,0,0
23_C7_uVnqgeNFnGb9Q6zg,2026,0,0,0
24MPavusJrJTvBP11nzpXQ,2026,0,0,0
24RtLXUcl7AR9CEqAGvH0Q,2026,0,0,0
24XzFoUlP8x8Md5nWfRsug,2026,0,0,0
24tfgXa2FHMH1mSWmz0CUw,2026,0,0,0
25ivqB2eX7dKBI2Ceu8ocw,2026,0,0,0
25q3mWLHG4VWhpbyUq3xNQ,2026,0,0,0
26SyTSb4GlvhebViQFQB8w,2026,0,0,0
26xBgJZdonEeWATSPf9plw,2026,0.33916021,0.1695801,-0.1695801
27BHpqHUpjC1XBwMtv-tCg,2026,1,0.63092975,-0.36907025
27cXTZEG_ulT-BFGLYVBrA,2026,0,0,0
29K-usmZfVDeIaQ85EG54A,2026,0.35182574,0.31451402,-0.037311723
29V4emFatqBzWv8ZSyYodA,2026,0,0,0
2A-Kl3j18rw1gCvyRoulzg,2026,0,0,0
2ADNNGZf6VHNd9QQLu1PCA,2026,0.098178968,0.098178968,0
2BJoehc-ukDcZ9brSlu71w,2026,0.3065736,0.3065736,0
2BNYBKaBMOB28_jK-Bn4fQ,2026,0,0,0
2BPoScmqXyIY_uJUfJ67gQ,2026,0,0,0
2C8wxBF5uwcSYnV5LURDcA,2026,0,0,0
2DKXX7tmKpMNTJAYjEuu3g,2026,0,0,0
2D_f_K3DVHqucxxnBRmaeA,2026,0,0,0
2ERPE4OY6QI18QKwtOVJ3Q,2026,1,1,0
2Et801Ws6YLBn1TFC3TMvQ,2026,0,0,0
2FbLqUSX6NDCrSUeFMFfmA,2026,0,0,0
2Fg6OIApzQNrn4jOS9T8wA,2026,0,0,0
2Fyj7Z3TfCr-suCzeTADPQ,2026,0,0,0
2Gg5MdVTcNmU4A6KvNOKCg,2026,0.61314719,0.38685281,-0.22629439
2GgK1Dn-6XF_SaE1iIq92A,2026,0.3065736,0.26406812,-0.042505474
2GvFf5Exog80GpIRptSkYA,2026,0,0,0
2Gy7OX3zFVfNeeHLhmpzJw,2026,0,0,0
2I5KvdaoUstYsc-GlVMeWw,2026,0,0,0
2IhBXOOrK3RMck1YWXyiWA,2026,0.35620719,0.63092975,0.27472257
2KAhZgqmoCXFI8Q-XAu6ww,2026,0,0,0
2KfNBDZqDncgZaVERvcW4w,2026,0,0,0
2Klh1SBayERJYhNcC8Grxg,2026,0,0,0
2LwIS1c7qsEM-trkCc8diw,2026,0,0,0
2M_4fm3aM53Ne09scY09Iw,2026,0,0,0
2MfjtvZWYT_DOY_ED6tcwA,2026,0.61314719,0.61314719,0
2NE7xq5V_5sVa_DxPmCdfA,2026,0,0,0
2NUG28232f4o5CGXmE704Q,2026,0,0,0
2NoXQ26_VVZhhzV2LWAowA,2026,0,0,0
2OK_Z_SwK_kSA0DGGsRbew,2026,0,0,0
2Ofc0rsZyLFc7L2aoN5duw,2026,0,0.26406812,0.26406812
2OsX8TFueAQwEY-H07uVTA,2026,0,0,0
2P9dTqxfXDNAI10r9yWXxQ,2026,0,0,0
2PrDYlo8377F-z1A5XMcGg,2026,0,0,0
2QISVfuuSJ8ijyWLfejaPA,2026,0,0,0
2ReqFQimvpebNYw2bwSTIA,2026,0,0,0
2RrhHdj7WK2PVeZcI6CA-w,2026,0.33916021,0.33916021,0
2S_TNGTL1gDTDu3T2GYuXQ,2026,0.38685281,0.3065736,-0.080279211
2TRgpcrl06sDMqutPuXcrw,2026,0,0,0
2TVb_nXC9HO1jpwvu4XkKg,2026,0.16812754,0.39038005,0.22225251
2TqPveAKNsvFX-FL3jlXfA,2026,0,0,0
2TrifbrZeYOENqPDpXSNWw,2026,0,0,0
2Twb8UUR8qKA5gpexxct1w,2026,0,0,0
2UH-1Dlml_3wLlcICfalWA,2026,0,0,0
2UPS0rLvGREkxgFcSaje6Q,2026,0.16815229,0.059477193,-0.10867509
2UameLAnnXpk4LcHARt7Nw,2026,0,0,0
2UtfM2Xk7WR1Gmp0NL7uGw,2026,0,0.10778915,0.10778915
2V7phDywZp03gJ80G4XrUQ,2026,0,0,0
2ZAGNRs2kmUk1H2BOW_3OA,2026,0,0,0
2_2BKst0KstU-XzupP3kJw,2026,0,0,0
2cxH4KA7Mqvw_LebzRb6Vw,2026,0,0,0
2d0845Vq17_BGYh9BBLkfA,2026,0,0,0
2d6yD5a0lbmkuWFQ52CuJQ,2026,0,0,0
2dVw_UXTBzvM64iFRuJTDA,2026,0,0,0
2dft4oKBFYhj_3l79TR4PQ,2026,0,0.042758313,0.042758313
2ew6-2IQIz0vvGdQMMRLGQ,2026,0,0,0
2fObkVAuuuPjuhSg_ycT8w,2026,0,0,0
2fVt1yHtySXGmXDKUzasRg,2026,0,0,0
2fWMTXLNI8me38FTjvLrdQ,2026,0,0.14126697,0.14126697
2g0hEKKDpjo3rhMzvkyc9w,2026,0.1178121,0.18672776,0.068915662
2gA2YbWZ3UdYJNbz4G67PA,2026,0,0,0
2gR6HEe2SQtqNXr4sxZEeg,2026,0,0.16569577,0.16569577
2gaEBscU94LsnkSUpMTfJg,2026,0,0,0
2gn4aopN1v7UHm6S6YQzXg,2026,0,0,0
2gu34YmwqaWVnR57my-yrA,2026,0,0,0
2idGZbZFCz8ukGCp6rnEDg,2026,0,0,0
2ipK1ij4Dho2A5geiTzQYw,2026,0,0,0
2jBu0RSN5Nbwx0Igt33Lfw,2026,0,0,0
2jv_2BgGoGUNe9M88hMQaw,2026,0,0,0
2jxzcTdzfMRq1g0tARCxjg,2026,0,0,0
2ks0guY-ct0QvqSzvTU9Jg,2026,0,0,0
2lAAu6mqJrg23bYdXubhrw,2026,0,0,0
2lIhS_VS7vsPBkmrkkTewQ,2026,0,0,0
2mpb8K40Vn299iw6RJFwSQ,2026,0,0,0
2n6MgUIgPPT5nG9BVJsHLA,2026,0,0,0
2onScbifl3OVnepJ_vkFpA,2026,0,0,0
2or_aoBxp-VP0JkLkJMmJQ,2026,0,0.11480929,0.11480929
2p-Tb4TlhCY5op_3XTb_3A,2026,0,0,0
2pu12rwMJ1iNVhqR4eI3XQ,2026,0,0,0
2q2sfutoX4RmiMhqAQuAeg,2026,0,0,0
2qW-VO3UxZSU6HSHQ7fh7Q,2026,0.29608191,0.23463936,-0.061442548
2qqUJSBq8TSMPgSIBOt1FA,2026,0,0,0
2r98RLduWxcsTZYlzCprQQ,2026,0,0,0
2rb1o-HdEWix4kZ-x_kLGg,2026,0,0,0
2rntFIovaowDlYQZ8EGc-Q,2026,0.17723929,0.23719771,0.059958426
2szGjbEbEUHqEpVr6Dmkfg,2026,0,0,0
2uMlJ3h93VTBVSJzeICraA,2026,0,0,0
2vJkzSHFT21Y4TKuivM9qQ,2026,0,0,0
2vQLMCWp2GfcqLliK52zfw,2026,0.17060922,0.17060922,0
2vb0OZEGFrO1BAMMWZcy2A,2026,0,0,0
2vi1PpZ3dalinWSSbrkodg,2026,0,0,0
2wvbv2jpIqHGUFAfdaip6g,2026,0,0,0
2xCqP8_BMw6dfzpidIPKLA,2026,0,0,0
2xZOxoQNEanqwe7e0WTuYw,2026,0,0,0
2yT9-UN9uZ7TB3Mj9kDYUQ,2026,0,0,0
2yb95i4vV1m9zx-AXxzCLA,2026,0.15000679,0.1418689,-0.0081378912
2yxgjPT0AS5v3bzgDlCszg,2026,0,0,0
2zcmeql03gODHoeOoBuXvA,2026,0,0,0
3-6c3wCRXUcs3qfJwxG2Eg,2026,0,0,0
3-DfuhZjVaDCVi1wUB060A,2026,0,0,0
3-XeIbf7uQP65fJcoOZSVg,2026,0,0,0
3-hH3pZOY3nbzAS0w4ScAw,2026,0,0,0
3-x13nIg_2D6f7pnD5WZrQ,2026,0.48247166,0.077453516,-0.40501814
30PsWsSwAZEzUOMNlGXFEg,2026,0,0,0
30l8G4JiEuAQr_UHHXHgug,2026,0,0,0
30yVHRbmerVMSGIgZVKuJg,2026,0,0,0
310zgwPQRoe63E1pzzMVPA,2026,0,0,0
31US0elxNU34N0KnVrppaQ,2026,0,0,0
31aB1QYFb8X2FN0Nxb2GRQ,2026,0,0,0
31wUB8kFVCACQ7EzAq0m8w,2026,0,0,0
3228Q0rA1OXgniSyfk8Niw,2026,0,0,0
32WfSHgaZYY_wNO3lcNwLg,2026,0,0,0
32hMcxaohQrPBbNi5HRIeg,2026,0.17465294,0,-0.17465294
33Bw2CF3e10G6hzIhSzMow,2026,0,0,0
345ZsXYJ0nnkqdz_ft0RLQ,2026,0,0,0
34Z0OpvrUgCPYMb5h50I_g,2026,0,0,0
34hxr6fmSRnmFrNWMVW2tQ,2026,0,0,0
35FfK1DffCmdWM9rw8YYLw,2026,0,0,0
35ovHbGuB3opVK2Crr45IA,2026,0,0,0
35rogU22X4y7OcMmOhDpQw,2026,0,0,0
3632AJBTgbXQDjQbo9UxNA,2026,0,0,0
36NGDRpFuM9x5YL3A5ejAA,2026,0,0,0
36Tsd9SS8B5k4Nb6rcG84Q,2026,0,0,0
37FUZQAVQNT99CjxX3-hYQ,2026,0,0.26264954,0.26264954
37ONylQQVdlxHDxgyX8Ykw,2026,0,0,0
37jCYObB8eVH4r97eApe5g,2026,0,0,0
381RJ1a5JmTlEOZiq9_2Yg,2026,0,0,0
38XpjZyQiMmKtw0t_16Ukg,2026,0,0,0
38qJ-6EZEPcuOq8vVKEQiA,2026,0,0,0
38zVOHdO02GB3kfc31q2Kw,2026,0,0,0
390wPgvm_xpjLSfnODPjKA,2026,0,0,0
39RS633ZODVC3dCoYO3Y9g,2026,0,0,0
39drhz2MpLpLxcPcwRz3DQ,2026,0,0,0
39ob3TUuT8AVi4Y_POIJnQ,2026,0,0,0
39w1YotSV0FP-uDkTbj4hg,2026,0,0,0
3AqoIequcJPA0mhZ2k4K2g,2026,0,0,0
3BXvYVCXtGpyx_pRxEjg0g,2026,0.3507943,0.21078559,-0.14000871
3BgBfZUgQi9SyxcLJflvVg,2026,0,0,0
3CLUPnk3heUSG1Dy0z42Gg,2026,0,0,0
3CYDgFXGK5M8qfF8COrXGQ,2026,0,0,0
3Clk1AHpskeeohtVXmgHpQ,2026,0.26572255,0.19519002,-0.070532524
3Csq1swemCRhO3eG0u4i8A,2026,0,0,0
3E8k_Ru1NkKNg-8YS7nksQ,2026,0,0,0
3FbgfKY5o9M9E-k88BybCw,2026,0,0,0
3Fnw_VjHZPzMVSWdBfGduw,2026,0,0,0
3G9zwCpr-pxQhO2D8-wvxQ,2026,0.38219003,0.52633019,0.14414016
3GWP2QTItrPA2FgRWO88BA,2026,0,0,0
3H1P83Jxi3_XYiHEJLj_dw,2026,0,0,0
3HaqpYZ3YjtZa5v0Ky8GYA,2026,0,0.22004653,0.22004653
3IFfnwuFB-Y_0vSOlqNpSQ,2026,0,0,0
3Iljqgx4LJXO_mCAPhqLNw,2026,0,0,0
3IuR6mrNZfSu4GE6TGx1ng,2026,0,0,0
3J2aM49GBgTfBfJgAw4SBQ,2026,0,0,0
3JN5OQpLIYju2f6gsvkCnw,2026,0,0,0
3Jab8-8Mrc5f1mKR01bvXg,2026,0,0,0
3KjHFH1FbgkluebSUGk3IA,2026,0,0.11253889,0.11253889
3KtIxHc6qg7b8I8qZgdAXw,2026,0,0,0
3LDHxerWB7cJSv1c94q1MA,2026,0,0,0
3Lnlm5a4hVK4kpkupAKMwg,2026,0,0,0
3Lo6KrY0ps5KJAn1mOQ6bg,2026,0,0,0
3Lu3Xc09RRWnddCIoHTbEA,2026,0,0,0
3N7IwV5kNbNUYGHw478SVA,2026,0,0,0
3NYIQQCACxCdUKkWB_CnFQ,2026,0.61314719,0.61314719,0
3OYWr7SB6_Tn1_WWHSsTQw,2026,0,0,0
3OqTsRD7b7gkhhGks31XrA,2026,0.079794539,0.1268802,0.047085661
3PPIz1OS8xeXXnfVQk5tdw,2026,0,0,0
3QnoTcrxuafMCoTzW_AH7A,2026,0.041952293,0.11243818,0.070485887
3QtEWCmF3wvfpevIQA9Qcw,2026,0,0,0
3RDFq0X4j8oQ5kJLMbwYYw,2026,0,0,0
3RWGqFO6sNAzCaO-qqaqGw,2026,0,0,0
3SV-QEHpf32qeSj9N64djg,2026,0,0,0
3SZ3-7Tk4GNo4UyI2ENE2g,2026,0,0,0
3T-sEkytvMLFs03LDqWGUA,2026,0,0.20210735,0.20210735
3U3hKB0CsGF-8T0oh5dWPA,2026,0,0,0
3VFH-yuHU-G7-BlxX5W8BQ,2026,0,0,0
3VL7MACAowyjclox32U-kw,2026,0,0,0
3VpYwTpNhVS_eqOhCKr5wg,2026,0,0,0
3VumqdFXXiacB901FIPZQw,2026,0,0,0
3XlkocqX1OjcpWOuBL2Mqw,2026,0,0,0
3Y3uIfrb7Fm6e0K1Tlyz_A,2026,0,0,0
3ZcX6qJ94Fb5FY6eXup8ow,2026,0,0,0
3ZhfLvGTckBFVroBHCcPUw,2026,0,0,0
3ZtKlGT9UNCv0tqVsiimkg,2026,0,0,0
3_V4v5gtjopdZPSscwLlRg,2026,0,0,0
3acN0RvVd8T_Nf8w1QfI2w,2026,0,0,0
3agKxC3HL_vTFI6BqarcPw,2026,0,0,0
3bNFtMOQ_3nnZRbxZKH4Kw,2026,0,0,0
3bfphnJ-_4LHEfv5qGC_kQ,2026,0,0,0
3c3uj4KIExrxmbSLOkzLWg,2026,0.14204004,0.14204004,0
3cUs9CRvWwUWoDG6V0KMPA,2026,0,0,0
3cr2LuEQqEasx7Kian2K0g,2026,0,0,0
3eUcEEdRHebSlsmLrLDiZg,2026,0,0,0
3fIMi3GS-ViSxphI0zsMPQ,2026,0,0,0
3fPtmTeOaYft2WHULlK-7Q,2026,0,0,0
3fY1y1qY4v9PhfI0-kIB8Q,2026,0,0,0
3fj9Kn8fcSo5uC9QDklatw,2026,0,0.43067656,0.43067656
3g2YNSLUivvxrWC2wkMtGA,2026,0,0,0
3gwygoIpFMRgEEfvN29FeQ,2026,0.2549613,0.1782103,-0.076750998
3gxsDhNyzutTeve4BSkS0w,2026,0,0,0
3hMOnABGXZZdB5QMx1UbIQ,2026,0,0,0
3havTvfd7TrNMS6ldiBn5w,2026,0.06077223,0,-0.06077223
3hoDHJ9nE7H4oYH8dD6jgQ,2026,0,0,0
3i8yEBUpbJ9RYBw80o0Tow,2026,0,0,0
3jsMfjpVNHWzB5Kj15Wp8A,2026,0,0,0
3kS7XYAikMjirCWKxu59UQ,2026,0,0,0
3kXfnV_qigA-jfF8hOeC0g,2026,0,0,0
3lENadprD0twnQBxw78_xA,2026,0,0,0
3lt493FvXxgNFWiIk7vA4g,2026,0.63668244,0.49927381,-0.13740863
3mLb7phQpIc2UyK1kjUN3A,2026,0.17103308,0.15000679,-0.021026291
3mZdaLuQZ_bYnX7skcwi6w,2026,0.3065736,0,-0.3065736
3mwqzfJCBbYSi_0Tpc_Abg,2026,0.1130534,0.079841335,-0.033212066
3n0_L8nKX4LcQG1yF61wtA,2026,0,0.066254223,0.066254223
3n5UEZtP96GBNpRXNF0QNA,2026,0,0,0
3o5yKkqJf8q2R_BMu40z_g,2026,0,0,0
3oKtLdAO138VHY8KTlpXuQ,2026,0.1695801,0.13120508,-0.038375025
3pI0mFB4KkUEAtaxlM3YyA,2026,0,0,0
3q9hEh1NJYbsHQn5Poc1cQ,2026,0,0,0
3qkPmzCKpvyK_4z16uIVDA,2026,0,0,0
3rerGCdKLos4n-R1l8UW6g,2026,0,0,0
3sadxxZ_I-6I52aRft_S2w,2026,0.33916021,0.33916021,0
3scNBFQq5YMwzuB7_eYmLQ,2026,0.44830399,0.39325913,-0.055044864
3u0j5YsLW8xh5He2kZKMAQ,2026,0,0,0
3vhgB61xMkj5TzBvwzPTMw,2026,0,0,0
3xtK6Iys7V4AHDau6SCxzw,2026,0,0,0
3yhve4v4PPVYK_Sova9RrQ,2026,0.29608191,0.46927873,0.17319682
3zJG0wjSakIullurajeHOw,2026,0,0,0
3z_lfmfHSbkgmq2RRNeedQ,2026,0,0,0
4-JUrXMZzrVQHcdecYxQ5A,2026,0,0,0
4-NM3_l9woeajDthJtZNxg,2026,0,0,0
4-cD3XkmNIIiGiUFtfLN7A,2026,0,0,0
41HIVLipEiCXpwtjTcYu4A,2026,0,0,0
41S71ht01Q1QsZG5HX1BYQ,2026,0,0,0
41VLcOKLZjxLjQJoK8PKOg,2026,0.30103,0,-0.30103
41ufVYFZFiKYYumYuhz3vg,2026,0,0,0
42ohTXck3pWdUzpkO3wTug,2026,0,0,0
42sa04VhipyKIk-_e2VT4g,2026,0,0,0
43qHjBGrqaR9a4UmN6a0aA,2026,0,0,0
44HB8gAdtVf1AWZOcOxjzA,2026,0,0,0
44gLvK0zs6PCrl85da_2og,2026,0,0,0
455OhgCwjroXtZzwa-KI8Q,2026,0,0,0
45MBfItHUH17HZuM78XyhA,2026,0,0,0
45apTGPysFkMNlbG17Zj9w,2026,0,0,0
45rnndQATVQNb4bogKoblA,2026,0,0,0
46Wi08T5D3phf3SMgi7U3w,2026,0.065564298,0.067943401,0.002379103
499ssqzO13m_GFXD0W9G_w,2026,0,0,0
49jFqfV0sHD8jrU7pKIQXA,2026,0.14434031,0,-0.14434031
49sNJ1cHVRW4ao2tAUL9Ng,2026,0,0,0
49xgwHw7dxPWFLlgOt7LJQ,2026,0,0,0
4A-FWiR3u-l6qHPO1YUP6Q,2026,0,0,0
4AOchnqKBnF-ivpq9CsYkw,2026,0,0,0
4AWL_QjOluYiaSgV75bJbQ,2026,0,0,0
4B-ndSrQTd5aBuFlR64siw,2026,0,0,0
4BDz8a81CWt3N04SKEXcyA,2026,0.39038005,0.39038005,0
4BSKXV3QMeDQKqoOthvZng,2026,0,0,0
4CHHUotGBbpa4r64VngCXA,2026,0,0,0
4CXx8wj1c74qdXWE4ER1UA,2026,0,0,0
4DJJq1Lhv3jgdjahshmJvw,2026,0,0,0
4DYxTfx4BszdCqSJz964bg,2026,0,0,0
4Dbvt8vBymZCCavVAWzBIA,2026,0,0,0
4Dg8tpKaLawS4id2SQ2Afg,2026,0.30260241,0.30260241,0
4DkhJhJMchEan4stdmah8w,2026,0,0,0
4EXv_hr3cv4omE6m_uJdwQ,2026,0,0,0
4EtkkiciXXs6MuC3VkxR6w,2026,0,0,0
4FBaoFT-UGwCzxSqWXvvfg,2026,0.38685281,0.26406812,-0.12278468
4GVtLpaB_PCXyvXd5ZQjGw,2026,0,0,0
4GYfcO_TCGDkdy2SSWrwRw,2026,0.14804096,0,-0.14804096
4HidorB-37SNM-g4K6VVeg,2026,0,0,0
4HwrNPfMoSAiRqgzPr4xRw,2026,0,0,0
4I0CNcNYC64DzlP97I6stA,2026,0,0,0
4I365gvkybJrwTMfeBTyIQ,2026,0,0,0
4IF-Ce1LinCQn_lvWIPipg,2026,0,0,0
4IuB0IsFVE92JkHiqwZlOg,2026,0,0,0
4JDYZlDoJ14-d2JFxZDC6Q,2026,0,0,0
4JZDZ_ENOGWH1VK-UWtghw,2026,0,0,0
4Jsmb92lYx8Djk4QBk6aXA,2026,0,0,0
4KIGyEVFMUENA0NLkqlKlw,2026,0,0,0
4KV_ptAjl4xFO6Y3Rpa3MA,2026,0,0,0
4K_kA9Q110MnQxwqjndWaw,2026,0,0,0
4Kd0Hocgrnx_Sil9n33NYw,2026,0,0,0
4LKSAkQVGQWy2ejoshPm9A,2026,0,0,0
4LMZ9E_gCW-937KqG2NkkA,2026,0,0,0
4Lg7UMoLw0dKcVWVjSa3Iw,2026,0,0,0
4MPObGw2gqQFDqZYgglkzg,2026,0,0,0
4MfK0xK0RHmZU70zrpXG_Q,2026,0,0,0
4N1fN0kaGVQuYPg1P8U5uQ,2026,0,0,0
4N5SIQ1CkO023k100hXUZA,2026,0.29608191,0.23463936,-0.061442548
4N8R-1EkUCcCHIzkEodTsw,2026,0,0,0
4O9tKXW-DS8Amo2hYNf40g,2026,0,0,0
4OCKtej61Tn-oZUszCTPxA,2026,0,0,0
4P0BiA66DSUXF4ilhYAiTw,2026,0,0,0
4PN-defKNdm6JQXrOWvO6w,2026,0,0,0
4RMsC2EKHOrOZfwys-Wj2w,2026,0,0,0
4SiEqgp-g7RauA4_ONj-4w,2026,0.6448005,0.65118576,0.0063852579
4Tp8wNiFCa4U_sSfcgQtbg,2026,0.28606043,0.28606043,0
4UAqdgiCe1jwI1IQl96MIA,2026,0,0,0
4VLoLOArsAVdLEwc5Kq5rQ,2026,0,0,0
4VrIZu0XAJHFNhA7nPDhYg,2026,0,0,0
4WAEZS6rEbKwN6q-U_PGoA,2026,0,0,0
4WHitFIWTTmj8gE--7GyoA,2026,0.12195558,0.17679021,0.054834634
4W_LEF3rzYwLnQcRwnkEJw,2026,0,0,0
4X4C16S-3OQCNe3gnqkXlw,2026,0.082933974,0.17679021,0.093856238
4XF-rv-tDWKh89B3o-hBZw,2026,0,0,0
4XQtil8v5xsXNndM2_Zh_g,2026,0.13120508,0,-0.13120508
4Yc_9ZQcTDJebWtF-HiMqw,2026,0,0,0
4_-zkpjAEtIUHNd8tZbb4g,2026,0,0,0
4_IJKLhoyof73pvRal4Exw,2026,0.42671694,0.34045387,-0.08626307
4_h5AwPKPkv3J9CL7E5x2w,2026,0,0,0
4_zR04rocURsB40lGDoVnA,2026,0,0,0
4aMXPlufEmRgTxE2NGrQXw,2026,0,0,0
4ay-fdVks5WMerYL_htkGQ,2026,0,0,0
4bP86EzvAa0sfaxrYW5_BA,2026,0,0,0
4be_EsjoZWEzugy0JgjuKA,2026,0,0,0
4dT9tzwPvpFEWk1iHLl-rA,2026,0,0,0
4fTm8qhzNnSXYHugs-Jcrw,2026,0,0,0
4gYZYVb-i7bZSv8qQt1GlQ,2026,0,0,0
4g_jqcFM46xbHGkGbsRgHQ,2026,0.1130534,0.14606835,0.033014948
4gkfvEF5pGgid_60MjJ1fQ,2026,0,0,0
4hjM4P6RhbBdEsh8nVaHpg,2026,0,0,0
4ix7NQyuXCmYT1sfblfbJw,2026,0,0,0
4jO-xw8LGjAViH9JAcHx0g,2026,0,0,0
4jqSryBOZsomgAUh29EZ5Q,2026,0.26406812,0.61314719,0.34907907
4k1PXqrjXFnmRDvi1iBYUQ,2026,0,0,0
4k43P1zuES57ewaGC4jYjg,2026,0,0,0
4k9VgRgRdmxTT_cbqV-QhA,2026,0,0,0
4kjVKQhMJKdlasEkn_Nkxw,2026,0,0,0
4lM4kr2y23ywPMrrLfB43A,2026,0,0,0
4lXwcTkAaoZoO17y9eOljQ,2026,0.35762593,0.36385066,0.0062247273
4lgNdeFeiCPxaC-196pC5Q,2026,1,1,0
4lmQO9v2FlEWDuUry9XoiA,2026,0,0,0
4lqCq74yhXJ_bgYbcn2IiQ,2026,0,0,0
4lqjXCeksMZcLcXCJSRqVA,2026,0,0,0
4mKoJ7dUrfdczKjvcOzMdg,2026,0,0,0
4mrT5PzEYZymN_lyxEU1cA,2026,0,0,0
4nTTGHn5a1L6Gsa0LWFpcg,2026,0,0,0
4nXQzv_tLNgwBaNnvUpxpg,2026,0,0,0
4oWWLIkmXjZc9-NNz3UvUQ,2026,0,0,0
4pVTrtvhp4yFftyR0ZqsPw,2026,0,0,0
4pntxnXXeIc-OMg5KcTRTQ,2026,0,0,0
4q3S_sR4fcbAkTTb7uUpFg,2026,0,0,0
4r866gIgHh8X3KJrZSTLnA,2026,0,0,0
4rrK8opMym8ZsiaasWYpww,2026,0,0,0
4s3yFhYWsgZW2xdMI6uDSA,2026,0.26972532,0.46016082,0.19043549
4tnd3k-foRbvHLNCHVUEdA,2026,0.46927873,0.20210735,-0.26717138
4u8zZaT5m7nO1WazdKA2sw,2026,0,0,0
4unp9dgjcponPNomnQU3bg,2026,0.13032377,0,-0.13032377
4vkPNmjOIjYAjq6WOHFGFw,2026,0,0,0
4vrgIhNt7AVdvJma6xUmCQ,2026,0,0,0
4vtcLKnGlKvvVbSo1i-u5Q,2026,0,0,0
4wTO4_ngs0o_1OFfAHOwxA,2026,0,0,0
4xIt8GPs65e6clbyIa020w,2026,0.61314719,0.61314719,0
4xLrpjH7-tCsprlNFpmCeQ,2026,0,0,0
4x_lfo487qKjO3vbboZeMw,2026,0,0,0
4xudantfMxLy1l5G1tWGnw,2026,0.11480929,0,-0.11480929
4y4RZcCfzOWNBAfNjSbHhw,2026,0,0,0
4y5ZrSMHFw83OFV7hQBndQ,2026,0,0,0
4zu7xA2uDDVnnjeZSOQblw,2026,0,0,0
4zvowGl1auvc_Jx1lRmGAA,2026,0,0,0
5-55tTYaTJWzozVL96IqCw,2026,0,0,0
5-D0Fvps-RH8aAQvWwsz-Q,2026,0,0,0
5-QjplGCcD6H2xL7h7zMJA,2026,0,0,0
5-sOJeMcqFAZryzfndKvHA,2026,0,0,0
508Y2A3yYQOyGaMDUYFXQQ,2026,0.14497305,0.45253089,0.30755784
50Eb23aaJQs2yzTbJ-Q7XA,2026,0.30103,0,-0.30103
50vAjRE16GmbxzsXOdJuhw,2026,0.26708556,0.32972402,0.062638458
522M-weF78TSm8yOi6MtBA,2026,0,0,0
52Bgnha6omTTVxr-8qDV8A,2026,0,0,0
52R1k6G03m8ES7N1rXiB1Q,2026,0.2529427,0.2529427,0
53Df3xUW6nRkiFatSVdLVw,2026,0,0,0
53oQWFixs7U8N5s3uzePYQ,2026,0.15101962,0.10253314,-0.04848648
53qzkwfeWYe3WqIrBxYC-w,2026,0,0,0
54EqbQnqaTDxlLxdx-A0Ag,2026,0.46927873,0.46927873,0
54s6FuSZNI2k8t5WqyGr1g,2026,0,0,0
54wHjVLFsYt9ksGkyNOM-g,2026,0,0,0
55E99HsnSiOWULc6HCjC1g,2026,0,0,0
55fCofuKVb7XP3newzmX3w,2026,0.22018031,0.16600565,-0.054174669
55qqRv6iwYXCMyCpYIC4GQ,2026,0,0,0
55rGLCUo62yb-LwqL_CX9w,2026,0,0.61314719,0.61314719
56GGfi83bWtNIThBNOaBWA,2026,1,1,0
57a4rVQ2Po6csI7VxBEjGA,2026,0,0,0
58Jb1re0r9Sk0IKJyCQjag,2026,0,0,0
58WMES34TzBpMXxUVmKeqg,2026,0,0,0
58b7dl028bfG1xBEjgH5Ow,2026,0,0,0
590n3_2wj7xIPBzw8ogXTg,2026,0,0,0
5AWxeQ_aOZgP541WcwEW4A,2026,0,0,0
5B6G228jKEYh83zrIQwTIg,2026,0,0,0
5BcHiekf8vqEka35NcoW5g,2026,0.27894295,0.33333333,0.054390388
5CbTPG6rukq0_3MJ-HwZkg,2026,0,0,0
5CfRj0dIV1EPlarQ8oeh4w,2026,0.33916021,0,-0.33916021
5Cp6MX8pn9MzsD559QpVfA,2026,0,0,0
5CpIu_UkdVfrri5t2nKBnQ,2026,0.38685281,0.26406812,-0.12278468
5DFAq-cfv88eZEW-6Nm89A,2026,0,0,0
5DnrwaETQg7l0c7OS9bJ9A,2026,0,0,0
5Ep5HPakBPrSljrsrsGk0g,2026,0,0,0
5EpC5U_KOXQDrN7h9NbcVw,2026,0,0,0
5ExUun4n-8gIo3kh2d5k_Q,2026,0,0,0
5FSBYzv_fErCQ0xnEuzYYw,2026,0,0,0
5GLB61xLOP6T-pNsr7rslg,2026,0.079794539,0.097851595,0.018057056
5H3Iva0zn5W7vF2zSu69vg,2026,0,0,0
5HmK6riLkciM0Xxo1ycNTg,2026,0,0,0
5I5_-TXF6U0z_rnxFKx1FA,2026,0.085143118,0.13886244,0.053719326
5IDOHpkKaD5JqhoPCa1Csw,2026,0,0,0
5J0HQKKHrqKF6ac4naU2EQ,2026,0,0,0
5J9N4ol0ho5_oDB7x4JrKg,2026,0,0,0
5Jb3fPiUm8ttsvrVlpeSfw,2026,0,0,0
5LtOwl4pMb6d9ozE-XULoA,2026,0,0,0
5Lw9vZhqUYECMgEy0t4_Dw,2026,0,0,0
5McsFQqNIp_7ludsWRWsqg,2026,0,0,0
5OpYqBPvnAGDxEgbFGrq7w,2026,0,0,0
5Pt_oa6luvFFUCs8SIN79A,2026,0,0,0
5PyfIcmMjFFDHohr1jNOgg,2026,0,0,0
5RtdJqGTrVqI5v5qiSayfw,2026,0,0,0
5SIS2wal6jpOAY0zi6g19Q,2026,0,0,0
5SKqQa8vE5tGeB8qm4YTOA,2026,0,0,0
5SLUfFWOTLDzYxrEvzeudA,2026,0,0,0
5TE19zTjTIPq1HANACN7sw,2026,0.19519002,0.19519002,0
5TlzxKF_jPY2v8YVrye-FQ,2026,0,0,0
5VQiGL3Kf-jVkOFLU6nuHw,2026,0,0,0
5VVWJDnBzf__QibgQtubwA,2026,0.26264954,0.23981247,-0.022837068
5WlgxTxnsFHAEuJhnFvMXg,2026,0,0,0
5WwdKJhYGXMKYM2s-C5vMw,2026,0,0,0
5WxSSfiFyHlAtYQBDUy9NA,2026,0,0,0
5X9op_99I_b1VlsrkzsgAw,2026,0,0,0
5XPhGgEQ0W3WUDrdPfFdHA,2026,0,0.23463936,0.23463936
5XV9WW2XEe1ygix8a4NLTQ,2026,0,0,0
5XpARg5ldsmNK8iZHRYAHw,2026,0,0,0
5YGpTtEFfM9um0ibHAVmtQ,2026,0.15101962,0.39038005,0.23936043
5YH_jb-RPeNPqrI2lmUOdg,2026,0,0,0
5YYrF7jZmu7BKz-mOTdFBA,2026,0,0,0
5Y_FBF1nSseDwNmwBsXX3g,2026,0,0,0
5Yi2xQ51bh7l5TOe682BCg,2026,0,0,0
5ZafgSpqedIa1UgvvRm5Lw,2026,0,0,0
5Zb9rPNpvX_bC3wLyD0ECA,2026,0,0,0
5_Qa9AZMLz0G0KBIhlIYiQ,2026,0,0,0
5_wNoMq75kbYm_54Y71j2Q,2026,0,0,0
5a-3jw_SxqpVjL2C65lslA,2026,0,0,0
5aVByErCyBwi-cnx_iEJmg,2026,0,0,0
5bUMxHvLMIK2pfy9ftRkBg,2026,0,0,0
5blTaqGp7uLph8qExpRYWw,2026,0,0,0
5brVyYOgkbT_ibCUrxoRiQ,2026,0.1368647,0,-0.1368647
5c1WuTtNJhjdK4b2dHoDlg,2026,0,0,0
5cBooky8Y5_q5FV2zK-hPg,2026,0.2043824,0,-0.2043824
5cFT89ikb3Ss1JQyVaP2wA,2026,0,0,0
5cjRF9eGf-HcD0RNL6On3Q,2026,0.098039286,0,-0.098039286
5dAxVCq99MuG5DrBRMt78A,2026,0,0,0
5eUM1KPzCsUueySZCOKeuw,2026,0,0,0
5eiLUiKhnbVteCkqKGYl8Q,2026,0,0,0
5f4UjxbMJwTPgmrHsB4DSg,2026,0.14434031,0.21840744,0.074067122
5fVIFUqCfVeEgojuJBiOEQ,2026,0,0,0
5g02bNEK3VnHLItKMCFGMQ,2026,0,0,0
5g4txQ-lQ1EfmKgV-QIAtQ,2026,0,0,0
5gQi2KTmdCvJSVkBRLIKvQ,2026,0.1695801,0.21398626,0.044406162
5gn4jRNfbEmiX0p8U93qrg,2026,0,0,0
5gw-M3x7jza_C3dck-1Z3Q,2026,0,0,0
5h2o8drV5RRB1fdj5O-Vuw,2026,0,0,0
5h9JA231vPilNAIjHxwGng,2026,0,0,0
5hh180xTIOfRx_skElgEjQ,2026,0,0,0
5j1P0jfbD-VYjxVkDpnR0Q,2026,0,0,0
5jKScvMqxW_rzd0D8xgX1A,2026,0,0.069944108,0.069944108
5jgeOE9JZkJbH6chCKSGlg,2026,0,0,0
5jvSJHESav3c7VOgH0aTaA,2026,0,0,0
5k4Y96ng_Ezk2cXrvXIPPw,2026,0,0,0
5kZvUX8-rvTvoEaK5gB5CQ,2026,0,0,0
5kcLlhJPLJL_GLwrAdbZAA,2026,0.11787448,0.21307408,0.095199599
5kgthUq99HUkjy-CHA18OQ,2026,0,0,0
5l83SrNyEylo5AhHM2dv9Q,2026,0,0,0
5lXLfyND3naSNHEuiHsjmw,2026,0,0,0
5m8JqK9RL7Ycrf7dd5EQ7Q,2026,1,0,-1
5mDIRahyGnC6nL7a__gZSg,2026,0,0,0
5mLJGjgGq8JBBIQLkNfl1w,2026,0,0,0
5m_IbLkCnC451cURfLjCtA,2026,0,0,0
5mkncwQfS4_0n-vIjQ1oLA,2026,0,0,0
5nVEsoRiuqW5dioO54vfqw,2026,0,0,0
5nd9UFG5AY_PEsUYZoCKJg,2026,0,0,0
5nsmVnwkxaO_JsxvmDN58A,2026,0,0,0
5o3aRW06uVh6Mowaxt9S6g,2026,0,0,0
5p79-cmKidiK2xcZm2OArg,2026,0,0,0
5pkLT9SvOrumAJwfWtL4Fg,2026,0,0,0
5rHxypZXthrCWgJOri9xow,2026,0,0,0
5rOqW3YqY7c9kqoSFBB6jQ,2026,0,0,0
5s08Ej81mmy__xAjQljOUA,2026,0,0,0
5s0lRoSMBb2a-9k5JxRyhw,2026,0,0,0
5s0rQ61Q-ZayTPbEXQFSaQ,2026,0,0,0
5t5iMyrt9e0kA69MaQq7rw,2026,0,0,0
5tLSqXhNHuSKJXs4RCZNUg,2026,0,0,0
5u8op3jpkU-EzlyzNCPtUg,2026,0.1130534,0,-0.1130534
5uBPTsRnZDVYxvKSbWS7DA,2026,0,0,0
5uFIyo8VAxXx2PwklmjrqQ,2026,0,0,0
5uYARe7O_D95tbPanyPdqA,2026,0,0,0
5uYy1DJ7JcAH_N4Hc4tPBg,2026,0,0,0
5ub9eFex4ybFFatUI1uS-Q,2026,0,0,0
5uowr1mhZK37DWJ23n40tQ,2026,0,0,0
5uuFwsi5M5oC1MLEnIQmnA,2026,0,0,0
5v2aYs4lQAhE_LMQlmSe6Q,2026,0,0,0
5vQ6JC8ytvurd4f3yhqdyw,2026,0,0,0
5voeQd3-xwzmq7v23BaLWw,2026,0,0,0
5wkw8oWWumsncnyfdH56qw,2026,0,0,0
5woxFlLII81pXrqFSZ3ndw,2026,0,0,0
5x71bhs3dPEzpePDVYOvmg,2026,0,0,0
5x7fNarGLyN26RutlNEuSQ,2026,0,0,0
5y6ynYdX95c06XR59xwt4Q,2026,0,0,0
5yZs0ADLPdftjy5khSa_NA,2026,0,0,0
5yeJ2jawR7J3_cpI3MEQeA,2026,0,0,0
5yuam4dcjNxgk8Mop1Y9qg,2026,0,0,0
5zbOaHWqMOhy0G4kEg9wKg,2026,0,0,0
5zgNmtVU5Xg1zBbxutQCjw,2026,0,0,0
5zrhr_z8CyLyIRUwp_GipQ,2026,0.06077223,0.042652305,-0.018119925
6-0FuiHh5SBgnbK_YduupQ,2026,0,0,0
603xajB03-Y2ZjHVSGHc2Q,2026,0,0,0
60Yc-EhGIA6EgqL8tC36uQ,2026,0.23138145,0.27825165,0.046870202
61FNJUiDqXReViksOYiILQ,2026,0.2628694,0.34132936,0.078459955
61bMkD5r2V-cuZ8k0VYzEw,2026,0.097912925,0,-0.097912925
61yZ26RhF0g_bdumzD0yWg,2026,0,0,0
635kDyzqanODRxidHah6rw,2026,0,0,0
63D3poKinWYKxUsXjlz6FQ,2026,0,0,0
647DvK0kZKqf_LIhbCchEw,2026,0,0,0
647tuHTcRtokSdCSElNV0w,2026,0,0,0
64kL47tbrqHIOmj-n3h-dQ,2026,0,0,0
64tX7lyyIPifkSZay_93VA,2026,0,0,0
65qbB9h_uLvS5JTiC-g-0A,2026,0,0,0
667MtGFNT8MLdlZbZQv-Gg,2026,0,0,0
66p5trg6e3cxqs636hTrpQ,2026,0.63092975,1,0.36907025
67HwuY1mtttvvnqn9tHU0Q,2026,0.19519002,0.39038005,0.19519002
67YrvmdkWqC0arqgt0obJQ,2026,0,0,0
67kcVwjyPgXxKnFglBgPJw,2026,0.17723929,0.3065736,0.12933431
68WLscA6A4s9FTXpGDq2iw,2026,0,0,0
693jtVYzvhwbATcoGxTgaw,2026,0.46383748,0.34396571,-0.11987177
69Bka76OL2hmOFot-Tp59w,2026,0,0,0
69qAxnG2ARbolXNHphbhyQ,2026,0,0,0
6A4l0clHoYbOs5KFiQBboA,2026,0.065415185,0,-0.065415185
6ALfOkoEPUSHt0QgZYyoFw,2026,0,0,0
6AtlFGbu3Ul2aCxCV4eNMQ,2026,0,0,0
6BwkvJif0MRzap3782JQ1w,2026,0,0,0
6ByJ2gP1L8ZOwoS6tEqG4A,2026,0,0,0
6C_38muP-rFWDZKRaxnUqQ,2026,0,0,0
6CvDpUjLcTA2FX-rGVLNCA,2026,0,0.2043824,0.2043824
6DrKoAxWowKnJEG6alpHhg,2026,0,0,0
6DyHNLlqBBevvIcJjuskGA,2026,0,0,0
6EMLT6YqIhgP3SKwmgTgCg,2026,0,0,0
6EWf9mJbX7sz0hQTPlbfHw,2026,0.61314719,0.61314719,0
6Eazuo0lesNNckHKpAW1TQ,2026,0,0,0
6FoOI-L_InhVuhEASBoELg,2026,0,0,0
6FtRABi1ox4n9s1Qr9P49Q,2026,0,0,0
6Fz8X_VdN0S8tEg9fQRf3g,2026,0,0,0
6GX4GZtx6C7m60p3rO0uVg,2026,0,0,0
6HRGSS6ll0yqapdN2vPi3w,2026,0,0,0
6HX9afrZ-cOCGjCCaU1mcQ,2026,0,0,0
6HdiL30F2bX_Tmvj_RkAUg,2026,0,0,0
6HjS4M5eU40yD_9QVEBRuA,2026,0,0,0
6K7QdxDNR16h6CJg_iU0oQ,2026,0,0,0
6MLBuAOCcjcKFc6P3w9qSA,2026,0,0,0
6M_6gWmMqYzGdbw9v5eV3A,2026,0.39038005,0.39038005,0
6MuP3sJeTWp8EDeW04X2LA,2026,0,0,0
6Mv-qMJyxSokCu8YFM1o0A,2026,0,0,0
6Oz68PZ4eAcDW7zDadDI6A,2026,0,0,0
6PDXU6w8YJ4OzQR4mwVK5g,2026,0,0,0
6PNP7kWDppTaPuzf6YTIOA,2026,0,0,0
6QC6qsQ3a8GpYWshL_Pj1g,2026,0,0,0
6QP95ARs4kbOps-Ca034wg,2026,0,0.45250815,0.45250815
6Qb3pSCN8_f48bamSogJdQ,2026,0,0,0
6R1EcQvREY_Qs6Vf2dy5sg,2026,0,0,0
6S4uxbPpb9pMk9bKMUVZng,2026,0.23504555,0.23504555,0
6S_QIPCejdJEht-LOY0zcg,2026,0,0.095460433,0.095460433
6So-UCC5i9ckh4IwoXQzbw,2026,0,0,0
6T2g0-MKq-ciz1aLJzu9Aw,2026,0,0.14434031,0.14434031
6TKed9AZrD4DXcW4Nw-4Qg,2026,0.39038005,0.39038005,0
6TsADh6mTTdLR-h-1h0c-w,2026,0,0,0
6UQPYztf7bhhwm-B1JtDjg,2026,0,0,0
6UmoicYOoMZR1mAAl84_tA,2026,0,0,0
6UunqF-6SDRhN9Avx_Kh9w,2026,0,0.30103,0.30103
6W9UaVleC0tAORph2u5Heg,2026,0,0,0
6XI0gneBI4zeTa9r4ok1CQ,2026,0,0,0
6YAPZtzvMCAtqc6RIBKC2Q,2026,0,0,0
6YJy8c4RVQCgdf3FrnwErQ,2026,0,0,0
6ZPx5F3Fykg8y_GK3xyt0w,2026,0,0,0
6ZlyGryn4LTIl4NaxXmSnQ,2026,0,0,0
6_3lD-Fu5dTVqaO5k7QqWw,2026,0,0,0
6_JG7QXrhqUPQa3lJ113vQ,2026,0,0,0
6aQpF3gMLwwEALcbwQIkIg,2026,0,0,0
6bxzJaXxGCqApmJsyIlr9w,2026,0,0,0
6cPC5XzBoS1IAM-bS2RAJQ,2026,0,0.27894295,0.27894295
6c_a4XxduJka98QvMIM8Tg,2026,0,0,0
6dAbQyvbh2hl0GJ9jJfpqg,2026,0,0,0
6e0Y3XV26x63P1gvQseoNw,2026,0.11047239,0,-0.11047239
6ePDkODaihUv30zsTA-F-Q,2026,0,0,0
6eipwrk2ZjOdvuD6GI-TTw,2026,0,0,0
6fl3xXg27X2CS1BHCgYSfQ,2026,0,0,0
6fnPre6nLxIJkmQrTgvaqA,2026,0,0,0
6gUYF0fXAnXQdK3paXad0w,2026,0,0,0
6hBoywQli_-bRUZdGJYPCw,2026,0,0,0
6i_gUwM7ZkQDRweVXwluPQ,2026,0,0,0
6iq-Qae3kg8nyaxSYS8vUg,2026,0,0,0
6jna5W1aqs4amKwBoCH2YQ,2026,1,0.63092975,-0.36907025
6jp9LCsMaIv0-Upghcnt6Q,2026,0,0,0
6kJFLAHV-tNsBEZaRTqEWQ,2026,0.60260904,0.57550802,-0.027101018
6kTpkpLWNbqAVe4gCZ9fyg,2026,0,0,0
6knga-vNLcCxdQmhevWjTA,2026,0,0,0
6l-QCnL3dDDG1LU1Oo0h5w,2026,0,0,0
6lakeZg9hag3M3DYC6MrXw,2026,0,0,0
6lfnGAqMMmSZVjJJ9GM24g,2026,0,0,0
6nF5PT1c0dF6EpOgQdF2tw,2026,0,0,0
6o3CiQzYpLse_kJx2qYfSw,2026,0,0,0
6pbNMgTnSYrtPHDN07IXwA,2026,0,0,0
6qHQKCUvOMlP7cvKCoTyWQ,2026,0.45379693,0.40969849,-0.044098438
6qTleuZBVpyuj091MauswQ,2026,0,0.26264954,0.26264954
6qZBWG97olYq6HIwIzIj3Q,2026,0,0,0
6r8JFJiYfvqepEKIGDmWKg,2026,0,0,0
6rLcSCokJDCpwSjdiZty3g,2026,0.1178121,0.18672776,0.068915662
6rnr_NsVdiugxnTHOLZiNw,2026,0,0,0
6rvaULevZEp2OM_b7cxFeg,2026,0,0,0
6s7ayDJPOs8qL0IVMyOxvg,2026,0,0,0
6sZ0KAroubsAEuCxlv7mxQ,2026,0,0,0
6scLvFbBalfc9yYH2XXfQA,2026,0,0,0
6tUniOHCf6o1qwG_pzZuHw,2026,0,0,0
6tbVDZxBj2hg2PpQ1R_8_w,2026,0,0,0
6tjm0WWs8YdnNddHdVWBvg,2026,0,0,0
6wwbb70YcTtakhoEBXL7Eg,2026,0,0,0
6x3dZ1XhF9--kyulLT-GSQ,2026,0,0.074282073,0.074282073
6xrSdPn4kTpPuq_4cq2q0g,2026,0,0,0
6yMeRe_UQMfN1ukGRYhQsA,2026,0,0,0
7-ZBKeAC4lWEwrttlQLkCg,2026,0,0,0
7-mA5iLgHJt6LRbi8ex09Q,2026,0.63092975,0.22767025,-0.4032595
70E8IPebvzcqK-jfz5fYiw,2026,0,0,0
70d1m7BqO3HbgB3c37f9MQ,2026,0,0,0
711gsmiQOjOAHZP_0uJabw,2026,0.14204004,0.23544403,0.093403993
71UFo91jext21nW04NB34A,2026,0,0,0
72laNFjLSNd5m7rOnykXHw,2026,0.30260241,0.30260241,0
73oVGO52bkKmjgx4Nwat4Q,2026,0,0,0
74gd7lnM25ooF1IFXnoI0A,2026,0.63092975,0.43067656,-0.2002532
74pvw3-pu-ckBusrwLSiHA,2026,0.38685281,0.37679309,-0.010059721
75--7VO10mTfrvV3yCGuHg,2026,0,0,0
756PlcvcaoQZpMj0qHRUjA,2026,0,0,0
75Q8j97L4FbEATcKraHeQQ,2026,0,0,0
75geEOYcxLCYzEGuCQlPng,2026,0.46927873,0.46927873,0
764QrdTkmjDg--PiJsUPhw,2026,0,0,0
76Vz4Gmsav2bmOrYR6HeHA,2026,0,0,0
76njJPrNrxIHncYuHkbydw,2026,0.46927873,0.46927873,0
7849GiswtjVs-0vAVsiDmQ,2026,0,0,0
79tmkvC48523nYgZnr5aCQ,2026,0,0,0
7AH4QiPKSZ_bKHhpUuvOdg,2026,0,0,0
7BxLSY8L4ZK5leMdTol7bw,2026,0,0,0
7DhP54DOhBABQT0pFNLKOA,2026,0,0,0
7EVsupIaYa9Cmfo4jJoTmA,2026,0.14204004,0.19698863,0.054948588
7EgavvOERGI_bIRvclvlRQ,2026,0,0,0
7F8HlCbKUIB-q3sYfZhoUg,2026,0,0,0
7FW9XeZG3iyeksmiCTduZw,2026,0,0,0
7GOWYwaYNjbSWecUfHZjLQ,2026,0.22009177,0.22009177,0
7GXdghH1BuN7AQwL1SWKiw,2026,0,0,0
7I8UEqlq5Qb4QKQBBhePlw,2026,0,0,0
7IGJBFup9tseum6orRJ-1g,2026,0.19092087,0.19092087,0
7INLwFarOfAL6NCAGqTyNg,2026,0,0,0
7IYdBJKKiD9bqI3KmfXE-g,2026,0.38685281,0.17723929,-0.20961352
7JcEda-G3VivMnaKV-sKRA,2026,0,0,0
7JhpYlphHU46gxWBhzeo_A,2026,0,0,0
7Jo2i_OW-7KlFFetO08cgg,2026,0,0,0
7KyVTryH45UVI6AR9jZGMg,2026,0,0,0
7L7GL5Pi2cf8mbm2Dpw4zw,2026,0,0,0
7LzBnZ1xIlWCl2EwelvNvw,2026,0.26264954,0.25,-0.012649535
7M6eHyuAhtHl29H4HsgzBA,2026,0,0,0
7NyerV7a3CsvYC20iSfLHg,2026,0.19519002,0.39038005,0.19519002
7OO2Sn50GnNu47fCsnZExQ,2026,0,0,0
7OcQbFZ9kRYgDD5BUos0Wg,2026,0,0,0
7OuZvzVSkVoY6DAL5y23og,2026,0,0,0
7RNnO1TnvS1CTOlBNMPJgg,2026,0,0,0
7RPkpKUIVy_qK3wua3x6mA,2026,0,0,0
7RdQbQmL3JWQSmrqtt8ikg,2026,0.14126697,0.14804096,0.0067739826
7S6CD4tp4KiENHEQSm2Duw,2026,0,0,0
7ScQMk-Mt1CLvp2w3rI-Jw,2026,0,0,0
7SgM5DrVSfkaqCpyeKjT0g,2026,0.63092975,1,0.36907025
7TUCJHMkn-2DZdRyZeJSDg,2026,0,0.1418689,0.1418689
7UEcRnzebFzmoeDZAfL8FA,2026,0,0,0
7UJvl1EUk9pTMCgH8d27dg,2026,0,0,0
7Wsd6EZ6GQhyvvrNJSHkkA,2026,0.078474282,0,-0.078474282
7XBChm6YZZ62DBCHa7HCZw,2026,0,0,0
7XIHzdQb7ecKLDoLqJYOtA,2026,0,0,0
7XXKi6pgXeX1uJZcGjKNRQ,2026,0,0,0
7Xz8fsFifnU5B2oVbZBxVA,2026,0,0,0
7YLy24bg3PPk0Zh9NRm1gQ,2026,0,0,0
7YiMYRICINUlnD_N_BUFjw,2026,0,0,0
7YnQlozquaA8Y1Y7rjey5g,2026,0,0,0
7Z1a-ioWcbW1yR_UyrS0PQ,2026,0,0,0
7ZauzmeTHuR-8FqnmJbOtA,2026,0,0,0
7Zk60VXzTb3ySoCkqbj6qA,2026,0,0,0
7_IuTzV_Sh-boGK9enq-XA,2026,0,0,0
7aQL44yElGUDrygwAMIwNA,2026,0,0,0
7aTUpTOyJ7glAN-zrtiY7w,2026,0.061173315,0,-0.061173315
7aax0jwYDgwyJB1V9RZlsw,2026,0,0,0
7ae4fdtfQeqWXFUFkZI6cQ,2026,0,0,0
7cVwlQdaX3HucMKYl7RgjQ,2026,0,0,0
7cmffjmaXHo2NfeMUlNoUg,2026,0,0,0
7eYcx398TH6wRmoXIs_A4A,2026,0,0,0
7grZcg-U0vwQwL5p20vVQw,2026,0,0.15000679,0.15000679
7gt5Lue__iRo4aFrH4POvw,2026,0,0,0
7gwJaYGA86hwqTX2G8vqtQ,2026,0,0,0
7hsDhmuV0YGG6jtwDhSr6g,2026,0.46215703,0.51215325,0.04999622
7hwPY9_Gz4PPDfQ9lf__xA,2026,0,0,0
7iLLYJPQMDtLPOzpVEf8aQ,2026,0,0,0
7iZHH3ytobUBnmsFTIpEqw,2026,0,0,0
7iw-4p8H00ys9e5r8UtGHg,2026,0,0,0
7jHVaiI-PnjCUzPnC43qrg,2026,0,0,0
7k4UsP9qcgC8e8_6U8a6sQ,2026,0,0,0
7kFZmqVigVs7-FTn7Wqn9w,2026,0,0,0
7kWu0qv0elfePCOEkfXaew,2026,0,0,0
7ktyPHE-NGnWxarOqjIQiQ,2026,0,0,0
7mL9cvICl8fuCQTM89a-SA,2026,0,0,0
7mLxwE_qbCshNWNDbiRBXQ,2026,0,0,0
7nq09jiKpW9xw9J9iKUbpg,2026,0.073058558,0,-0.073058558
7nsC0VI_FbPe6hJGbL02HQ,2026,0,0,0
7oCJBTMdaxPJoZ4AMZn3lw,2026,0.38685281,0.38685281,0
7p6TAxZ5GVwX-_Xf1JWOxQ,2026,0,0,0
7plIb3sfE2UG_5fcINoImg,2026,0,0,0
7qBgGzyf0FbHKC0jiI1J8A,2026,0.13090199,0,-0.13090199
7qY2KOV-9OsvlT2qB6NgDA,2026,0,0,0
7r2I8vEJcnHEnM8TbJEfbw,2026,0,0,0
7sMc4ob8mHi2Rm43FxHkSQ,2026,0,0,0
7sZNP9j6F0CrBrE4iyhv_g,2026,0,0,0
7tIaG0p7viFi0QNIgkqCyg,2026,0.3153734,0,-0.3153734
7uXo_g4qXfZqrtOKI7_8Nw,2026,0,0,0
7uZ3cuA0wf4JKz3j4tk1yg,2026,0.39038005,0.13905618,-0.25132387
7usarUttVHHV3g4rTVqQ0w,2026,0,0,0
7v6ETyw7rBkZmXuRSqsUFw,2026,0,0,0
7wlG7YooB2AUZRyKnqEi1A,2026,0,0,0
7x7BflnGzZX9PEv50VLWRg,2026,0,0,0
7xPApMoENaEUcVWuWWrMEQ,2026,0,0,0
7xxn9OBo_92skqN3kN-vZg,2026,0,0,0
7yA1eM8IyKFa8zJxQfUFng,2026,0,0,0
7yTGuZJVdSUWBwJcH7DPlw,2026,0,0,0
7ygtpgUKy3fbXrYnt-hOkw,2026,0,0,0
7z5ppnE__EgPdnwVj_8pvA,2026,0,0,0
7zESMedQL8jp3y3x9XUqYQ,2026,0.049317124,0.06077223,0.011455106
7zkTZXYZqI5UCVSVrIaZ5Q,2026,0,0.61314719,0.61314719
8-DlA9VJSiBx0uRouWLKmA,2026,0.17103308,0,-0.17103308
802v41-dIYV7kX39vgcuOg,2026,0,0,0
814tdMv8pK6E7Q40WhqDuQ,2026,0,0,0
81E27lL25iFXinm-fLRo3A,2026,0,0,0
82Micw6atbqgn8-r7oNRKg,2026,1,1,0
82UbpDEPMGJ9Sod8a1U-cg,2026,0.43067656,0.63092975,0.2002532
82dCHyU-ANOgdhxUgZsUeg,2026,0.44334226,0.30523488,-0.13810737
838Y7fDij3sd7FBQm7X0oQ,2026,0,0,0
83GKsOVWws89Wcdvkfw7WQ,2026,0,0,0
83RL7Mpq6nh8dGCpBTIKnw,2026,0,0,0
84Hf1RPfxijKbP-tVAf-iw,2026,0,0,0
84HvpQDxcHWmbMDfs8IEYw,2026,0,0,0
84Z_KLQfDP1jeizaYwne7w,2026,0.46927873,0.15642624,-0.31285248
852MLi9ClRZhYhK0MlV6RA,2026,0.079478383,0,-0.079478383
8622sgILqHspzSs_WE75Pg,2026,0,0,0
874uGTcqme6z_NEpISz83A,2026,0,0,0
87LMxJntT0vIKYPDJskj1g,2026,0,0,0
87f1zkXC1GQCfFG3Wmq9Ug,2026,0,0,0
88LaFQ9q8MAC9AXrg7iRzg,2026,0,0,0
8A1jV-C6uhTz9y5Be_Y4Kw,2026,0,0,0
8BdUVYwZ6fRWJEp93O6IKA,2026,0,0,0
8BsNK-TDtsfVi_UCjnwKRQ,2026,0,0,0
8CcBu5xno_eFPAzxA1psDA,2026,0,0,0
8D20CnnlN346QT9gJ_OVng,2026,0,0,0
8D2xhwdMevU_KEpAf3IL7g,2026,0,0,0
8DFB_9Ydo-pvzX_tVtsWrw,2026,0,0,0
8DZIulRh7XcOe74XAsi2gQ,2026,0,0,0
8DoVu0G0Is205QYGCVwtVQ,2026,0.051840307,0.047209983,-0.0046303247
8EMU7d4pCkdqUnvlIW40CA,2026,0,0.041058779,0.041058779
8ERgdHUoB_zpYLzz_BLcsA,2026,0,0,0
8EbSUaoeDOs-CjVmXKBKVg,2026,0,0,0
8EneFRH-5HEmfQ9AOJwc-Q,2026,0,0,0
8FgM0SY1_up8QWs62HKQjQ,2026,0,0,0
8FilOF3rJfF3MktgqpsvMA,2026,0,0,0
8GFm4K6Zf5pkOmwtWk-tZA,2026,0,0,0
8Gt3LRoBKBzEcycy7Oz_8A,2026,0,0,0
8H3W2F7jrM-VaKY7Cp_wiQ,2026,0,0,0
8HGVC7440c5lkB0nl8Av9Q,2026,0,0,0
8Ha9XNqapSQ69d5qzZVpFg,2026,0,0,0
8I3Da1qR0nuEgpSZvBulgA,2026,0,0,0
8IxdzJ-i9nwqjWnLYN6pGA,2026,0.2529427,0.2529427,0
8J8cBUkbpUFzmWWAWM0OHg,2026,0.079443418,0.094038286,0.014594868
8Ke-o_dV72eKnPJhpNfYOw,2026,0,0.13565197,0.13565197
8Ktnp0D9x0VvW1hztdIAyg,2026,0,0,0
8LKkuosn2ZMYY0CXN4Uu2g,2026,0,0,0
8MLZcIbKk1CktEyzB7B6Iw,2026,0,0,0
8NSv7uLdWAw39Elpun0qOw,2026,0,0,0
8OzcWLF0EUulTcRtX0au2g,2026,0.12011566,0,-0.12011566
8P3CkKsSFycgZPMZvjmtMw,2026,0,0,0
8P4BpraZnwXAvDnjah2wWQ,2026,0,0,0
8PDXRLenHsfjn0TFP0yyCQ,2026,0,0,0
8PV7p93Fs6qcN94NL8JFBw,2026,0,0,0
8PsHvvrUFkFGhnREi-m1Cw,2026,0,0,0
8R16InoIf-JheYnh9EOR7w,2026,0,0.095506691,0.095506691
8SNG7tk1f7v6v8TakhQ4Xg,2026,0,0,0
8SeC88qR6-opStwu_c8Y0w,2026,0,0,0
8SvZzRYpz25VquzXOg42hw,2026,0.1934264,0.2043824,0.010955994
8UMp-4jlmDvPMZpE3olFQA,2026,0,0,0
8UTrtswBmciBbYh1myhsYQ,2026,0,0,0
8Ubx1wqGGiYvuheYxRKzxw,2026,0,0,0
8VAyS5JnW4zlJ1nZ9mFs8A,2026,0,0,0
8VPCVY70TcE353gRruotWQ,2026,0,0,0
8VyYj63y30bagiHz_pqJUw,2026,0,0.2043824,0.2043824
8WWVGlEORyKHI11BnJl-sg,2026,0.057807,0.069431222,0.011624222
8WzXJ2zCvXggjGVvhzAxbQ,2026,0,0,0
8XBYqurwZsLrDvGi8Zt1YA,2026,0,0,0
8XHZ1sgceAQrKcDCkvh8yA,2026,0.25,0,-0.25
8YaNVVzqtURTy5x9CxykmA,2026,0,0,0
8_6gZDQw4P4-yzEge-9lbQ,2026,0,0,0
8_xJU4HADrtjDtF6l-9eIQ,2026,0,0,0
8_ylXiJhLZbbJO7ewix_GA,2026,0,0,0
8b6vpIsa1Ija2x5FmJDrqg,2026,0.39038005,0.1175161,-0.27286395
8bMQK2ZUa32Wt_UHT-AxcQ,2026,0,0,0
8bZ9QiMWMpAka36qHh2OSg,2026,0.20210735,0.34322024,0.14111289
8bsJN4lJ3p9eZOFxWBydWA,2026,0,0,0
8ccox_uCKInYlF3mlvU3jQ,2026,1,1,0
8cy6q_D-SssRwCUEWyYETQ,2026,0,0,0
8e28SJ-JVRr6tHQ2y26Ovg,2026,0.069944108,0,-0.069944108
8e8tKV0HTECkH_8DyNBwdg,2026,0.46927873,0.46927873,0
8gtD--lj7nA0a1SBup4kaA,2026,0,0,0
8hCk9QZUM0S317qSpYL0aw,2026,0.17723929,0,-0.17723929
8hK0rCcIYSdik9HMO0X2Jw,2026,0,0,0
8hlglvbHiUCTIi7SWCsIXA,2026,0,0,0
8i9G9ZW3MtbkAgUXDKdj5A,2026,0,0,0
8ik35d3M3KGWDuPf8BPhOw,2026,0,0,0
8iqYqSvD7HmGA4l-au5KcA,2026,0,0,0
8j0ekVUxdDzmiy_KAJ5stg,2026,0,0,0
8k7cQPWA4WQRRDrE0dB97A,2026,0.11480929,0.70391809,0.58910879
8l5Rwq1SbBrcEVVWuGe-Uw,2026,0,0,0
8lEG56y47y_XUpFoaQ8GfA,2026,0,0,0
8l_ZzsH15o-PJ_4tsOH2ow,2026,0,0,0
8leuI8fU-m2HtlgMgJ4RyQ,2026,0,0,0
8nMQfeAOfQuslqcZZpFJ7g,2026,0,0,0
8nuSgse4z97jKxZ31PXdew,2026,0,0,0
8o0o-pAeN29qf5pjuZDNsQ,2026,0,0,0
8o22mKtUJI3Th-snZrSIKA,2026,0,0,0
8pv19EUVvyt1qSJ7jTFyWA,2026,0,0,0
8q5yP1VWPwGZwKagTf1vzQ,2026,0.14204004,0.14204004,0
8qXSvgOMsZ1oZNvigkEj2A,2026,0,0,0
8r2oqp_ok-tnuFcrnhlJiA,2026,0,0,0
8rTqIhw9EkB-9JF7v8HsQA,2026,0.24465054,0.27894295,0.034292404
8rpSA4q0X72LApz7hm5xrg,2026,0,0,0
8sAkajn7Bthum7IUj7qYfA,2026,0,0,0
8sGNy9Y2_E50rlQFY9w9eg,2026,0,0,0
8sSD3XVNuHWhdRCSl0EfNQ,2026,0.25595802,0,-0.25595802
8sSu2zx6fK5nCSUrOiYUSQ,2026,0,0,0
8tD6VEpHEWaL96Kv3GnzkQ,2026,0,0,0
8tWVPmZ47ukcL8WBo6dFZA,2026,0,0,0
8uLIMvpCNOHFHodKvfjc_g,2026,0,0,0
8uYyFhE81qm2pD16yN1yTg,2026,0,0.091654028,0.091654028
8ue3d4DpsxsGLodh7ch3kA,2026,0,0,0
8vMWVjBflcyWflEArEq35Q,2026,0,0,0
8wQIoFapkegkC5fcVYg_Iw,2026,0.39038005,0.39038005,0
8xubwsU_9t3QmHzxTghdlg,2026,0.27894295,0,-0.27894295
8y4Xp3MWmouzadaEdnvKng,2026,0,0,0
8y7V_w3rtzPD2LadG8_QnA,2026,0.1532868,0.1845757,0.031288899
8yIYEQQZy7fCufRVDl5eJQ,2026,0,0.13905618,0.13905618
8yrv8rZkn0WKyHJoi-xDuQ,2026,0,0,0
8z9CCcRfZZhgB5FZKdux4A,2026,0,0,0
8zDxPAZvVX14meHWuqhg4w,2026,0,0,0
9-DHS9YmfEDRqszj_e68GA,2026,0.28371255,0.16015423,-0.12355832
9-kl_VKIvi4GTRwZLPeBTA,2026,0,0,0
90z__Hyzv3D2TrmqjLVZSA,2026,0,0,0
91ScGA9sYuCa5VDrdBMIoQ,2026,0,0,0
91swy_LSXRETGSAqEV0Oew,2026,1,0.63092975,-0.36907025
92Mj-5aFGuX65rLp0ujX1w,2026,0,0,0
92uzlL70VvMFtr7yU0dL-w,2026,0.38685281,0,-0.38685281
93RfEkL4vyB1u4ycL6VATg,2026,0,0,0
94Cjtk7n1gk5mb8RH_Sr7g,2026,0,0,0
94Ukr4-4I49NaKYyjsMSvA,2026,0,0,0
94nuNE5-Eh8XMT7QVC_uJQ,2026,0.14204004,0.14204004,0
95BpR7Qj8cteyr88rrm4Lw,2026,0,0,0
966JOBgYtU-2oJn9FWudUA,2026,0,0,0
967MB5N9wcdUSykgSEzWdQ,2026,0,0,0
969f2iUqqY4VQGCYgNLP9g,2026,0,0.11582866,0.11582866
96DCc9eKxINe9N9r8yrrtw,2026,0,0,0
96DfLlif7HKINhQvgGgwWQ,2026,0,1,1
96JZapwKFbOc5MrXLh8E2w,2026,0.039621067,0.12451943,0.084898366
96Je4EBN4cpolApaqcJ6Vw,2026,0,0,0
96NabxRyz86Q3IHwOPCQag,2026,0,0,0
97Zn9QDuzgd9c_gFjScPsg,2026,0,0,0
98gWX_M21U5COor-Cys5Lg,2026,0,0,0
98jv8gu7kAwa2WzIPdw6-w,2026,0.14204004,0.14204004,0
9A7V1LHp5GWkB854IIzfjg,2026,0,0,0
9AQA4f7_JMraLZI7xZxXTw,2026,0,0,0
9BAVtP-0xq8NawJiT_K6Lg,2026,0,0,0
9C_h-H1Z7Xz7dvbgsBrnSg,2026,0.38685281,0,-0.38685281
9Cl33eyEZGQw56-jMzPc9Q,2026,0,0,0
9D7eDqw7g3mXdKQq6OIetQ,2026,0,0,0
9E-hMBVfcgRVtyu56GSXdQ,2026,0.5147009,0.5609572,0.046256307
9EtF8fqUEFd56J28jbngSg,2026,0,0,0
9F9d-ux_bywIimZL_BnuLQ,2026,0,0,0
9FKoQuVJG-Lx0n0sON8emw,2026,0,0,0
9GFDazIWjEAL267FemiIxw,2026,0,0,0
9GPxQMfHmwklP2uwmq0Pgw,2026,0,0,0
9GYZLlYbBc6AuaSSvLVFig,2026,0.11243818,0.089105149,-0.02333303
9GumUWqcNbSUAtor1si8Lg,2026,1,0.5,-0.5
9HFwB9HChqti2uo4tjubHg,2026,0,0,0
9JhufHSGrEEwTA8NdU4LRg,2026,0,0,0
9JnKwuTNfTOh1fGGPe2t6A,2026,0.099920907,0.093618003,-0.0063029038
9K0gnGRtB3Zjd_nPztGPYw,2026,0,0,0
9KDllXZOa7GNTdgBJM2RmQ,2026,0,0,0
9KTxWBhCXTN5bFTwMKqTIQ,2026,0,0,0
9KmwBEpKAqAAKvoOvY5F1A,2026,0,0,0
9KqFP93dzgkcwg1EDuRT7A,2026,0,0,0
9LR47PBermJvwFDqc7FBBQ,2026,0,0,0
9LtRKwgaSpMY6wXWy4fcWQ,2026,0,0,0
9MFpx_lVOGTQtYVQzArckw,2026,1,1,0
9M_nk0kA3CTJt6UoxRAK_g,2026,0,0,0
9NWYpHXDGrPJtUf7Qm82_w,2026,0,0.14704034,0.14704034
9Nf1kqrlMTFusqrEKFD98w,2026,0,0,0
9NtAOI797Ws236pJu_UoFA,2026,0.054948588,0.21306006,0.15811147
9OPEXZyh8LU3mJ6eP2uy3A,2026,0,0,0
9PVJUmCX8sZdJSj3gfUkZw,2026,0.15642624,0,-0.15642624
9PdW1rZ80dglwR_noWF1Tg,2026,0,0,0
9RCks2Uz9vqFKhKd6Fp1hQ,2026,0,0,0
9RNjAEBye6DCkF5u7Xg6uw,2026,0,0,0
9THWOVrNFp55fnd9aplxAQ,2026,0,0,0
9TW9pADNhLk8cPFyK0o-Uw,2026,0,0,0
9UVdlMKQMHhJxbP6X3lSUg,2026,0,0,0
9UeHVTMLdCoxlzxXdaRxqg,2026,0.12821374,0.11701581,-0.011197935
9VcdNSLPrU5k2_PwP6Jvjw,2026,0,0,0
9VmRAGrRt_y-5XstJVJO7g,2026,0,0,0
9X4jkq5JGdYIQyjzW4cB-g,2026,0,0,0
9X7nV5z6xPssvayASKJq7g,2026,0,0,0
9XkZU7TrpmNla-g-Qy66Ag,2026,0,0,0
9Y6jR-1liGBZBBVGYVtmig,2026,0,0,0
9YTEd_NzwITT0Y-1WgiJgw,2026,0,0,0
9YbN3y0GybEv5KvX0NNBQQ,2026,0,0,0
9Yjca5l8_7pW6dJEbvKLOg,2026,0.61314719,0.26406812,-0.34907907
9ZJ0AK8nvaX1M7WHpKL5JQ,2026,0,0,0
9ZdLfv9dt7gQk3t00-W1bg,2026,0,0,0
9_kjNb5LDaQhyCiuaNdukA,2026,1,0.38685281,-0.61314719
9aLz6SAbwB-KT3zH6NLBlA,2026,0.16569577,0.16104283,-0.0046529407
9ate_QNobHM_XshsuV0bSg,2026,0,0,0
9b-ACO-AQuvr_zbEXJT5ww,2026,0,0,0
9bvlW5Gos1kxzvcM3c-12w,2026,0.29608191,0.29608191,0
9bzcva2toVmZqGLSZHdfsw,2026,0.23463936,0.6049307,0.37029134
9d173MjPzbQtNHVReVXQhg,2026,0,0,0
9dW7udwDi4M20oRenL3Bcg,2026,0.037571279,0,-0.037571279
9dplFY2fmbuJ7UREMml7Mw,2026,0,0,0
9e2A1g9AKOgaLubVoz1eEA,2026,0,0,0
9fP3KiiVpFVYcnqgD3aZJw,2026,0.46927873,0.46927873,0
9fieYahDV0b72_usul2IrA,2026,0,0,0
9fpNC_1mzxCOfOPGu2izCA,2026,0,0,0
9gZ4R3EHF__2S9gSRHdr3A,2026,0,0,0
9iKGmQulytxMlo2-y2U3Uw,2026,0,0,0
9iukWWANgetdkbmgQNJ_XA,2026,0,0,0
9jWe3vPpCcX8B4SNeIQ6PQ,2026,0,0,0
9k9kjbeRTiQxyVMMaB9mVg,2026,0,0,0
9lAQ1qRJAuigcbPsL3YUWA,2026,0,0,0
9lCb0V9FVtvI9qHuZhJmqw,2026,0.23195057,0.34342633,0.11147576
9lqojVnmlafwctRgqNAFmw,2026,0,0,0
9lxeey8azLxu_DhcsrCO2Q,2026,0,0,0
9mK157GWbIErBISptmsDgQ,2026,0.43340027,0.49294392,0.059543649
9mfym7-RT9KtX68M87lmUQ,2026,0,0,0
9n3f1uA-HhvRXjEw3me9fA,2026,0,0,0
9nFx-SkiZlI4MSIac8vyuw,2026,0,0,0
9nf7RJehHauADHRwpT3XMQ,2026,0,0,0
9o4tLRDrHh54279DIUUwuw,2026,0,0,0
9ord6jKl3683DpDg_ScmcA,2026,0.12315119,0.099920907,-0.023230288
9pwPAp2gfHvjnAmHvLVgZA,2026,0.19635794,0.19635794,0
9qkFnQVBXe6-RKSnx6ocxA,2026,1,1,0
9rNrZH-bq-066kgdHfMelg,2026,0,0,0
9rVVbMZsDqelDpmDLF9Hqg,2026,0,0,0
9rf4kk5icMkBkv2q-SXXxQ,2026,0.14939712,0.18009467,0.030697548
9s-fxhyTKQTtSeTdqSbTHw,2026,0.20210735,0.18154179,-0.020565554
9tIjFbmboV3ioyng_G2Pgg,2026,0,0,0
9tLTZI5cB-_ORbim_GG6VQ,2026,0,0,0
9tXTc-MCPp5MkIyK8TEQag,2026,0,0,0
9tkOrRXr_a0i1eGpIIz8kA,2026,0.46927873,0.46927873,0
9wBTBjw3tAGsAaYrtv-VZg,2026,0.37642907,0.63668244,0.26025337
9wWetBcPaPjwms--pcwS6w,2026,0.38685281,0,-0.38685281
9wksXuDT3tJaOU9mEzWsbQ,2026,0,0,0
9wvR3a-jGWmth9rgttgU2w,2026,0.30789077,0.18684721,-0.12104356
9wwCGl4evn_E4k2KI0zouQ,2026,0,0.20210735,0.20210735
9y-c-H3QKZbwNVQEdKy_7g,2026,0,0,0
9y1U8xphysbnssT8Vo-QOg,2026,0,0,0
9yWLAWKAKuBFzvpqnWkrpg,2026,0,0,0
9z6F8L50Jwm6fuh_VzzhZQ,2026,0,0,0
A-2aTBCgGIzDpUqDP4kZig,2026,0,0,0
A-86ktqWS_7qd1RTiH5NTA,2026,0,0,0
A-96gvwThd6eyc9VNR9_fQ,2026,0,0,0
A-WwfPVKmbzo6uohiq-Z4A,2026,0,0,0
A-cPixJ2u2hiHemgMz7vuw,2026,0,0,0
A0_HA2eByKIvtAYqrMxtGA,2026,0,0,0
A0kmHjeaoDG4jtk06VvvOA,2026,0,0,0
A0rRjIJcMsw4CFvVuQnOfQ,2026,0,0,0
A1k7dnouXbBjfNgNU0BcKQ,2026,0,0,0
A1nIXS5XEWeZ2EUUcOsurA,2026,0.61314719,0.61314719,0
A2Frb-R9GzdG4EhWjM-wPw,2026,0,0,0
A2_xB9hVlvLoszp_xBDmYA,2026,0,0,0
A3CgF_iU5xGRtUMA7zp7gg,2026,0,0,0
A3qXRWgbz-mOwgcjm2ISsQ,2026,0,0,0
A5YThZ6xVSEW97bEOAtLHw,2026,0,0,0
A5hdFVgpwGFqHzD-JPN2KA,2026,0,0,0
A6f7Kq0IpiPM93RGLGU9cw,2026,0,0,0
A6wU8XoYEVK43mc7l0ILdg,2026,0,0,0
A766OdGcuErI8HVfR5jRxg,2026,0,0,0
A83xfSiZbdZ_HO00BD7aOw,2026,0,0,0
A8OMSgdQ8bgsfMs69VKSXw,2026,0,0,0
A8zAHfKMdvXuIB6rdpSqPA,2026,0,0,0
A9i3qfGmcAvf1M8txH-4sA,2026,0,0,0
AA08rmnSkJobHaBQbAu8Qw,2026,0,0,0
AAOFzCha6Ajrk3U7dWoPXw,2026,0,0,0
AAZ8YAmVmZNUd3bBZQgZjA,2026,0,0,0
ABSEXgJun_TGei4sZCFu2w,2026,0,0,0
ABWXuKWKIC6rG1bhN3mVcg,2026,0,0,0
ABa3EkmtMp6efYWvitX_ZQ,2026,0,0,0
ABdgm5GgTtylxAueDTO7-Q,2026,0,0,0
ABkDq8WvSyJ3ZCnJnwUrNQ,2026,0,0,0
AClyJ5iIS4p1TGkrzqvjWA,2026,0,0,0
ACwBMSJzgW6vOvV7vOrk8Q,2026,0,0,0
AEtjtbOKN49JLF-833f0gQ,2026,0,0,0
AFIHkrsRwnzz-7RHeOnwUg,2026,0.079457079,0,-0.079457079
AFMkWGHPsbpq-QIZMKwUOA,2026,0,0,0
AFgaTNtpoDO13A3Zt4Vphw,2026,0.090325438,0.19519002,0.10486459
AGETVbD-mVujSAeJxpJRjQ,2026,0,0,0
AGKjd_cH9pnfMYLi86dObQ,2026,0,0,0
AGnoMbAiUawiGzq4J2krDw,2026,0,0,0
AHeguVg6XMp2ducs42H0Yw,2026,0,0,0
AIThV7psRb6R8WD4LiYPdA,2026,0.1183667,0.17839633,0.060029628
AIZ49udPqNvNh9jn-U_trA,2026,0,0,0
AJ4EB5IsGwlFK0QsnE-s1w,2026,0,0,0
AJVj9G-WZu02NXJCHKAJfA,2026,0,0,0
AJo_M_A7Pu5js7Uqr2VCrA,2026,0,0,0
AKDhsLqfQT2KcDC3su7fIg,2026,0,0,0
AKMRMIIPSHzp4KD76Z9Tgw,2026,0,0,0
AKVHToguZznjfy6QdwuqJg,2026,0,0,0
AKdVXg0pgjEPIB4gFf7QjQ,2026,0,0,0
AL8skNhqUPtyBUNYDyOxfQ,2026,0,0,0
AOnGa4LVzy5VnWUM5SkC4g,2026,0,0,0
APoTVIRt31Hwbl4RKUcs6Q,2026,0,0,0
AQNi_EgM35R8amQIPqWACg,2026,0,0,0
AQnb4AxKfk-cHM3lNs0Fdg,2026,0,0,0
ARHYoKnoKxduWA-cQb4ROQ,2026,0.61314719,0.61314719,0
ARZd8iGvQlg4h8pvwwtOuQ,2026,0,0,0
ARcG3Urri1ifsW1WGg07wQ,2026,0,0,0
ARiA1UDf3gxWZmQnBjpHIQ,2026,0,0,0
ASNNEfSajCG6IaP_h8Gg8g,2026,0,0,0
ASdksJx4PA8nVfSks_PbMA,2026,0,0,0
ATn6VdbR6EDzNbduW_XeOg,2026,0,0,0
AUUJ8j8JnVIwkZVr0drNiA,2026,0,0,0
AVI1_jDb9jP6rdX5CtAbxQ,2026,0,0,0
AVjnWX2F1VWEpkS0GMEGXQ,2026,0,0,0
AVq1gBNBeUC3YVIYhvzR2w,2026,0,0,0
AW1VRoWHj3-puz5eSXamBQ,2026,0.2529427,0.31146813,0.058525431
AWCF7ggZCIwzAZhZKhaeyw,2026,0,0,0
AWl03RK1j1vCEtp9hZ1kGw,2026,0,0,0
AX77orc7Yron8Kb8xTZLmQ,2026,0,0,0
AX_axp5U5b5NIwe2564bVQ,2026,0,0,0
AXjHVxklbeyrZwcP4oge7A,2026,0,0,0
AY42H-T8c6yQVyz03XyAWw,2026,0,0,0
AYAYoJ1HXfk62DnCDe7ueQ,2026,0.065452645,0,-0.065452645
AYNgsAGddinjkFjsP-gJRA,2026,0,0,0
AYWly0bfYinJ7sSYXxTUyQ,2026,0,0,0
AZzU4tb_sz4TxzYL-AFtWg,2026,0,0,0
A_-J57K7heme9PMO7beU_Q,2026,0.21398626,0.079841335,-0.13414493
A_2sxhgACWPI14mtEYQ9Vg,2026,0,0,0
A_fU9-rmf2gstpQ2ckNv8w,2026,0,0,0
A_yzUaKK57Bsgzqza9lJMg,2026,0.20210735,0.23463936,0.032532017
AabFLAqGWIinwWkpqPGWtQ,2026,0,0,0
Ab61j0Bv_63WN_8SahhjGg,2026,0.33916021,0.33916021,0
Ab81lJFQoOvA98E78xWapQ,2026,0,0,0
AbMjnKOwg736fcIu8apuyQ,2026,0.16104283,0.16104283,0
AbjuCvnq-nLfCkGCESqSTA,2026,0.22767025,0,-0.22767025
AbkDu46aFWbf7525yZcoJQ,2026,0,0,0
Ad7ePD7xgnUPwqgE874EvQ,2026,0.46927873,0.46927873,0
AeYnyV4_EjFK0ODdaRQKSg,2026,0,0,0
AeiwVofjT08y0OXwqo1tzw,2026,0,0,0
AejvMLwIE6MudbNVjW2ZKg,2026,0,0,0
AfjPbrYO9k4cuPb6XNPpbw,2026,0,0,0
AgEE_KMpbytEOomy10sO9Q,2026,0,0,0
AguoanY1FcNLYz8oNbREaQ,2026,0.33333333,0.63092975,0.29759642
AgyTxpKobOMpTCiPdRt3nA,2026,0,0,0
Ah25n5pXHJXcQsBijIRwkQ,2026,0,0,0
AhrwzmRufpwCjn0GqLSQTg,2026,0,0,0
Ai8m4oHSUiJ_5v-wXxgvpw,2026,0,0,0
AiAIzqK-s9C9DcNbhLlXVg,2026,0,0,0
AjPWpBnyUPmAyVahX9Da4Q,2026,0,0,0
Ak66IL6MUaV5yHqsMb06TQ,2026,0.38685281,0.28906483,-0.097787981
AkOh7K7HcLg7J1Aiq9mj3w,2026,0,0,0
AkizucTN-bC_-kOoR2Wibw,2026,0.38685281,0.61314719,0.22629439
AlJzniV2y7FBEFl802eu2A,2026,0.13090199,0.13565197,0.0047499833
AmLosoo2ScKEG6f63C4PMQ,2026,0,0,0
Amhq6xrbzTBQJNW2ObksEQ,2026,0,0,0
AnE2RCheDAYEpFa4HFgvDw,2026,0,0,0
AnYxASfj8zAJN7xPtkwNsg,2026,0,0,0
AnmnLjGURagnzk9PukE-ZQ,2026,0,0,0
Ao2E14PVc-KVWfnS8l5yAw,2026,0,0,0
AphPQv35-Hb9OkNOrPTcGg,2026,0,0,0
AqdReCje6l3p0_iGgBN1Fw,2026,0,0,0
Ar3yOMxh_G6wNaQtXLuAkA,2026,0,0,0
Ar5NtwK29Jd0acKSVoIB7A,2026,0,0,0
ArtoKVxkRyu3sdB9A7oC9g,2026,0,0,0
AsLT5jN054fLAUma_H6ACg,2026,0.61314719,0.61314719,0
At91o0uPN0VEggi4kuo_qQ,2026,0,0,0
AtmUcvCXNWnGuXMF_XAcdg,2026,0.11480929,0,-0.11480929
AvR1AntHgzxIb1SbH5AiKQ,2026,0,0,0
AwFESI0OJn7f4QFPsQX-zA,2026,0,0,0
AwUdeKvMFumMhgaOxrvPnA,2026,0,0,0
AwcK0GE25AkCTJwxFChiTA,2026,0,0,0
AxDD4GA9G1ICprgkgB8m5w,2026,0,0,0
AxUyVJ_7ymHqhirZyBuXeA,2026,0.20210735,0.18154179,-0.020565554
AxWV_6i2gC8-YBWOwtC5KA,2026,0.5,0.63092975,0.13092975
Axpt28CGI0cZEbKUht06aA,2026,0,0,0
AysPpR-P9hf94gGjFsuNlQ,2026,0,0,0
Ayt_oE5AWQD2yn59M7kUPQ,2026,0,0,0
Aznus7BHe6MF0pzPkmmxyA,2026,0,0,0
B-QFLKOklHjxrhjO5W45aQ,2026,0,0,0
B-_zky0eijF4WSlypkcAgA,2026,0,0,0
B-s-8VUnuBjGTP3d01jsyw,2026,0.27225366,0.23637641,-0.03587725
B01V2LhskzNo2hqmfy6kfA,2026,0,0.084408809,0.084408809
B1417mq1xechJ3TElfR3ag,2026,0,0,0
B1O_YZg4EXlqiPf3D7FsmA,2026,0,0,0
B2Fg-l109BV3kcz4b8d5NQ,2026,0,0,0
B37ydzQ07AutULQiY2Wikg,2026,0,0,0
B3SZr_nId2n7tEaT88Nopw,2026,0,0,0
B4N2PqYLh50DP-_5gUjYRA,2026,0.52943623,0.63668244,0.10724621
B4vrT7x8Na6YGTktZcEPEw,2026,0,0,0
B54da2u3kk1klzuAwoLb0w,2026,0,0,0
B5UUJ57SYMm4js6KtRkliQ,2026,0.59253457,0.36145638,-0.23107819
B6KQDPJLLzujyGd-8OMAtg,2026,0,0,0
B74FxYnPln4UBucLhOnNdQ,2026,0,0,0
B7cAgVnjsRor3alAhSztKw,2026,0,0,0
B7ygjO6fbs5IhW2ykL_MQQ,2026,0,0,0
B8AdOTARQ54qaDzyGu7Vrw,2026,0,0,0
B8REbpM6KwNizD-TW1zQFw,2026,0.10780369,0.056334254,-0.051469437
B9J6L6fVSrJ3cT8lif3hkA,2026,0.20210735,0,-0.20210735
BAXqpS21alyoX4-Z5611Hg,2026,0,0,0
BB0rPiN761dfQB5Y3w8CFg,2026,0,0,0
BBS9DBqPOi-gCOouggS0rA,2026,0.15000679,0,-0.15000679
BBdCd5DuubtuGMe4LuXwDA,2026,0,0,0
BCFpiNxyFn9L9BrKansXVg,2026,0,0,0
BDjiEmXljD2ZHT61Iv9rrQ,2026,0.1208113,0.1695801,0.0487688
BDlAO00M554oDHRNKWHFFA,2026,0,0,0
BE0bKoeFqYfgiDLgBV33Xg,2026,0,0,0
BELswGCIRqf9o9N1LOFRxQ,2026,0,0,0
BEWPPK1-p3elceClRyV9wA,2026,0,0,0
BEupv5x8ao_68rtjzrRzWw,2026,0,0,0
BFbIK3UcbXp96WFJ3m_Y8g,2026,0,0,0
BFuqLRBv-bzHJSlYhdpfTg,2026,0,0,0
BGfEiarFYeBAxgM7pyEvEw,2026,0,0,0
BH0oRNG_gQ2_uHkNXu1BHw,2026,0,0,0
BH6dp32pQ8JxMPxlejjsSA,2026,0,0,0
BHlZOcC61DJS-EmWtkvOLw,2026,0,0,0
BHmMszxIdaIEYQ71m4UXwg,2026,0,0,0
BIx7KvwQTURTzeXEwPHp_Q,2026,0.23540891,0.25595802,0.020549111
BJ-jHrgoZR7F_0mUPto3hg,2026,0,0,0
BJLjesMkFY2XDlaRkLH36Q,2026,0,0,0
BJYnLAu8SkwfiDogbADBtA,2026,0,0,0
BJureREVKk4MNPCnFrPxTQ,2026,0,0,0
BK0Zg93npPJ7mcqlRmdi9g,2026,0,0,0
BKUmOSlaAOYHohT_HBncdg,2026,1,1,0
BL4CtLBNErNzoy13gRiT7Q,2026,0,0,0
BM2NqcZTj8XltGZlCSzvQQ,2026,0,0,0
BMAsyncHD0mTSU2jJigoIQ,2026,0,0,0
BML5RkKRXsiY__8SRwDcWw,2026,0,0,0
BNkL1_BZ8UFkyY1q07kHVw,2026,0.61314719,0.61314719,0
BO_cmf5p3qwWgcd6lGTVoQ,2026,0,0,0
BP02OqyHYodVK3Nth9tv2Q,2026,0.61314719,0.3065736,-0.3065736
BPZEAoU0sB6CFGusTErUuA,2026,0,0,0
BPctreQAlxlXTCNdRfdG-w,2026,0,0,0
BPf1JQ1JlrkVW4uis0aXbA,2026,0,0,0
BQ94bQ9BcVnD9upWlXCaGw,2026,0,0,0
BQLc7jSHfPXDvleNFJ6lyg,2026,0,0.15522584,0.15522584
BQPp3IQXklH4QrI4II6XPA,2026,0,0,0
BQjmdob7uXn1AOvzdx8_xA,2026,0,0,0
BScXvB499S8f5i-K4p6iGA,2026,0.14804096,0.23463936,0.086598408
BStKKB0kgsvOiMeej6AmfQ,2026,0.23463936,0.23463936,0
BTHXLOCKyo1z8ZrWq8-9_g,2026,0,0,0
BUOmBr8n-zMFZm6w7_CoPA,2026,0,0,0
BVHRqwYg2PwIaJ5Wtqy6YQ,2026,0.12124279,0.13886244,0.017619658
BVNphP5w7k93vcVICwjHAA,2026,0,0,0
BWTFnSwED8a_9yUkp2UP6A,2026,0,0,0
BWe0ChKOmhdGiDANJSnR5Q,2026,0,0,0
BWp0P1se36xSwhvqJ5qdaQ,2026,0,0,0
BYW8Orfkus24ur_a10zh_g,2026,0,0,0
BYsmhaj1NGPuhvtInL6Kbw,2026,0,0,0
BZrHkFYnNRZdd8WnIut8NA,2026,0.093618003,0.091898943,-0.0017190593
B_FlSfVInI0LLlrCUZ7nBA,2026,0.077453516,0.30260241,0.2251489
BaVAIYKYSSEMT5_sXRiwLg,2026,0,0,0
Bd6Czq00id91bbsErkDQUQ,2026,0.46927873,0.46927873,0
Be-BGT6IjrQybJ-ZuAFYZg,2026,0,0,0
Be2XaQ-tXTa0w6b51N0nfA,2026,0,0,0
BeV7f-3nhben18dYf2q_Nw,2026,0,0,0
BehuW6rGBjox4uLoKa0JGQ,2026,0,0,0
Ber5AYbJj0IkWa2M_RXFiw,2026,0,0.23719771,0.23719771
BfHko-hY36jb6xDg0Q1xNQ,2026,0,0,0
BfOHNnOS0oXEoFrB-ceXbA,2026,0,0,0
Bg3vcjxtqwSrRwJeUS7How,2026,0,0,0
BgRhdl9PNVTkM7AKEgyv7w,2026,0.087471714,0.072567831,-0.014903883
Bh_1zKZkO7LBDVwfTUeaHg,2026,0,0,0
BiBJBaR_OJ7eTFZ81sin-g,2026,0.26406812,0.16104283,-0.1030253
BiS95AGMiOXXGVH0WCOM3g,2026,0.61314719,0.61314719,0
Bijmn9PbrmSRQb9uG0L-8g,2026,0,0,0
BiuxzKOdy9S-xS8O0HNb2w,2026,0.35620719,0,-0.35620719
Bj4_8txrVca6Bj8dAsQotg,2026,1,0.63092975,-0.36907025
BjuyUyTG5B1AXHEjHnJO6w,2026,0,0,0
Bk1V7YDzYjX31uNR1WQgzg,2026,0,0,0
Bk3FIBR8ujP97RNT2E856g,2026,0,0,0
BkFbm8cUuwHi9FgqvYu1ag,2026,0,0,0
Bm6NRZ1OwQ134jGItrUScw,2026,0,0,0
BmC24kvEEF1ur9EeOKftmA,2026,0,0,0
BmLTfevuQBVqgvQRj3XX2w,2026,0,0,0
BmMg6XhsYfQXBGj8p9TNZw,2026,0,0,0
BmP0A6ycAeP5G6ymX4Nstg,2026,0.10122861,0.23504555,0.13381694
BmQHfqGpHevjT031lcySmw,2026,0.19092087,0.15130121,-0.039619659
BmRgnDrHFAQGcClwJbldrg,2026,0,0.19635794,0.19635794
BmVwbsL8l0imz4slonyMaA,2026,0.26830685,0.38649444,0.11818758
BmykAn13YBce1Q1neCzQOw,2026,0,0,0
BnJRHXyU5rsAdLrtcg-GMw,2026,0,0,0
BpMk_tF0QgBzmotxPOSvYQ,2026,0,0,0
BpRu2Mn9fVUBquvwbrf6vA,2026,0,0,0
Bq-BIdYrWloJXq6v6v_iiA,2026,0,0,0
BrDZXyKs-uOdZkUoDOL2WQ,2026,0,0,0
Bs1Itn0D9enDJE7UjYndUg,2026,0.13012668,0,-0.13012668
BsMKUneO8WI0NIuXTnLVaQ,2026,0.13090199,0,-0.13090199
BsxrsruqwPXLe0CaiieVlw,2026,0,0,0
BtdqTErMCjvrQxKmBlJ7Uw,2026,0.032338291,0.25056003,0.21822174
Bu71U6VCJCrdzsI5v_LYNA,2026,0,0,0
BuF11Bi1PackHGDsyt7-tA,2026,0,0,0
ButtLhHofib1DRGOdZHSaA,2026,0,0,0
BuzfrbiSKrnFa4jeuPTp-w,2026,0,0,0
BvSZkqWMoxEvg5J1oayRHw,2026,0,0,0
BvdiRH2Wbo2Z3GJxSDPMzA,2026,0,0,0
Bw0KLA0sGREFzO6FxwMxSA,2026,0,0,0
BwCg_kBz1e9xIzg2uffwKA,2026,0,0,0
Bwxu_PcjcbQZeHz1EOEyGA,2026,0,0,0
BxFYSg6R9GSoq89QI6Lz2g,2026,0,0.1175161,0.1175161
ByayWWjOY_UMJF7KmNKYgg,2026,0,0.11047239,0.11047239
Bzq1tZI3SMsewc2FerFcOA,2026,0,0,0
BzwcC4o9y5bdzhQpv_zQxA,2026,0,0,0
BzzYT7F3LdDVQ02MqxtwGg,2026,0,0,0
C-Px0UC-zUS0JKd_Cohihg,2026,0,0.099920907,0.099920907
C0QTlODGdqSLCoj_qAkyFg,2026,0,0,0
C0T8uITk-AUSc5m8WDFwvQ,2026,0,0,0
C1DFrjzocuAF8gouF2InPQ,2026,0,0,0
C1MZ_yJ3Zx6UT-bsUc5DvQ,2026,0.10893649,0.15958908,0.050652585
C1ScysWlQhX6C8bv2553cQ,2026,0.16812754,0.10889376,-0.059233775
C1WS_Wrv9E8CHJLEhkvBrA,2026,0.15484272,0.059544967,-0.095297756
C21XWX1G3eKlPxp_n543Vg,2026,0,0,0
C2Co7YaitBRyFWIwnOhyRw,2026,0.11480929,0,-0.11480929
C2VcjWlbYZSWRksw55yrMA,2026,0,0,0
C2mSPRm_ySJNWpTqsmajsg,2026,0,0,0
C2nzoqU60AcRPHpCBsEScQ,2026,0,0,0
C3A9_p5GJT9UKCKbgfvSig,2026,0.041952293,0.044552575,0.0026002819
C3AiKqWVX8n0PWZdEDydvg,2026,0,0,0
C4NEMmbCzbUDuQRCFoP4dw,2026,0,0,0
C5Avkksj5Iom9saQyoEM8w,2026,0,0,0
C5X97iVyS3G2vKKESTBXRA,2026,0,0,0
C6QNvmazQFNrzroFERtJ5Q,2026,0,0,0
C6d0mWOcpzHg1WQjPAUR6Q,2026,0,0,0
C76QKXBMh2zDJvCK0Ib6xA,2026,0.60131243,0.31556644,-0.285746
C7d9s1Oo2wtPkMh6JvQDoA,2026,0.12315119,0,-0.12315119
C83-URDhIDAK3c92sjrk3A,2026,0,0,0
C8_wb_4T6kf5qSN4aofvQA,2026,0,0,0
C8bOY9xt_yTIE8Q_3ZlvMg,2026,0,0,0
C8oun7Z2aD5eLY6YSaX5bA,2026,0,0,0
C9CXkNBsTgBTVo3X4s-Vvg,2026,0,0,0
CA0NLRll91Ln3NUG_6mSMw,2026,0,0,0
CARjUe-yXf2-VwqBAEkBbg,2026,1,1,0
CAU7F-vDqbQZ67BBYsa-aA,2026,0,0,0
CApmzzR3_Eb9E6kLbG4W9g,2026,0,0,0
CBSv-uTf6lwwiXQRoKcagg,2026,0,0,0
CBiv37MIzYIxzxhSR7K52A,2026,0,0,0
CBk0IqxCDcJLJPQmRMjNqw,2026,0,0,0
CC7fN8QYEhpbCnBmZ5ZVSQ,2026,0,0,0
CClAZsdMgefsvDCMyHJwtQ,2026,0,0,0
CCt80lvZkXwMlMS6UPtHag,2026,0,0,0
CDxlgCoUoNRV3VMkYZrUuQ,2026,0,0,0
CE0YzIGs6rWXQtGycNsdSg,2026,0,0,0
CEk2MAF0IHKqUjoDu4cPxw,2026,0,0,0
CFymjewCpimuooUEAh1a9A,2026,0.15642624,0,-0.15642624
CG3IZjLiR1nlYEwyVW9onw,2026,0.61314719,0.61314719,0
CH9XhZWmcLYVAlzhwrhMvw,2026,0,0,0
CHLllTUN_ipEqkrQ_P4T-w,2026,0,0,0
CIFrgKgUrr6xyigd1AHeUw,2026,1,1,0
CIVdUWy8KevSfFqgDcoRpg,2026,0,0,0
CIhr-8qDcj_ZoBhc-5IZJQ,2026,0.041058779,0.071106461,0.030047681
CJ6oD9vl_S-yC_6qdi8MBw,2026,0,0,0
CJDPYGOwZD--9JhcJu3mkw,2026,0,0,0
CJXkxjoV4VbJ3fagz2ZnqQ,2026,0,0,0
CJgDrcOuzxWXrSsW-d3Mwg,2026,0,0,0
CJmtS1Uk1KSsY2MWol_E7g,2026,0,0,0
CKOtljSr9aIhnhdTKc9HTw,2026,0,0,0
CKQSfz3HTsKQh1WBdG1tZg,2026,0,0,0
CKibseGOBqI7MZ2jgVu-IQ,2026,0,0,0
CKwNkOqBSYEo9qGJBWQFMw,2026,0,0,0
CKzYmFIBbIoKyTMWvYXVSQ,2026,0,0,0
CMZDABnxD44sGlCPekFu3w,2026,0,0,0
CNKsAIfUVpUr8Czj68B6GA,2026,0,0,0
CO8ADG6kq5MHfsYpNPIgDQ,2026,0.20210735,0.18154179,-0.020565554
CODgYXSz2uvXWqbUZqrZuA,2026,0,0,0
CONgXa5bkxl2wHzw1WEE4A,2026,0,0,0
COOpdKg0XHGmfYJFVrCA8g,2026,0,0,0
CPhJG30XcEXjwZWdXqbr1Q,2026,0.61314719,0.61314719,0
CPivNJkWGNZQo2zBXrfXqQ,2026,0.54936405,0.30260241,-0.24676164
CQ3TbAKsZ7JSxe0hrBmtyQ,2026,0,0,0
CQB1SSbqjAhtHfT7LHBDtQ,2026,0,0,0
CQpm4LncaznEyQ1Lm-XRUQ,2026,1,1,0
CSBRNusUV3D8t192J-W1yA,2026,0.082746021,0.079457079,-0.0032889419
CSCKshBCf6-MBGUCFpEGAQ,2026,0.10253314,0,-0.10253314
CSIxwyaUcd6gtJJh5nmWZg,2026,0,0,0
CSpFoX08OzIF1N6Oi1mn6w,2026,0,0.21840744,0.21840744
CU2TvJOJPrnLGnfAgnurPA,2026,0,0,0
CUEQcR2MeuJJb28Zdr3gdg,2026,0.61314719,0.61314719,0
CUox_taA7jZyEoRKC-cS9g,2026,0,0,0
CUyhM4eGDHqZpFgmJQ4r5w,2026,0,0,0
CV-RYPe8qFNC968xOLUtFA,2026,0,0,0
CVOAz3qC2rpMZxsM5Ewu-g,2026,0.33916021,0.33916021,0
CVuO0r7kI4-yxKCoH_BMJw,2026,0,0,0
CWAPMrQyiI38Jh7LuDUIIg,2026,1,1,0
CX49uAjwIR-hgQQ4QRgx7A,2026,0,0,0
CY9e51PbgueJXzFE15vaqA,2026,0,0,0
CYyd1nzhxyIn1Hqgp_0gXA,2026,0,0,0
CZb3F9PjQGxeHjx73vqi9A,2026,0,0,0
C_NhELLArGqZxK1UZs9rig,2026,0.1418689,0,-0.1418689
C_rnHUc5Gzz-OC2a7mEDfg,2026,0,0,0
CaFM8dX1a-JM7_2FuAyYhw,2026,0,0,0
CaL1p500D0YTOTJmLArDDg,2026,0.68435155,0.72272657,0.038375025
CaWFlnYd18fC4P1DcnPyrA,2026,0,0,0
Cak8JJfLXMwyPyXBnOz-GQ,2026,0,0,0
CaoImVzU4uMREOlT0HiEsg,2026,0,0,0
CbCdXcbgD9axf1tQ2OdpWw,2026,0,0,0
CbQc9IQK0hU6WegjXSggXQ,2026,0,0,0
CbxaIPdalKUef_JIuV9Jlw,2026,0,0,0
CcqpZkc5ngs88akzQ0rFHg,2026,0,0,0
CcvT6h-y2XZ0Awpb7l8w5g,2026,0,0,0
Cd9eQz1MwDVKGBNvNbbeIA,2026,0,0,0
CdLXjpRWqUw8_s5elG_aZg,2026,0,0,0
Cda5E4JqNDUoBj47ANp-Xw,2026,1,0.63092975,-0.36907025
CeSDckgUNxYs7IrG12zbcQ,2026,0,0,0
CecKHTm2VDXtlBg_u3EWXA,2026,0,0,0
Cg2dYxOEnEezhkq-h5w5JA,2026,0,0,0
CgnQrp0OBegXKGnYu-zG5w,2026,0,0,0
CgrUAYPNl8MDhWvLTqU-Uw,2026,0,0,0
Ch759-9JBBu-UafQ2-abYQ,2026,0,0,0
ChnIjYF4wA7iRd8nJfj1Mw,2026,0,0,0
Chu6bxP07skjdpdNgj7zsw,2026,0.46927873,0.46927873,0
CjIpmIHt8Ue14czGQo98cQ,2026,0,0,0
CjJhEzdWQNEKa7grwPRQyg,2026,0.057807,0.085143118,0.027336118
ClTwCETIbt9cAVqZB9Ng6g,2026,0,0,0
Cm0QxNfVHNu_zzdIyHNi6g,2026,0.27487633,0.37278926,0.097912925
CmLK8cjvcUIKyNVMp8ZyDA,2026,0,0,0
CmNi_9VDTOzompGyYcHChA,2026,0,0,0
CmOLGYohF5ToSNi8v7O9kA,2026,0,0,0
CmR9s-2zH20UkmUt5Qwqnw,2026,0.15194751,0.15194751,0
CmjQyDQImnlhXROkVOrhPw,2026,0,0,0
Cn55H9B2R6CENLUe5GGg3Q,2026,0,0,0
CnCtn4EWLeLuv6RBdFfQgw,2026,0,0,0
CniA0uvjsZTbie2w3ZsMoQ,2026,0,0,0
Co_4d9b_ESHOnoOgEBCn6w,2026,0,0,0
CoxJfsyjWNHV1i1-Lu5nRQ,2026,0,0,0
Cp4pUzlmrKWUZ_ZYjH-OhA,2026,0,0,0
CpaAjr6_e7fDC4A05PYMXA,2026,0,0,0
CpspqvN_1uKnnfCxPkluKg,2026,0,0,0
CqDTNw9rP9rA2SM1656GoQ,2026,0,0,0
CquB5xzRJb9Fo3yPI-0w7w,2026,0,0,0
CrzKKrfSjNteud9kJ_5KNA,2026,0,0,0
Cs9vrBCHnjXODulXdVBajw,2026,0,0.20210735,0.20210735
CsmRSnIOh-tG-k7Mh3_EVA,2026,0,0,0
Ct72fpuF9_e4hmXCnjPC2g,2026,0,0,0
Cu0Ytr4AnQPr19RaDc7QtA,2026,0,0,0
CuLJYxPdFFVQtyb0Gktsng,2026,0,0,0
CvbJpYZDTOB4-w6jKmW5uQ,2026,0.30260241,0.30260241,0
CwQgvNdd-rmhPdCK3d_xxA,2026,0,0,0
CwieciEGuXm0Zq0Qr-5E1Q,2026,0,0,0
CwtSfxxOupTW4wFR0dLnew,2026,0,0,0
Cx8SyXD23b24W34fEfU5ug,2026,0,0,0
CxRD5BdNXKgTjx_SkhAXPQ,2026,0,0,0
Cyyak91WYSrVGR9AfAJLXw,2026,0,0,0
CzhKoVMsRK-zylwUuaAjRQ,2026,0,0,0
CzqjSTIxzl_R1WRzl9-1sQ,2026,0,0,0
D0faGVJFyGg9BiQmjp2EUA,2026,0.14204004,0.14204004,0
D1d3adfKGREx_Z2PNCTl_A,2026,0,0,0
D1uwgZgwVkNKh47MGpmGXQ,2026,0,0,0
D2VBAKQjN2L5P7RxflQFMw,2026,0,0,0
D4tNjr9WI69U8rDfp2J-3Q,2026,0.12325584,0,-0.12325584
D5VHN977GB-Wk1esSU9VaA,2026,0,0,0
D5m8sGSEfkQctw1qkrgflw,2026,0,0,0
D674BOyt2VnfT9-yy7audQ,2026,0,0,0
D6BU7ZjS1gYhhPGHSr3C9Q,2026,0,0,0
D6NDCD312wn4j_WiTcy5YA,2026,0,0.18672776,0.18672776
D6sbowQ7tuKCv8zgMqm_wA,2026,0,0,0
D7xBr5tzSiIOJdQjoGpMBw,2026,0,0,0
D8EJzaEhVammXsmGEo8dVA,2026,0,0,0
D8mL8qwZsH7rbLkbNcc9bw,2026,0,0.077216688,0.077216688
D9aw3G-9sU7LbPv7I46ipQ,2026,0,0,0
DACWsCv1CBML1BMinPW3Tg,2026,0,0,0
DCJsA-mN7H_dnCjfn3ogNA,2026,0,0,0
DCaOlH2Fl31ImyGLb67F-g,2026,1,1,0
DCazhgGbSkuHfSWMfi79tQ,2026,0.48247556,0.53389315,0.051417589
DDBhlESrtaBVIB0l8ZgtiA,2026,0,0,0
DDF7rECL7bRKhtGG8c6Gtg,2026,0,0.30103,0.30103
DDItoaNRmJJYrhJGz4ZJ3w,2026,0.23165733,0.23165733,0
DEiAhP-xb4i-71foPKSqxQ,2026,0,0,0
DFCA1ITDqu8Nw-2bNKhaAA,2026,0,0,0
DGAyRqiCKsER6akI5U7yQQ,2026,0,0,0
DH4MN9fymsXFHf4pnSDK9A,2026,0,0,0
DHYEqVO4IA2PsS8EJqZDlg,2026,0,0,0
DI1XBdIshz0j50oRJ0HvOg,2026,0,0,0
DJIAJO8vJ5t_rNXoUE8HEQ,2026,0,0,0
DJdp0ia1lZISFZh182E_Rw,2026,0,0,0
DK35CUWSp13IreVzIoKK2g,2026,0,0,0
DMx9EJox_ZlUHgrQE5JvGw,2026,0,0,0
DMykhB-sUeUrcmQbp6zFCA,2026,0,0,0
DN1WN26wt4o6aJre0-dXqw,2026,0,0,0
DNCDgtsmHyELnXA2pe7IeQ,2026,0,0,0
DNHhecxtX3mTM0ewUBifHQ,2026,0.14704034,0,-0.14704034
DNzgJRdL6kXyQcXABaPEvA,2026,0,0,0
DO7IB9G2U4BPllAVsjgzzw,2026,0,0,0
DP7ddvk4zqxdbYeHU2Qa0g,2026,0.17723929,0.26406812,0.086828836
DPL27Iz4US_cd9ENYAlOnA,2026,0,0,0
DPcJ_uf07HgSP-f-noeV_g,2026,0,0,0
DR5pTKJzhr85X9s8mi6zdw,2026,0,0,0
DRu6KBy6PfXMG81mFECDZQ,2026,0,0,0
DTKlhU4GUpOIQK7IjCJc3Q,2026,0,0,0
DTKuc_AfULkcXXkcFraYiw,2026,0.063518275,0.067943401,0.0044251254
DTNAb-1gJ6e2nyqCc3fdcQ,2026,0,0,0
DTvYk_Gx9mJgB9fn555ppg,2026,0,0,0
DUUpi-6_Kd7ALUxW401a6A,2026,0,0,0
DUnF8qWYGaaY0GeJ7jqu4Q,2026,0.39038005,0.24630239,-0.14407766
DVXfHbs-Dj5vfsiyYoHxXw,2026,0,0,0
DXSWuKH_hKJi3NYHK5eGdw,2026,0,0,0
DYsCA0Nv4uXtAfkaIxWqZg,2026,0,0,0
DZwGkNgapOH9acyhkRy_DQ,2026,0,0,0
D_nT2XwT1TjucgXaGjD71A,2026,0,0,0
DatQq18eHSUsK3XNdIZ70g,2026,0,0,0
DbiZXAui0L2LGHB5E0blrw,2026,0,0,0
Dc7jv17Gkm6YunWbKYaQ0A,2026,0,0.038384638,0.038384638
DcTUXOiNHm0u0GO5k9inkw,2026,0,0,0
Ddd0ZKIFQd_NYqclMXYFKw,2026,0.30848396,0.56213611,0.25365216
De9L1xCtbO-HL33URZW62A,2026,0.1208113,0.1208113,0
DeXKbQYNx52OlOizobOLJw,2026,0,0,0
DfbWVoNDJJ9n69VrjfyS9g,2026,0,0,0
DgC8Z8VmSAlWZpsc_XjbqQ,2026,0.31279252,0.36957744,0.056784915
Dh1P-XNtdpc2RQmO3LLZ4Q,2026,0.2043824,0,-0.2043824
DhUEuSrGJfONLDixnP3YkQ,2026,0.55314647,0.36005461,-0.19309186
DhWUaa1UBzaxNAfEQeVlyA,2026,0,0,0
Dhdom-xgrFj1JNvuURnrJw,2026,0,0,0
DiZyLkHNsUp0Fm0WJ3YMxQ,2026,0,0,0
DjWTA9NjPrK4y7tfMYSlnA,2026,0,0,0
Djaa6J18tf-9lA9vV8md3w,2026,0,0,0
DkZ0SMwANgwYQRFH-iAVJg,2026,0,0,0
Dl8xoQTwMgDG1DZbEHS97w,2026,0,0,0
DlFbNJyOovNZm319yKJqSA,2026,0.14606835,0,-0.14606835
DmfT2HBhi7iJS2zjuP7LHw,2026,0.20736123,0,-0.20736123
DmlRFoBlJKNYOk9y0TkaWA,2026,0,0,0
DmneDtySqrp6NaXvDbRwQA,2026,0,0,0
DmpTAM6YIkilbceoHD2L5g,2026,0,0,0
DmzgVCLy077BOamdTtweDQ,2026,0.33916021,0.21398626,-0.12517394
Dn9WngLhC-utqIS07IlP2A,2026,0.11284514,0.16812754,0.055282395
DnCHYugBDpiineW38-YJGQ,2026,0,0,0
DoqpE5_OlVNUNm_S25ghDQ,2026,0,0.10764243,0.10764243
DowW9N5tYnjkyozysg4VzQ,2026,0.46927873,0.46927873,0
DpHiRe0HUhS0xhnkZlzreQ,2026,0,0,0
DpIRb-cy71vc8aMXwzERkA,2026,0,0,0
DpfsPx-I_bie2LwyXRSNiA,2026,0,0,0
DpgFEf3Rcc9B-9Pe9oJWZw,2026,0,0,0
DpnA0io_soKcFzS3cWcVbA,2026,0,0,0
Dq5tBQ4w_7drxSTj05A0BA,2026,0.52872171,0.38685281,-0.1418689
DqkSHfAfJCwXaOQYiSiwHA,2026,0,0,0
Dr1ShQHZw5F8JV4HTC_xrA,2026,0.55314647,0.48522856,-0.067917915
DrN3RPS51NntP_vgmJuA1w,2026,0,0,0
DrvVmk4AmCKAA_5KayCI9A,2026,0,0,0
Ds4kNgSK0bNLJ2fbfZ2sfg,2026,0,0,0
DsjDg8brU1zpN3U4PszJFg,2026,0,0,0
Dtg1yoASCsJf_txJsqVGhA,2026,0,0,0
DuEyHLAXsoPOuGIwsa0YxQ,2026,0,0,0
DuaisxE1cLH9a8TAasTcuQ,2026,0,0,0
DujXxxlIKTGEPso-C-Rq5A,2026,0.17547753,0.2150986,0.039621067
DuvGYvbFjTHy2GMENu8c7Q,2026,0,0,0
DvQoy2JA0TrPblhVuE2P8g,2026,0.11253889,0.14126697,0.028728084
Dw5mjNy248aLYNPX_hkw6Q,2026,0,0,0
DwjsG4rMBk9GVcV1UJi8vQ,2026,0,0,0
DwshcLeRbQzyo-RP1WK5XA,2026,0,0,0
DxGDGcFCSXozXh2SNmNfeg,2026,0.44830399,0.34212498,-0.10617901
DxUMVLN9RqR7p8D1beJ3gg,2026,0,0,0
DxeFyM9rEffHk2B-sndyFQ,2026,0,0,0
DxqOAmfXxRbQpAQOnqP7kw,2026,0,0,0
Dy9KULFYbZbDj2yrtaa-4Q,2026,0,0,0
Dy9erB-Jm6m4cFqUabRThQ,2026,0,0,0
E-XZffO6FsZM9N8AOOOHhA,2026,0,0,0
E-zqtA9gohM22Tn-Ifgq4A,2026,0,0,0
E08kDfOTSQrW2MCpa-ydKw,2026,0,0,0
E2LFJxs4mbSexaV_Hf2RgA,2026,0,0,0
E2m-oovy7vUk0tz8Gb6oxw,2026,0,0,0
E4QGS3LSVxDVA0n5bxvp-Q,2026,0,0,0
E5jpL1omqpi__votNP9zlQ,2026,0,0,0
E6ClR7NB5cUP9SwxbU68bQ,2026,0,0,0
E6NZo2tXGS7o2T1WqqO6vA,2026,0,0,0
E6pWpRh_McNg3KLwaXDkXg,2026,0,0,0
E7dbGtwtIDtJq5iMlmGaBA,2026,0,0,0
E7w2XD6yeC2AN-HuMDi1Fw,2026,0,0,0
E8BQ4pF-KIqaH5R5c6rQpg,2026,0,0,0
E8Brau7LHw454accaAHnnQ,2026,0.03730675,0.041058779,0.003752029
E8K6Rt2-m9kHDqHnoo32eg,2026,0,0,0
E8Qc_uuCzXgTqctDlye9PQ,2026,0.1532868,0.1532868,0
E8ZPjNX63kfAuUL-U3s5Gg,2026,0,0,0
E9FAS-cM4DekfXD7-ef5Gw,2026,0,0,0
E9ie-fl14jUToKby8eVd4A,2026,0.43067656,0.63092975,0.2002532
EALlxgEoNryRq6oAKX462g,2026,0,0,0
EB3P2uHK7KDViE82UbS2bg,2026,0,0,0
EBRsiSFbiqEfxHiJ8blJMQ,2026,0,0,0
EBozJrcKS2uiGXkIc-dUsg,2026,0,0,0
ECJED_CiTFIkiGo_F2dCtQ,2026,0,0.26406812,0.26406812
ECKzQ2DB72e9bfpuxrfGmw,2026,0,0,0
EDP-WIrKO3JP6PKu5hrMEg,2026,0,0,0
EDme-VW0ivgMMThQARlM8g,2026,0,0,0
EEMdoht5cQR6hfZr1KGrPA,2026,0,0,0
EFHtUpOjSQoLRRLfwwm5oA,2026,0,0,0
EGUI2CjMMKldpVffhKJJRA,2026,0,0,0
EGh0HRlN8dyjrAIoEdjqpg,2026,0.077216688,0,-0.077216688
EGoATgGnBGBfRKUtmfRMPw,2026,0,0,0
EHMtuuWB0BNJCYmXM2Y81w,2026,0.15130121,0,-0.15130121
EHm_r2QH5bg_Ddx2_DENAw,2026,0,0,0
EI8AJSf4bd-8ITSEihJLvA,2026,0,0.1068408,0.1068408
EIPN7GwMqVO9IJV1TKPTRA,2026,0,0,0
EIWElrScZkZskWoNUOcbaA,2026,0,0,0
EIeQKGMa4bIWpHFKWpbA7Q,2026,0,0,0
EIq5Ks5GYc2t0xnYoS_RNw,2026,0,0,0
EJbvvP-1Tx3Ie2WEN0R2bg,2026,0,0,0
EJzRtdXROAfTyuF5jITFjA,2026,0,0,0
EK-zY1eg7MkohcGeYhD5Uw,2026,0,0,0
EKE59c8eXD9wDGBsBKLEQQ,2026,1,1,0
EKab8pTUJAx3HozPC3ku_A,2026,0.61314719,0.61314719,0
EKwetWM3vcmvgekGB7XWlw,2026,0,0,0
ELybhSHRPouj9lJnXsEVnA,2026,0,0,0
ENZbh_u6v1vT_zTUW3vZGw,2026,0,0,0
EOAwEkoU9hbI8EhRuTGWCw,2026,0,0,0
EOajY1L3ole3gLTCZ2xw1g,2026,0,0.1161219,0.1161219
EOs8FZEHJ-aI_GaYM25pNQ,2026,0.082920241,0,-0.082920241
EP0V5j0lW-OOTmPKKBBtrA,2026,0,0,0
EPSzhOEb3ZfZ_XkgSD4j1g,2026,0,0,0
EQQuSmsN_OSaiMg8rCCXgA,2026,0,0.071235305,0.071235305
ER9f_TJgt6osxnvKBUgT1Q,2026,0,0,0
ERh66eWeg5pQkA-vWpmx0Q,2026,0,0,0
ESDPrVZqf4gyFw7Tzmmf8g,2026,0.30803517,0.49030096,0.18226579
ET2j1IOqD6L8g5UmrOzoQw,2026,0,0,0
ET8n-r7glWYqZhuR6GcdNw,2026,0.89844045,0.79830998,-0.10013047
ETD4yYfJAXbfZuIK-3xLyA,2026,0.04734668,0.10984678,0.062500096
ETLyhZGsqp_ZatdUJRaZuA,2026,0,0,0
ETyduRMWNWg7cjoZaRxmaQ,2026,0,0,0
ETyu4_RFoZNYGYFXk0KuFg,2026,0,0,0
EUWeptsNimw_-0EwVLN4VA,2026,0,0,0
EUcScagKSsv7LQWkBh8rUA,2026,0,0.090325438,0.090325438
EVVVBxIm05vptKQmgDwWvw,2026,0,0.084790051,0.084790051
EWoXqsctLJUPFUoASCSsnQ,2026,0,0,0
EWpNkukzCsgyeiFjlQz9Ag,2026,0,0,0
EWqL48JnT7YWP5YNfWjKrg,2026,0,0,0
EXNv7kV34cYYnUzU3Z7kHA,2026,0,0,0
EY1zLv0P5D1eq7tkurbb-A,2026,0,0,0
E_o1YiQGl2VsSCAOaNnzGQ,2026,0,0,0
EaFtAJBslgwPWtjScGupCQ,2026,0,0,0
EbUH3xjipxO3Se-A38W9Gg,2026,0,0,0
Ebk0VVZ54mPMrPB3lG0KjQ,2026,0,0,0
EbzIOck2feoZrGxRjyPDyw,2026,0.041389435,0,-0.041389435
EcALn2zLCFa5CcLJU41FiA,2026,0.30260241,0.095460433,-0.20714198
EcaLd3kiRE6Jo6vLMLOIcg,2026,0,0,0
EfdJfCzZrvUI9v-bI0gv2w,2026,0,0,0
EfxPI4afdlW9gQYkTQD0-Q,2026,0,0,0
EhKOESkFLOxE72WLLHWnvw,2026,0,0,0
EiAOjMQ1MMcT29wu-Gbw9g,2026,0,0,0
Ej9tb35go4kmndTcwRiKVg,2026,0,0,0
Ekw7wuUTX36BtcPP6XnA-Q,2026,0.15998597,0.10778915,-0.052196815
Ekw9VVJimJRDtV6J5xiZWg,2026,0,0,0
El6F5GpEWfhVQmWIEwfymQ,2026,0,0,0
Elkw8CZONcZa1H5jO17qkQ,2026,0,0,0
EmWaamu71BkDoy9pRHxC1Q,2026,0,0,0
Emn1XNOGdtonUfpEBHJn5A,2026,0,0,0
EnOkfA5dkk7I-w9RsIExlA,2026,0,0,0
EnXSXmJYc7Hzka2tO8iNew,2026,0,0,0
EoBlVpAMPY8Qu31VgblQoA,2026,0.39038005,0.24630239,-0.14407766
EoW-9Ert43aVfVMkuQ9DoA,2026,0,0,0
EpHgw2vPHBV8cvLwDU_l5g,2026,0,0,0
EpkCj-k8O40iswbl73VNog,2026,0,0,0
Epp3SHBja2SisxGbEJE-WQ,2026,1,1,0
Eq4z0BzNPB_BvE1UP74ALw,2026,0,0,0
EqF-lnxQscooBJtI4i2OnA,2026,0.33333333,0,-0.33333333
EqJhoyBc5wlHrTWBlUYb7Q,2026,0,0,0
EqgK3T7NEXy2Uly8YXwz5A,2026,0,0,0
EtS8h4RHupbgMscLIhQf1Q,2026,0,0,0
EtxF7UTajZHmhG1JKV9Vbw,2026,0,0,0
EuICdCgCIjGRo-EKsqXzkA,2026,0,0.25595802,0.25595802
EuMFWgEnd8HuQGxuUE8zpA,2026,0.065452645,0,-0.065452645
EuopqHg-cCgb0MjbIRCWJQ,2026,0,0,0
Ev53vF0nolKYdS5xfEYACA,2026,0,0,0
EvVbekEpWXAeMNt3mQlAjg,2026,0,0.19092087,0.19092087
Ew-NHxDqARuYL_3uxubWtw,2026,0,0,0
ExhcUTTcj_MBhZdFQT9KYg,2026,0,0,0
EyfG09xu4E0FBrzQwvWX2w,2026,0,0,0
Eypq5gLLjCapBVVnMw_MyA,2026,0.24630239,0.24630239,0
EyyTOEYTLIwwwmpfvv4uQw,2026,0,0,0
Ez1p_Xv9dr_rrq731Y9TyQ,2026,0,0,0
Ez8SvfNm6iq15KgAxVwrZA,2026,0,0,0
Ez_EUDvshYkHxoba5HKmJg,2026,0.15101962,0.10889376,-0.042125857
F-d6t1H7_A4vvXIh_t5S1w,2026,1,0.38685281,-0.61314719
F0EuMYzsOkmAhIkfEEKvQQ,2026,0,0,0
F10pNIXKp3VgL6vBCOBWqQ,2026,0,0,0
F1T3aX7gTQiqEJVCTLUugg,2026,0,0,0
F1Uer9CnaDDH6xp_83vlbw,2026,0,0,0
F1Wlk9KlWJty_xktb5HRqQ,2026,0,0,0
F1nAk2Pyfc8N4vKg9GPDJg,2026,0,0,0
F1uO9Vlwcpfp1FPSANVRJg,2026,0.61314719,0.61314719,0
F1uzcVfHP5olyNdxZI_ukg,2026,0,0,0
F2P3IfYy7vpGsQXWqKpphQ,2026,0,0,0
F30JdPPMUnYnhrl1nrAPYQ,2026,0,0,0
F3DU5d0yXlwR7IyYCbfb9Q,2026,0,0,0
F3uJG_v0educVvOFsoPACQ,2026,0,0,0
F4hYr8e1tsHChae80QP_Zw,2026,0,0,0
F5GeBhnsjLkxjKUxzekq3w,2026,0,0,0
F6s5dcrVodeoAur3Toiyew,2026,0,0,0
F7HPo-1dtqiQatjmpa-YHQ,2026,0,0,0
F7WK15KWANbP776XPUkKgg,2026,0,0,0
F7hNai6ITI6nK9rJYIb5Ig,2026,0,0,0
F8PGl0pWWYeyiLBH5OiXsA,2026,0,0,0
F9BMWomBRe-_N1TDTcP25Q,2026,0,0,0
F9jU0d47WtdKV4eYGJwmpw,2026,0,0,0
FADTGyQiB7ILNSN_-aWGaA,2026,0,0,0
FAKE7SRxywqz4cMvEl4pjg,2026,0,0,0
FAPDpWyCljDRpRZT3dC3tQ,2026,0,0,0
FAt1F9hUUNj_SQvSfSW6Xw,2026,0,0,0
FBaIHm075Jbm5I7ic-RbWg,2026,0,0,0
FBvt6kTT0RUcoIZV5dzNhw,2026,0,0,0
FC1ZSB9fd4WlDMSAbEjq8Q,2026,0.13905618,0.49291319,0.35385701
FC3ynmCEaRoXhJ36ZNsbdg,2026,0,0,0
FC9HMNV70jHlipSK_2oHiw,2026,0,0,0
FCZsAjuVKx-Utp8cmc2IYQ,2026,0,0,0
FDr3AV8GwfPDOYYoe-yXRA,2026,0,0,0
FFZxmRXi8nvgcPhqkONy4w,2026,0,0,0
FGeyO9pX0aj1ZSHVU4iu2Q,2026,0,0,0
FGs8J5uf6JDiRCbrGQoKXA,2026,0,0,0
FHfjAReTovbu0chLv-WGrQ,2026,0,0,0
FI-OoM6pkA2bWI53IHKXBA,2026,0,0,0
FIH0NF-A1OocRr19Mlftdg,2026,0,0,0
FIkjcOgpIn06k4six70rmQ,2026,0.17342766,0.27487633,0.10144868
FJ_WJdPPA-EynKXuY8RywQ,2026,0,0,0
FJax0oEjdOeTrlBGMnLZ3A,2026,0,0,0
FJwNDYw0ojHzIU2K6cdnXA,2026,0,0.15642624,0.15642624
FKH03zoehsngXXcTe6bidg,2026,0.30260241,0.30260241,0
FKMrn6TIaGvGki8CmrKIlA,2026,0,0,0
FKRz94Ehuni4dO04vuw9Uw,2026,0.46927873,0.46927873,0
FK_j1G0tbdb0owbCRVj4Xg,2026,0,0,0
FKjD1-bo__9A__2cDpDNrg,2026,0,0,0
FKukJ4L7vV_z7WNi0hB1uA,2026,0,0.23540891,0.23540891
FL7VWauq9Zo2UDf5yI8eJg,2026,0,0,0
FLKqDlM4QhrIYtItxq6-AA,2026,0,0,0
FLRcde8_Gu8UCttSNj_ojw,2026,0,0,0
FLva7_LRaH2j5O896uJwhA,2026,0,0,0
FM3hremwwIZCDmqlkUm-fg,2026,0,0,0
FNuS2P-nQLP7yTtQK2PCpQ,2026,0,0.097912925,0.097912925
FPTvONXOLGKrvJ3cps5XnQ,2026,0,0,0
FPf6qUtpQFvN0wTP5k2sTQ,2026,0,0,0
FQFaju2BbJoWuM2ASeGucQ,2026,0,0,0
FRa_eFg0qSnRxAH2HegdyA,2026,0,0,0
FRiq-Y97LuUjM60BX0THjA,2026,0,0,0
FS187tzhIDsomnqgI2TAsA,2026,0,0,0
FS2yGHCgLo4mFRevs8E5hA,2026,0.30260241,0.30260241,0
FS9EWeUw1mWdw5cYF2Xykg,2026,0,0,0
FSeIh80sIG-0JqtCJ2rOMQ,2026,0.2529427,0.2529427,0
FSqnEOJih_0BS5ZHRufJqQ,2026,0,0,0
FSs22gbuG87NxES73YiJdQ,2026,0.15637703,0.15653529,0.00015826669
FTM4XQRuB7EqTFq4TRXWSw,2026,0,0,0
FTqp-6XSYrWRzsKEVOoMqA,2026,0,0,0
FTz8bknq45XQ19ZkGdsmvA,2026,0.46927873,0.46927873,0
FUUEU3ZN5cL1nNNR2AYZuw,2026,0.10699313,0.10699313,0
FUVFeJaapsUx0UUo3RcVNw,2026,0,0,0
FUgGYF60YpYbO4bc7myF4Q,2026,0,0.16569577,0.16569577
FVDUqdLhAPnKU203TDKeLg,2026,0,0,0
FVGrORiBlc-qTiOTyYoqpA,2026,0,0,0
FXW16a1QddonpF-h3NtxPg,2026,0,0,0
FYT-TBUL3L-fTPKF1WgL1g,2026,0,0,0
FZLKQ3d80CMsyPkeZ9dpfA,2026,0,0,0
F_mS2MGUlO_GC-fEcn_gOg,2026,0.30103,0,-0.30103
FaBY9v5YRnCNUhKSJWBb_g,2026,0,0,0
FaC_wCEb5IqLiB0_-DM0Tg,2026,0,0,0
FaRu0KBhd6D1bk3V-YnZdA,2026,0,0,0
FaaYiuCBffmDxrFF-a5VwA,2026,0,0,0
FbA8lsZmgFum38k6i8DsGg,2026,0.25595802,0,-0.25595802
FbBggeI2CX8dyCNjYvIsMA,2026,0,0,0
FemfJRDjf__PcPkn3i86Cw,2026,0,0,0
FezSEf5Czr1rJWmwzyGoMQ,2026,1,1,0
Ff8hG_00h6SO5unNTXPFQQ,2026,0.3065736,0.61314719,0.3065736
FfEwIX65QvS8EdnhHHvnkw,2026,0,0,0
Fg2PSDGWLL7mHhRbp_6UxA,2026,0,0,0
FgNZxXjR8agaRB2_2DDlfw,2026,0,0,0
FhL7KojOHBilKE63ybupVw,2026,0,0.12681702,0.12681702
Fi1ZvmXY86OUoXjL92Nikg,2026,0,0,0
Fj-Vz-5N_SBSXWpAtUSGRg,2026,0,0,0
Fj5KavP_CjiYm_E4cY-8Yg,2026,0,0,0
FjtXHoLycWK1JzpFFSrupQ,2026,0,0,0
FkYzHGWrAQUdKaYrmKex5Q,2026,0,0,0
Fl9_HczQUM2TWTGzzwDUwQ,2026,0,0,0
FlJFfKCSwRI1nzmViGIGiw,2026,0,0,0
FlXBpK_YZxLo27jcMdII1w,2026,0.28437829,0.21306006,-0.071318227
FlhZYUEhfpfm0Ynxacftwg,2026,0,0,0
FlsiRS7TBOgjWk7GrZilig,2026,0,0,0
Fm_2uJ9-qwGEEggHBLUHYw,2026,0,0,0
FnY_HW_bmMDmadEl_DYNZQ,2026,0.14804096,0.20210735,0.054066391
Fp4xc2a_Op2Y38vKyIreKQ,2026,0.29790918,0.1782103,-0.11969888
Fqii3H_aQHw5h0IcWf_ldg,2026,0,0,0
FqkcclDQhLZr8gvw6LfI-A,2026,0,0,0
FrP2Y6l_UmvC-8Q9OFn26g,2026,0,0,0
FsE1Nn5PGdFzqq2hBnMzvg,2026,0,0.27023815,0.27023815
FscO3COsx6Bmy6tVdSkDcA,2026,0,0,0
FshZYB25Azc7W94bqMvWtQ,2026,0,0,0
Ft82E6wy4d_WGANtyqFX3w,2026,0,0,0
FtaHkK-Gc7VLVHIQ9km5XQ,2026,0.61314719,0.61314719,0
FtxS9Ja8u2IeqvBVsr-iQg,2026,0,0,0
Fu7DYpJFm9h148x5fIEvTg,2026,0,0,0
FuYo0nALoI0nwkbJ_QA1FA,2026,0,0,0
FuuSXzxpahlsIQtJ_6hyfA,2026,0,0,0
FvfsySugz29u5yVRNPS27A,2026,0,0,0
FwJ3piokFUzzK-zwun64tw,2026,0,0,0
FwRIArLW3gPwCBoz4xPm5g,2026,0,0,0
Fwq8n-rN6veiE3emAMEdiw,2026,0,0,0
Fx8YWMRl6cawpMY_t5mnzA,2026,0,0,0
FxooKHCiZd1_To18N1z7Pg,2026,0,0.14126697,0.14126697
FyMwJiM5s-Jd2Qzaqrfgog,2026,0,0,0
FyaR35w2tjG-og1JA9wexA,2026,0,0,0
Fyl4bt9ULgWstqdgTIyBeQ,2026,0,0,0
FzEPTC3oS_V7tNPdObNzAg,2026,0,0,0
Fzcz78fciJAMccTjfoBlPg,2026,0,0,0
FzemMECB9UV6UAPqg3P88Q,2026,0,0,0
G-FNSbNJKHZEVmfNaZ4jPw,2026,0,0,0
G-LH8wAVBN4GAVjKAFyzTQ,2026,0,0,0
G-uv9J_2-0OyeIlNfHuYjw,2026,0,0,0
G0CEgVeHe9rYswyUnbSk7A,2026,0,0,0
G1HXxzIA80y5Q1VB1mIx5Q,2026,0,0,0
G1VmrB6jB6_HE8dlQANfVg,2026,0,0,0
G1X4XAnNVCaqCExN4D3lxQ,2026,0,0,0
G22biUATL4nU1yq9SM8HIw,2026,0.19519002,0,-0.19519002
G2XRG_raVtrrONP4IxF5WA,2026,0,0,0
G2yoB8gAhLvqn-peUIt9wg,2026,0,0,0
G2zM8Ea8jSr7F5YeQFL2hg,2026,0,0,0
G3659TUAxhN6T6zvTOoz6Q,2026,0,0,0
G3E69neBDQChbhahmzfnAA,2026,0,0.041058779,0.041058779
G3v9iDNkuh3DIL-E7h2WPw,2026,0,0,0
G3wKnut3kQVLMksLcvR62Q,2026,0.11731968,0,-0.11731968
G46oXgURGTgbxU6NJemLJQ,2026,0.12315119,0,-0.12315119
G4Uv3ppIJ8IzMtIPci1FWg,2026,0,0,0
G4dsr2kAAtApUt9GvFvs6Q,2026,0,0,0
G5-Pxa2fNKVPBCWBDDnFaA,2026,0,0,0
G5-Ti3eSUeHdHgwyRDSnsw,2026,0,0,0
G5OLGMmgH1idDBMwKbiSSA,2026,0.47343647,0.45928901,-0.014147458
G6lKDOZzRSpaRfodxp16zA,2026,0.14434031,0,-0.14434031
G715ISAkXBWUm7ApCjQaFA,2026,0.21840744,0.3065736,0.08816616
G7k-olyu7OqVb8-mzxs1Vg,2026,0,0,0
G8z-JeJ_booU3CRHSOHkxA,2026,0,0,0
G9D8fK_ffX1q9kO9i-6_KQ,2026,0,0,0
GAKWEMwGHddyElAu_3uRqg,2026,0,0,0
GBkpGphLJ7-MkE2d7CSaGQ,2026,0,0,0
GCgBvm0T1fZINcp1myOKoA,2026,0,0.086713828,0.086713828
GCwPDVnQFg6DdS8KriTHNA,2026,0.095506691,0,-0.095506691
GDF7XLPN5kpnoJmV7e3phA,2026,1,1,0
GDIQG2c4JIYvESiryNqQJw,2026,0,0,0
GD_-QH1XgKT6ZYgx258pgA,2026,0,0,0
GEyLSyZHIeUq7sy2uIBe1Q,2026,0,0.11284514,0.11284514
GFW7sZbYseXByobP9QKHmw,2026,0,0,0
GFYmLGgUcjanBBb4NvxRdA,2026,0,0,0
GG0mFsEXb-02_dzFPqRV1Q,2026,0,0,0
GGcs-Ed_6mcWafBlUMca6Q,2026,0,0,0
GHH7n36R6xGEvF2ksMYvAA,2026,0,0,0
GHd9SranMaaTRKdCt3KefQ,2026,0.63668244,0.63668244,0
GHoG4X4FY8D8L563zzPX5w,2026,0.1020974,0.094606347,-0.0074910484
GIOTwvrGY9hlQXduUrWs2w,2026,0,0,0
GIoUmry8mvCrhU0xoq-Rag,2026,0,0,0
GJ1OvvPjC2JDs9-_zV1Z0w,2026,0,0,0
GJS2ImTtZ59Fs7o9CbZJgQ,2026,0,0,0
GKVw9mKHEok-Phr3Yc-fTg,2026,0,0,0
GL18myzHd62C39MrHdBXQw,2026,0.19092087,0.15130121,-0.039619659
GL6qwC_XknPDwiylqhO6Jg,2026,0,0,0
GMA48Ik8fj3JnXcqKR_YdQ,2026,0,0.086810776,0.086810776
GME9GnPTA-on_PudQl5N3Q,2026,0,0,0
GMeYzbl_kvY0dGZeA4Lfvw,2026,0,0,0
GMp0DRWP3VJ5VkM5wpk22g,2026,0,0,0
GN4R4dwqNP-_yvfa-ZnwRw,2026,0,0,0
GNG3idmr5-_0e8uwZKFiZQ,2026,0,0,0
GOmIhjMERPfhurz4YPzNjA,2026,0,0,0
GPk02mhKvdn_KoGg-neAxA,2026,0,0,0
GPw9ELBR3zjjtaXPhlNrBg,2026,0,0,0
GR7-1pQrgIDcLXAtSpO3cQ,2026,0,0,0
GSDw9czWBk_GL53a5NtcIg,2026,0,0,0
GT9f069-w-5eUQV8d1DwDQ,2026,0,0,0
GTAmhlj02CHIYbn6UrUu2A,2026,0,0,0
GThrPkV1qIja1DmPMbK38w,2026,0,0,0
GUTHHHARQqEQ0OdRfsSc5A,2026,0,0.064742715,0.064742715
GUjBgR7ykOfcfMyU1DHvgw,2026,0,0,0
GV0ZLqZ6Jmo8Z5diY5EbRA,2026,0,0,0
GV2OYKrtKJs7_zyugAs08w,2026,0,0,0
GVGLytTurADjbOR-kge7vw,2026,1,0.63092975,-0.36907025
GVHI67-rQlB6n-a_E0o_7w,2026,0.19092087,0.30260241,0.11168155
GVR4bS7shlQ5P84XCsqiNg,2026,0,0,0
GV_revjN21XCakayg699sg,2026,0,0,0
GVr2BuSL06P1MsHKlVCs6Q,2026,0,0,0
GWOf1oB2mTalRY_A-EjSiQ,2026,0,0.098039286,0.098039286
GWPDRXlqNOuX28c6Lw73Og,2026,0,0,0
GWSm4oJVNmTGcUwSL7kILA,2026,0.22009177,0.22009177,0
GX1yS8vZ5Hhg1CmsT5RnIw,2026,0,0,0
GX4lio7E96sCpRsyUfzGdQ,2026,0.07102002,0.092155323,0.021135304
GYv8xJeLdN0aQq8dZqIH4w,2026,0,0,0
GZEYPoD_SED_lXHbzAHZDA,2026,0,0,0
GZUToXxYjjfXA2uzNLJA8g,2026,0,0,0
G_3tq1ylvNMS8IRTbMm9dw,2026,0,0,0
G_dYyf9Q1BrrH0iINwTK4g,2026,0,0,0
G_ewrDXcU0hXovihr2G5og,2026,0,0,0
GaXioAwYSzaaof7LX6UuoA,2026,0,0,0
GcdYgbaF75vj7RO6EZhPOQ,2026,0.12681702,0,-0.12681702
GcqLMAuVVGBEXRG_A97rXg,2026,0,0,0
Ge0tsnqB_dObCjUCiy250A,2026,0,0,0
GeDPQCdtOBq2BDCgUCA0Hw,2026,0,0,0
GfI-d9mQePFA2PvhAd4WGQ,2026,0.46900009,0.52680709,0.057807
GfXrfAsugwiE2R-tzjnyyA,2026,0,0,0
Gff6iaaGIhNcfCIszpZczg,2026,0,0,0
Gflk362qyCMGLF1bxJJEhw,2026,0,0,0
Gg7VwEBqNP4L8-yz9toAWg,2026,0.29127873,0.63668244,0.34540371
GgGen6L5WZowpOEKuu1ZfQ,2026,0,0,0
GhGn4svo4e3a1_cOuEUumw,2026,0,0,0
GhOdSSl4KJgMnsgjzJV9zw,2026,0,0,0
GhhhRBpOnvSloxSTrgXiXw,2026,0,0,0
GhuMzO3JVds90tweXV5t7A,2026,0.57064172,1,0.42935828
GiEf8YOMB2KjFpm457M5fQ,2026,0,0,0
GjepBC1ZwOPqPVoNipNhMA,2026,0.11731968,0,-0.11731968
GjfGLLK6ckiEK_cZ7qF3PQ,2026,0,0,0
GjiZ1hhexXrTtExxTyudgg,2026,0,0,0
GkJrjt6WyAPfBgUDzBWpeQ,2026,0,0,0
GkoESM9G3qJC3PTLgCif8A,2026,0,0,0
GmI8mDMyZeJEVZ3g-6eDcg,2026,0,0,0
GnaBQoO2UfzLdxe5pI8Qog,2026,0,0,0
Gq4XX6_fGJu3iZgYRkMLZg,2026,0,0,0
GqSA5t_OD1uxDZMwVLpoXA,2026,0,0.22767025,0.22767025
GqsFk6P8shE4LfEPSJUJww,2026,0.23719771,0,-0.23719771
GrYoyy-a8FM00mNhCSdsxw,2026,0,0,0
GrvD-fRAjDnZdyl1Namf-g,2026,0.27487633,0.33847673,0.063600395
Gs1I7r8jzrKpszdI8b36dg,2026,0,0,0
GsVBNe9GV-K1cUON9-TDIQ,2026,0,0,0
GtJW6mTDweONksDaCQVwlA,2026,0,0,0
GvihKFRYzQgKOnLcQ8ZudA,2026,0,0,0
GvjlejH0m2CRdrjwx_Ixqg,2026,0,0,0
GwCcOcTD7WWel22mB2_DzA,2026,0,0,0
GwvpFG4beL5oMH5_HbF25w,2026,0,0,0
Gx7UBwju-qLxxV1SeoGsew,2026,0.27894295,0.22767025,-0.051272697
Gx7uJDuH_sQrtlwQzXJnaQ,2026,0,0,0
GxLeJX2M4Im5fzfzKARY-A,2026,0.16104283,0,-0.16104283
Gxm2zAtHM2FYOedRUiDJ2A,2026,0,0,0
GyCcOTwcg91ipHnGWotPJw,2026,0,0,0
GypsdbOqkqwKb1pP_4eANg,2026,0,0,0
Gys4J9fwKIrc2Xl2snOrEA,2026,0,0,0
H-c0rG4Dmth9Q_EajKXDLw,2026,0,0,0
H0N7D8PvP2_9uFrimAgZeg,2026,0,0,0
H1NgVwKXW72Dskys8DO2kg,2026,0,0.070015606,0.070015606
H1P2bRnSjuP9K5S1yw7-tg,2026,0,0,0
H2RalfY3Jn_GSEB4g_LOqg,2026,0.63092975,0.5,-0.13092975
H2uGBjLQH5s_bRRYMzEG9Q,2026,0,0,0
H30mWWgJjTbnjRi91UOQ3g,2026,0,0,0
H3gfCZEuy_kZTxO6FfOwsA,2026,0,0,0
H40laLp0uu_iTHd4K3by0Q,2026,0,0,0
H4sefkMu2CSLPdikbKjPpw,2026,0,0,0
H5pubo53Joclw01ZPqhoMA,2026,0,0,0
H6-9VdI6cx4vSu_FeZVR0g,2026,0,0,0
H6Nf5yIfYFNczFRckZWR8A,2026,0,0,0
H70qlEfrariOPsMeFo5-pA,2026,0,0,0
H7bB3q_xyhag8uGt7JoYWA,2026,0,0,0
H8hanEnc6xr9K7LY4UUtvA,2026,0,0,0
HB88pjmR9UVkCNiUFGVT0g,2026,0,0,0
HBLDsdGpWd13cnu6hoeR5w,2026,0,0,0
HCLGRyXM_UjVAN_P6c6gHA,2026,0.27487633,0.27487633,0
HCTtNMgR79Z9Pg_i3rJsrw,2026,0,0,0
HD3_INpd5qBCurFTzDxYCg,2026,0,0,0
HDZFTlIoi5A383yx8Ia4AQ,2026,0,0.090928031,0.090928031
HDpiD-dmXpDhTcPa38itKw,2026,0,0,0
HEZSS-fFZOSXmvjd8Me2Tw,2026,0,0,0
HFbbDCyyqP9xPkUlcxeIdg,2026,0,0,0
HGILgPfe9f0-oZeETY1Uag,2026,0,0,0
HGTdyEDygTqANThO64WDWQ,2026,0.12388806,0.08456676,-0.039321304
HH3IyvD1MpxZ-FlazroBuQ,2026,0,0,0
HHLJzHVXYfvfGVuSWQ6i7Q,2026,0,0,0
HHp96KPsroyYDAHOwo_VSg,2026,0,0,0
HIAKsWHN0dZtTZA7BVLIQA,2026,0,0,0
HIIKwKeZC4f9OMpNF7QJaA,2026,0.35620719,0,-0.35620719
HILkCZD9HwGO1s1wPM0DyA,2026,0,0,0
HJdFNtGwRUpDI6KvorA4cw,2026,0,0,0
HJoKNi3IJxTcTVchaenRxQ,2026,0,0,0
HKSyLOmK_YE0G1fM_Wrs-Q,2026,1,1,0
HKkhamPZAXOIx442ZmRb0A,2026,0,0,0
HLhA0dL8xHz9HgvAs7HWSw,2026,0.10342344,0.081886688,-0.021536748
HM8Q_8s6nZL6RKbVyZRdOg,2026,0,0,0
HNh3KomO_n2SQJJeYamp4w,2026,0,0,0
HNrz6Xe7PoLjUp8kBUDykQ,2026,0,0,0
HODkDiOSVCyDCT1MruHnBQ,2026,0,0,0
HOkN9P5rGOLnUePfRhrBmw,2026,0,0,0
HOkQSlFfnZ0mng3QOgM3Dg,2026,0,0,0
HOy4vtxyF-UD9bv9jmZGEw,2026,0,0,0
HRkYISguuiBbt_JNxJV2Cg,2026,0,0,0
HRlmvwYRgW5ZWrdAawLiog,2026,0,0,0
HSPQqdb_mwB8jULnxwQC6g,2026,0,0,0
HSZzE8goeBu3IuVHssMt2Q,2026,0,0,0
HSiZWv9PS9x3gG2O1uJ0tA,2026,0,0,0
HTa2KMHlWJJ5qdmQag7y8g,2026,0,0,0
HTvYtV9fYYZSSLq7MpEAKA,2026,0,0,0
HUm2iSccJ1-itnBfuHnVNA,2026,0,0,0
HUtDmB2kr4eNaZpA1OkUQA,2026,0,0,0
HVQKFDi-vZbawtmLMq3ZOw,2026,0.3573073,0.24150434,-0.11580296
HWp93pUcVcfvQpsUpvYoVw,2026,0,0,0
HXZnDSvjuGNaHKATRyMvXg,2026,0.61314719,0.61314719,0
HYA7YRKDQiA_bWG7z1zBjg,2026,0,0,0
HYjcMLgVLmB-9p-tG5vp6A,2026,1,1,0
HZ0uRG1Xct8eltExJ6_jZQ,2026,0,0,0
H_aPVn0P8DL24C3pckD4wA,2026,0,0,0
HaPM8iQhyjm2pVh3g4bUGw,2026,0,0,0
HaTwLhU4GPvp5v_ZWtPUlA,2026,0.17103308,0.14704034,-0.023992743
HbYeC1vrPaiSOuFwNQJdxA,2026,0,0,0
HcpRgnXnBk4wixWQdZdetQ,2026,0,0,0
HdjbOoI9hXxrstGStvvP3w,2026,0,0,0
He0vJhp9oL405A7ysSKHJw,2026,0,0,0
Hf3328ygirIBIzlJrA_3Ag,2026,0,0,0
HfGKgfULfqWkfPvB_3299Q,2026,0,0,0
HfnU2ZhBqf3ltLZHkedNgQ,2026,0,0,0
Hfswp9VVcNJVtpVv6alhHA,2026,0,0,0
HhafMjHnfPjR-RWU5AKbWQ,2026,0,0,0
HhbzZ0jwY0nP3XpFUh3I7w,2026,0,0,0
Hi10sGSZNxQH3NLyWSZ1oA,2026,0.04395738,0.090462695,0.046505315
HiBq4PxEa_cjF385B-5b9g,2026,0,0,0
Hixk-gWc13XwvExs5lFmIA,2026,0,0,0
HjyeYbnxg20fzRK7jyqPHg,2026,0,0,0
Hl-KqVW7BiBBu1NUthg3MQ,2026,0,0,0
Hl6YAHjk1lsXfBzb9yZmDQ,2026,0,0,0
HlBq0El3-46ahRHIGZLKdw,2026,0,0,0
HlOP4AEX88c0VtnX8Hpjgw,2026,0,0,0
HlZV2uK9R_2GFLSG6Xr-QQ,2026,0,0,0
HlsHWMFPBOAJrpI9IpAtFQ,2026,0,0,0
HlzCUA7gwXpfo841o26iXw,2026,0,0,0
HnFwMrQkm8949QGEAdCIuA,2026,0,0,0
HnpouZXIQHeqezf5gWchhQ,2026,0,0,0
HoJ0ye2hXqfD6L22QkN1xw,2026,0,0,0
Hp1lYarvJDw1EPviC-Sr-A,2026,0,0,0
HpM02X_YVluE0FDTcIF3Rw,2026,0,0,0
Hpcudq4CGKL9YogepfgNag,2026,0,0,0
Hpf0XejkQAIMSsZhZyj-FA,2026,0,0,0
Hq4TO0FHqH3MKeJO4ZmUHQ,2026,0,0,0
Hs53_WOZdZXFcr4wEQBL7g,2026,0,0,0
HtTULraJCT5tGFjGOQkUHA,2026,0,0,0
HtsDJlGBe5LH7zlDEIqE8w,2026,0,0,0
HuvJyylBZhBxRRe079xLRA,2026,0,0,0
HuyEgXPq6vg604OE6tbzjw,2026,0,0,0
Huz20UDDMaNu-nH7NTK6Yw,2026,0,0,0
Huz3u-D76tz6LRLvYbvbkQ,2026,0,0,0
HuzEe2OMR_djNGVsZw0sUw,2026,0,0,0
HwL0cUMC7-qghiAKBzMpXg,2026,0,1,1
HxN0IAaV0MIz2McCiixtzA,2026,0,0,0
HxdiIx27kTDk8Htjj99_fQ,2026,0,0,0
HxhoBOxtWlfSGz86Vl23AA,2026,0,0,0
HxquZZ00x9utretrAZ8gXQ,2026,0.46927873,0.46927873,0
HxyLRaoH9PS09M6R3rV-EQ,2026,0.72327292,0.73822159,0.014948671
HycJkwRLEgYFZG-hDh_zdA,2026,0,0,0
HyecqwXeafZ9umTSw5WdOA,2026,0,0,0
HzEmzPSHcvCBUzf2d8cNRw,2026,0.24968909,0.3507943,0.10110521
HzoQKKHDq9BI37dyJAAtGA,2026,0,0,0
I-4m9OqNjpWwE01ZBrIt_g,2026,0,0,0
I-kDntNSbhS8M9BOnMbWlg,2026,0,0,0
I0A55-ZZtVcTOHYk75jePQ,2026,0,0,0
I0CH7lt3EHQCns8-yfOmkQ,2026,0,0,0
I1UOCUGCd3STY-PYe_9HRg,2026,0,0,0
I28lom0iOPibv5iN7BM0BQ,2026,0,0,0
I2WKw4msnVHpuF1r0gZkWQ,2026,0,0,0
I2Y4jNvIW-vSaodxg_ZfyQ,2026,0,0,0
I2mHtOnroTmBkuCtYSKl9A,2026,0.077453516,0.10778915,0.030335638
I4Kq6r6SYXoti7D1zLPXZA,2026,0.3065736,0,-0.3065736
I4S2OUVoznUPWcXrMRMURw,2026,0,0,0
I4bjcC1FvjOih-CRhK3xQw,2026,0,0,0
I54YSiWpcmHy4KyvJ27Uqg,2026,0,0,0
I5ACdQhu3PziQ9r8QWGztg,2026,0,0,0
I7Fmd8WQA0FozWOEZQNdkw,2026,0.17934679,0.14204004,-0.03730675
I7d4Q4QrJSg7se5LcDK3DQ,2026,0.63092975,0.63092975,0
I7hV1q0L_rZKi7GyWKhcyg,2026,0,0,0
I84mHxpc8hMky9I1j7x3vg,2026,0,0,0
I8exYimcQuYvYBz15QYX9A,2026,0,0,0
I9rIRoFSIZC1AZkvC1VgFg,2026,0,0,0
IA8lo5KEAU7XEnUyuNppXg,2026,0,0,0
IAIjs6U2BPkrtO6B7f1guA,2026,0.26406812,0.16104283,-0.1030253
IBWpwDwCjCm0D3p9wnhQPQ,2026,0,0,0
ICU2sGDu3jo9MOMMYzYh1A,2026,0,0,0
IErVzM_4FOtDhukSVqTkPQ,2026,0,0,0
IFRAIIjI4yJQ4KPJCWQNZw,2026,0,0.23137821,0.23137821
IFgtmg1CXeaCrO_tYB0Qig,2026,0,0,0
IFnbM6ombHEWhQLUZeFEyQ,2026,0,0,0
IG2PEklShzMF1YOU-Bzadw,2026,0,0,0
IGHZDboZjSUJsBDKQvgxhw,2026,0,0,0
IGHh_a7IOYixclHzh1DjuQ,2026,0,0,0
IGmwo_IZy5VhUww5U32_oQ,2026,0,0,0
IH0ToaZ8hJXO2pVieN7dpQ,2026,0,0.068354769,0.068354769
IHwqiLph8rb-o7NXjwBzRA,2026,0,0,0
IINInT5gKgNGJ46qKAis5A,2026,0,0,0
IKJZMVGh3-DnJZNSJyGLew,2026,0,0,0
ILHs0uKAZ5kbv2M5GCBCXw,2026,0.5,1,0.5
ILKSYMWKPhollNtqEn-Z4w,2026,0,0,0
ILKityCUzq0dQWHY72GOGA,2026,0,0.40344389,0.40344389
ILicYV0XNcbfiWEgWlIZ8g,2026,0,0,0
INNwrCZ3KCKokbLp1zz_Xg,2026,0.31951149,0.23452223,-0.08498926
IO6yhUCiFhI1qeial3nceg,2026,0,0,0
IOBbQDBPTk8bgc1fejdqyw,2026,0,0,0
IOjwt-cRHwdenA63T_rt5w,2026,0,0,0
IPBLxqObAk8YFRw6ufbkBg,2026,0,0,0
IPD-mQZlyAx78UdZcnDEyA,2026,0,0,0
IPXvfef1sgOAaUE788dzfQ,2026,0,0,0
IPh7HOPFRKXIV7lQAkB3Nw,2026,0,0,0
IPyVdDGXX5gF0OpVGcFsxA,2026,0,0,0
IQRiDkzlCZObo1WlHHXRog,2026,0,0,0
IQhb-lWN01QApNcZgKTmTA,2026,0.1175161,0.12315119,0.0056350896
IQsF3Rc6IgCzjVV9DE8KXg,2026,0,0,0
IRVMXWg8Ttaf_JTIoU-abA,2026,0,0,0
ITpldUH1k90kuxJfccW4SA,2026,0,0,0
IUZRIkWPjCgQmyPHkBlAMQ,2026,0,0,0
IUfLCdhKfs_0O-g9BLadIQ,2026,0,0,0
IVqXMGaA-kI_-jIzA6tIrg,2026,0,0,0
IVtWtFm3DXr8PvIa85oCcQ,2026,0.2043824,0.26406812,0.059685725
IW-aJ2Y7xxJQQiY190xtyA,2026,0,0,0
IX8gKNiGDncqrWXfcLwX7g,2026,0,0,0
IZ2UpUYIDGEw5eR_XLgyWQ,2026,0,0,0
IZX44aWucnkn1qwOpiC9tQ,2026,0.087471714,0.071235305,-0.016236409
I_QvvtVzEUlPm3pW68fWWg,2026,0,0,0
IaQesI4LmTc6x8pJMSctXg,2026,0,0,0
IaX73WNkQtspGsF3Xwgm8w,2026,0,0.091654028,0.091654028
Ia_irX_xqSQuAtrk3E1BiA,2026,0,0,0
IamJgFZawc2zBSLVkzXahA,2026,0,0,0
Iarl3Xxp2DT09MqA9vIaBQ,2026,0,0,0
Ib3uXHSWeBed2kK-BKLGSw,2026,0,0,0
Ibopg0NYDx-M1X-V1F-IUg,2026,0,0,0
IdYplEo8X0JKo_-QHgrcuA,2026,0,0,0
IfCgLrjasxmPyRoARBazQQ,2026,0.082975728,0.091654028,0.0086782998
IfOpyqFmq28-rr2brq7-Yg,2026,0,0,0
IgXmkMnfVWSUNyUFaGPHmg,2026,0,0,0
Ih30H32YlBC1u5O6i6ub1Q,2026,0,0,0
Ih_n0t4D8F1kN1cjc3Wyaw,2026,0.12011566,0,-0.12011566
IhsNZbCjwwPB-kFHxaAz1w,2026,0,0,0
IjHtQ2x7Z5ahg8nuOQIY2Q,2026,0,0,0
IjmeX7t2h5gFAvyesW-0jg,2026,0.14204004,0.089617287,-0.052422752
IkxNSP1OK8B0hLlPukqnNQ,2026,0,0,0
IlGYj_XAMG3v75rfmtBs_Q,2026,0.14126697,0.23463936,0.09337239
IlejTl2AJo1W_COCIOTXJg,2026,0,0,0
IliRkEd0W4W32egVNn200g,2026,0,0,0
IlvXi_Prbd0RLdkYGj4kCA,2026,0.75369761,0.75983363,0.0061360218
Im2l5juff2JF8aJWi-pOEg,2026,0.17060922,0.085304609,-0.085304609
ImMDSShc4mjEgPlAJ8KIbg,2026,0,0,0
ImjRB421s7xcDLnqs8N2hg,2026,0,0,0
ImpJbfNAxSKcT0ZZp5Ykbw,2026,0,0,0
Io3IpnLC3dTnfxPrCzdGvw,2026,0,0,0
IoAxGYcVLvNdwY4yGDJSsw,2026,0,0,0
IoK3XlDg5n8KzsrvXLT79w,2026,0,0,0
IoS8IZai5Yfa3ULgO1ktKw,2026,0.20868331,0.25366982,0.044986515
IoeQwKZCS-nSOSD91GqriA,2026,0,0,0
Ip-XdrL7uInJmkpPY6OMhw,2026,0,0,0
Iq7iyven_FPzl4s0wdKd7g,2026,0,0,0
IqAYsDCBVKTQVtD2rPlzKg,2026,0,0.5,0.5
Ir3H2KMmL1hYWFn2ptI8TA,2026,0,0,0
IrD6hj_GdjWLt46aZiO2yw,2026,0,0,0
IsXy4uiCoElOhmEdLY7QTg,2026,0.30260241,0.19092087,-0.11168155
IscC4oHVlGyHIQ9sxIUaLg,2026,0,0,0
IufKA98FFrk-mxaQ-ZqTLg,2026,0,0.16716045,0.16716045
IurzOuZP7eI9oMXZ9Cz0fg,2026,0,0,0
Iv2TqFgf_jxaCvA5Mqv5eg,2026,0,0,0
Iv411IFwWulRPvH8X5d5cg,2026,0,0,0
IvOtKZVtU-yefm0lEm5XRA,2026,0,0,0
IvtzA736qCBVK7ZkXKp6lg,2026,0,0,0
Iw2yGSfnlhuxOTSvF2zKpw,2026,0.26749998,0.19383217,-0.073667808
Iw6uScVAE_MA7cHZey67yg,2026,0,0,0
Iw9-gnQJJYyxqbbo_mGBjg,2026,0,0,0
IxSEFw5AlHqNCbueWkRxKQ,2026,0.61314719,0.61314719,0
IxXXJNHrctPE2e7RVcsdIg,2026,0,0,0
IxjJVifP8eQ7ZWbJOse48A,2026,0,0,0
IxqXMZ2uVeHH4fkxCqkq7A,2026,0,0.14704034,0.14704034
IxsSNx9VjlcYa63pcEpENw,2026,0,0,0
IyZvF8H4NmrbJLXIAHiQvg,2026,0,0,0
IynOXKF-9JIOVRVlkxo-mQ,2026,0,0,0
IzatvCbvAM8FKupoYU4C9g,2026,0,0,0
IztY90vYxroiYozEO53SxA,2026,0,0,0
J-gaDImpuNN6KbbkIzWdKw,2026,0,0,0
J-yiZPRoS4_TeKiB2lakxg,2026,0,0,0
J0CuAADSmhjDvJERqBqS6A,2026,0,0,0
J0FP9-f7To3pHvxrC-JCTQ,2026,0,0,0
J1Q9w7aF2ABxlKo3Qs5pAg,2026,0,0,0
J1SgWi9jmWtTevgZLh3IvQ,2026,0,0,0
J3Ck2-PDd-NWSXPOthUoxA,2026,0,0,0
J4tuQLiBDJaVgR7puYcLBw,2026,0.27487633,0.34707247,0.072196141
J4ulowZK4-0b_q3rT-W1zg,2026,0,0,0
J4wKefe5fEmY0zIO_q-dpQ,2026,0,0,0
J59X5VXH1kyjkwZBNWtBuw,2026,0.063600395,0,-0.063600395
J5wsOJCeZBYzo4jSzMaWPQ,2026,0,0,0
J7EL9N9a_q8KQDVFuYmPMg,2026,0,0,0
J8ziAD59ZOtSRrprDn4whA,2026,0,0,0
JA2gZLhtrP8pAzGCY1PsBw,2026,0.46927873,0.46927873,0
JB5oK3veSrIwIG6TqUijbA,2026,0,0,0
JB7XTruIsJ3g-leF25uq4g,2026,0,0,0
JBInDuMqeZ3fGLE2XegKXw,2026,0,0,0
JBWygnyTfTtqbQrf5Cc1Jw,2026,0,0,0
JDBlafv8p0UBtVFZ4LnRhw,2026,0.24465054,0,-0.24465054
JEIWidsaVqi-K6E5s6J7JA,2026,0,0,0
JEJ-nTLhRZdw0MnySM67Qg,2026,0,0,0
JENzmvrM1QF8b4hW3OJJrA,2026,0,0,0
JEo4oz6J9r6iPGIsG9p1EQ,2026,0,0,0
JF4FZw98cXx_syHHdGL_ig,2026,0,0,0
JFA2EfdpOhFEZ_WTZQHWNw,2026,0,0,0
JFr3VYiojnO6l5xfXh2M9w,2026,0,0,0
JHBoYPU3HMgUg3Mz9PspTA,2026,0,0,0
JHCQPWHsWOa3qWBeqExlHQ,2026,0,0,0
JHWtYE4OX5uMg5fHfUAwWA,2026,0.16569577,0.14704034,-0.018655425
JHrun8pPOxs-14Aux_5iqg,2026,0,0,0
JI5y5pXbrwi4ATbsll1KaA,2026,0,0,0
JJFkdHRqQ0LAv6S_QABpBQ,2026,1,0.38685281,-0.61314719
JJYa2Y4x8zRreWWCKPRVtw,2026,0,0,0
JKlcPu7IwDn-rDCGoLMGyA,2026,0.063620788,0.078398269,0.014777481
JKxxv3BJ3VxUC7yme32fRQ,2026,0,0,0
JLv9gCd1etfFf6VbDv6cQQ,2026,0,0.043599246,0.043599246
JMKRGI1r94UXclURaAgMpQ,2026,0.38685281,0.30103,-0.085822812
JMU1w_0RQAy0SLcFKrBB9w,2026,0,0,0
JMUP-NR2Zlp7Gsz2rzE6pw,2026,0,0,0
JNVGChHwcoVEL1cEd2wWtw,2026,0,0,0
JNiS3sZAUGRV-Es-9IbWNA,2026,0,0,0
JNtC3flT9u-FmcN335Q9kg,2026,0,0,0
JOrDiXIgpb0sjtd7Cr3CdA,2026,0,0,0
JQRgPKhzPHxOAStYoW1_gg,2026,0,0,0
JQeb1zUh-zEaKbuk7RtWYA,2026,0,0,0
JQvMNDFsvT_njvRgWUir3A,2026,0,0,0
JSBG7uMpQMJ5EoOp077UUw,2026,0,0,0
JSWtmumKmF8HjvAbb05ybg,2026,0,0,0
JTNPV4-p1bKW_OHKXUc6pQ,2026,0,0,0
JT_BRir890qm6kaJC7Cvdw,2026,0,0,0
JTqQ9C9S2Qc8_aHtO1965g,2026,0.21398626,0.13120508,-0.082781187
JUZCIVqZwQ_DD3Rg_m6jyg,2026,0.35620719,0.5,0.14379281
JVEG2AJ1gADHhTspOQqO5w,2026,0,0,0
JVTb-qDeWjaj_e9-7f1hKg,2026,1,0.23540891,-0.76459109
JVTcWzNNMgHXD4hEiaD4SA,2026,0,0,0
JW5W4OZCohTvZlRF1jzrTg,2026,0.11571203,0.30651544,0.19080341
JWAr362YHIDwBPtTvy4_Dg,2026,0,0,0
JWeXuv2B9lRhiXBcIzsi2Q,2026,0.63092975,0.43067656,-0.2002532
JXR5AtQzzcV-PUNrJwKNfg,2026,0,0,0
JYX0u99wOZ0jrjiRQXVjcA,2026,0,0,0
JYY66Iwvw7bW-vNIN6cpKA,2026,0,0,0
JZ7_NwOexwsy0-gusF4vZA,2026,0,0,0
JZSwwC6jbDtIhMTVEGTqYQ,2026,0,0,0
J_NZejScaR5_D6LerjASew,2026,0,0,0
J_jerijrgPX7CRvG2mMWMw,2026,0,0,0
J_v42xK6BG7VdYiK3EkN3w,2026,0,0,0
Ja0OGDZD0Dc0nd7Cs8cTkA,2026,0,0,0
JaGMcD5MD4tCfblBfRZBuA,2026,0,0,0
JaT9pTWJWLlM9WWZ06UPiQ,2026,0,0.067248644,0.067248644
JabrjJv3_pYspcUhN3OnvQ,2026,0,0,0
JakQRw_9dW-j5kJchUf2OQ,2026,0,0.093618003,0.093618003
Jaq3aXvYpBAjyoKiQwhnzw,2026,0,0,0
JbEhTf-smujTggj9yFAlqw,2026,0.18267068,0.29666685,0.11399617
JbIsevcScUIGSEuGmViNuQ,2026,0.33916021,0.1130534,-0.2261068
JdZtBaU1XDRV_LRQbMp4Gg,2026,0,0,0
JeERFBZyECRwzscG3dvKQQ,2026,0,0,0
JeH9Q7i0blYtCNMC45SXPQ,2026,0,0,0
JeMPH8vo4dPZGvBn3oR6ag,2026,0,0,0
Jedxm7YobfXiXUHdx1X8Gw,2026,0.074031845,0.41966501,0.34563316
JgsixYSXHyvcqaz1d7wrWw,2026,0,0,0
JhKAgKjSuhzATNByqHTANw,2026,0.33916021,0.079841335,-0.25931887
JhhGRMvf1kZou0ZqK3NJwg,2026,0,0,0
JhvlUqAhydwG08kuxrzoyw,2026,0,0.050595683,0.050595683
Jhwj7oaRB_-wg1_uiljHZg,2026,0,0,0
JiPMk9WmbJu-VfTRAKpZpw,2026,0.032864971,0,-0.032864971
JiZhr1u_2YuoVKeir5wzxQ,2026,0,0,0
Jj1TkmtKitbC5QDRG35J2w,2026,0,0,0
Jjuc1_S7cSPP6SUZbBHy9A,2026,0,0,0
Jl0KQyXprSzuCGNYEa0V-Q,2026,0,0,0
JlUFYRdIvbElmUqQX8wF8w,2026,0,0,0
Jm6NRD_CLjSE1FOd5bALaA,2026,0,0,0
Jn9ZxDFKI8VVwIy40Vdqzw,2026,0,0.38685281,0.38685281
Jo9JpnnIT-xaCKuUgN5TTg,2026,0,0,0
JoG8VM2rDkJe1C8w-1SPWQ,2026,0,0,0
JoJY7SZNUUmTa5t-OG1pfA,2026,0,0,0
JoVuMN8MjB7uVcBYS4IbZg,2026,0.1175161,0.49030096,0.37278485
JoWcRQF7DmMPH6BYHjeLEQ,2026,0,0,0
Joqt9XoWuipJPg46KlVn4A,2026,0,0,0
Joyhg0QncvFOpKFOOVAfUw,2026,0.61314719,0.61314719,0
Jp_YGp-4KTJnexFdev1-Yw,2026,0,0,0
JqA2lLtVwUTeZ1oOk93CNQ,2026,0,0,0
JqIPq7TVp12LHpQ8HI4SJg,2026,0,0,0
JqT6PAZ84a9F140iLDzwig,2026,0,0,0
JqbqUhDKIrqzoUvEEgtyVA,2026,0,0,0
JrQ4kKePypqQh_d_vlNocA,2026,0,0,0
JsAC6cQ2FSad_1ElPj1wxw,2026,0,0,0
Jt3GylPuH64uA3zTdbMdCg,2026,0,0,0
JtNuZiT0YK3hR0INxZEqLw,2026,0,0,0
JuHHLydQ7RxjWmtZpSEZvA,2026,0,0,0
JvORgjylhvxElcH1GUdnUg,2026,0,0,0
JvUPonIfl51OeVVlKZ4Fmw,2026,0,0,0
JvY3T5BH5UxVf8d0jMyWxw,2026,0,0,0
JwQMmU4pJLDBdDVFuJhKoQ,2026,0.26406812,0.61314719,0.34907907
JwkKk4cG--kzkD-fLMhHeQ,2026,0,0,0
JwulbBFNBMyinY6KAorrDw,2026,0,0,0
JxK6iNGstXVXk56kDacLfg,2026,0,0,0
JxpjlWFT13G527sL9-1ePQ,2026,0.18154179,0.14126697,-0.04027482
JyixUQI4wRG8IiGffdMKdg,2026,0,0,0
Jz775JaeZ5-qd8eRY9ykXQ,2026,0,0,0
JzGXwXXri7KqkiwBP3qUpg,2026,0,0,0
JzPPcIDxQ2Is07lT_ppilw,2026,0,0,0
JzaexFe2svFGjEpnOaJsRg,2026,0,0,0
JzjoSceWEeqGhN9GmJEKTg,2026,0,0,0
K-Ze_LlzlbjWV0SPLmVpBw,2026,0,0,0
K-hvr3qqcRlJcwkISgOpOA,2026,0,0,0
K0Zx5kdqDaAwL1P0qKGQWw,2026,0,0,0
K0vxsF5Cpdyze0BvktpQAg,2026,0,0,0
K17847uudqPFPIjSPgxs2A,2026,0.50322896,0.46360789,-0.039621067
K1Lg1JVV36ylbJu1txkVhw,2026,0,0,0
K1Z4CV1kCmvLYJnA30yfAw,2026,0,0,0
K1atdJqtMk__T3t_aR1sqg,2026,0,0,0
K1xaNvJAmjtRu2BKgX2Z4w,2026,0.33333333,0.63092975,0.29759642
K2GkgW-VmQzMNFSOfgDA9g,2026,0,0,0
K3BT4Z51sMiJT5wrP08qHQ,2026,0,0,0
K3JUUE6209BUNkXKzDHMyw,2026,0,0,0
K4uKK5Joy2VgBRcg-fzNFA,2026,0,0,0
K5G7p94Tc81ab15hqfnokg,2026,0,0,0
K6Jqw4_mIJ6Qwh0N07T69Q,2026,0.46772666,0.4852446,0.017517941
K6YawFQbXKRYaJp7U3YBNQ,2026,0,0,0
K6ZkptSIH0RjEd2t52N5-A,2026,0,0,0
K7DOy9ed82T7jIG-9uMRlQ,2026,0,0,0
K7XacurUg5CYoyqWn_sy4Q,2026,0.077216688,0,-0.077216688
KAtUyADBgnlz_-fACwuCPg,2026,0,0,0
KAx_lj5FQzXsxjdXf0MLIQ,2026,0,0,0
KBNWnXrZ1oua8r-2XqC_2g,2026,0,0,0
KBh3N6Th5H9xPuOuHPru4w,2026,0,0,0
KBmKxSPxEZIFKdpJFcxAiQ,2026,1,1,0
KC7TeSrNHgzURKg5WKgG1Q,2026,0,0,0
KCFyvih3sGNST-WoyF1F9Q,2026,0,0,0
KCV-jezsN2Zy-UvI8vPhyg,2026,0,0,0
KCxxh5tUtPFJ1itRl6L1Jg,2026,0,0,0
KDIzcYEhJVDBx-yHdq-nwQ,2026,0,0,0
KDw1B6VZ-c0cSobzgRx06A,2026,0.29181045,0.29181045,0
KEnvorQ-3IYbmZn-0F5agA,2026,0,0,0
KFelw8C3xjAAGRFLf_0Wgw,2026,0,0,0
KG9wJGEbeIYtoHlKXcudGg,2026,0,0,0
KGEdaKlPI-Sv2K_pa2HKgg,2026,0,0,0
KGnPTPP-i2l3__OTzA0-kg,2026,0,0,0
KGslCssugNfMLpg0O7tIHQ,2026,0,0,0
KHap5IDWpce1YN--TUkCyw,2026,0.1934264,0,-0.1934264
KHsa9LuymDe5oQr4VSE-3A,2026,0,0,0
KJ3gDnRQqOeLPIVaqr1BoA,2026,0,0,0
KJU2-wVqjc564-TfQUDJRA,2026,0.5,0.38685281,-0.11314719
KJhBBzvW1j8fc5neToCPWA,2026,0,0,0
KKVaxc9egdsWqo6puI1rJw,2026,0.090100009,0,-0.090100009
KLJEugmYo552iwcumLexIw,2026,0,0,0
KLmRc1_e8XBU3KrfTI7oTg,2026,0,0,0
KM76791235_ozKYDmvLBIg,2026,0,0,0
KMi0ac4RBfbWldT974DDiA,2026,0,0,0
KN-buQnAME-90bszLThpJQ,2026,0,0,0
KN9iuJeZvbN66wWDCoRYDw,2026,0.21398626,0,-0.21398626
KNH_UkVfpuL8KUYAlC6-ng,2026,0,0,0
KNI32keq5Xl2JYIppfDfHg,2026,0,0,0
KNK-JvuvvhG0CT9w6B6QTw,2026,0,0,0
KNQz__F64qvKPOxeXPc9Ag,2026,0,0,0
KNw5Ogzt1MNLOvmeuB0saQ,2026,0,0,0
KPYdacGNQeYGIcPIb_MyJw,2026,0,0,0
KQFw8ZysXk9LzVVUfrUmRw,2026,0,0.21840744,0.21840744
KQSRUu4Aapl0hG6eu2v8iw,2026,0.29608191,0.46927873,0.17319682
KQVyujlx9sMmtsEFJXwvBw,2026,0,0,0
KR5jXb96ao9MNcbazoUu2g,2026,0,0,0
KRCo49o_EiW16dvwKbxK3w,2026,0,0,0
KRYsPjfkDvce3zXuxAOmHw,2026,0,0,0
KSrQ-qr-dXCcJadevuS1RA,2026,0,0,0
KTYetzyfqLQDrXNS6L2LFQ,2026,0,0,0
KTZETcx_AknqBhWxeTqTMQ,2026,0,0,0
KTjAW90RJnFK0qaFyJpQKA,2026,0,0,0
KTkzUh-3RtIBZF3BAgb5BQ,2026,0,0,0
KTxe33TKY86VJRm41iBm1A,2026,0.61314719,0.26406812,-0.34907907
KUNb3U-wxhNOpP6hyiKXEw,2026,0,0,0
KUdkYM_INLNV13t5-I7yNw,2026,0,0,0
KUeLqYkpm9ZZXpUVZ4itlg,2026,0,0,0
KV4asf7Xm9StgU07poBe_w,2026,0,0,0
KX5djyGdfP_5cw2SIwvndg,2026,0,0,0
KXNwateTKpzzL_wqYCjoNg,2026,0,0.13959537,0.13959537
KXYRjdlgg-Gw7mwF22ZAJg,2026,0.075973757,0.050649171,-0.025324586
KXshrp838UN9M_J6hjSyyQ,2026,0,0,0
KYeDtGXTg4lsc0MyAwTmtw,2026,0,0,0
KYhEM7n5adDGSB6ZhhgvBg,2026,0.47441435,0.46222696,-0.012187394
KZg0CL06YnHlrvi01vU4BQ,2026,0,0,0
KZjEo1CEvp2NCZPFbe0tBw,2026,0.61314719,0,-0.61314719
KZocgSIZE67mCDQ1tyzLhQ,2026,0,0,0
KbkoIiXYNuA0nd11pZpROg,2026,0.29520734,0.35256832,0.05736098
Kc0OHglUoZN5tWh9sl9iCA,2026,0,0,0
Kc7IwXLrJVqAVMkX6pxWbA,2026,0,0,0
KdGGV9cAFMk7v_7BsWObag,2026,0,0,0
KdIvBUWH78enOn8KlmpxyA,2026,0,0,0
KdOuhBZOpKRDFnLL25CQHQ,2026,0,0,0
KdTcxdCMdOHZtnJCF6qUCQ,2026,0,0,0
Kf5PVQUdDvQYf-MXoeWqZA,2026,0,0.26264954,0.26264954
KglUzB9w3T7ElPQLYysHGA,2026,0,0,0
KhjpIrCWLIzkkPrlu5_caA,2026,0,0,0
Ki0t_-elZgqAQRsaZSOmew,2026,0.63092975,0.63092975,0
Kj7oovbL9IWpNRqBBS7wWg,2026,0,0,0
KjJaXF23qJxyy-ckZ0Svew,2026,0,0,0
KjRDTAoxM2aglc6bwxWlYQ,2026,0,0,0
KjlYa3Wlr60j-PSUZ-KfOg,2026,0.61314719,0.61314719,0
Kk6X_pzmWK4q_fgseMJm_g,2026,0,0,0
KkmADj2xPhJL6DbZRVQcLQ,2026,0,0,0
Km4fALsqos2glOBMz5uyeQ,2026,0,0,0
KmSAsT3sPkZRE2LIMU8Gfw,2026,0,0,0
KmlAcSovYEagg_UOBb_nSw,2026,0,0,0
KnMYCdeVJP9QSY_ZSiwRXg,2026,0,0,0
KpPmv-99jCtrJeYVXl-syQ,2026,0,0,0
KpdpJia6v1bAEjirG0CcqA,2026,0,0,0
KpoPHaTdnKpE8IH7nSJRRw,2026,0,0,0
KqIKwbNtxAc3QjKaps5uFA,2026,0.20210735,0.29608191,0.093974564
KqpaOz5LaeshAHpZJ_XvgQ,2026,0.49531561,0.30260241,-0.1927132
KtRN-Fp5M8HvEqL0PGb_rw,2026,0,0,0
Kv81CkNfyOcLXiGiV0Xjjg,2026,0.46927873,0.23463936,-0.23463936
KwMpbm3hkfR9OslAbOTbBQ,2026,0,0,0
KyjGiDiXPizjePw8mr8dZA,2026,0,0,0
Kz1s7GVA3RYw28_fFBUqrw,2026,0,0,0
L-GYXxNLLX73hFOI96B63w,2026,0,0,0
L-JOEwP6wq5v1GzKuon__w,2026,0,0,0
L0L09rkV4mb1z_B4-BCvog,2026,0,0,0
L14EXo2TXxM8aZccNnZLrg,2026,0,0,0
L1dPGOUpJLbPf0Ddtqxg2w,2026,0,0,0
L2G5L_Rr00wqO2QAlnP8FQ,2026,0,0,0
L2q0wwC3ye1Zpwr_4ymHZw,2026,0,0,0
L2wya1xJQFG4BBunz43gKQ,2026,0,0,0
L2zh8S5jpDD4fqCO6Z3AsA,2026,0.17103308,0,-0.17103308
L3WswuV8N3AwJZoixb5z2w,2026,0,0,0
L4z_gpxzHFhjUVTxgY0N9Q,2026,0.23719771,0.26406812,0.02687041
L5-vb-2aosPUdDJ_VEb-uA,2026,0,0,0
L541HhOM0bNJJ9Q0xPhpHA,2026,0,0,0
L5mbAu-5fXSDSzSaqHiySQ,2026,0.17342766,0.13743817,-0.035989491
L5vrQnmQJxQiIAqa3x3dhw,2026,0,0,0
L62_4r_zHyyI_d5Crizk1w,2026,0,0,0
L73y-zwI6QRXsI-hDVkibQ,2026,0,0.10889376,0.10889376
L8VPewsXl2sHcyuBCqtXtA,2026,0,0,0
L9dWF4VE6EIOmgxba795bg,2026,0,0,0
L9e8Ld37Dca2o0lciqD78w,2026,0,0,0
L9fwROLv90l_JcFlFbPR-g,2026,0,0,0
L9iwCjd6GFGBFAbRfqqzVA,2026,0,0,0
LA4DxijAdk04kf24k0_7fg,2026,0.21992634,0.21326152,-0.0066648195
LAOpiMxzYofaxldIfFNrIg,2026,0.26406812,0,-0.26406812
LAaYMVy5XSfopa5kD2YJLg,2026,0,0,0
LBvlm3xTYAm9j3Nk-KXBDg,2026,0,0,0
LBx6WqhoUc8fTTR-6JIocg,2026,0,0,0
LC0s_RIoX0MMrCYUpnzQjA,2026,0,0,0
LCIb3pARGJQBIcpKwDeMXQ,2026,0,0,0
LDDyvHQZnIfbI4gOH2yjEw,2026,0,0,0
LDw_VP9a22nnxueeCe7BHw,2026,0.15642624,0.23463936,0.078213121
LEvPHj9Xj7FOFUn67dLuyg,2026,0,0,0
LEyRdfEh33INkU_qK3-FAQ,2026,0,0,0
LF-K_ErXvM2V6Lyy2kaE4Q,2026,0,0,0
LFbespOrrHZWnuayx5DI5w,2026,0,0,0
LFeGW2zPI3CONp6pj3acEg,2026,0,0,0
LFeO_-IiI97B2a9K37LuBA,2026,0,0,0
LGSCqlNcHHv0cOF8u_eBxg,2026,0,0,0
LGdsPbczjK_7H6P0ADZkxA,2026,0,0,0
LHsCa_aVta4UbbrcL4hE5A,2026,0.41763449,0,-0.41763449
LIXxRgGZi2mJWrLf6BERVQ,2026,0,0,0
LJ7_2tA1lL85vUQEVU5cPA,2026,0,0,0
LJDjijp3I5xJ-ujEsLhjMg,2026,0,0,0
LK2cFPrCgHc8shHfG1bN-w,2026,0,0.23935591,0.23935591
LK73Jp98VX4eHkEIR-8L-A,2026,0,0,0
LKYnw9PXqlotUFiCdLEtkQ,2026,0,0,0
LMYlEkclQNHbEQ3W1COvDA,2026,0,0,0
LMgQvD7RFHvJsUtj7lV6MQ,2026,0,0,0
LN2eNwjoyTq350CyO0SGzA,2026,0,0,0
LNHVcCbz5L5IfzR6aI67Dw,2026,0,0,0
LO_uLZ2ya4VC4JSXqzSFKA,2026,0.39038005,0.39038005,0
LP883AysBJqOAIzQnIvqnA,2026,0,0,0
LPv176CEXCl7Ggls98FebA,2026,0,0,0
LPvDAfuODxZLoB1aLlQsOg,2026,0,0,0
LQXOUX3_uS5N8j4SJy5Vng,2026,0,0,0
LQqzNWVmMh3wl7UkiN9yVw,2026,0,0,0
LR-Io6XbeZh8omSk9U0Uwg,2026,0,0,0
LR5KLo9TkFbuLTUnQXz0xA,2026,0.18938672,0.14204004,-0.04734668
LRJtjAHA6cCMNvcrhEzteA,2026,0,0,0
LRj6zNRY7h2jIQusw6LxiA,2026,0.25657228,0.24455176,-0.012020521
LSBgWs4JHYzaICHrF1HFmA,2026,0,0,0
LSgpMM4vX0uSLLWHopfbOA,2026,0,0,0
LT2IcjdLzKdUiTa6fdQLwA,2026,0,0,0
LTl0cbH2a8QeQQ3XSA3_dw,2026,0.21840744,0.38685281,0.16844537
LUNYOzST0BxpkatFjZb-OQ,2026,0,0,0
LUNo6gSbyxEY8GX4f3FEAw,2026,0,0,0
LUm7q4tqAETrWVwBKsE56Q,2026,0,0,0
LVLvf4xOZNUESUhEZdufaQ,2026,0,0,0
LVT0AbAlo-kF0uDKEOjxcQ,2026,0.068893567,0,-0.068893567
LVZx4OuHSy3DENWylUaDvQ,2026,0,0,0
LWZPsSBB2F9OwzFSyHn9qQ,2026,0,0,0
LWuQdBn6vp0BFQiR2KEvbw,2026,0,0.084408809,0.084408809
LXpyqnUwfxlh2cwlj98ODg,2026,0,0.29608191,0.29608191
LYbV_fjPzbRs6ePlomPXcQ,2026,0,0,0
LZtBo1-d482VT3slTnOKAg,2026,0,0,0
LaGysanTNxMYRr7ecBy_zA,2026,0,0,0
Lb-0y35-vafOkfd9YBWXLA,2026,0,0,0
Lb4tcMqkfeOmstBaIYi2yw,2026,0,0,0
LbEZNRa1bJ0jIscNMjcZ0w,2026,0,0,0
LbHhjXMAqy60eWzUAYZZgQ,2026,0,0,0
LbUgWrsKlfUCU2TEMNGA4w,2026,0,0,0
LbsFlpZDv9cEFkro88OYQg,2026,0,0,0
Lbya7CziNPkqmNI6ZuLlnA,2026,0,0,0
LczTdwPxaReILvU1mAwyUw,2026,1,1,0
LdF6t1mSXZfQIGTno64FEw,2026,0,0,0
Le8CZWLze1L9yCAUExQIiw,2026,0,0,0
Lej4AcvQu6FJSiG9WKDiHA,2026,0,0,0
LfFVSs7JDKaduaDhb-UGbA,2026,0,0,0
Lgt7Im9mQOGQeC27UQrmOQ,2026,0,0,0
Lgv4kGbOAB5M6FNIU6RsPw,2026,0.30260241,0.30260241,0
Lh3WK2H1bX2WacbGTmLJSw,2026,0,0,0
LhY9_D2sx6Vu_k3Zg5n3vA,2026,0.1418689,0,-0.1418689
LjKuR2y29K_g_xxavtKgIQ,2026,0,0,0
LkCs9CH0LbNzvPzZDfxwoA,2026,0.095506691,0,-0.095506691
LkTGf2kvp65XcSab4osw5g,2026,0,0,0
Lkavnmc1J9TTvk_Vbphb9w,2026,0,0,0
Lkcy1YwwvDuWC8MOPbrGMQ,2026,0,0,0
LkhJe84hwqwbp_vUrTLmHw,2026,0,0,0
LkjyAJk14Sreon1kFMMhpg,2026,0,0,0
Ll7PZ9e57oYEw4MiBvyRWQ,2026,0,0,0
LlNSYCjK_NcQBDc9ANQKBg,2026,0,0,0
Lm6cMA8asvYEl6yak3dljA,2026,0,0,0
LnFIWZM_l__4t8Qxj3pnOg,2026,0.38356637,0.2274032,-0.15616317
LnVjm9CpW3VbYRTLVdf60w,2026,0,0,0
LnkP3dnG7ICAYO4GFfM3DQ,2026,0,0,0
Lnv6mh-gRQ9jDFnswIQzyQ,2026,0,0,0
Lo71ebI_B5R2l2QdLtP9HQ,2026,0,0,0
LoIJhr2YWPC6T1OUAwr1Hw,2026,0,0,0
Lpn57OK2ubkFrUF62Cmwkg,2026,0,0,0
LqKbaXH4b5KXEvpdtXFEsg,2026,0,0,0
Lrk7Q6eJcu1nyDdW0SMiKw,2026,0,0,0
Lrs2ahfuTY40gjPvjivnuw,2026,0,0,0
LrwdJ2NP5IBN4BqxpYcUug,2026,0,0,0
Ls2aG3aBEGvEV5SLWAmJEA,2026,0,0,0
LsEMXiELa5r88OFvVhTEqQ,2026,0.38685281,0.2043824,-0.18247041
LsiJxeThPhqOXIzHkdtBPQ,2026,0,0,0
LtkSNQiCRQPg4yAP_8_RYw,2026,0,0,0
Ltn-FyXdf8F7GW0nRB6nyw,2026,0,0,0
Lu61Se490C1-rIFqczx8AA,2026,0,0,0
Lu6GNx6PnQIbapYTiVHddA,2026,0,0,0
LuyljkMoQ7qYIkRVuSN02A,2026,0,0,0
Lx6GBILcQ0i8NVh4TPjhIQ,2026,0,0,0
Ly3H9o6h9thZpDh-XFJVXw,2026,0.38685281,0.61314719,0.22629439
Lzl6Hvp0qT0vSMHajz3__w,2026,0,0,0
M-dAPAXxbnnwtS6bPNZwJQ,2026,0,0,0
M-dZt24z-7vZQOAMncSWGQ,2026,0,0,0
M-yTiWKFcFvhc4zOep8Mmg,2026,0,0,0
M16zbbRi6grYelJNETHTkw,2026,0.25595802,0,-0.25595802
M1Rg1pBkC2Co1NZP5QSSDw,2026,0.072567831,0,-0.072567831
M2v9ADSNCbR_dwzUlmfe1A,2026,0,0,0
M4mi7ziuhVsgu11HfNRCnQ,2026,0,0,0
M5QAuzQB9ee0ntf9RKkx7Q,2026,0.15000679,0,-0.15000679
M5R1vCodK6Img_fuUOwBMA,2026,0,0,0
M5SNo-S6p-oPzfDhIQkbDA,2026,0,0,0
M66nakzSK154_MWlwMaNjQ,2026,0,0,0
M67YKAcFxK7dlxKLEdtDag,2026,0.078348516,0.060161795,-0.018186722
M67gqdQIpd5fSPS52DBecQ,2026,0,0,0
M6lYbYEL66cyL7ssHBGD7A,2026,0,0,0
M70w-_qBjGdSb7elHjKYsw,2026,0,0,0
M7QyhI3YKX4JTIz8ys6YaA,2026,0.61314719,0.61314719,0
M7XPWbierjOgpEIA7zNpYw,2026,0,0,0
M82JEGjbS-zuulVk8wTIMQ,2026,0,0,0
M8rQPcQcOIo2j-dTp1TPhw,2026,0,0,0
M8ug2RGyPcDoBJxTexXgKw,2026,0,0,0
M9JJt9dn8NGUK1ohQqqIJQ,2026,0,0,0
M9nU5MlA8DXVYVveTp2-AQ,2026,0,0,0
MA5nOvtyvJhdmTbG2fe4yQ,2026,0,0,0
MAMcVyRLCqbF0qtvWBR-Ug,2026,0,0,0
MBr-zUCEJP4DNYtWj2r2zw,2026,0,0,0
MC1BMWcQlA7bgdKvXInZHQ,2026,0.14704034,0,-0.14704034
MC8D2gbr-tA_ZJ2BCkbk1Q,2026,0,0,0
MCTuJmeSmaLl9mPpjtAK7A,2026,0,0,0
MCdNO9oTAiE62ZVAapVViw,2026,0,0,0
MCzlzlOw7IGbRAKVjJBPtg,2026,0,0,0
MDsCNPhMI7Ld72SU0sMU-A,2026,0.13565197,0,-0.13565197
ME9Wqs7-ipE8ulmY3kM0fg,2026,0,0,0
MEYgLM75-2QpDMycAxQvoQ,2026,0,0,0
MEminjfQ5NDcAow16LJ7jQ,2026,0,0,0
MEsAlfjx7NZo9vxN1Dd8YA,2026,0,0,0
MFJT6gvGirEjPW5-isqsjw,2026,0,0,0
MFNxlKyz85Kz7X-bHjE_tQ,2026,0,0,0
MFrKgETT6h52BS2BDPZUOg,2026,0,0,0
MGgWGBHEUkIOc3zc2xTKtQ,2026,1,0.63092975,-0.36907025
MGhd2nlRMNtMapKIstA9qA,2026,0,0,0
MHP22e6cQgxsjblN1TFv8A,2026,0,0,0
MIjgrNyy1DVjJ7vE0TjU-A,2026,0,0,0
MKkCT6R15R2nrURE6VTOgA,2026,0,0,0
MLUnl_DTWJo08LUvcmkL3Q,2026,0,1,1
MLdndQcJLJA5Z5m2xJT3OA,2026,0,0,0
MMYlce0L_M65xeh8SwV3WA,2026,0,0,0
MMoQ22Aow5trC8GQROtNAw,2026,0.095460433,0.17088308,0.075422644
MMsC3QACRbkUz9hTFTjd0g,2026,0,0,0
MN1f6pyuuDvfmd9LLJ_PgA,2026,0,0,0
MNE-2jbVzA9apB_2F4L-og,2026,0,0,0
MNk-bnHSkcovxkiIFuE6wQ,2026,0,0,0
MPkaITLNFLHgQfp4DZ9Pdw,2026,0,0,0
MPw8Vl0UmfjFUxbhJMoMQQ,2026,0,0,0
MQb4_RgMz2nvEM_P8p1NrA,2026,0,0,0
MRLSdcoNQoPbZyMCYQX31w,2026,0,0,0
MRa2O7cX1507JEOkijR8Ig,2026,0,0,0
MTanub3Bs5SPVHshu6vI3w,2026,0.15693994,0,-0.15693994
MTxyaJvKjvWRpKJ1s9kAoQ,2026,0,0,0
MUO0B36Chdh7F7gKqoDcBg,2026,0,0,0
MWFIY_Va5WRkBn-2DsWS6g,2026,1,1,0
MWoMoSMa5jUYVJx4HIsVrA,2026,0,0,0
MWpsxUPDU53K5TfkZDrnVA,2026,0,0,0
MWw5HQ7tn7x0s8VmWYaUqA,2026,0,0,0
MXkZMiDX8oH4d5UhwMSWdw,2026,0,0,0
MY2UnJWmniPtNtqmD6m_zw,2026,0,0,0
MYNZPsFwjUgMzkiG3Xc0jQ,2026,0.61314719,0.61314719,0
MYiHZj1r8dSKTA0TT5rCBg,2026,0.15693994,0,-0.15693994
MZPQ_BdeQEjG1IY194vEVw,2026,0,0,0
MZUAUyIWmewSDS_TM_QFEg,2026,0,0,0
MZlpZ0VbJMmgPafylWvWVg,2026,0,0.091092403,0.091092403
M_S48HaB4FAWECEtrkQCWQ,2026,0,0,0
MaQAiUF7Hwae3qinq0EoRQ,2026,0,0,0
MaRHn1fHEUO87NAuvFk5-w,2026,0.46927873,0.5778596,0.10858087
Maac2mE6nLtol4-xA8DPIA,2026,0,0,0
MbulS5k9kKQ-KpzuC9ZQNw,2026,0,0.23137821,0.23137821
Mc4H_z_-lEv-AFTKO01utw,2026,0,0,0
Mc8hT8SLnE7MgEovQ4UeEQ,2026,0,0.081334845,0.081334845
McmtUYsIBm83KG49SRxfHQ,2026,0.23463936,0.27574133,0.041101965
MdYhRwctt21HA2AbtNvSxw,2026,0,0,0
MdaiGLPoMby-kr-JMw-cZQ,2026,0,0,0
MeXZLDWn4cOz0JLZjMb53A,2026,0,0,0
MfAo-QPgFrcziuygx27K5w,2026,0,0,0
MfDqmwzf1WxvJFtiRKi4Sg,2026,0,0,0
Mfk76Y5Log62B8d-2X5TxQ,2026,0,0,0
MgVnpA76FgNZ6_yTaN04Cg,2026,0,0,0
MhS7agpg3QIqtzV7lqTiIQ,2026,0,0,0
MhbjMiuR74hpqgrjdlZmoQ,2026,0,0,0
MjK1-niGJE32rkrD5a5slg,2026,0,0,0
MjWAKQFv4x_3VuferX1y4A,2026,0,0,0
MjnqhdVybN1mfUFLuwnitg,2026,0,0,0
Mjtg7MxxhO2zSOH2aSr_NA,2026,0,0,0
MkOmStSNJGmdBTgdNsG-Kg,2026,0,0,0
MlglNYibK_ym5EISzUkY5w,2026,0,0,0
Mn5bNE0PxKDCv5S6Mgo9ww,2026,1,1,0
MnLV2qASGYPNjLYGBLjqRg,2026,0,0.24465054,0.24465054
MnXsBKQlmmdjGBqTUpUxRg,2026,0,0,0
MnrpYPKStFZ6a3yyfGBCYw,2026,0,0,0
MnyugICMrmiArOSZFxvxFQ,2026,0,0,0
Mo4jAwTr-etcBQXQN9gBJg,2026,0,0,0
MoJ2wizogHUmk-TkYFcaiQ,2026,0,0,0
MoqK23CgDHaN0pc26wyJTw,2026,0,0,0
MoswiXgmx6x7eUfQM-zd0Q,2026,0,0,0
Mp9XwacsS3q7Sh53-kSrnA,2026,0,0,0
Mpm1I9-Hd7oL6DnUylEjCg,2026,0,0,0
Mt4iYBMsNmsXLjHe4JIIEw,2026,0,0,0
MtJ1XM9PYJlFqjX0n5caKQ,2026,0,0,0
MuQhiK9Z7xIymRRcxJMojQ,2026,0.089617287,0.14204004,0.052422752
MuXo92j7jqQ1s7l2Nfj8mg,2026,0,0,0
MwVqMIGChaj9ktX55UBONQ,2026,0,0,0
MwgzzE4wO-obvUEQt8v21A,2026,0.24239361,0.095460433,-0.14693318
MwriKPfglITzrbjCtqI5WA,2026,0,0,0
MxC6vFBs6NGuN1j236413w,2026,0,0,0
MxEU8pOa1CcNfzmo3mRp8w,2026,0,0,0
Mxn7pIFJQRrwDcYtZddQ3g,2026,0,0,0
Mxr8j9SIIoqvPteBM5aIrw,2026,0,0,0
MyacB6M-zvo-8zmzhhMMWQ,2026,0,0,0
MymOX9wCNglnezUFWXuHcw,2026,0,0.23137821,0.23137821
MzFUUGOjUkqsMrTyQJRbJg,2026,0,0,0
N-Ht9C0IG3In6rc653NhiQ,2026,0,0,0
N0Jt_JFMD76MftOX0EvsmA,2026,0,0,0
N0z6z49Ae8xJXE677xuGYw,2026,0,0,0
N19NgDb6zDEfctJAcpQwNQ,2026,0,0,0
N287myreS385BJ45fMVDrQ,2026,0,0,0
N51icCZQjs9gG-IgJCn5xw,2026,0,0,0
N5TnzrBWuF-B5EAIpOP1Xw,2026,0.33916021,0.47036528,0.13120508
N6KG4rRiHr7Z3iviFElBcg,2026,0,0,0
N6ZKHypB-R1rPp4y2wGeIg,2026,0,0,0
N7s1np3lTXrZRDKFurz81Q,2026,0,0,0
N8ITUUDRBpo1hTNDvk1byA,2026,0,0,0
N9gcGZI9bxNHj9UIrZUeMQ,2026,0.14606835,0.33916021,0.19309186
N9m-ToOPrr_PIpMZJOUr5g,2026,0.1418689,0.1532868,0.011417896
NAOL5r19bYFjjA2MwJnYmg,2026,0,0,0
NARV_o6P-FnAuj5sOknvRg,2026,0,0,0
NB0EI-WmobnhXgplPP3Sdg,2026,0,0,0
NC6wR35fassyqbijJAT6Dg,2026,0,0,0
NCOLtZ2PYH9s-LPrZbVr0w,2026,0.30260241,0.30260241,0
NCX1H6HH5vkKeEmc2gHoQw,2026,0,0,0
NCjQXZnTwxsLYZR-12uUzw,2026,0.2347973,0.42361857,0.18882126
ND2dBckgVv9qGA0te2Qcmw,2026,0,0,0
NE01gVUp3dJEr2o_QxEBTQ,2026,0,0,0
NE5_9qTs-U5Fxljc1EhHKg,2026,0,0,0
NF2plo71mxnUOEsV7L17dw,2026,0.30260241,0.30260241,0
NFJXv4Wg-NDtK3Nbbj5FLw,2026,0,0,0
NFhDlQZw8D5_H5wD8PoVkQ,2026,0,0,0
NGGd_11d2RXR8wTurenLgg,2026,0,0,0
NH8eSRqtvb29p5KiftDm6Q,2026,0,0,0
NHNI2F-xCzx_-3MWOMFfog,2026,0,0,0
NHQrYpzT9pmXy9klzn5DRg,2026,0,0,0
NIhcRW6DWvk1JQhDhXwgOQ,2026,0,0,0
NJXzSdsGOppRW-FYnd83HA,2026,0,0,0
NMOxipsnXc6olWdHYzXiYA,2026,0,0.10778915,0.10778915
NNgQ8fV5ARQgHw-Ob7l50A,2026,0,0,0
NPKfJJfJ9VlMmV_ke1rKsg,2026,0.3065736,0.83155463,0.52498103
NRdwH14W0IAW5XojqjvJSw,2026,0,0,0
NS5_H6As8moDGcaAeyUyBg,2026,0.46927873,0.46927873,0
NSyumEovPw1R58bdPOK5Ww,2026,0,0,0
NTC1siBWrE257DJ1OlAKXA,2026,0,0,0
NTId6AmXei4tRhxSoZ9U_g,2026,0.10858087,0.16716045,0.058579582
NTUyI9W69jke-6bx1M9qBA,2026,0,0,0
NTuR2rhdAqHzcnY-mRb1gA,2026,0,0,0
NV5EoM92xLRhf1r-dD7txA,2026,0,0,0
NVQO9Gt-3S_QxzufCMcuqQ,2026,0,0,0
NXgMTKURIo9--f03WoF1OQ,2026,0,0,0
NXzMECltIUurfWyfJOe1jg,2026,0,0,0
NZ87ZISv0wrqSwNObZ-7yg,2026,0.17103308,0.2043824,0.033349314
N_YhgzpcirpEcfNORYCxgQ,2026,0,0,0
NajX5fDsuIVzbRCKMh24Mw,2026,0,0.16569577,0.16569577
NbA5og9Bn_5Tqe1IfBKiPw,2026,0,0,0
NbJQmy9ZMiFiboSTPHLr_Q,2026,0,0,0
Nbuce0D03EQdaGND4xEotA,2026,0.37078455,0.24355344,-0.12723111
Nc62LdCltCmotSWIU0SLBA,2026,0,0,0
NcOobrUnuD0PMMieAA49TQ,2026,0.076674814,0.067248644,-0.0094261701
NcR2g5Rwqvvhw2KtibHCUw,2026,0,0,0
NcWwNkXrneBMGjZ09gpmlA,2026,0,0,0
Ncmnnq4FmwI9MpNCzBKV6A,2026,0,0,0
Nd9V0NC_FKC4sWP_Oxuuhw,2026,0,0.10633668,0.10633668
NdSNQXoxiFeNZQ1M6uB9fA,2026,0.38685281,0.3065736,-0.080279211
Ndf2SEVjdVLEyoVu02eRWQ,2026,0,0,0
NeHob7fIx06Npl2lQBE9Qg,2026,0,0,0
NeQciVI-AT4i0KUiLPLt1A,2026,0,0,0
NeSlwdkb2hGN5S4kN2xsxg,2026,0.15693994,0,-0.15693994
NejwGXWgAt2mA44mRT0obg,2026,0,0.17723929,0.17723929
NerE99TzQoSR0arpX-cJCA,2026,0,0,0
NfQOO5jBV8MUGu5IhwWHgw,2026,0,0,0
Nfddrl4wLxFW1c7EY4JL-A,2026,0,0,0
NfvTc-UVsbToPvrLG-xDYQ,2026,0,0,0
NgDJ129bTsO5BYhjP8JhkA,2026,0,0,0
NgSkFWM4EqJaVI1Iel1Qjw,2026,0,0,0
NgdpI1UFAlCDWSjCwElhcA,2026,0,0,0
NhQnrNCf2U-tLtrTUs62_g,2026,0.28906483,0.38685281,0.097787981
NhS0E-rFpfYvBpidb4epyA,2026,0,0,0
NiXjMXmabXxnbIejn7VgDg,2026,0,0,0
Ni_NuPz1eqlFkkOdjxh8eg,2026,0.61314719,0.61314719,0
NizNX9WmAbr7scyxdYAEOg,2026,0,0,0
NjqFMy4LC3taVB4Vs6_eAg,2026,0,0,0
Nk1lcym955cxWcd76i6f-A,2026,0,0,0
Nk5rMh0-gexhcqYm9cE00Q,2026,0,0,0
NkKFTgewHoNPq5ivhsV-gQ,2026,0,0,0
NkRwFcPq4sj7hwv-ZL1F3w,2026,0,0,0
Nkh7pUB6LVFQlxaVnhwkBw,2026,0,0,0
NluBCz5vwqPFQrQahoJMBw,2026,0,0,0
Nmb0TzV7VayddteEbO2zxA,2026,0,0,0
NmnGpKRiS_nVCHwEvafulA,2026,0,0,0
Nnz2QtnXOfPxvHO95oAYXQ,2026,0.43067656,0.63092975,0.2002532
No96XjSac4MY64zWOs7lwQ,2026,0,0,0
NpJo9JfDdkKOr7pxLUMd9w,2026,0,0,0
NqaVoiXSVUQLcYwmy-k9aw,2026,0,0,0
Nqlfbw-p6WVmHzgFrsSX7w,2026,0.14606835,0.33916021,0.19309186
Nqsx1iE8MIgPlSVq6WBEpw,2026,0,0,0
Nr_PThiVFPhyZ9Z56zGrwg,2026,0.042758313,0.16642435,0.12366603
NriyYJu68BXbOAXp-2OsMQ,2026,0,0,0
Nrz1IcfbSxBXGNUwvGVIpg,2026,0,0,0
Ns7JZ_BvgI9S6-Rbck4EuQ,2026,0.45390362,0.30260241,-0.15130121
NspEkToYxKfni7BlRlA7JQ,2026,0.30260241,0.30260241,0
Nszq4ZiLgPaYwGTYmdsx-A,2026,0,0,0
NtRI2FHME7rw_gLB3ssIug,2026,0.5,1,0.5
NtVcy09923OKy4ybExessg,2026,0,0,0
NtfpzvbqsOlpv51rBbvnTg,2026,0,0,0
Nv7e6vlwEWbFRufyDWU1fg,2026,0,0,0
NvHxW4eaIjlbrRE-9Qr-Jw,2026,0,0,0
NvK1Gn-Y8IiYVMyLl0YuXw,2026,0,0,0
NwTbzfOu_kttjT4f2g2ZCg,2026,0,0,0
NweI_7czVYENz-bf0MGwHw,2026,0,0,0
Nx4MN1OjCdRXvN5TloFwgQ,2026,0,0,0
NxI3Xy5Lj94g3CdhGL9SeQ,2026,0,0,0
NyJFbWZiDAMmiu3cSl0ckA,2026,0,0,0
Nyg3m6skSRjBm8nttfY_mA,2026,0,0,0
O0Y-NG7Yf8aaRCjyrSWE9Q,2026,0,0,0
O0kOZXgwhg8yeIBNtHnVZQ,2026,0,0,0
O23HmGlwGn3WQomZiK6-Ug,2026,0,0,0
O2ION72ezaJEg22roOGjQw,2026,0,0,0
O2JRQjzrPKMzJ0zqVfMv8w,2026,0,0.25595802,0.25595802
O2nSiafJ5kHuvWZUprPISg,2026,0,0,0
O309sD2Vq3b200i0Roru4Q,2026,0.12681702,0.13565197,0.0088349566
O3s4C-SZfWvEQJD1XhI7fQ,2026,0,0.15693994,0.15693994
O43tL4--1RlSe-0TDiPIdg,2026,0,0,0
O68Furb5kE07-FqyobuLGw,2026,0,0,0
O6Dfyj2QyIfTXVI3a7RELw,2026,0.13032377,0.087471714,-0.042852052
O6fyPA6qm7wXOLlbBv17vw,2026,0,0,0
O7bu0A8vlfbP7aiJxg-Zvw,2026,0,0,0
O8M-LETl8rMBPwr9E8HxXg,2026,0,0,0
OABGPaj3t_gha2RSgq0IxQ,2026,0,0,0
OACjhgf8nnYGzFnOhA7uhg,2026,0,0,0
OBs3ljwDsXT4l33XMM1wOA,2026,0.63092975,0.63092975,0
OBuCYHySOZ8jbNZUI297AA,2026,0,0,0
OCDmQNP5BA4KEMPp0lvgWA,2026,0,0,0
OCpnCxoy885Ot63lf2FVNQ,2026,0,0,0
OCs1rWzfoZKw8prDq_83Nw,2026,0,0,0
OD1GkmP3MqdhbaMyW06TwQ,2026,0,0,0
ODSyLo8F6lEprX4GA75qKA,2026,0,0,0
ODYvyr7WwXuJTHC7Ho6MRg,2026,0.10902613,0.056210658,-0.05281547
OEEecY20Wtb7KEKUlx6bNA,2026,0,0,0
OEHnuBCqWFyumJywI4Jehw,2026,0,0,0
OEYC1UqzJe8ueS8j4mu31g,2026,0,0,0
OExmdhEdcKHQQqXrv6ftTg,2026,0.29283064,0.26896408,-0.023866565
OF_3GY_Ys2SEIRrzefYI5Q,2026,0.33916021,0.33916021,0
OFgjDxPpdWROhjevpJX60w,2026,0,0,0
OFj6KTUzQaAi-ilVJ1OxlA,2026,0,0.10549558,0.10549558
OFuAbvvcZT73bIY5Gw0nZg,2026,0,0,0
OG1plHx9jfsrojJ7qrN5TA,2026,0,0,0
OINYv6r1OMFK9wbDpno9AQ,2026,0,0,0
OIaX_WTVzRL_rqr12FPFSw,2026,0,0,0
OIexgzCdhIRWdrB5bh9tBQ,2026,0,0,0
OIgRxyn7NsaM5ey7NKA97g,2026,0.5,0.63092975,0.13092975
OIl_ZSc0rDE8iphiAjS-xQ,2026,0,0,0
OIwWH9h2kO-IiEAXUZBrzA,2026,0,0,0
OJPJDdU0lJ6KA1xw96Y4Lg,2026,0,0,0
OK1YQ1VOevNthyEdCekSRQ,2026,0,0,0
OKpnJVmBUlAODxpHe_D3Hg,2026,0,0,0
OKsj1wle2qij2ap6sYKw1g,2026,0,0,0
OLGQ7alK4VKl3YdQk6UF5g,2026,0.47844696,0.53610006,0.057653101
OMbFNPoyGMWK0cZT_7pupw,2026,0,0,0
OMvpxF0dEIh9RUNuHPL1Uw,2026,0,0,0
ON0cBq_HOcLJHzUAv--1Qg,2026,0,0,0
ONQANgDo244EXaZP_naChQ,2026,0.26264954,0,-0.26264954
ONlzjNW4Zc757SdszJAWkw,2026,0.33052608,0,-0.33052608
OO0uXgpwcWE8WFoHxOFchQ,2026,0.23504555,0.078348516,-0.15669703
OOxdh40Y4D4JzPUHQkRbqA,2026,0,0,0
OP225qIqZ3GO9qKLbQ47xg,2026,0,0,0
OPD4_ms_n-MVe9Y1zdXR7Q,2026,0,0,0
OPHjqOToMZzO8kOtDKJDSw,2026,0,0,0
OPJ9dnrBz7b2Sg-XtVsoEQ,2026,0,0,0
OPSTvgOmSOw1pIeba23zYQ,2026,0.38685281,0.38685281,0
OQGylmAGV8S1ha7gT-ueCA,2026,0,0,0
ORKDF2lN0elxvh57CTz1ew,2026,0,0,0
ORRYaqPCCsxmKwmkDw9TCg,2026,0,0,0
OSSrITRM1GI_FOZJq9x3Yw,2026,0,0,0
OSWm8WinvceKa3eVD_V1MQ,2026,0.097912925,0.097912925,0
OSvhWnl4HmxXVCCe3j15-w,2026,1,1,0
OTmkaUxsxybXutgdyIyTlA,2026,0,0,0
OU0XvyzxaiYX-GQ2P0cr6w,2026,0,0,0
OUBcB0odYLI2_EC_FD0dZQ,2026,0,0,0
OUKg4qpovErGyaK2o4lS7A,2026,0.30260241,0.30260241,0
OVQuFp-DL-JZv_ld3G0R1g,2026,0.63668244,0.63668244,0
OVoM0VzWh_Mneq-69_GzeQ,2026,0.40118636,0.33034472,-0.07084164
OVp0y_DCselvK1qYLxDV2g,2026,0,0,0
OW9Nl09o0y1-PujUpFp5HQ,2026,0.1175161,0,-0.1175161
OWtSteOrlj4EXnIY64MHFw,2026,0,0,0
OXlfFHsM15JYh_lvat2w2w,2026,0.26246899,0,-0.26246899
OY0lWSo1kw_B84JF89kAFQ,2026,0,0,0
OY9XDmZIqh98AuVTISsRuw,2026,0,0,0
OYRdd_IBcWaIT9tUfLv0YQ,2026,0,0,0
OYXF41CIn-A6YvFWIwjJuA,2026,0,0,0
OYZ_kaSN82mZ1U5dFpogcA,2026,0.074031845,0.2863813,0.21234945
OYbOVRGiRcZX8H6qWDBXhA,2026,0,0,0
OZLQdl_796gZY6KNKiDOzQ,2026,0,0,0
OZMbCqYlYzl14vz5wYEWtA,2026,0.10858087,0,-0.10858087
O_-4xX-JfhDm6S4guIPNdA,2026,0,0,0
O_ImSm4Nr0Mu1pP9obQS-A,2026,0,0,0
O__5zes2PLGkgweVpZhXLA,2026,0,0,0
OaIQ_FXhjRyuExKuQsly7g,2026,0,0,0
OaUXiNC1JHQwj18TVPij7w,2026,0,0,0
OamCzklBesaI_es2dgfQrA,2026,0,0,0
ObERAhPDYXlKSWMURaHlaw,2026,0,0,0
ObdiYzks4mmkMdPBkOk1AA,2026,0,0,0
Obqxlnd9tqJg79eSGDz7_Q,2026,0,0,0
OcVozqwe5DY2boGC5qRP1w,2026,0,0,0
Od2Ev0b92eKrciDJIRVNpQ,2026,0.50117863,0.30017615,-0.20100248
OdEg-1KfHxMw7NsVu5IdFQ,2026,0,0,0
OdhVPRZna4JAW9O8Ih9fcQ,2026,0,0,0
OdpYWPfo1cfXTYpAdVqaug,2026,0,0,0
OdwGzNH5mdiAXkhAm5VV6w,2026,0,0,0
OeMDHEXQcsq0ZGhk9Ta7qg,2026,0.14204004,0.14204004,0
OelREhgIRTQyhzjlAJugXw,2026,0,0,0
Oem5e-7g5QIifQw2YEtpjA,2026,0,0,0
Oenq1G0h8OKf5aJoJrrqVA,2026,0,0,0
Ogz6hTmdEaNSHr0fpOdfmg,2026,0,0,0
Ohs0wfY7twxUBtbr3KHByg,2026,0,0,0
Oi9pGt_YNIfwy3eh3vfQkA,2026,0,0,0
OijPMqx5yPxL9rqPSyErqg,2026,0,0,0
OjRpY468e2bzGweJ2RPHmQ,2026,0,0,0
OkRTinpAJmz6F85_RVvlMg,2026,0,0,0
OkiqWNJ8TIMI7O6o7k0DrA,2026,0,0,0
Okt01PxUVkpZ9IryIMzXhQ,2026,0,0,0
OlK66KgKEaIA1wQZfNfG0g,2026,0,0,0
Om79cAwee6BxWKTgpFYJJw,2026,0,0,0
OmL2bjLvvRxg1brM5Pehgw,2026,0.058525431,0,-0.058525431
OmXFBEYuLpHMClXphGt8kA,2026,0,0,0
OmyuyYiGw0uTs9TNaxgWsQ,2026,0,0.05384557,0.05384557
Oo-Sim3XTQXb0oVHJJem8w,2026,0,0,0
OpVo6uoypyDGIuGiGrwLEw,2026,0.29608191,0.29608191,0
OqMDY9sHyATzGybL0caygw,2026,0,0,0
OqNRT6eb6dt1cjc5Os5qDQ,2026,0,0,0
OqkHQ8MwreMyo8Z7SS6g6g,2026,0,0,0
Or5xse0EKb2M-XiRWHZetg,2026,0,0,0
OriZprtD3fn9PPHIdQq6Zw,2026,0,0,0
Orlm0XkQ4w2aESR8-xnx8w,2026,0,0,0
Osl6vMbpqZaFDG37WYmVCw,2026,0,0,0
OstxoVH10OUxZJF0-Qa-Zw,2026,1,0,-1
Ot3dwSCZ-1m_z-rIoG5tNA,2026,0,0,0
OtVHJZSvBK1E3XhqyZwyiA,2026,0,0,0
OuD6n50u0Sj99BrKWM77GA,2026,0,0,0
OuQZuqvUx90zIBPHzDX7MQ,2026,0,0,0
Oui1mlslgSmqe_W4OqXwyQ,2026,0.43067656,1,0.56932344
OwWOl11P1Dg6qP_vEiXHQw,2026,0,0,0
OwsY3Fu3ZwkQQ5hTdgf62A,2026,0,0,0
OxA9MaydLWwXSxntvCOf5A,2026,0,0,0
OxOQ7zAyo5r2b412YFWN_g,2026,0,0,0
OxPwTirxr6jsthULWBAuZg,2026,0,0,0
OxTyCHf7XnTq_5wCyzTUEg,2026,0,0,0
Ox_r62-qno_BZUGw-cPXPA,2026,0,0,0
Oxa18NucUK_yjdND3u7jug,2026,0,0,0
OxaqY6xoDhFFxyICEX4QQQ,2026,0,0,0
OyGZvP_BcWfhQAWe_M0Ijg,2026,0,0,0
OyR30NL3vv91Ue4soXejMg,2026,0,0,0
OysFen6HrLBZqgkceMzPYg,2026,0,0,0
OzFlKHvGPAny2XSW-Nl8gQ,2026,0,0,0
OzIypRYjodjAlcCgprvpqA,2026,0,0,0
OzvaEOC8eEdkZRNdZYUh9w,2026,0,0,0
P-4deFDF0j7La0-Hlv9b1g,2026,0,0,0
P-XjTQhjj3KYpgZp4n4qfg,2026,0.63092975,1,0.36907025
P0gPl0k1Wj3NX8iD239s6Q,2026,0,0,0
P1n1WG61-QM7gvnWJLc3fg,2026,0,0,0
P1ql2eJpuyFkeZP-LG0JFQ,2026,0.20210735,0.16716045,-0.034946892
P241NkCS4JR-QxUwpsA9Jg,2026,0.55314647,0.21398626,-0.33916021
P2VwTR-pwCZK-IAtNZzU-A,2026,0,0,0
P33YhBFNnILhM3LpP_6RGA,2026,0.31546488,1,0.68453512
P4AH4oEApJLwPjcmnXhlqA,2026,0,0,0
P4ZH5wVCpBro0dMPqKNPMg,2026,0,0,0
P4iywYHwhZuersWm5moVuw,2026,0,0.35620719,0.35620719
P4lw069E2a49BeDCCDBFIA,2026,0,0,0
P5-Ozd8SH1hWsnOVayrYWg,2026,0,0,0
P5NJyc2F0XqF_PpUGhxYZA,2026,0.45250815,0.67138607,0.21887792
P5mgmd_5b6yNhMkjMWWFgA,2026,0,0,0
P6I3coCpOqy_XvnkX8q4xw,2026,0,0,0
P7C05LjMBFK06qKUkAvbkA,2026,0.33916021,0.14606835,-0.19309186
P7YC-vY40th4OP95FcbfRQ,2026,0,0,0
P7yOmRREbV0y2I-NGNUmGQ,2026,0,0,0
P8RWak_Re9CQWMivIW0fRg,2026,0,0,0
P8cwH7A59NgHKFrNjoiojQ,2026,0,0.07102002,0.07102002
P8rHjoGYScawOd_cJlVVFw,2026,0,0,0
P9-0_aUcjMiVW1sUXodekw,2026,0,0,0
P94TxI8PXfebkUpOei1voQ,2026,1,1,0
P9A68Bua9uXTx00oLVMZ4Q,2026,0,0,0
P9CZ-fov-0fkoeJuINHtKQ,2026,0,0,0
P9D0oyIduE2g8LpgsrfgZw,2026,0,0,0
P9SZzPvQYqj4-l-YlPsNkg,2026,0,0,0
P9VcQ2CnhJlpEaWO2Yd06w,2026,0,0,0
P9i9HZ2dpcnMHzgQtV6p1Q,2026,0,0,0
PAVqZDfQFKK4syQTVoRh_A,2026,0,0.43067656,0.43067656
PAmWhKSUyuLOF10P3OcUyQ,2026,0,0,0
PAz_E7AYc_rhuvEQPy4Fyw,2026,0.61314719,0.61314719,0
PCdoT57DhcolXAJHO1J-Dw,2026,0,0,0
PDsv1jjpNUv8jFl0e_bCxg,2026,0,0,0
PE1S795v9Jk08fGSo6gylg,2026,0,0,0
PEhyruu0fJtayrVJ7qYzaQ,2026,0,0,0
PExl1_8Nem6RRSFONFkojQ,2026,0,0.17723929,0.17723929
PEy4bNhloknboiJazEN4ig,2026,0,0,0
PF6XfLREzkN396Q90XXbkg,2026,0,0,0
PFGVcS24whf4aujnA4tXBw,2026,0,0,0
PG0xfupKRqSWqudtgghNEw,2026,0.05613265,0,-0.05613265
PH3PiwKhbji0O-2dmFQ8KA,2026,0,0,0
PIWe5VYOcgzum6ush3nycw,2026,0.13565197,0,-0.13565197
PJCM9FMaRxZvUKmwfnv2VQ,2026,0,0,0
PJHB2s57IVvdPxSA30mlxA,2026,0,0,0
PJcq0kTcTWFYIzc53TxXDw,2026,1,0.63092975,-0.36907025
PKWxrZWyfCoHz9TIRfdh-w,2026,0,0,0
PKzt4KMQpQIRSvOYo3EdFw,2026,0.3590888,0.42749722,0.068408419
PL33J2uP6FM4a5_uv82_rg,2026,0,0,0
PM5GkLmQOyAhYm_0gjp_XA,2026,0,0,0
PN-cx-Cqmg9Dv1OgYtI-7g,2026,0,0,0
POXZeTQNsugdHQGlTGlbyw,2026,0,0,0
POo7dAHxT5klNdEMT-ECoA,2026,0,0,0
PPjTsKzk3GPQZsqjoQO04Q,2026,0,0,0
PQrpCEgd9KLucrJgr_3q_g,2026,0,0,0
PRmW4serpMhAnmbWohRleA,2026,0,0,0
PSwmwGF-8XzINvZiK-Xa9w,2026,0,0,0
PUj0839L0bqfcW_PdDMCLw,2026,0,0,0
PUj5BTAscm67FZQkqe2qwQ,2026,0.053512879,0,-0.053512879
PV0U0arT_AUfjVBtrKfPSA,2026,0,0,0
PV694DKna7yhZr59aVjLMw,2026,0,0,0
PVrvSes-P6E4lWdNfG-peg,2026,0,0,0
PVuLz7If07qR2Xg-RaEw3A,2026,0,0,0
PX0jBsLZe-rfxbEKLrmMCw,2026,0,0,0
PXAzIqui5G7nkdITpvjcAQ,2026,0,0,0
PXFDj-b3QvDvyc7ZjxhVBw,2026,0.040334959,0.037790673,-0.002544286
PXhz-vP0d1VWnNqFWrfmMQ,2026,0,0,0
PZuAsruu-sfYHBXJzEVn2w,2026,0,0,0
P_-nXPCiBGaIxllJVKLevQ,2026,0,0,0
P_2DQxHwueC4Jm2qM-4Uuw,2026,0,0,0
P_UQgUh0bYwxqfuG9Ja_fg,2026,0,0,0
P_zYdFLcWZBVrZypphWBqQ,2026,0,0,0
PajPv8UGfqHcTmVBn_gnWg,2026,0,0,0
PbSEEEHZ1U65qltWUEWdTQ,2026,1,1,0
Pc9KwDxcubbJt_q8sLJjZQ,2026,0.27894295,0.31546488,0.036521931
Pd0H6mlVHwzWxrYgwpdpow,2026,0,0,0
PdOTxqTDRuYO1nyin1rzbg,2026,0,0,0
PdTbDMWOd8IGAVXhilWIrA,2026,0,0,0
PdYmhoq_ZZXjEr8YC6KxXA,2026,0,0,0
Pdb0CDLq5cjQwXEh1MCxUA,2026,0,0,0
PeAsdBlxW_-ixUpE91cEJw,2026,0,0,0
Pg_TVuQdH-pg8nM3SblTKg,2026,0,0,0
PgdIkNN6naDX5PVE7Tp-zQ,2026,0,0,0
PibfOlyhlkgHQQ7QpyQ7ng,2026,0,0,0
PlFPd69WmqqLNB76dCX3Bw,2026,0.46927873,0.29608191,-0.17319682
PlGOItOtSgiiHvwpIM__Sg,2026,0,0,0
Plhj0ySNsfUItaEDSL4DkA,2026,0,0,0
PnQdnMneO4ad2bC14TEkKQ,2026,0,0,0
PoDa9_c1Z0nk2dYtsWcKCQ,2026,0,0,0
PoT8cFP1IE1HGpr59qxEMA,2026,0,0,0
PoW8vfKfNavWIgkTCw79uw,2026,0,0,0
Pozl5pBEIl1h1lfuHD37VA,2026,0,0,0
PpDgljq-rlsWfeGpi7CaAg,2026,0,0,0
PtKK6dxxgmI-Di3YSifgUw,2026,0,0.38685281,0.38685281
Pte-HFCQ-u_7uTverbo_Ow,2026,0,0,0
PuE20IfZb-d8xWcVP0LN-A,2026,0.2529427,0.2529427,0
PuXp3mTMRgrUu9MjQ_zyRA,2026,0,0,0
Pv21UqJ14y9tqGXY2nIXqg,2026,0,0.050108347,0.050108347
PvCZ7xfZqOE8tYTca5yRyg,2026,0,0,0
PwT-fc4ARKVbAfZZwsNNCQ,2026,0,0.079478383,0.079478383
PwVUM9uFdF_ZliTcAzbuXw,2026,0,0,0
PwqpfSOPTVrDmOuOZYG_pA,2026,0,0,0
PxOPw_T32jFlMqIuM3dcfA,2026,0,0,0
PxV93xTBBBuZl4mdR02CVg,2026,0,0,0
PxXeGcukE3rs2qBp3shGFg,2026,0,0,0
PxdzBkkd3SIu0Mhns0vRcQ,2026,0,0,0
PyVYQfFWGc-zVn_cdem_8g,2026,0,0,0
PzsoftVaj2rwo5CIfFZDkg,2026,0.25595802,0.23137821,-0.024579812
Q-23ZJVyyouSn6uMeOiPwg,2026,0,0,0
Q0hm5H2T7OIi6iei0QXeyg,2026,0,0,0
Q1-jGQjH6O3fxbpREyVJWw,2026,0,0,0
Q1hMFc9HKoOam-GDwTgXQA,2026,0,0,0
Q29HIdum2E2HUoRCVLqOag,2026,0.2043824,0.38685281,0.18247041
Q3Wt6TeCLVJYJlEjTZ5JgQ,2026,0,0,0
Q4OPHhni8IqZzJmNLIGNOg,2026,0,0,0
Q4b0TjwnZUDW4FNkYaE7Xw,2026,0,0,0
Q4gSDUYBtrcNwEAfLR9VjA,2026,0,0,0
Q55n0IkKN_Yn_gJLl0t4gg,2026,0,0,0
Q5mN4LibpUgHpC7UksUDng,2026,0,0,0
Q6h7l3gr7YByL-XhAeGP5g,2026,0,0,0
Q6t2SBwkvKS-HRpAuL3QjQ,2026,0,0,0
Q8-bpG6jMCMst4hS1gzDcA,2026,0,0,0
Q83sbl1_z-B58thtpDExqQ,2026,0,0,0
Q9ep3AJTCnA-SleCNCBkxQ,2026,0,0,0
Q9uDr4Gh1x9ustx8bfIawA,2026,0,0,0
QA9_GLoltUtAhvYvWM9wAw,2026,0,0,0
QATvP2P-tyEiKfsq1TRtIg,2026,0,0,0
QAxPC4NQYEXbxRMgjfYsVw,2026,0,0,0
QCRjg4R8eBDLKGPki8sK3A,2026,0,0,0
QCZhSYO1wYtepsI7ybQhuw,2026,0,0,0
QDwLFoqjb10c4UjFqyljRQ,2026,0,0,0
QECIoC39Y9IV1No3MQ7gMA,2026,0,0,0
QEcsV6kCG21ENwXjob9Z1g,2026,0,0,0
QFPtpOs68yDy9EHOUPtw9w,2026,0.13565197,0,-0.13565197
QFVcf9iML955o77em4Z1wQ,2026,0,0,0
QFicJJb8i47vx4MmzDOmPQ,2026,0,0,0
QG0IuQWcCOE6dWQQV5h-Dg,2026,0,0,0
QGOtNZfasBwWCuawKjypYA,2026,0.23811292,0.13032377,-0.10778915
QHd1GXGSTdOKKRwXxCQL4A,2026,0,0,0
QHgzi9eC-LWb86oUrPB_KA,2026,0,0,0
QIr3Q9BYz5YL9mepS7lPmw,2026,0,0,0
QIuguXNpP_q_3y0RqHLGVw,2026,0,0,0
QJRxdKbLm3eJguT0BhjlSA,2026,0,0,0
QKi_awsYOV-grP2yTMsYvw,2026,0,0,0
QM2YesmCmxTvt9BadRxSPA,2026,0,0,0
QMWP7DDG631i8gMQo3L1zQ,2026,0.54139967,0.55850759,0.017107918
QOIqH25Cp31Z8D9sQmGZUw,2026,0.38685281,0.43067656,0.043823751
QP-CmQqlpTDFzQuA1ldEJw,2026,0,0,0
QPPRfD8JxPypOgIP2ekTTQ,2026,0,0,0
QPpKiulFZB-U-Q8ewZq3iQ,2026,0,0,0
QQ5XXy4Io-_PxkRtcBiJzg,2026,0,0,0
QQgvQ4IpMimc5cBNWY4Kpw,2026,0,0,0
QRN-yAxnzXMa0zVH_k-6dg,2026,0.11004588,0.094788364,-0.015257519
QSPUE8emCtBgQ9P1w9P2HQ,2026,0,0,0
QScz2C4EPz6VsFAZT0EDXQ,2026,0,0,0
QSmlNt90OYAtRwT9C5I7iQ,2026,0,0,0
QSqU9yuhBpcCz42BDufXEQ,2026,0,0,0
QTYedYZa1kecqsKEz265Rg,2026,0.14704034,0,-0.14704034
QUDc8OsOEGwAVbq-xq9U1g,2026,0,0,0
QUYg-igiM4Wgrk3o027HhQ,2026,0,0,0
QUjUTDuO31X76TO1W7k4Gw,2026,0,0.31546488,0.31546488
QUyMu9FKTNPv0xreZUPd5w,2026,0,0,0
QVven8caZ_HPkSncLMW8jw,2026,0.22767025,0,-0.22767025
QWYkm2MgrfAc-L28d9CGOw,2026,0,0,0
QXBHj7TlW76kdPh-oQJ3EQ,2026,0,0,0
QZAhLIAmM7TjFy2gsfQFHA,2026,0,0,0
QZq6Co89xnT6hyjIZkgwSw,2026,0,0,0
Q_R-_KEwykXoz7v4S4HRmw,2026,0,0,0
Q_xF3M_vSAtW-7oBkYfO5Q,2026,0,0,0
QaVE9VFA4HcHHkJhf675oQ,2026,0,0,0
QaYoOconVZj3pbA6Zn5-Aw,2026,0,0,0
QawkMsBeNVEACEK_tund2A,2026,0,0,0
QbbgxHXA2aABVOmDPJCVmw,2026,0,0,0
Qc2iqVraqnuA7efVdWscOA,2026,0,0,0
Qc8gaANGOwIctSCyfeVh6w,2026,0,0.080419271,0.080419271
Qcl-ka5E-8to7WZIGuNTig,2026,0,0,0
QczCdRxNPg08FGbrj9n0VA,2026,0.19519002,0.39038005,0.19519002
QdNYs6KbD8rlo1dEUOFFMg,2026,0,0,0
QdsCvj8A9CQpach6_-f2uQ,2026,0,0,0
QeaG8ZW52nwJJdHHoMqw9Q,2026,0,0,0
QffRnelrbdkinfCfBlkvbw,2026,0,0,0
QfsnvINOd1a_ERdRfRrQCg,2026,1,0.5,-0.5
QgXmfJtDOVHhXGMYfGhdLw,2026,0,0,0
QgjbllbQdfN-aHFibYhqhw,2026,0,0,0
QhWb0Bs-q9T9uTjOuaiVeA,2026,0,0,0
QhZX4TYYfUxTAKfnSd_OLg,2026,0,0,0
QiQnYLP4cNMufoZsnxHjUQ,2026,0,0,0
QigcKGefGkJMhVTVXpAvCg,2026,0,0,0
Qj3D2t1AeMIDGPbQtazguw,2026,0,0,0
QjP_u1S__spN5E-fxz8Fog,2026,0.1020974,0,-0.1020974
QjjChjoRF6glRkHlx4s3Iw,2026,0.076750998,0.097128685,0.020377687
QkNgjepXTejTwF5_XHEN-w,2026,0,0,0
QkfAe8aWsmxYQm79DmTTIw,2026,0.46927873,0.29608191,-0.17319682
QkxkoGiIX5L2bhgtJpeJ-g,2026,0,0,0
QleicUERSrGL8fibf7Mp2A,2026,0,0,0
QllbZQT_3Y9m8OeWM4jc5A,2026,0,0,0
Qlvnhz7kIQ69jzgE4dEFlQ,2026,0,0,0
QlzPGhyazdripYUNKv41cg,2026,0,0,0
Qn08B-MKSYv4mqrEfoKxgg,2026,0,0,0
QnHPBx3ZQRBHEYqbZO_5LA,2026,0,0,0
Qom3SKGBa-eWglHe3DclBw,2026,0,0,0
QpLQzRIvNFM9QjqEUdUR5g,2026,0,0,0
Qpddd2y-_LwCpHRvqfZRzw,2026,0.39038005,0.13012668,-0.26025337
Qsk0aTclam9W_DIK6bx42A,2026,0,0,0
QsodJTfQmASzICAvSX4c_Q,2026,0,0,0
Qsx0KGwtJGnlZfUV_VokcA,2026,0,0,0
QuXY2IRH9aIdexbc2ClN4Q,2026,0.49818926,0.63643918,0.13824992
QvKS2MD5HhGlure_n5NCMQ,2026,0,0,0
QwDH0X_jDivSy4MTiMCHVQ,2026,0,0,0
Qx5RP0y3VzyKplHYD9WHlg,2026,0,0,0
Qx8WMsFNHBfx6rIH_G0nBw,2026,0,0,0
QxTMiqAE4Dw-PbeuOcgvzg,2026,0,0,0
Qxb_RDQMCAb_3G1yDXrxew,2026,0,0,0
Qy0zhduJMSLeOaqDaXYGJQ,2026,0,0,0
Qy4qBiz_ZjNaEl8-uNmhwQ,2026,0,0,0
QyR97-cNMAnRI2hJxvPteg,2026,0,0,0
QyTT8QswP1Mj3fT241eMEQ,2026,0,0,0
QyaONBq9-ZHt3my6iygW4g,2026,0,0,0
R-e7QGvUpADgawuEDKpMZg,2026,0,0,0
R-s0RjtnCRaeVW_dZ5DYbw,2026,0,0,0
R-uPcPp8ErRTj8uOA-461A,2026,0,0,0
R0NPQEVtdE-3atyhMFt6PQ,2026,0.25687703,0.2498779,-0.0069991382
R1GSH7SMdj_D_SzFlJxESQ,2026,0,0,0
R2wdfvckYBXNdse6NvB17Q,2026,0,0,0
R3BNk75C3Qwk-a0EgyJ01w,2026,0,0,0
R4X8nwA8LFTNRx7N_ns_vA,2026,0.25190132,0.16812754,-0.083773785
R4ggOJm8NNSCDCqZqPCnqA,2026,0,0,0
R56CBNooRN0xOjUMNuatqA,2026,0,0,0
R6H5Bh_hvmQivtUAcx-41g,2026,0.38685281,0,-0.38685281
R6QCy5sVlySKgqvHb-HhTg,2026,0,0,0
R6TEmXzQ5SYrxxs2MiyH0A,2026,0.43292618,0.44308954,0.010163365
R7L6Fz8_SJuPJx3TqwzfTA,2026,0.22009177,0.22009177,0
R8LJQdJh_jMel1RJT51sng,2026,0,0,0
R93hqQN4I0GE4k8nPlKwXA,2026,0,0,0
R9NPZR3RxACKsiwy3OIiRQ,2026,0,0,0
RBCQewnh3PorMAy5EIvf8Q,2026,0,0,0
RBH68BxAFbakcnhyNnLwPg,2026,0,0,0
RBK9DtlrAOhMtDhfCskthg,2026,0,0,0
RBQkmdMQJAMJUK6O_J_J7g,2026,0,0,0
RCM9xJ7dBVnZaM9rFbD9AA,2026,0,0,0
RD1laXKh5zBiiTIR-zSwhQ,2026,0,0,0
RE0UqmTZH0V-omBNz7jhJQ,2026,0.18672776,0.093363882,-0.093363882
RE5YnCzfjaaTj_zD3ctp_A,2026,0.16104283,0,-0.16104283
RE8PnBEBQ0cPQHSuc6Krmg,2026,0,0,0
REFGsoLynoBWxdTEJeXYfw,2026,0,0,0
REmj73mVB8Vq-xgQr72ZZg,2026,0,0,0
RErGEI3dkzKOXV1yiT_iBw,2026,0,0,0
RF3Sj2_sWHKzpVi4zOsp-w,2026,0.24465054,0.26264954,0.017998993
RFQIFBt1degq26pfaUW1Lw,2026,0,0,0
RGO7_81aYXGvgTp8Ta6sXw,2026,0,0,0
RGbO0H0r09lfTYfwfzfotA,2026,0,0,0
RH-SLGR1BN9K6DcfW7JVyQ,2026,0,0,0
RHGu3IoLlY43Y4-Ssz8pkQ,2026,0,0,0
RHdXUq2tcQwxDsmFfCVRwA,2026,0,0,0
RIGw5WGHK9D4Cj_XPwa8uw,2026,0,0,0
RJFHEJpYndyXYFYozaDuAQ,2026,0,0,0
RJrCpLb6jjfLVIbXV1LuPg,2026,0,0,0
RKGTfi-PkNQYNJvw2nRlzQ,2026,0,0,0
RKPkxOYQlM0BjhM-H6_vAw,2026,0,0,0
RK_q3_WaVFy5Guq1erXPHQ,2026,0,0,0
RKoGprZLKQe2iTwwRRyb_A,2026,0,0,0
RKuB8P9Qifcw2HVy5M5MhA,2026,0,0,0
RLh59rr3vXX9qnqMzUGbgw,2026,0,0,0
RMlnIKv29QoI5b--Lu93MA,2026,0,0,0
RNNGukTRICVvbgPbzjQTdg,2026,0,0,0
RNoj1MZ8fwvEMf0XCrnJaA,2026,0,0,0
ROsac3BfoP3IbI8FVBNhkw,2026,0,0,0
ROzJ3UppTc8AKpSpKs-bzA,2026,0,0.63092975,0.63092975
RPOK4FncLO7ZFvL1La_lTw,2026,0,0,0
RPjCBiB0zM8x2cb8uVU5JQ,2026,0.1695801,0.33916021,0.1695801
RQgRo-TA79LpLm0KSpTzzA,2026,0,0,0
RQnJqB6YEixnrKUXa1jUPQ,2026,0.30260241,0.30260241,0
RR2RIpU3YhkSENifCC0G7Q,2026,0,0.15693994,0.15693994
RS2jaexiKYNpUzjpAwAJbA,2026,0,0.16812754,0.16812754
RSSnjaGB3csBvVAojOCkXg,2026,0,0,0
RSVufKiElGeC8hpn6COhZg,2026,0,0,0
RSi92pZnRZC1Qt9EhEoc5w,2026,0,0.10858087,0.10858087
RSiis4GE8resC9fnbzLw3A,2026,0,0,0
RSnevtiu9a5C5odCuodhhw,2026,0,0,0
RT5LDpIgI0u2GlprpwwONQ,2026,0,0,0
RTQ9HEPfrUrtwSDtzY1cKg,2026,0,0,0
RTqmb5g1ya13T_d1AcGFTA,2026,0,0,0
RU3uXJxBBEKy0LkWSnrTFA,2026,0,0,0
RULNu9f_GvtcOcz_gf0YGA,2026,0,0,0
RUpWqyxlEdW_6kWBUELQ8g,2026,0,0,0
RVwAeCTcd9P6g9y1eqQVPw,2026,0,0,0
RW54QoTkuyAWU5SM1I7lUw,2026,0,0,0
RWzBJ-9JzJB32DFczkPWuA,2026,0,0,0
RXIeMdM988krQQDj6cXwJQ,2026,0,0,0
RYKF-828hPSbjlsGw8ZPpw,2026,0.39038005,0.39038005,0
RZMA13MQoFpA6G1xVsWs3g,2026,0,0,0
RZO4mXMQ3ETRSilbtXoL_w,2026,0,0,0
RZpUrkKNEQ_9qzuigz1ytA,2026,0,0,0
RZtZPQkDqGLUPgVuINGtTw,2026,0,0,0
RaqNKbbCXIIC5_vdvD4TcA,2026,0.08908027,0.094606347,0.0055260765
Rato4dlfntx6UpyTfOkH9A,2026,0,0,0
Rbi4_j_QTRRfoUkSxMyXJw,2026,0,0,0
Rcrg_WMhz6KUu-uDhEt38g,2026,0,0,0
Rdio2P-n_5-mfwF0KWrl6A,2026,0,0,0
ReOxQXEQAUJSPrwm5NCT7g,2026,0,0,0
ReomZd6vQUU08tJZiQdccg,2026,0,0,0
RfprZthzb2W7VWhJxmzSXw,2026,0,0,0
RfvxsUbtavnboeo8lZqCrA,2026,0,0,0
RgeU3JYPzIbg3m3jfsdXUQ,2026,0.12011566,0,-0.12011566
Rgf3LmaAm59puuS2q6rUQw,2026,0.27487633,0.27487633,0
Rh6zgwhiV4jDP8be99AkgQ,2026,0,0,0
RhctH2CY3WDimZHTBEibcw,2026,0,0,0
RkFshRb7-ya7-HwOII5jZQ,2026,0,0,0
RkY3bDoxG4a1FSA_tuD3Eg,2026,0,0,0
RkkLVLZUGHAf1jW0l8Vq3Q,2026,0,0,0
Rl2IuP0Ur2Z__1gVGNrxSQ,2026,0,0,0
Rl2ZJuOEVo12Q1MLREMVGQ,2026,0,0,0
RlEryoNlZnAj6r-9GSwLPg,2026,0,0,0
RlND9RT8rCwawH7KHO4CqQ,2026,0,0,0
RlOqxqYFCUTBohlpxRn-Qg,2026,0,0,0
RlhRj59gChHcfqVNVr0iYA,2026,0,0,0
Rmrn-574b7-wpphvsWia1A,2026,0.24942144,0.14606835,-0.10335309
Rmt2ulyMMXxIrmseOjGKMA,2026,0,0.12681702,0.12681702
Rmx6mTKPP_l-pLE4pSzqAg,2026,0,0,0
RnCmtdyeKmiVFFvz_NZD5A,2026,0.17723929,0.17103308,-0.0062062027
Ro3wf_oJaL3xdbHE3NzfHA,2026,0,0,0
RoB6wgJwPBHCi-dplCR2rw,2026,0,0,0
RoaW24eylvH2ZA6NUniE1w,2026,0,0,0
RocHF3CKht-UD-Ca0vfjEg,2026,0.54789563,0.79038648,0.24249085
Rod8ij036KYYX6ZTpONTpQ,2026,0,0,0
Rpg5D_chzAbkQTA8ks_now,2026,0,0,0
RpuHjlLqJBIQoszxwBokzw,2026,0.19635794,0.047089081,-0.14926885
RrQQ4TfvnyfrHrQU_Ux2Ug,2026,0,0,0
Rsgdryta9GXIXrwlxuijJQ,2026,0,0,0
RszODUabSVmwm8LzeT09KQ,2026,0,0,0
RunzAiqo8ypoXQBZQPIVUQ,2026,0,0,0
Rv4tFeGI0Y9W36HEc0iCbA,2026,0,0,0
Rv8seYVcBW28UY8a_1nC8w,2026,0,0,0
Rvn-Ymc8_9z4vbcm2ZwenQ,2026,0,0,0
Rvpknpf-tqhEe2zc4qmJDw,2026,0,0,0
RwLCUabG54ttGGzL-t1bZQ,2026,0.13012668,0,-0.13012668
Rx-yuTcHTBZ8cJWQPTu9IA,2026,0.29608191,0.12011566,-0.17596626
RxwQtY9MjPMdQWqv57yvYw,2026,0,0,0
Rz1w4WzBRDYZOMHtOoWDRg,2026,0,0,0
S0ES0FcpKsZeo4aEP1Kx9A,2026,0,0,0
S0k6z0PW1yCGPsr5VnyFKA,2026,0,0,0
S0mnUtaM2FctSXcGwxsUfw,2026,0.25595802,0,-0.25595802
S1-cbVcXw7PsW1GGl1H-xg,2026,0,0,0
S1BnbE7NLgidjhbqPGJlsg,2026,0,0,0
S1c-e2hdfXPH5MFIKNxTjA,2026,0,0,0
S2H9vQ8H_SPH_QAD7a3_jQ,2026,0,0,0
S3IUiaj2TELlZSUpIZ7cRg,2026,0.19519002,0.39038005,0.19519002
S4JeThIhKiKjnZWkZgIlgQ,2026,0,0,0
S4YtUN6caZHcXXEYG29xjQ,2026,0,0,0
S4b6AJ09NBYCde-kUVVfKg,2026,0,0.38685281,0.38685281
S59QzY7MKj6MHedX6gTaHw,2026,0,0,0
S5Dicm4VnvzPBzuJDOFolw,2026,0,0,0
S5NIuxh8fx7THxtl81rFYQ,2026,0,0,0
S6FS5m56P5IUzIjl0aOSBg,2026,0,0,0
S734_bHNK2aA6B3CLl4VMA,2026,0,0,0
S84rIUvqA2S0gtpmoK3k_w,2026,0.10893649,0.32129747,0.21236098
S9tQLRs4lkR8QK1bjKH32g,2026,0,0,0
SAaFAf82JpQsbHBGSnkn2Q,2026,0,0,0
SAbmtqOzEvzYKT4Qo9z_7w,2026,0,0,0
SAfSKcsaKe9TghNC5174WQ,2026,0.078474282,0,-0.078474282
SAgf1IxxuomOWSIDzy07pQ,2026,0,0,0
SArvvUezHN-9AcXs5bg39w,2026,0,0,0
SBLXtRTOaZ0hu8bwpz-alg,2026,0,0,0
SBYCyB-fEM1o03tW7id1QA,2026,0,0,0
SBal_DUb_bBdp6eVSUx8RA,2026,0,0,0
SBtI1hglZZcviXaWLa-HgA,2026,0,0,0
SCPc0B1NccA79yvM2nTzVQ,2026,0,0,0
SD23bg8BuhCl5JUiAu6nxA,2026,0,0,0
SDSqjDHBBxix-vCK_0bmsA,2026,0.098039286,0.091654028,-0.0063852579
SDkGatUfx1KfKnwXKfkTUw,2026,0.043668799,0.10053854,0.056869739
SFqfCznzp80TAlQitbxPIw,2026,0,0,0
SG9gzOvhFXjTnmZD6IEV1w,2026,0,0,0
SGPCLi-kVZ_pz1w7VJtkeA,2026,0,0,0
SHYVuK2Xk3jPL6ESR-Xl2A,2026,0.61314719,0.3065736,-0.3065736
SHgi3Vu9WkokLzxQjKQ-0g,2026,0,0,0
SHyWxJxb-mKiNgHPUSu3_g,2026,0.050595683,0.044808644,-0.0057870394
SIPopkw4prrb-Zy43e7YZg,2026,0,0,0
SK44xBO2pbOuQ5249ks_4w,2026,0,0,0
SLTSC9rnESejXJhj466aYg,2026,0,0,0
SLutFo-ABke3cNjDVhTliQ,2026,0,0,0
SNcM_q22GwHCLx0DEMi_zg,2026,0,0,0
SNfdtNKgPf7seqxF2NKwNw,2026,0,0,0
SOE_XdI0k-M6YJ1vIqbo6w,2026,0,0,0
SPFbEfTgtcLdMs-uBWIBUw,2026,0,0,0
SP_xjw_WZwhCLSMJuKGPMw,2026,0,0,0
SPuP2IsXl79IKaHQcQ2xRw,2026,0,0,0
SPuzzZ0VZ1yyD3s9ObLnaw,2026,0,0,0
SQinyR2zvyQChsqI-b52KQ,2026,0,0,0
SR25hx0umMJoZMcv-9QQIA,2026,0,0,0
SRWKHVJzA--CfRrT5sKzIw,2026,0,0,0
SSrLztnvLFYaAfBxJN3hFA,2026,0,0,0
SSuPn2A4f-L4h0B6KEhojQ,2026,0,0,0
STO9KprPS0pZVO75VX_bvA,2026,0,0,0
SU9upI0FSXM5I2sqoMHz7A,2026,0,0,0
SUDPIeLdAWsKbMxVq3IT3A,2026,0,0,0
SUaFTwRpkLOd8QwE0iDaaA,2026,0,0,0
SW5W5fIy6w5kRxNLmphwIQ,2026,0,0,0
SXSeBBwE1RT5ZXwUBkB8yQ,2026,0,0.099920907,0.099920907
SXm3Tb9h24GHOr0NOy96gw,2026,0,0,0
SYJ7-EFUATb0E7qkKedw-Q,2026,0.39038005,0.39038005,0
SZ-cdOCtzvu7UHwbq_HJdA,2026,0,0,0
SZGYN55UWVgCR62899yfsA,2026,1,1,0
SZMHe7wuFY6d71QrvXP26g,2026,0.38685281,0.61314719,0.22629439
S_UP_ifYBO7bupTPzRK8aQ,2026,0,0,0
Sa1GPVlNdgFsGm-yloQNRA,2026,0,0,0
SaYctOj-v2LNNkD4EXtZUA,2026,0.14204004,0.28003464,0.1379946
SafmfVz8JcH0jQ50nJTt9g,2026,0.073477391,0.073477391,0
ScTmA4hTN0x5Ug553epdsQ,2026,0,0,0
ScmsypB6yw-UrlGzfETB_g,2026,0.23137821,0.22767025,-0.0037079645
Se5ay5HqEa_cPS1ZXmJ1cg,2026,0,0,0
SeTHJctzkxoX5cT2valCew,2026,0,0.14704034,0.14704034
SeWsQoYPbQuMAqfRNNS6Jg,2026,0,0,0
SejRcRXlLmQYZPNBiSPlcg,2026,0,0,0
Sevmy_LxMAuUqK6E6rImZw,2026,0,0,0
Sf3LGHUsHr5ZocB5b2TdNA,2026,0,0,0
SfUNvdUFys8CkgRDKBOpvw,2026,0,0,0
SfjmhttjXH8wAuYTciNwtw,2026,0,0,0
SgMryjAlGfW8KGxgPGd3eQ,2026,0,0,0
Sh7VW9oiQ6bSMzb1ExQfdw,2026,0,0,0
ShAOVNAF6QDFABSrcvhcLg,2026,0,0,0
Sh_vUlHHY2Kuj14eF8NYZQ,2026,0,0,0
SiQYmVeOiCA44GPBvokTXg,2026,0,0,0
SigXA2Ff2Cm8hl9U47ZzPg,2026,0,0,0
SjC79vcEES6fQZBBCiMdYg,2026,0,0,0
Sjs1rEw9uUSrk_XnYFmwmQ,2026,0,0,0
SjuPkIFCDW30P3dEAHIgXw,2026,0,0,0
SkH6Ih32-AXVbQ-vVSovFw,2026,0,0,0
SkTfptyQGBQV5EuH4i_Ebg,2026,0,0,0
SkljnlkwP95Ak-C_MRMb4A,2026,0,0,0
SkrqglaWKXpeuFMniJO87Q,2026,0,0,0
Sl9o87a8YDOJKdGUUkjWYw,2026,0,0,0
SlY0sqfR5ICp9wXwwRxEvQ,2026,0,0,0
Slc16vviuuTWgZ9OsaJzKQ,2026,0,0,0
SlcrEk8sE9whYKkiWgR3hw,2026,0.17103308,0,-0.17103308
SlioFfHyDspFlV8IM06mnA,2026,0,0,0
Slp2CsM93OBoTrbt6iPpvw,2026,0.12315119,0.10889376,-0.014257433
SmDz9XEBEhM-MKQWZUX7nQ,2026,0,0,0
SnbjdOdKpV1a0FKJmWYNlg,2026,0,0,0
SnkCFw-qkZpbfucAqnvnHQ,2026,0,0,0
Sp1_SPbLT89WlLv1j-78Ng,2026,0.090325438,0,-0.090325438
Sp_Ok9Z2azGHv61ovMOG2A,2026,0,0,0
SrDmD3UP8QBsJnjK4iOLZg,2026,0,0,0
SrLubbVCO5NmVQTATq2ysA,2026,0,0,0
Srlku6jQD9CHav68Iwev9w,2026,0,0,0
Sru74jmh8G7Ny70RVUnU1Q,2026,0.087471714,0.15130121,0.063829493
SsA3yxts39e2YjVPWGO8Rw,2026,0,0,0
Ssi_i_Em3npe0PcQwiazxA,2026,0,0,0
St4SwA_Ngw_hJfmw2HS_DQ,2026,0,0,0
SuB52LlawFfoJQvzMGUN_Q,2026,0,0,0
SxY-gdlcWLJG4X3lrPzILw,2026,0,0,0
Sx_VnRbh4TMOzz4oNAGvDg,2026,0.20909053,0,-0.20909053
SxkOo0Ox-ijvdK4mjwZXaA,2026,0,0,0
SxxvSAvwZWBNZnGBcUC_IA,2026,0,0,0
Sy4XrEySTmKaPkH0zO4RSw,2026,0,0,0
T10FtMoGMhyOsc8OzsGV0g,2026,0,0,0
T3wdKRBfHPpydOob4rESPQ,2026,0,0,0
T57CqtZK-Dc3vlnLb4wLmg,2026,0.35519615,0.21865789,-0.13653826
T5S_vB-syX-Nwin0nwMZzQ,2026,0,0,0
T5UVwLPzLLJKmlUgJ9ZHCw,2026,0.24169009,0.1782103,-0.063479789
T5_sIy-5rsrqzh5Dri8PmQ,2026,0,0,0
T5cxi0xkaLgJsw0U4z4d0A,2026,0,0,0
T65MUTdDVeSQx4mQBSglNg,2026,0,0,0
T6TInNEhz-qm5tT_ZjQEoA,2026,0,0,0
T74YydMjw7NJX6RwmMgSaQ,2026,0,0,0
T7AVmkj5XlSu9PbE2x_kBQ,2026,0,0,0
T7GOu_HC3u7xzJjQY691KQ,2026,0,0,0
T7RQKxz3PMX0g34yOp2_Qw,2026,0,0,0
T7vY_gyFK9GfvmNp6K33OQ,2026,0.74432414,0.58159436,-0.16272978
T8RXJupSDfSc1Mb-iV5gbA,2026,0,0,0
T8wqkLyaktHi9a6AtHnTCA,2026,0,0,0
T96rfdKfWCNIKX1W6rr7iw,2026,0,0,0
T9HznDnlvehxInpzxWROYw,2026,0,0,0
TAbUes8h_qzYAb6t6Hs2qQ,2026,0,0,0
TBtZ0m-FG22_tjaZRVOauQ,2026,0.23463936,0,-0.23463936
TEVeRSvzkVdC29MTUWdUYQ,2026,0.15642624,0,-0.15642624
TFYwPj2wHBA4aHSiZHkTAg,2026,0,0,0
TGLXE79kyltqL4CJHkNHqg,2026,0,0,0
TGhd6FvWsVfOyXpm3VbvzQ,2026,0.091898943,0,-0.091898943
TGphCFbodes5J6c36F-xYg,2026,0.41253178,0.34304271,-0.069489068
THB5XX9AB9dmDcN4CmLVmQ,2026,0.21840744,0,-0.21840744
THJo4sOXgM4jxA9UUocJag,2026,0.073363922,0.21222637,0.13886244
THqNSHvZAyeJKuL05Wzbhw,2026,0,0,0
TIOaPyCdAY8I6qo3A7AAYg,2026,0,0,0
TIXmjkgPQo8sYnryivAHGw,2026,0.099920907,0.13905618,0.039135273
TJ8Hawan8jDIZHS7AAZJwg,2026,0.09021675,0,-0.09021675
TJLkTkFZKwPzYcsGy5Aoag,2026,0,0,0
TKh6KhL749k-aNzNske4rA,2026,0,0,0
TKiOTvHSsQ_c4D3f81yYwQ,2026,0,0,0
TLNI1VHqpKDz8W7xQhIbAA,2026,0.1208113,0,-0.1208113
TMTe5IQSA_YBupSnpkwhUA,2026,1,0.63092975,-0.36907025
TMvw_P9T36Jqm3Q8pxlwEQ,2026,0.10778915,0.095460433,-0.012328721
TN0VgSVMPG58PO9DNEJS4A,2026,0,0,0
TN8MlAzzOhZu9mvX09F6cw,2026,0,0,0
TNwbpJSkflp3HPCal_m2mA,2026,0,0,0
TOgWJlfkKXrkbZUp9i0-aA,2026,0.18154179,0.13565197,-0.045889819
TOtCT6RbDCALsfcM_Pqe8w,2026,0,0,0
TPdzRQGdxoF3MOrJFrASLQ,2026,0,0,0
TPe_Fjjy3c5vHbu0S6p_RQ,2026,0,0,0
TPjf6z1K51f6jUlSFAqQWQ,2026,0.61314719,0.61314719,0
TR1I05l15RZM3BtWrMG9_Q,2026,0,0,0
TR4nD7pSr5LqGLEYj7Fd0g,2026,0,0,0
TR7ezcRznfr1Jif7euZZJg,2026,0.39038005,0.24630239,-0.14407766
TRdefJK49S_7K4IpG2dMZw,2026,0,0,0
TSHXYGNL7t4PLAK6vSYKyA,2026,0,0,0
TScQOePItzkSe-Iw6oX8oA,2026,0,0,0
TSg7QXEzlATI1yBEgpz8Zw,2026,0,0,0
TSzhi6D3KbLgXtpdQPl8zw,2026,0,0,0
TUOAjK2k6EpBExfYGdjcBg,2026,0.10792564,0.18672776,0.078802128
TUrTnoXPx3U_36FeW57FCw,2026,0,0,0
TUwu8kdkdz2RNHqeaSKcKw,2026,0,0,0
TVN3qoXU0-sateboutdCZg,2026,0.074031845,0,-0.074031845
TWmxIDteMA-_Pb4AttY6_w,2026,0,0,0
TXBlXlRepEljAkDpWjI8tg,2026,0,0,0
TY0VBMQoRQF9Pv3x3Ekqhw,2026,0,0.095506691,0.095506691
TYCkjEHPSJSnFb6m6GDluw,2026,0,0,0
TZdq4_qM2NZBQkigO5m6ig,2026,0,0,0
TZh5qEew8_f1qpbuWEON4g,2026,0,0,0
T_XXcWSA9eMp0U7k7jFlFg,2026,0,0,0
Ta1lLyGqPxJbOAwWqQw16A,2026,0,0,0
TblUttf3s3eMBeW9KTCsNw,2026,0,0,0
Tbzt5g2KsYRlzHMtsuaTEg,2026,0,0,0
TdDxMS27vu0fXXxIvz16bQ,2026,0.5,0.25,-0.25
TdRW7_XEJDibEUPo-IGSzQ,2026,0,0,0
Te3BwftEFN8C9WxImhfM_g,2026,0.10229527,0.32779596,0.22550069
TeRRWmSTokpfPV-FxhnwOg,2026,0.14606835,0.084790051,-0.061278299
TfEkEzxjvs1WDM6cxUnzKw,2026,0,0,0
Th-A3NlhCWBqbTzBZ9Tc2w,2026,0,0,0
ThE_x8A_n4vihdTMYjeOQA,2026,0,0,0
ThrbbVj_TZ8V6I24DBPLuw,2026,0,0,0
TjjmUb-Sxryk4Npt1QVgXQ,2026,0,0,0
Tk7jxxIRAL83NakQkDkMoQ,2026,0,0,0
TkXMUw-JsVJa-qtX-EVHOg,2026,0.11047239,0,-0.11047239
Tkd0zyvvU2_cN2SiGdNjOQ,2026,0,0,0
Tl5Xtd_LDMN6mQTK1Rxu_g,2026,0.3065736,0.61314719,0.3065736
TlwAJNdq5xgl-81lKoLsfQ,2026,0,0,0
TmWLsjALoNouy5UkdVMsWQ,2026,0,0,0
TmfrpEbLtBrrY6Cj8d3kQw,2026,0.33333333,1,0.66666667
Tmg3uetxUI8nuR-KHp7gPA,2026,0,0,0
ToF1FkCN5kFo4nS4XT6TLg,2026,0,0,0
ToG-oQVqhKp00tjlSxQZTg,2026,0,0,0
Tok5zBSJdWUhew9rqVHIeA,2026,0,0,0
Tp9EvdZZzFFwfH1m2SVJ9A,2026,0.30103,0.27023815,-0.030791841
TpKt7rQVO475RjNi_PJ_rQ,2026,0,0,0
TrOgeAyvIgIQn619jJDhaQ,2026,0.14204004,0.14204004,0
TrWDuLzeq145toGpoXOEQw,2026,0,0,0
TsKCKb8RvMLo40ZBPIYlpA,2026,0,0,0
Tsxfh-GlWLiBjG6Sgte6-g,2026,0,0,0
Ttn1RtATzZBtWsx6MoPGqQ,2026,0.27271611,0.30267735,0.02996124
TtnKZsZvtVaLUiC5ZAtarw,2026,1,0.33333333,-0.66666667
TtuLyYy4Gf41XA2JUQgY8A,2026,0.1782103,0.1782103,0
TuRtYw4FvpGffb8z_00Qxg,2026,0,0,0
TvRR10a-WvrfO7i3BptQoQ,2026,0,0,0
TvormoEZU9XbdjWZfXCjow,2026,0,0,0
TxbNdf6t6k_ap7JjKaPCJA,2026,0,0,0
TyXoKaSUkkAXdd2R950hIw,2026,0,0,0
TzEpR2MQzNoFaRsDVcPJFw,2026,0,0,0
U-GZYnsSYuTAwDL1HrHJlw,2026,0,0,0
U0AkWphEhV-q9F3C8cQvMw,2026,0,0.18343224,0.18343224
U0FyH4O8YBk48g03qzbjNA,2026,0.61314719,0,-0.61314719
U1dP2OptDNV6gUkYSjvztg,2026,0,0,0
U1jT2RtGyYM7eNilWw-3sw,2026,0,0,0
U39V-PPTgJwFm-AjG5sn7g,2026,0,0,0
U43Y142p-WpNR2I9KztTPQ,2026,0,0,0
U4IUVP5oYoLdUoIf5TgbDg,2026,0,0,0
U4WYpjKw10iW_zUgxQi0Iw,2026,0,0,0
U4bbjn2NtjyFOf6JUM29_A,2026,0.61314719,0.61314719,0
U4dBJgRR_oWYl8b2WSsvHA,2026,0,0,0
U5qVyl-JP0scbJLDZvYc6g,2026,0,0,0
U6-6AaTVUQLwJp7j7v-tYg,2026,0,0,0
U688Gazae9NXbYYwolmYCg,2026,0,0,0
U6Ro-OI_fQv6aIX6q95BJg,2026,0,0,0
U6We-QO-l3rOnhiRtu9nrg,2026,0.33916021,0.33916021,0
U6aIMZbBZxH3wKQZs-7WOA,2026,0,0,0
U6vKvA3SxF8Ji2oDj42YMQ,2026,0,0,0
U7FKiS1eROsSzBg-7Ohr4Q,2026,0,0,0
U7FNfBRQ0JdgjGUYSvKBHQ,2026,0.61314719,0.61314719,0
U7aysStyFtCUVdFRTpMQ3A,2026,0.85034491,0.48247556,-0.36786935
U8zApucx3_B92sqmEdUs9w,2026,0.15850704,0.066254223,-0.092252816
U9O0_DHtkdRaic1cWgXXjA,2026,0,0,0
UA477JC4yYwk0sX0HdqPfQ,2026,0.28960217,0.14434031,-0.14526185
UAIcZS-nCgTX067uUT-fTw,2026,0,0,0
UA_qr6abNcBWsRgXPldEHA,2026,0,0,0
UAwn-0rPwoXe1koJN-Pp1w,2026,0,0,0
UBYIZvyDoqSmvyM65QLUKQ,2026,0,0,0
UBiJ0YhkHZWM1CuUTy-2qA,2026,0,0.2529427,0.2529427
UC7Nzj-YqDKrYqtbKSiZvQ,2026,0.16569577,0.17723929,0.011543521
UD-8cTOi8Bac3SZ-TBk3xw,2026,0,0.1418689,0.1418689
UDQI6MyqcoC5MLF7tS6aow,2026,0,0,0
UF93ng54bB4981krwCMmKw,2026,0,0,0
UF9FzbSw8DaxuDKYdLDLjg,2026,0,0,0
UFWLdBejhqMt5c4uq2-mpA,2026,0,0,0
UGuE28WBdxqvbg-f36ViiA,2026,0,0,0
UJGimjz3mriAAWQwzeVWfA,2026,0.46927873,0.46927873,0
UJSe-x7OSLZ-sIsv4gqfng,2026,1,1,0
UKU5x7fgNWzzdpCh3PqS0A,2026,0,0,0
UKjsdQvypama0X_henp77A,2026,0,0,0
ULUa0fQawIzMX2SpcDT9-A,2026,0.46927873,0.46927873,0
UMjZw1nfSbT4Y1i-c1D_6w,2026,0,0,0
UN6MXJuhyGcX7LTj4-b7FA,2026,0.21306006,0.23860416,0.025544102
UNoo0lO-A3EazsWT53REdg,2026,0,0,0
UOj2QYz-h2ulUQ6_neLikQ,2026,0,0,0
UQQR0cuTHEjeGNkmGSBLNA,2026,0,0,0
URl85BbSrpLfsGHytTYHxg,2026,0,0,0
USJDTNYrWHnn73YOIPpTdg,2026,0,0,0
USVo1Inok4PqkbP-hNKgIA,2026,0,0,0
USfovyfryenT69j_tGmI-A,2026,0,0,0
UTOcFxq-MQ4kYt2iokiq-Q,2026,0,0,0
UTf4tyyn1SubhB3Eoqgcaw,2026,0,0,0
UU-Th5R_o0I_v7Z5eARz_w,2026,0,0,0
UU1H7HHPZwP64h3BgEipsA,2026,0,0,0
UUiUo5iI2WvaIxUDe1-smA,2026,0,0.079478383,0.079478383
UUlsjgTZVzzTwBL0fqWK9Q,2026,0,0,0
UUvbwEKCAZcwQ_Nif_2pAA,2026,0,0,0
UVMWfFx7cZTnwooIYkpw9Q,2026,0,0,0
UW9lHlMmAWWNshOU56cQ_g,2026,0,0,0
UWKbL2ti8i0GZYBHpXkwxA,2026,0.61314719,0.61314719,0
UWV8IMR-eYOLOvLB9U5ZSQ,2026,0,0,0
UWfzWr4egGzG7Q3_GOT9rg,2026,0,0,0
UXeuqC7Mz9rgKocbN6Q23w,2026,0,0,0
UY1y7ceTlilwE2rZAGIucg,2026,0.81752959,0.91972079,0.1021912
UYgAC9mvMYc12Ufc5KVUnA,2026,0,0,0
UZn3xktbK-kqbMk0zQQj8A,2026,0,0,0
UZx8E80vZoZdaxg22e82dw,2026,0,0,0
U_p6ne9CgPFVoj5KMjhgeA,2026,0.27894295,0.23137821,-0.047564732
U_pf5JE4Wrxq-gaYWa55zg,2026,0,0,0
UbFvaKHHIR9lDYI162eCJQ,2026,0,0,0
UcvBVjQqjNwmV_5-N71w4Q,2026,0.23719771,0.3065736,0.069375884
Ud13tub_Pkhrgg6aknYPUQ,2026,0,0,0
UdyrulYllDxVNmX-32FLFA,2026,0,0,0
UeZopw1iFCn7gld3thNOZQ,2026,0,0,0
UettuAsx9mBKaoBuIPWMRw,2026,0,0,0
UfCo5uq_IkVkBgfkG_yELA,2026,0,0,0
UfXWUMl5YDRugGOAwwtMwg,2026,0,0,0
UgYi68PFYWqOjY0Eb_wZGA,2026,0.23463936,0,-0.23463936
Ugh7DCWR84BglC_3Z-NugQ,2026,0,0,0
UiIkgpprbNLqh55971rJhA,2026,0,0,0
UiK4Tv3lr_IMEuo-I-g0xw,2026,0.25809227,0.20736123,-0.050731037
UiRx8jyS6H957ItwFsP2nQ,2026,0,0,0
UjPoD-gNqT5vVhs6NiOAGA,2026,0,0,0
Ukkugenqv4q8qhOqJPd7FA,2026,0,0,0
Um76wid8nCClTta3JxrVNQ,2026,0.15130121,0.10086747,-0.050433736
UmfT9o_iiPzpLf_5PzH1FA,2026,0,0,0
UniMVIU5-JglqwXWVEkvcw,2026,0,0,0
UnlEej4c5-s6x86oUlxJEw,2026,0,0,0
UnmzO7490NG7i_vUQgiLpA,2026,0,0,0
Uo9xHmYyZ8F1oAxORUdPOw,2026,0,0,0
UoUcF53xTWeGtrycA5A0FA,2026,0.46927873,0.46927873,0
UomQKpEl_NJQORq-XM_n7Q,2026,0,0,0
UoxRImM1z5AAHYQd2l6bOA,2026,0,0,0
UpE0HeoDpX6dkna31cOxxA,2026,0,0,0
UpGVyygMdgOViwdvilwGfw,2026,0,0,0
UqTvUrtM9VZfcnjMyvfZxA,2026,0.55314647,0.48522856,-0.067917915
UqbnGiOpb4Jh1KVfhU7_NA,2026,0,0,0
UsFFRKCmYp3jzfgckHVMWw,2026,0,0,0
UsG1GUJA4mlfsA8Cw7AGlA,2026,0,0,0
UtGspuN_2N-1TjZ0a4AvgA,2026,0,0,0
UtI7Hd1rTP0GOirh2u9w7w,2026,0,0,0
UtU76515GYpQwz1dP0jhFQ,2026,0,0,0
UtoHv1RMj_WmOahnMIINKA,2026,0.46927873,0.29608191,-0.17319682
UvGrtngH9e8MFhaWznAXww,2026,0.23463936,0,-0.23463936
UwVpw19B7uDli1XZYJsC2w,2026,0,0,0
Ux4aqo8EOHZjBQNHUtCVHQ,2026,0,0,0
UxFLy-Unqfe6NefWjF4Png,2026,0,0,0
UyA_TRYpL3M-2zHPU3lENQ,2026,0,0,0
UyK5Sjy7H4tTzEJEnS0T6g,2026,0,0,0
UyXqGEKod-veD6m6Hq0EDw,2026,0,0,0
UznT9x9Mkn7BBkYFvUtcgQ,2026,0,0,0
V-Tv_2hv1Ag3wQrqOpVnEQ,2026,0,0,0
V-jiTqYCFl0Tdxg8cmx1NQ,2026,0,0,0
V-y5BWIQGU0YwxvRKI8Gag,2026,0,0,0
V-y8jqK18Ld3WebFXcvOKw,2026,0,0,0
V0Op-27HpdBLzmGGbIU0sg,2026,0,0,0
V0c-AS2FFCeSaV-3JfG5vA,2026,0,0,0
V0t4DbK0NV6PBGwDdv2aUQ,2026,0,0,0
V12HIIwQU-dYEQZBxEQTPg,2026,0.14204004,0.14204004,0
V1YgQAuxtj97UACFBg27Qg,2026,0,0,0
V1swFWt_8ofnG_aj0Sf3tw,2026,0,0,0
V2cp2mTPCgDvK_nHZew8DA,2026,0,0,0
V2gIAXNN5LSi8iNsxoYS6w,2026,0,0,0
V2oYhxFl5gbT7xHYfz261g,2026,0,0,0
V3__vNSGlOYADaNhIxMT2w,2026,0,0,0
V43W9fnQ-Mstgnb-WLOsJg,2026,0,0,0
V4TJ9mwHnq6qMOM_ry1p_g,2026,0,0,0
V56BQ_g62xVHwnxFJyJUyA,2026,0,0,0
V5N4ssqlefSTJex-2hVD3Q,2026,0,0,0
V68aQyvejS3-VjORfb77mQ,2026,0,0,0
V74njIb9fS-Ktt3QepblyA,2026,0.31699316,0.15675639,-0.16023678
V7VZT9e9qhk9_-7scBtFTA,2026,0,0,0
V7n8Jo7jIFkOhRxjyiC-kA,2026,0,0,0
V7vFZ0z34ndxLT4wqrExfQ,2026,0.12325584,0,-0.12325584
V8yjJRz0y4M2h5_ZVc6ksA,2026,0,0,0
V9-i0JZ4hlKx2inVDDpytg,2026,0,0,0
V9NB72DrZ-yj8ewsI43WNw,2026,0,0,0
V9qLMoPYxK8C4JO01nf_HA,2026,0.38685281,0,-0.38685281
VA27YCEmn_Ex42AlCxb28w,2026,0,0,0
VAFqUK5d2tVtG0IRC2aoDQ,2026,0,0,0
VAkwYJXqpQ3Sp-q_5v_u9A,2026,0,0,0
VAlw0kMMWj75mkE8aUVfaQ,2026,0.1532868,0.16569577,0.012408968
VBLOJ1kmtCkZ0-_fWoQ1gw,2026,0,0,0
VBSvIBQ5xVf4l1QCg7-fig,2026,0,0,0
VBZUYxhbLFPj2s2x3pYIxw,2026,0,0,0
VC4tgIe-pCazLnbzZFJrWQ,2026,0,0,0
VCGtMjI2baDvfvt8ep-thw,2026,0,0,0
VCX3CrvQGGGIyQx_HAjFlQ,2026,0,0,0
VClMTiHXXYlLNjalD3N4XQ,2026,0,0.065452645,0.065452645
VDseKKt5Oe-4fU-z9bHJiQ,2026,0,0.097595012,0.097595012
VETPB3vkKRpvyThFBGPibA,2026,0,0,0
VEaljaTd4qcneYKFPgBbWQ,2026,0,0,0
VFRIv3-_Og34wZyy-LigQQ,2026,0,0,0
VFi49jfNoR5YJyOLDF3pcA,2026,0,0,0
VFiqbVX_Uhh209_lrN0eTw,2026,0,0,0
VHvo3sQQ5gz-cCSnB5j3cQ,2026,0,0,0
VJ-mbBj5KukiG0thhvZeaw,2026,0,0,0
VJ5H-Emw4JK2RAP_4YYn5w,2026,0.093618003,0,-0.093618003
VJibUSYBdFQZ_iMcJb_IvA,2026,0,0,0
VJvOMCjU3_PJJR4-RhAkEg,2026,0,0.12681702,0.12681702
VK3djwAI_3-0kDLss7BTjQ,2026,0,0,0
VKYF5WV8-ay9eZhQzPc4FQ,2026,0,0,0
VKj6LamoMDkzwrqZS76Gdw,2026,0,0,0
VL2NGgDqG8CoKt7VsG2j_Q,2026,0,0,0
VLxDw93NsvT-1ukkNwzk_w,2026,0,0,0
VMMX1rxaO6cB2dDhm3fwzw,2026,0,0,0
VN3HUv_KRZj-56lb8VyKvg,2026,0.08908027,0,-0.08908027
VN3apynnuv00bFwNOnXqqg,2026,0,0,0
VN48Nby-iMfDlrr3vieUaQ,2026,0,0,0
VNgaEoVkgkEb1LwLcMj7ww,2026,0,0,0
VOOeq6ceXwC-EEyImaAZrg,2026,0,0,0
VPWsjvB-YWoH8M-1BGENcw,2026,0,0,0
VPhcoGcBfrDDtThkX7UzlA,2026,0,0,0
VPryWejfgtEZB9BRcTrCmg,2026,0,0,0
VQl1X9nuLQ4FRd-oQ1Pgog,2026,0,0,0
VR9bXJJcCFOFuHc5gUNhOA,2026,0,0,0
VRHIXvswHP4cXrPnFNAEWw,2026,0,0,0
VRIpqpZSlQE66UdL5OMGNw,2026,0,0,0
VStnohg36Mjqliyp1sqAlg,2026,0,0,0
VUFb5monKirGUv7o98rQXQ,2026,0,0,0
VUKoeNObTjuNQYJG7HUAzA,2026,0.30260241,0.30260241,0
VU_iMC9xrM3PvobEAZhTHA,2026,0.23504555,0.23504555,0
VVktaBGTgHuR81tO8rcnoQ,2026,0,0,0
VVpKSGwLj-6cmOUNDXRSWQ,2026,0,0,0
VVs0OoDD7ikOS5Qtme6YQQ,2026,0.30260241,0.19092087,-0.11168155
VW1OCVR5X9NnLkvl5E6__g,2026,0,0,0
VW5Huy2PwIkxeZ9f37Ofcg,2026,0,0,0
VWEsNC4Q9zhU-cTKWZ2wMA,2026,0,0,0
VXwH_pQH8YGNP3TTcCQ1pw,2026,0,0,0
VYPkzfD8HAims9BAqQ9HUw,2026,0,0,0
VYuuNzTWju8D0rr8SvaZjA,2026,0,0,0
VZBEaT-i5BRisVfDirzPnw,2026,0,0,0
VZkfSUttsSGggV0W2lsUVg,2026,0,0,0
V_j-mYsa8Xrn_KEw-ZbyUw,2026,0,0,0
VacSjQO-tnA_zGQ5tvY2wg,2026,0,0,0
VbngpjySUH5A7GbxuM6S3A,2026,0.35256832,0.30589269,-0.046675632
Vbyxj5X9NQ4A4dw-6PVvGg,2026,0,0,0
Vc00aW6ssGrSRY_DbK7iXg,2026,0,0,0
VcIo6Fz06MpGEg6JF2hnIg,2026,0,0,0
VcsCdoefmZqcIC-Ub1JxFg,2026,0,0,0
Vdd3dW7Hr4UTDgkPxobKog,2026,0,0,0
VdlDFTwkHxuJl9s7kqyxfw,2026,0,0,0
Vf231unsXIB_7Go11_ayfg,2026,0.61314719,0.3065736,-0.3065736
VfhSlbKEMaHzlwEPE3gd-Q,2026,0,0,0
VgUR1tjCQ9-W-ujE9S_l3A,2026,0,0,0
Vgjy1fsnCHLdm7yTv7HqEA,2026,0,0,0
Vgk5Cnye-wjiSMGDBKoK9w,2026,0,0,0
Vgx_0jPlJ-ji1VvMmWL56A,2026,0,0,0
VhR2C5x80KZjZlJZi0O0kA,2026,0,0,0
VhfoNPhmSXGj2Vz4vOE63w,2026,0,0,0
VhyMPBkWc1mcFpuu2CAAKw,2026,0.14204004,0.14204004,0
Vi8Eu7Rw5NI8o2rNo4F1gw,2026,0,0,0
ViryJoPv2kklhXAr6DzDVQ,2026,0,0,0
Vj3AO9BrjVuFCwqoNFbeQw,2026,0.14606835,0.21398626,0.067917915
Vj6r3d5UnB-_653B0N3Ndg,2026,0,0,0
VjPvHU3cZ4qw3IRJITo26w,2026,0,0,0
Vjb8dsOwTXQU-4bdmNzfbw,2026,0.059403433,0,-0.059403433
VkHcPJMAsXKat_q9fsq2aA,2026,0,0,0
VkVk8vlWVuTfD18cYWrAmw,2026,0,0,0
Vkq2Ej-YzYGPPYTRkN6z9A,2026,0,0,0
Vl_DijFhgI7LxvJwN_aysA,2026,0,0.062581163,0.062581163
VlbzHJut6vDyuwm7fn_0bQ,2026,0,0,0
VlfYvru05K3Wb_5ZxdYozA,2026,0,0,0
VlskOcH3psJzXZG35le4Ow,2026,0,0,0
VmRxCP4Mcs5_tMMsUQPw3Q,2026,0,0,0
VpQnOP_YpbLf3jblrxvMmQ,2026,0,0,0
VpRxmyY98MiwPsUZy1d7RA,2026,0,0,0
VrRUmL7jX867Vhnf0nE6QQ,2026,0,0,0
VrcCi1FOw_VHQK6dL6tF3Q,2026,0,1,1
VsWNYa6IdLv4X9sWUHOPgA,2026,0,0,0
VsdFRZlW8jCvWIGz45PQJA,2026,0,0,0
Vsx7Dmpjzn-ZtlGQhBOmDQ,2026,0,0,0
VtzHLZ2phOGNlADbiyxFjQ,2026,0,0,0
Vtze65lOl7gtYqSDOOGA3A,2026,0,0,0
VxiOtmp82aPefMIoO5oUkA,2026,0,0,0
VxuZkeNKkQk7swMrqE-gsA,2026,0,0,0
VyEJ9Asea7SYaxpYFB589Q,2026,0,0,0
VyOOe25sT5R_laBlQgIEuA,2026,0.46927873,0.46927873,0
VyU5wZeQeijq1HRbu5UEXw,2026,0.065564298,0.23504555,0.16948125
VywmuczOB6HTvqO2q_4r5A,2026,0,0.095506691,0.095506691
VzDqzJzccrKY4zKhkkL7cQ,2026,0,0,0
VzdBpqH6AadzkClxqqpU0A,2026,0,0,0
VzvlG6oXAvY89bURD1Rhqw,2026,0,0,0
W-Z8HuwoCGjFWd2XmqbvJg,2026,0,0,0
W-flFACtJ-MkRSp9IWdX2g,2026,0,0,0
W1PwuOqzqRE6YdH4YC24LQ,2026,0,0,0
W27Tu_ydNG9IAg-OtJBc3w,2026,0,0,0
W3o61WWDdvFXc0LURM1L7g,2026,0,0,0
W3ysWL_V19TTmAvxMRKnxA,2026,0.036461567,0.05252809,0.016066523
W48aWI8oACKFjTt1hBZb8A,2026,0,0,0
W4h7DuY4Y6Rahlx_253ggg,2026,0,0,0
W5jd3rNCahJAZhJy6-PvKw,2026,0,0,0
W6PNO7pSpMwl0V1bKWTg_w,2026,0,0,0
W6_HAvErr18PWOyIUCDdSA,2026,0,0,0
W6mjfWkADJER2jvNfbnQCw,2026,0.12681702,0.46927873,0.34246171
W769q2Z_YzE1ugI16H5Gnw,2026,0,0,0
W7Kz2IfXL6aVsFXnFWSwrg,2026,0.27487633,0.44830399,0.17342766
W7ybV7GHkzUMXJxvUSqjOg,2026,0,0,0
W8mlBTC5VPLD5sqW_36Heg,2026,0.1934264,0,-0.1934264
W8yJxnBg-KmQxiuuc5TwOw,2026,0,0,0
WAU7iIVZ-H5u0IFl7SWCIw,2026,0.38685281,0.61314719,0.22629439
WAtUBiZsrlgPEhgC1_jH7Q,2026,0,0,0
WBlAiBpB9kMG2YbO7ngYvg,2026,0,0.15101962,0.15101962
WCONLWz4OS0eG2K2TECDvA,2026,0,0,0
WCiRV0zpH1PGDI8nfPIYWA,2026,0,0,0
WCpwB_uJlljwDG3ubjkhhA,2026,0.29608191,0.29608191,0
WD-fdj-uLSrEZwP_F2KzEw,2026,0,0,0
WDH0zFOo4MhQ63Svc1gJhg,2026,0,0,0
WDW7cqr-qhqARM_MDXCcGg,2026,0,0,0
WDrVbBxsNZt-0ytEyUAaBg,2026,0,0,0
WEXb26dYGZAPlh0540ruNw,2026,0,0,0
WEZPHhsXnaxOdjng7mao5Q,2026,0,0,0
WEcDrK6Sf4WbktpEMGXZYw,2026,0,0,0
WFAZQyWYj9bBxggA9l603Q,2026,0,0,0
WFEaOGIAzkpPhjCVfM0FbQ,2026,0,0,0
WFP-b1Aep71xjS3TiGEC2Q,2026,0.34870225,0.76536064,0.41665839
WGAnBmYoculahF8BbZ8v2A,2026,0.069944108,0.061944032,-0.008000076
WGkGYrSrP0L38H52Y_rgqw,2026,0,0,0
WHSPIgsr5R6xCafCHyKKlg,2026,0,0,0
WHqJA3KlqPm-qVqCIP4_HA,2026,0,0,0
WHu2JdtgC77zDBzJUV7yrA,2026,0,0,0
WIDiCSoG68ScNeLLhORN6A,2026,0.25574954,0.21577623,-0.039973306
WIdUAxJqXKp2imC_BfcxMg,2026,0.17342766,0.27487633,0.10144868
WJVedIAJN0FRxDn6M1tLkA,2026,0.26710287,0.321694,0.054591126
WJbcmqbzNh3UmIbzmi3cFg,2026,0.048039075,0,-0.048039075
WJu9RMMwJXlnckCxmVim6w,2026,0.036356288,0.069645042,0.033288754
WKM6RSy7wzRoFX8osMHx8Q,2026,0,0,0
WKcP6_H_490qqUKb81TdpA,2026,0.31546488,0.31546488,0
WKlNDaZmb9SVCgtazxm_7g,2026,0,0,0
WMK-2Su_q2GoxhchmotOsw,2026,0.094606347,0.08908027,-0.0055260765
WMkfatZgnJQvRTwKFuzt1Q,2026,0,0,0
WMnqNdty00qsXIB6mCQmfw,2026,0,0,0
WO6L5yMX5LEeJuMNMjerRQ,2026,0.5863146,0.50250222,-0.083812377
WOnrTnfIvyqM4fHrUSoyKg,2026,0.38685281,0.61314719,0.22629439
WOyX1oiMVAc-MQ4Z-6MGXw,2026,0,0,0
WP79j6RwcAybe1q2Dnbprg,2026,0,0,0
WPUbM4wD6WbcFo4PHNLQjw,2026,0.28906483,0.43067656,0.14161173
WPpDKTDoPmmBBQP_O0DAog,2026,0,0,0
WQS9QcrCc74LM_XKiXHAoA,2026,0,0,0
WR6fL_DyhlBvOZSE4VCnAA,2026,0,0,0
WRiISaV3b5e_AXmsIkfeHA,2026,0,0,0
WRkUybH2IXGDsBV1ikP-Tg,2026,0.16812754,0.24630239,0.078174852
WSTmVo-gHS_Iu78t_bZUKw,2026,0,0,0
WSutZH3DF678KmAV2V3aug,2026,0,0.63092975,0.63092975
WTipt6SzbfxZSqpXNaXScQ,2026,0,0,0
WU7oWEpvF4Lv58-tAMHCow,2026,0,0,0
WUgxsRUFjATha8L4qWYDww,2026,0.47036528,0.47036528,0
WUhNrFIJDefgH5D58PNQGA,2026,0,0,0
WUzwj-60jO0vE9SDkEFztg,2026,0,0,0
WVFOh-dbgV4HfVcrzikU0Q,2026,0.15130121,0.30260241,0.15130121
WVOBKV4rISRKavUpP1ff3Q,2026,0,0,0
WVQ6hAz0FeCUY4Gvgmujxg,2026,0.23137821,0.43067656,0.19929834
WWoUn-pToYQFE1RpZU8LJw,2026,0,0,0
WWqwM-ge3QZNrkHzZYgWiA,2026,0,0,0
WXNi47QBnu0CkMBRsnKEqg,2026,0,0,0
WXq-T0anQraysdsqhDpMbA,2026,0,0,0
WYHIdfB8OI2e737tFYHZfw,2026,0,0,0
WYSPCs01_qOhZQ5GjuWa9A,2026,0.17103308,0.1845757,0.013542613
WYakxy-1VlIFy99Nw8r-xg,2026,0,0,0
WYzkUzve3km_iimyfw9wfQ,2026,0,0,0
WZqPAfDW4OLL_luPInKIlg,2026,0,0,0
W_NVP-2PW3d2kBdFpY7LCg,2026,0,0,0
Wa2NsScza_oXyOC-h0toNg,2026,0,0,0
WaH25kk8oiC94aaSU8YXfQ,2026,0,0,0
WaX5rCOD6UFIPHALwugTHw,2026,0.054772661,0.050259389,-0.0045132716
WaaY7q4O2EbKyX1DbzshkQ,2026,0,0,0
WbBgU1pdguRZW46rFnhuDw,2026,0,0,0
WbFt_MePdPAtRv7CxoryNQ,2026,0,0,0
WbUPo7dCgVCxTpqOwfT2Kw,2026,0,0,0
WeTPJIVlY6Nidsi-ddPdbg,2026,0,0,0
Wei_XGP0f-zv8Q6v1W1oTg,2026,0,0,0
Weneo2nyrgw7kjXfbfh18A,2026,0,0,0
WfBe3uL225QWCqzLzc-Jxg,2026,0,0,0
WfmL5RA3N6A6DvwMhzhgeg,2026,0,0,0
WgB7wefzCwbLsi6Q84xFoQ,2026,0.12647135,0.2529427,0.12647135
WgIyexEZKh8-qkqRPCF9Mg,2026,0,0,0
WgSYAN4h4zURvbo7DuOXSg,2026,0,0,0
WgiUHca4MNLC1_TCfB6fVw,2026,1,1,0
Wgu91gFc3K6mzAFm3glEIA,2026,0,0,0
Wh2sG-n65m4u1zZ7whPG5w,2026,0.14804096,0,-0.14804096
WhPENQwvwEtKmPHGkhD-7Q,2026,0,0,0
WiTmfps0NhG_K_3QmQHFCg,2026,0,0,0
WiWVUgQWW4j_x2z5bUopZw,2026,0,0.1934264,0.1934264
WikE3QVN3x5wpsagFvG06A,2026,0.11838279,0.25582096,0.13743817
Wjjfsieg05NXJz3uioWg3A,2026,0,0,0
WkKVjnkD1mIPr6da2IYwtA,2026,0,0,0
Wk_xohYcysEWnkhOp3sBSA,2026,0,0,0
WmvyZ4nBx2K5XuFCSgY5-A,2026,0,0,0
WnQWPIEGmzdSeeJS57Wzcw,2026,0,0,0
WnWIbVFWCoTX03rceuAuDQ,2026,0,0,0
WoJoRt-Xcg-smZfqMtBHeQ,2026,0,0,0
WocT_hSzVTW1CEFYONRjSQ,2026,0,0,0
WqeE5e5ROfaVEgkb9dAkiQ,2026,0.061393046,0.22009177,0.15869872
Wqs8A4GTN_5s6xC_EroZWg,2026,0.059477193,0.059477193,0
Wr05k7PYVpxjf6d0RmXAsA,2026,0,0,0
Wr9gMDnwfDumFye-DbclKA,2026,0.25,0,-0.25
WrAlxbeMxLoVNqDfLYJJfw,2026,0,0,0
WrLe80KxpEoV9aiZMR5fvA,2026,0,0,0
WrmUzCpfiwU7_kW5MEDqyA,2026,0,0,0
Wt16yqsJAy2XYQyJ6mhsJw,2026,0,0,0
WtEiu-f6oN36pfClndou9Q,2026,0,0,0
WtY_qt7wa7OsBwYLyywJbQ,2026,0.3065736,0,-0.3065736
WtnerGVQjEgJHNM2rnJDEg,2026,0.25036681,0.19263572,-0.057731087
WuGmedUnECjKFAhi49SEHQ,2026,0,0,0
WuiEYopWZOWOuWQD87fVSw,2026,0.066000655,0.10764243,0.041641777
WuxGYrNy3eKo0zo_mtn-4Q,2026,0.17342766,0.13743817,-0.035989491
WvsnN6KamVC7SCGf9KkNoQ,2026,0,0,0
Ww93-NvLc-48C0VotXfW3w,2026,1,0,-1
WwQS-BdfGxOFR2iQGjGI9Q,2026,0,0,0
WwV7gH_tm_p2AC22a4mcrw,2026,0,0,0
WwXBUUjLhOzrresGF6Kf_Q,2026,0,0,0
WwXcQxvbCXQ1FyVTLvua5A,2026,0,0,0
Wwili01Lgz-zXLvZTe63kg,2026,0.63092975,0.30103,-0.32989976
WwtemXxK2bOKSLrfT5II2w,2026,0,0,0
WxEjSjQ30XWpgSiymEG3bQ,2026,0,0,0
WyDoIlJXTrrE7x290PDOdw,2026,0,0,0
WyK9pPXLpkBjNYIQAivMaw,2026,0,0,0
WzhoLpHMXI59ETuQ2sRVeQ,2026,0.067615143,0,-0.067615143
X-amyxsPEkrxDcWpLD065A,2026,0,0,0
X-vcl3qEX-2TyXeQIVCGaA,2026,0,0,0
X0ThBT2nXkeEFzd7RSuy6Q,2026,0.28097268,0.24652631,-0.034446369
X2-CRkBDuTpDVvsjQNau3g,2026,0,0,0
X25_R-Eq6krGixe8aKa0IQ,2026,0,0,0
X2Mrrrf-0vXO0eRweYtdsg,2026,0,0,0
X2RXhwiOcMs80Oqu4PDwTQ,2026,0,0,0
X31wY-lmKTHlZSnTTIliug,2026,0,0.20210735,0.20210735
X3ZiMVOZHWFADCnK-a7kpA,2026,0,0,0
X5942llNd4x3MUIVMRbHAA,2026,0,0,0
X5YvZXiyRnsisq2rOWcnCg,2026,0,0,0
X5eJHB_FPiDTmqtoP6z7WA,2026,0,0,0
X7SLxcgTztX5pxtveuRxyA,2026,0,0,0
X7cXuXASGDPhFyPhQtn7og,2026,0,0,0
X7jauXYv9ypW5yenyvxtjA,2026,0,0,0
X7zm8FuL1iDfIbfFK9WFBg,2026,0,0,0
X8i-TAgTLjXL64knoBRr8A,2026,0,0,0
X9r1TeJZ14dtQU71yOGJiA,2026,0.33916021,0.33916021,0
X9uzuyZ09EJEXD54d6Rxag,2026,0,0,0
X9w-L5IKSyF0u3n7rv1mfw,2026,0,0,0
XAbSqdzmYLwg0Cb3TAXMMw,2026,0,0,0
XBMj4kvQJ8Q6DlCsV3AFvA,2026,0,0,0
XCuw3_AOU8UNvvgoXS-H2A,2026,0,0,0
XDD5XqPtWB1jdsfPAZnoJw,2026,0.22767025,0,-0.22767025
XD_SGGnLRR-NmdI_jjobZg,2026,0.19263572,0.11064109,-0.081994636
XDr8lhIRiwIKNSe8AssCBg,2026,0,0,0
XEwEdPIjryudxfU098wapg,2026,0,0,0
XFHhiKVclPnQ7wGK_iCLzQ,2026,0,0,0
XFj5kPAKh4yXzoPYo5Auig,2026,0.21840744,0.2043824,-0.014025039
XFjZZ-8embQUlQ77a3hX0A,2026,0,0,0
XFlYbb_mCmDEtvbqEG9oog,2026,0,0,0
XH6Y_I9lWkbGHuHhNuG15w,2026,0.076146487,0,-0.076146487
XHNdl0kaMo20Y5dDY1Rvxw,2026,0,0,0
XHpl1JrAMvkXxNLRblmsCg,2026,0.2529427,0.2529427,0
XIBnJEuWOsyUQD9wc5U_wg,2026,0,0,0
XKKaSI1pAGiZ6TcnokfjBA,2026,0,0,0
XKNZnfHJ6EfkQp8AgOcOJQ,2026,0,0,0
XL0_FA6B9CceFH0jXhM3KA,2026,0,0,0
XL5ZzHfa881s1IhJ3-o1BA,2026,0,0,0
XLiKD8qS8VodTy2QD8RNpg,2026,0,0,0
XMKNNh_DTQ12U8u9R70deQ,2026,0.22767025,0,-0.22767025
XN1N7gL7c9WpXQ0Ks9r_3A,2026,0,0,0
XP5hqB6A9rvXlH_LHtzUgA,2026,0.41966501,0.45390362,0.034238614
XQIah0kkExdDVFSRGRfR6Q,2026,1,1,0
XQk1uBZuavl2INvbrflpYw,2026,0,0,0
XRvmpSKAM5St2pkweG2GYQ,2026,0,0,0
XSEbLukGIr45dU__Lnn3Yw,2026,0,0,0
XT-P6LKB96Zmj_M-q3bqXw,2026,0,0,0
XT8U_rCZ4c15BoFkDjkOIA,2026,0,0,0
XUijXbIyQNrGFNicQAcShA,2026,0.38685281,0.33333333,-0.053519474
XUyDnaKfA7xRfZzaZ03L4w,2026,0,0,0
XW6i1_9QekbOzEbdXt9L3w,2026,0,0,0
XWpIvZaVQ4pmZnICEXouoQ,2026,0,0,0
XXDSnBwj1h0Y_sUO3O26Og,2026,0,0,0
XXPvWVBIU1LRIKp4wBMlbg,2026,0,0,0
XXm_EbEdCT7SYYFS-8Oc-w,2026,0,0,0
XZKpVvWDT0bSm4y4DzUoaA,2026,0,0,0
XZhUoXvEgrhj3OdocKmVVw,2026,0,0,0
XZk1SPhiCI6acusRLrJpjw,2026,0,0,0
X_EP3kbaQpqTFtI10oAg5Q,2026,0,0,0
X_HiGQolJnAaAAZcBkINug,2026,0,0,0
X_LqMZtELMrT4l13Uwu58Q,2026,0,0,0
X_RMhFoyV9e-EQSuqKs1yA,2026,0,0,0
X__4-RqxoKvT6rGIFIa5Bw,2026,0,0,0
Xa8kFFBBtn_UIINQ6-SumQ,2026,0,0,0
XbZt0hG6xP8JX-k1FGgIDQ,2026,0.11219682,0,-0.11219682
XbwMo8eTjoieTPKWBC3PFQ,2026,0,0,0
Xc1PYgr9oyCG1aKy1r3q2g,2026,0,0,0
Xca3XaX66luta0w6XLqbxg,2026,0,0,0
Xcu4DqYBy83f4xS-FSZnxw,2026,0,0.38685281,0.38685281
XdyC7x3VCOscloPNdp8biw,2026,0.17856412,0,-0.17856412
XetBcu9wS-py5BXtJtTc6w,2026,0,0.054591126,0.054591126
XfA2JoFqbLFcRrKi3Fp1-Q,2026,0,0,0
XfL5-Ygey6pszU7sgXlXQw,2026,1,1,0
Xgp8shQ9oseGhvvDchVLwA,2026,0,0,0
Xh9oUo-dRfeKITOZlqAJeg,2026,0.093618003,0,-0.093618003
Xio37ARSzibBRNu70SYrXQ,2026,0,0,0
XjLvFaNKzzprEDRR-3kxsQ,2026,0,0,0
XjuGctJx7VwRXSx-Km0B3A,2026,0.21252303,0.13032377,-0.08219926
Xk0US9OZz-YgodHoorfCww,2026,0,0,0
Xk6ZzhcWxX75itP-4Am3Zg,2026,0,0,0
XkLr9hQUN6OSeILrOEOIOg,2026,0,0,0
XkOa5apLdxsEISN9qseteg,2026,0,0,0
Xl4GuxeCK5t_x91Dla4tsw,2026,0,0,0
Xl7AcPmjg13omTqjBiQGSw,2026,0,0,0
XlV26dOxOCYir2VEpjjgiQ,2026,0,0,0
XmyRqZqwlBvrq_-9jOIcPA,2026,0,0,0
XoBB5cDwgP69TVTo9AZDuw,2026,0,0,0
Xoe6bjc9Qamd-wX6XDl9FA,2026,0,0,0
Xof225KneC9JrUbn5Zjv7A,2026,0,0,0
XogL8eho2k3RPwi9SCAjuQ,2026,0.26512176,0.21306006,-0.052061701
XqUJbuo_ZIa1uMESArG0jQ,2026,0.35620719,0,-0.35620719
Xq_IhjXqj5L9lxLlz70WXQ,2026,0,0,0
Xqr9B0KrJPYn0ln9it-baA,2026,0,0,0
Xr64BDXkLCWZrslccQBN-g,2026,0,0,0
XrWAdRK4CUUK85Ak3x-HDw,2026,0,0,0
XriEhnKC0Sa0s2yEVIjwvQ,2026,0,0,0
XrjhjaU3fo6Q7bmiEvE2uA,2026,0,0,0
Xs72dEsypfmB6jK8XUxIUQ,2026,0,0,0
XsDVYWnBhOgNGJOsak8NDg,2026,0,0,0
Xstf9n7v8rSOryJAuY2S7Q,2026,0,0,0
Xu7itIAz90gMsN33mzbO9A,2026,0.17342766,0.31086582,0.13743817
XuaqlmZdRldcw97I_TtX9w,2026,0,0,0
XuhpPK0bZgVenkGBh7KA6w,2026,0,0,0
Xur1PwRYVP_XBpZMcQQQgQ,2026,0,0.22767025,0.22767025
Xv3ckcl1D7bcsWJc3ZHdQQ,2026,0,0,0
Xv5xbm0IVJ29zzDZJQHQIg,2026,0,0,0
Xwn46TsxnY48gZI3_ELKoQ,2026,0,0,0
XwnKXff-UPOx2Hx_fyS0dg,2026,0,0,0
Xx9jjBtv9DS9jSMEKtwBRA,2026,0,0,0
XxG5SZOPkihWeJe3r9XL8Q,2026,0.063235676,0.057587528,-0.0056481476
XyMb5PfeqIj-WCErtMUF1Q,2026,0,0,0
XzatI3VtSOCyq9FwPHB09Q,2026,0,0,0
XzkAuSae-i9_6Mxe02O41g,2026,0,0,0
XzpJ4uHkxARCFQiZ9bffyg,2026,0,0.059477193,0.059477193
Y-4RCXXrQ8hS5bR5uTp48Q,2026,0,0,0
Y-P0-dfy2ne_VCHyIkMyTA,2026,0,0,0
Y-RgbJng4SjUkL3eD76pjg,2026,0,0,0
Y0SsDKgvyyJiA1bUJUnQ9Q,2026,0,0,0
Y0bU1sUobTqRTUA15nyJbQ,2026,0,0,0
Y0ymek23PIy8SavJQOLYDQ,2026,0.12011566,0.10858087,-0.011534783
Y1ZlH1POk3OCT8xGM7Exnw,2026,0,0,0
Y2CR8JRZVR5Qql0wmnYkVg,2026,0,0,0
Y2GgRKzWgNma88jIZ6fI-g,2026,0,0,0
Y2dhNLLyzeHTJ4zet86rRA,2026,0,1,1
Y2znUUlJVlBXxlMZ4I24zA,2026,0,0,0
Y3SuYW73lQjqDhgi3tg3Fw,2026,0,0,0
Y5Cm1W5xIavEjFF5cEqJlQ,2026,0,0,0
Y6EwtRSR8X_ODTLtlPtMWw,2026,0,0,0
Y6M6P80TVtOls_WRFN_Svg,2026,0.33916021,0.1208113,-0.2183489
Y6gA9-BmO0DT_4KL0XZtQA,2026,0,0,0
Y7gSnyxb74YNfdAuvByFPg,2026,0,0,0
Y8K7xihLy-mlO1XZeUkEPg,2026,0,0,0
Y8L1xsq3MjtO3K94iQ26dg,2026,0,0,0
Y8feumhKHDt8f7O1Zlsurw,2026,0,0,0
Y8uEQnccKOpgdYOE3ls1ug,2026,0,0,0
Y91WAsGW4gCx0pwKhGLyrQ,2026,0,0,0
Y98OvuKyneVdT-ou45x30A,2026,0,0,0
Y9oJKRhdO_Poa4awK6XyEQ,2026,0,0,0
YA4vx_4sLDYM2qmLOkMXgw,2026,0,0,0
YD4H2Q9PblePv7r_uQjV5Q,2026,0,0,0
YDHiKc9bdJQDEfl17L_wPA,2026,0,0,0
YDNpK_Mic1T87ydaISva_Q,2026,0,0,0
YDss19FKlGBB1cB-9u4IcA,2026,0,0,0
YFHWA1cTiCW5F6pSnvPRow,2026,0,0,0
YFVnvzo8c4Q_Yu6kMgPJBw,2026,0,0,0
YFjhpiXIC6r4lQNQHXq2aA,2026,0,0,0
YGBhHN84Mo7cHWjqZx7ipg,2026,0.14606835,0.08908027,-0.05698808
YGJGIFYlCNB76Ltd88PQIQ,2026,0,0,0
YGc7p_3i4esYBVUOSED8XA,2026,0,0,0
YGi5jGcm0CaVyuou8fhdiQ,2026,0.10280358,0.260437,0.15763342
YI0M1tTcrBBkGTQip4M3sg,2026,0.12315119,0,-0.12315119
YIAsRzpLeUw1TGpS6tXZGw,2026,0,0,0
YIHUC2UIztKeQlsf2DIXug,2026,0,0,0
YITkUpFtZLlISKCQT4q-Eg,2026,0,0,0
YIlGbZJKTllSiSeHhlUDMg,2026,0,0,0
YIxKH-Nb48riSiYeEoeEiA,2026,0,0,0
YJ4PpnlQvY6SkD2704xobQ,2026,0,0,0
YJCCpBdK_YrmFOWg-hedxQ,2026,0.58939438,0.6105457,0.021151317
YJE5eD_PmNmA1tvz4HqRxg,2026,0,0,0
YJO-VbFhtIq1ipnjbK3crg,2026,0,0.16569577,0.16569577
YKGKifvl3BrL5d8o4_7MNg,2026,0,0,0
YKXSmvWn95LfXn3FOPo_hA,2026,0,0,0
YKrMaknUqQWdWRPF7gTy9A,2026,0,0,0
YKubepkxyPpL6pkz5FO8Fw,2026,0,0,0
YL0jWZP_P9tXyrHxRn5EOA,2026,0,0,0
YLInM21z5dI7wJmDLvGyOw,2026,0,0,0
YLc7Djf3GsC8IT84YkZMzw,2026,0,0,0
YLrXKz9XL_EDzVK3yIIerQ,2026,0,0,0
YMkdlZLq9mJU1OpYhVPj2w,2026,0.1782103,0.1782103,0
YMpVSfZ56CB9egxykFunjQ,2026,0,0,0
YNGmEYqmNja-Rj03239K4A,2026,0.12011566,0.23463936,0.11452371
YNO7wE1BWz4WhMOs2ejPSg,2026,0,0,0
YO5K8LK8lMcaGdD4hShkXg,2026,0,0,0
YOIorhfo8hHhilRyam2c4w,2026,0,0,0
YQDSPTtB3oDaU3rHpxFUxw,2026,0,0,0
YQfqyaEXmf_ZGjKMCWH4QA,2026,0,0,0
YRrg-rXMFK6iY_xetu8Znw,2026,0,0,0
YV6uaSzANkraOQQzN0alWg,2026,0,0,0
YVWTqpJGwh4Jc515jCFlHg,2026,0,0,0
YVhPnISPfEvHJyti7vSlfQ,2026,0,0,0
YVubQ2A2EDTxbxcF6lkMcg,2026,0,0,0
YW-3YXtHEg49e1A_VlGbfA,2026,0,0,0
YWJFfBTUdgAH-AXW9JnYxg,2026,0,0,0
YX2qyh485h2oqVhyFFMWlg,2026,0,0,0
YYAEwDqJuSH-aD_T50wOvQ,2026,0,0,0
YZI55_8xRngkvJs-vcMH0g,2026,0,0,0
YZJxCGJYGYR-IbazxS3Exw,2026,0.39038005,0.39038005,0
YZUV5q2kPZWIBkCJjpQXuQ,2026,0,0,0
Y_2jMUKz6pvJ0JSWG3u10A,2026,0.21398626,0,-0.21398626
Y_PEkVJ4Rutlzr9-tBXqzQ,2026,0,0,0
Y_WwBUUNGCycxqbwUJgp8A,2026,0,0,0
Y_gj5S1GVOFQJzk8wCriGQ,2026,0,0,0
Y_kH6P402Ekxt05Yg5M2mw,2026,0,0,0
Y_oNFOjxXv-1IWI_qEW1OA,2026,0,0,0
Ya35yDaVXR0PlL4s64hTzQ,2026,0.25,0,-0.25
Ya56iEbphaAEtD_LpmiXvQ,2026,0,0,0
Yad7w-eg2rUxoaEcHVbrLg,2026,0,0,0
Yb49HvFA5IpponePEptBsA,2026,0,0,0
YbUubACDewutJvBkMySh-Q,2026,0,0,0
Ybgx8qP4fFJ_duO-5LQimw,2026,0,0,0
YblYp9PAsDj5eLvr5CqYAg,2026,0,0,0
Ycb2MvdSCdRV_p8F7YGHEQ,2026,1,1,0
Yd1Km882eEAhOUoDEnqbqQ,2026,0,0,0
Yft76ogF5YzCQ4mn6vSQ6Q,2026,0,0.17723929,0.17723929
YgD_Y0DWVIESue1Dk307tg,2026,0,0,0
YgF4zJnHiG9vXnGQi4JxFQ,2026,0,0,0
YgMjWahfUzJgg5aehgUdqg,2026,0,0,0
Ygi1otJvXe_RLyIAVulsEQ,2026,0,0,0
YhHZZgKbgvnvqO_N5AeVVw,2026,0,0,0
YhSehDEgJVSpBRbGM9ipag,2026,0,0,0
YhdXYhX2VC4SgixBH3ernQ,2026,0.61314719,0.75501609,0.1418689
Yhqwmu2kdZk7emS5YShyQA,2026,0,0,0
YhwK5asefiAVyV-GoR5F8A,2026,0,0,0
Yi85sEOGS5D3vniLTip77Q,2026,0,0,0
Yi9SBOp4R9EMY2QLQ_Obwg,2026,0,0,0
YiqffynITkvL8jWIHWqABw,2026,0,0,0
YitGmVjTec53-Z2Ox9E8Pg,2026,0.31546488,0,-0.31546488
Yjer78RnYr7OCzirgdcOaw,2026,0,0.16569577,0.16569577
YkUAL7BSvjbOjrtCWZ0OOQ,2026,0,0,0
Ym1aoNq4sA4wYDYl4ts7oA,2026,0,0,0
Ym524rEHZr-rkNrZSzZvqg,2026,0,0,0
YnWZDVcBqaqo71nW52Enbg,2026,0,0,0
YnlCpuaBa3qWBp4te8pGmA,2026,0,0,0
Ynor9dGrFmKcLc01t42wvA,2026,0,0,0
YoGgAVtAnWq8Z9OXdj7pyQ,2026,0,0,0
Yp--CXG6q290qjC2XBnL0g,2026,0,0,0
Yp6dwRBbmAaskb3sIppM4g,2026,0,0,0
YpZByJIgbMsTvPdOjURFsg,2026,0,0,0
Ypry7Bl5BF_ybgBCA-r8CQ,2026,0,0,0
YqZRbZwn3YNRIFY19234zg,2026,0,0,0
YqevbK00R25jhQJINrr1ug,2026,0,0,0
YqjW3aqnM2fUyyDHYnuiiQ,2026,0,0,0
YrQJgQolEDP2qMn8TClN5w,2026,0,0,0
YsXgjHv1TMhvmx1X3u65Qg,2026,0,0,0
Ytvz_TTtY7R_y6H2Htb9GQ,2026,0,0,0
Ytz8t9J06DB8wMez8lz9Hg,2026,0,0,0
YuLnSePP9bElDBg0Fyslvg,2026,0,0,0
YuX70bdZdGXUdyU1mKaP4g,2026,0.27023815,0,-0.27023815
YvZG-SGe5Y73xD5FVEVoCg,2026,0.054384419,0,-0.054384419
YvZPiIqWUFg9NhIf3rOzTw,2026,0,0,0
YwYNhoqFLOjixj89wctf2Q,2026,0,0,0
Ywm3BEgjWz8dY7lIIlk5AA,2026,0.39038005,0.39038005,0
Yx7Qa2LGjU_TB_lxCXAw1A,2026,0,0,0
YyH-ytiAKjls_6QqKge60w,2026,0,0,0
Z-yGoo0AZOjhWGaTW1MzZg,2026,0,0,0
Z1OPkLv4gPt3NnxcZOfWrg,2026,0,0,0
Z1psaE6HGp4_h_UJo3eKJA,2026,0,0,0
Z2cLxtoRfTyk0dTID2Uarg,2026,0,0,0
Z2joEy2jPFzKjw0tBfNlLw,2026,0,0,0
Z3jnxma03DmhlvZOKpNFcQ,2026,0,0,0
Z457ffarXrn1EDlU-EGgxg,2026,0,0,0
Z54pcWCRzLrSA8DwQPOc2Q,2026,0.24630239,0.24630239,0
Z6HWbWxdioqygy_X1-7QwQ,2026,0,0,0
Z6MroMIk7lGINtLXcky_5w,2026,0.067943401,0.060161795,-0.0077816063
Z6l4EBQohw_4TwJHkv3UfA,2026,0.27894295,0,-0.27894295
Z70vC11ff6oOBunv4WF1Gg,2026,0.46927873,0.70391809,0.23463936
Z7rVo0GOLa8cPAe3PciZmg,2026,0,0,0
Z91pqh8onhb1-aKXGkyZxQ,2026,0,0,0
Z9C0t6IlQEZ6q7khH7bv6w,2026,0,0,0
Z9uDg72GXfdY0eXBhBg4aA,2026,0,0,0
ZAML372eRdIFS_XzwH40oQ,2026,0.073363922,0,-0.073363922
ZBUSFEyaulM6OXB4ra2E6A,2026,0,0,0
ZBoQOK5J-CzSdbrwtzzSUQ,2026,0.63092975,0.5,-0.13092975
ZCC3YD65JnjjMv4c3YyzEA,2026,0,0,0
ZCCXm67HaqnBjginWABkAA,2026,0,0,0
ZCJ3Hk1tGRUrf4Z1fo9cFg,2026,0,0,0
ZCVEZmTB_StK-UXA3WPVlQ,2026,0,0.057807,0.057807
ZCwUAE5rkvJ6SKpuSX450w,2026,0,0,0
ZDVGfg2e4LPtK3dbs0fhLQ,2026,0.16812754,0.1175161,-0.050611432
ZDgLHZYnPGcxrFJuzlJTZQ,2026,1,1,0
ZDrT0uD421_LT2eFDig5Sw,2026,0,0,0
ZERNMW8xIk7Iz2mQqJHBqw,2026,0,0,0
ZFNWRNkinRkUxp5eCasgyA,2026,0,0,0
ZFQDjaCPY6CxF03Z4jtxSA,2026,0.12011566,0.14804096,0.0279253
ZFiCP2iBozULUUaW2Fg9Ng,2026,0,0,0
ZFzYjfDFsRkMvzYAjT8HZA,2026,0,0,0
ZGPiwpURy3oseaouPJWT5Q,2026,0,0,0
ZJPeKDSlpOA74aOhxGcGMw,2026,0,0,0
ZJVBWQ0PwJWFEQKvghqxWA,2026,0,0,0
ZJb03Sn_AoXc-G8P1ePpmA,2026,0.3065736,0.2043824,-0.1021912
ZKb2n4H9kOpiRptLU3wYlw,2026,1,1,0
ZL21m3-qBm7WP-aEtTBvXw,2026,0.14380314,0,-0.14380314
ZLK74cYiw1rolqzxn_zE1w,2026,0,0,0
ZM4c-B6PvJMHrqX7yz97Ig,2026,0.43067656,0.5,0.069323442
ZMAHe2llnHN3rzom5GSoAQ,2026,0,0,0
ZMF3sfO9su-GUxGfaEOu_w,2026,0,0,0
ZMl12B8M1BGhoKI886VJ5A,2026,0,0,0
ZMzaOGUlCXY6kWXEnHZbvQ,2026,0,0.081774718,0.081774718
ZNbF8pW5CfbEhNfgs2nsUA,2026,0.1020974,0.08908027,-0.013017125
ZORKRArPzQDKrBVolmJ54w,2026,0,0,0
ZOTO_NYeLXgkzAlI4UaTGA,2026,0,0,0
ZOg7-YPt3fRJRQsCRilTmg,2026,0,0,0
ZOqhpXPwPPvP5nlW7W_EAw,2026,0,0,0
ZPRt0huWpZyqMw1WMlhQwQ,2026,0.18154179,0.27968208,0.098140289
ZQP3sQWomg1duVicGjCXgw,2026,0,0,0
ZQglJsk6SvEGF06Jq62YIA,2026,0.067248644,0,-0.067248644
ZS1QA9CV1AjkSzGS6snFBA,2026,0,0,0
ZS85bkvRejJaPKMhxfx1GQ,2026,0,0,0
ZSLIMcGIMAB-yU9sbQ5C0g,2026,0,0,0
ZSs1RT6qN2lzPwkXmBGxCg,2026,0,0,0
ZTP790lFzO-yZa5J77QUMA,2026,0,0,0
ZTvil7E2JbtORKm0bu6MKQ,2026,0,0,0
ZTxJh-CC9kZDDIWqzacG7w,2026,0,0,0
ZUoEqKfsd8E5bgebqU5ISg,2026,0,0,0
ZVJvlDWkmxtIsxISJgNuvQ,2026,0,0.065564298,0.065564298
ZWAP8xQdSZ-lHVTtlee6dw,2026,0.46927873,0.46927873,0
ZZxGyDytDMmI1_cFUdjRLA,2026,0,0,0
Z_ry6Gl3Xm5Olgo04suf_Q,2026,0,0.27023815,0.27023815
Z_wbKUG2GCn2C4iDYyP_RA,2026,0.38685281,0.63092975,0.24407695
Z_zws-kYr4gQckOI7NFykw,2026,0,0.22767025,0.22767025
Za4YW3c6I-x40I1ffjsh1Q,2026,0,0,0
Za55xG7jr28NLa4r5hce8g,2026,0,0,0
ZaDO7VuGWhNFd52aWmZovQ,2026,0,0,0
ZaHrVKYhf0OKUYRKx3UFLw,2026,0,0.14434031,0.14434031
ZaJ6zPDAc7YaDTE2QEBGPA,2026,0.11284514,0.39038005,0.27753491
ZbZj6V1fpaGplK_oLrGZLQ,2026,0,0,0
Zc4yxA5ljT2ZpS68apHlWA,2026,0,0,0
Zct7UuMCzK96tr4y-GspwQ,2026,0,0,0
Zd2MiIfCHT52WXoUKtYONg,2026,0.13012668,0,-0.13012668
ZefLyxAXx3SuecQpQyTuwg,2026,0,0,0
Zf2IXMpMLfz77u4qiMCHYg,2026,0,0,0
Zgd8BPMuBb8310UwyybmBw,2026,0,0,0
ZhsdbCuMVCRkzYg2arwoZw,2026,0,0,0
ZhuI2EeoFHt8TJ4Mj-hWcw,2026,0.38685281,0.38685281,0
ZiI3SU6eOzce1-8o2Ojk7w,2026,0,0,0
ZiTFDy25g-g8Vr07uZwYLw,2026,0,0,0
ZiZPe9r6MzsY4x0hJO5iMQ,2026,0,0,0
ZigqA1_qM5nSxv14431Nhw,2026,0,0,0
ZjjZBB8_lhCnEzUz3Sj8zA,2026,0,0,0
Zk1KO-G4IggPoibinZ52tw,2026,0,0,0
ZkJdOOQtyhrwOH9MfgPQrw,2026,0,0,0
ZkiFNYl11aVg3SsonmJjTQ,2026,0,0,0
ZkmIJ--oo1NGatq7XbvjuA,2026,0,0,0
Zl1fJNTzNULZiqBRShxUYA,2026,0.31546488,0,-0.31546488
ZleHCVNN22e7osm4IbGqnQ,2026,0,0,0
Zo3K-CTwE1rUhtVXwEIrnw,2026,0.1175161,0,-0.1175161
ZoPHrcZY1csJbAY4ZcZpXQ,2026,0,0,0
ZoeEv5jvJiVCUWFlGwyjgQ,2026,0,0,0
Zpb3qkFUeQOY5e8ZrNeGaQ,2026,0,0,0
Zq31drx-JM2R1MKQg8uJQw,2026,0.21398626,0,-0.21398626
Zr_ivvV8F2tBUH0bMqWibw,2026,0,0,0
Zrwx0ibeHt8tbjV1mTQmQA,2026,0,0,0
ZsPNMo7orTXfWcW5S47pyA,2026,0.62405052,0.61314719,-0.010903327
ZstTo1OpzggAGJn5K07TBg,2026,0.08908027,0.33916021,0.25007994
ZtQr5DOhdD0yCJxal6oqlQ,2026,0.39038005,0.24630239,-0.14407766
ZuR-G07B_86tzp7ffvHc1w,2026,0,0,0
Zw845wvdPNLz_L597rYavw,2026,0,0,0
ZwV9OMvh2j8-yrpZpA9yog,2026,0,0,0
Zwfc-SpPXhXmhFWq_DhQFA,2026,0,0,0
Zx9QQe2Fgw_2kbL7qBV7tQ,2026,0,0,0
ZxZXpfjv7QijHLfJ3C7o9g,2026,0,0,0
Zxw5DLH8KNHyY5SnxqPABw,2026,0,0,0
Zy_WV3MwEIBjNHjw3oCe9w,2026,0,0,0
Zywg_JbfMjlGI0tWVhqNKw,2026,0,0,0
ZyzclV3jUW_Cc7tCs8WVDQ,2026,0,0,0
Zz4KTqQdjY1YdsH6K5tzGA,2026,0.58557007,0.47925797,-0.1063121
_-tb2KM68CnGQ4MtIGpQSg,2026,0,0,0
_01JsTD9N7syNMThio-nCw,2026,0,0.10633668,0.10633668
_0F-8gf7qYLkjHTPsM_3dg,2026,1,1,0
_0z239KlbOThV5HlcVkwvg,2026,0,0,0
_1TIXBB4VuHqaHZBRtvRQw,2026,0,0.054591126,0.054591126
_1acEeF29hjHbAx8jZieNQ,2026,0,0,0
_1j3uJrBFrfOsp-34rv2hw,2026,0,0,0
_1u8zd51m6AIK21w8hjcAg,2026,0,0,0
_2v_tfLXiIkFM1fmvnZ0Zg,2026,0,0,0
_4Wn2zRkrmDfowBrNcji0Q,2026,0,0,0
_4n7plsDsywEij4B0U0hnw,2026,0,0,0
_4p7zRkT_F9tjjk_8cFtsA,2026,0,0,0
_6PX7sVmxK63tzL49jdxQw,2026,0,0,0
_6R8FO9krIOBHKDjnQt2rw,2026,0,0,0
_6uFgGQdEuAPqhzz55rZTw,2026,0,0,0
_70v4nkJu3hbw3Yfpvc4vQ,2026,0,0,0
_8QKc8zMtDofWXmHSh1NPQ,2026,0,0,0
_96OwXF-2Wc1tn05zgji0A,2026,0.058337254,0,-0.058337254
_9NIhIgbq9RFDvq1j0rp1g,2026,0,0,0
_AHPkpG45ccz8Vo6EzG7Ng,2026,0,0,0
_AIlDxZmjofML9-LZdcDJQ,2026,0,0,0
_AKKnLVR45aUGKPgZzEqtg,2026,0,0,0
_AZmORhB2n_R83r69caP2w,2026,0,0,0
_AapL2o8ueQcXVHewnS0Vw,2026,0,0,0
_BSD3T4KxmxIUnMTHEVj-g,2026,0,0,0
_BY1Hep2S73e5jpvVRY5eQ,2026,0,0,0
_BcWyKQL16ndpBdggh2kNA,2026,0.58201557,0.61715994,0.035144375
_DCsVuJNAMVHNJyZIkz8OQ,2026,0,0,0
_DM3KG4xQVnLo1t70TeJPA,2026,0,0,0
_DTH_j6k6iv1QM5H1Cv7Ew,2026,0,0,0
_DyGIB-XpLHHIK9s9VlVsw,2026,0,0,0
_DyQFk4IYIX32IKybZwyLQ,2026,0.23165733,0.20321336,-0.028443972
_ECmKH09eo-wWJDJilFIgw,2026,0,0,0
_EXT8rzsCfxAxSAmAQFe0g,2026,0,0,0
_FFwWvMzCJVmRHXvkBmQ7w,2026,0,0,0
_FHLJJ7QRV0M9ebveb-5_Q,2026,0,0,0
_F_Y8Zy13ZpQGVrsLFKDqw,2026,0,0,0
_GGiUDIIT8Odq7OeNQFp8Q,2026,0,0,0
_Gue2c1IoumoXoWyQt-s6Q,2026,0,0,0
_HWO-L9Nx4pbNPMMyieshg,2026,1,1,0
_I9p55KefLBPrRzaYtojHA,2026,0,0,0
_IIEv9aKcSqImSADr76itw,2026,0.095460433,0.28201327,0.18655284
_IJM86fhgqqePbX07TnjBw,2026,0,0,0
_IvKYxvq4cYzsxj2cNFMpw,2026,0,0,0
_J48nMqhzVol4tPCYatTCA,2026,0.26264954,0,-0.26264954
_JCaRjLKQrTy1wdkk6ROpw,2026,0,0,0
_JH9y4lzXiz1AwfVRZsc_A,2026,0,0,0
_JMr11FZy2h8SkthoBMSmA,2026,0,0,0
_KBsHn-aONpQURLVbRlYGA,2026,0,0,0
_KZNV5RNCJhAUcjFw3hQoQ,2026,0,0,0
_KeAuX2sKECc9p-19uYB7A,2026,0,0.046681941,0.046681941
_KtFW6XpKl3OiRUEd7Rmew,2026,0,0,0
_L3N3ur_5OC8Zlrsuf7wtQ,2026,0.63092975,1,0.36907025
_LDFxHmPPfegeJQHhw0hsA,2026,0,0,0
_LNCGYNoGKxyVUag3EG0-g,2026,0,0,0
_LuS-6m-h5WOAoIy4MG98g,2026,0,0,0
_MBqCwJmgzknImniSdHy9g,2026,0.14606835,0.21398626,0.067917915
_MZ52rjB5EvxiXj6knA0_w,2026,0,0,0
_N12HNDI5zrNnpeUgvbUnQ,2026,0,0,0
_N8kvjHWS60R6xjhs0em9A,2026,0.11706259,0,-0.11706259
_NpSl8OWMrQH45mfqia9zQ,2026,0.15693994,0.21840744,0.061467492
_O07bgm0k4AvHlqf9jDWYw,2026,0,0,0
_O_bvXST4SLVxEX2pY039g,2026,0,0,0
_O_c55meYW8kNUkXYMmZIA,2026,0,0,0
_QceBp5iYQK7Q1T7ctT4Yw,2026,0,0,0
_QvUf1oGvZpUz0zu0Cxp9A,2026,0,0,0
_Qw9VdgM9oV1OHR4zUA-5w,2026,0,0,0
_R-xEEF119h1faZ2xfSpjA,2026,0,0,0
_RD91KuqIeEkUQkVNR_j0Q,2026,0.27487633,0.17342766,-0.10144868
_RamAYhTCx3icKGk32tgYQ,2026,0,0,0
_RjEjv5czu7cfxOhrAnEOA,2026,0,0,0
_Rue5m6AKJsCz2JSjAMT-g,2026,0,0,0
_RzOVlLVGaVFWmMAkH6yTQ,2026,0,0,0
_S9BoLmq-GjDQm4uv93OEw,2026,0,0,0
_SgNu-6rP0XRdelq81oVEw,2026,0.13905618,0.39038005,0.25132387
_SmaZMlCXF4spqjbfnnqbg,2026,0,0,0
_SsfXv5sT76DIjmgbvDdBg,2026,0,0,0
_Szo6i4oFRYXANpF3JvX5Q,2026,0,0,0
_Tagma4xmXxpD7HjgekuJg,2026,0,0,0
_TuMjMp-enfDkkhtdgd7lA,2026,0,0,0
_Tua-z0N653wqvP-VFZhJA,2026,0,0,0
_UELEuFfdxpGdj7Lg83utg,2026,0,0,0
_V2BZA6ZKxSM6J9wTBszkw,2026,0,0.048814682,0.048814682
_V4g0SAkIcfC5vL-rrlx7g,2026,0,0.15000679,0.15000679
_V6o3Z-zdfB27pJAk4sPFA,2026,0,0,0
_WGMDzEUxrslcjmxJ299zA,2026,0,0,0
_Wkeh_kgtuHWVlAL4zoHdw,2026,0,0,0
_YdmOf9xwZbb8K04feHXlA,2026,0,0,0
_ZlJA1oBI1JotQviBUBa8Q,2026,0,0,0
__GHy1xxetn0SBqP4b_odA,2026,0,0,0
__kU2-Wxq-b2HlWsyHnWXQ,2026,0,0,0
_aNhS8P_ZKdhuekobjqsLA,2026,0,0,0
_aR5B9L1uvvRG71GMJa76g,2026,0,0,0
_b6DPOY2z1jnDcLv4wv_zQ,2026,0,0,0
_b7sWPWtHFHMrIaq_4PCHQ,2026,0,0,0
_buMJCCAJN2sLKKtnC4H2w,2026,0,0,0
_c4XsEQfqz3AybRDWa8hYg,2026,0,0,0
_cBcXTHWR3V7d0ThAdrQRQ,2026,0,0,0
_cEuH9i5R7u1hbcgK253bQ,2026,0.07386356,0.059940838,-0.013922722
_dmNxWOwzQiqsB47tT5l5Q,2026,0,0,0
_f0NfALRDLw0noHK151LxA,2026,0,0,0
_fF45EoxrYMSX3XQPN1esg,2026,0,0,0
_gRY9p7P5v_QAWZo-qJg3g,2026,0,0,0
_hPjqzQDiyw1-4U_IAETpg,2026,0.081774718,0,-0.081774718
_hPlOmIDB_zpqmJ5QPMyJA,2026,0,0,0
_hlhhNACb1VylCPDsWuVmg,2026,0,0,0
_i3uTqtUfyVZDryKzUGGiw,2026,0.19635794,0.19635794,0
_i_1_VdQHtlTFqOTApF0yg,2026,0,0,0
_jKKicORwRzO8k-Tl2qRIw,2026,0,0,0
_jQ4QD84l_CUpsLD8L9LSg,2026,0,0,0
_kb012xMj52yImWbv4rl9w,2026,0,0,0
_khU0FCzQKjeQPzP7SLyMg,2026,0,0,0
_lXS9wZ9yajEikWBptksSQ,2026,0.12325584,0.20210735,0.078851507
_nU3tfS0zOOzV0rRz8KL0w,2026,0,0,0
_o6KSvXPLk7oFd6BaYoNyw,2026,0,0,0
_oJxxnVyS4pEXAx4gK5U8w,2026,0,0,0
_p9_GXbJNUJLkieaOFfhHg,2026,0.28880803,0.39038005,0.10157202
_pF4l2bsxsS-NHDdYNgF-g,2026,0,0,0
_pIgvX90vh7-yzWMfKeXUA,2026,0,0,0
_paclj39JIG8yWCHxwf2ag,2026,0,0,0
_pigynCPR9FRa6zA5gyU3w,2026,0,0,0
_pok0EzLh5_WXVJR9UEMPA,2026,0,0,0
_qZAiLYf2GE7KjBb9YhBfw,2026,0.61314719,0.61314719,0
_qpzBLTiSjWCi3N9xq-VCA,2026,0,0,0
_rVlbC15nRQPSq-o3hMzdQ,2026,0,0,0
_rkBxV-UTX_LW3JmnNneoQ,2026,0,0,0
_sWha3z3xUK_BXqjl9DPaA,2026,0.33916021,0.43376655,0.094606347
_sZ6KsJyDRvaTBRZY9Welg,2026,0,0,0
_s_Q9pkdq0q8bcySQcRoRQ,2026,0,0,0
_t5X_TW_CikdZw8Gq20xPw,2026,0,0,0
_uBAYgyauBpFy4wdxygsEA,2026,0,0,0
_uXsvqMJYALJLaP0DaCWsw,2026,0,0,0
_udKyAh3AZr3pNONobWoyg,2026,0,0,0
_ueHePP73ubrkrTzqt31Rw,2026,0,0,0
_ujLUn7K0I2NjxRNoagnQg,2026,0,0,0
_vgG4XF8NCZBmZzP-5CTLQ,2026,0.17821674,0.10925729,-0.068959454
_vgSf5L68SXBTegrVbxCrg,2026,0.36274775,0,-0.36274775
_wRTBeEpjXvH6oSl2dMhLA,2026,0,0,0
_xWn57tbQ1nr39we2Wt_eQ,2026,0,0,0
_xkaxXfeODnO_CBieaeQzA,2026,0,0,0
_xyV4Z4VZyu0MvRP3zNfbA,2026,0,0,0
_yRKTBGymWyWoBj2YJFCmQ,2026,0.044808644,0,-0.044808644
_yfP0BJ8L6L5KEbwGhHMrA,2026,0.33916021,0.33916021,0
_ytUHRh3UVGqlWmO3iIqMA,2026,0,0,0
_ytx-JT-RZcTA4aovdmR_Q,2026,0,0,0
_zI4ykeqKVtl22jCcJS4dw,2026,0,0,0
a-8ZuiQk4EsWgebrG-K2HQ,2026,0,0,0
a-E9ybiFGl-kOvXtIyslYg,2026,0,0,0
a-UFwyQI2nyRHTFTrbRnbw,2026,0.2529427,0.2529427,0
a02h-nIjmzf_Vkvu__XB1A,2026,0.063600395,0,-0.063600395
a1pu9OpkUiqTLkvl-P39vw,2026,0,0,0
a2JdNtFqB-C38ga_06BHvw,2026,0,0,0
a2SeAQWwduCEljiCVi_o4Q,2026,0,0.078474282,0.078474282
a4ARQ10d2JCizg0za0D4HA,2026,0,0,0
a4I9ZjzQc-PnNmbOJhMsAg,2026,0,0,0
a4oitV8lYoLFVPhDO8k-Pg,2026,0,0,0
a4yIl-ix2u_WlEiBaAeNZQ,2026,0,0,0
a536VAnQz5VUOnMUaXYBdw,2026,0,0,0
a5GncoOg4e7DAoC791q8KQ,2026,0,0,0
a5IxLTRuQpYVI0kamEo12g,2026,0.27023815,0.24465054,-0.025587612
a5qmW2hvqRkrz_HSWzDLtQ,2026,0,0.38685281,0.38685281
a6_IDlSvtPUb2CDdiKSazQ,2026,0.27023815,0,-0.27023815
a785WJuWVC2tNmQLwgQfFQ,2026,0,0,0
a7sUmuiKSKEhDY6q7MB0yg,2026,0.20210735,0.23463936,0.032532017
aAG0_Rz3GnUlQY1auAsN-A,2026,0,0,0
aAhN8V9UFLpQj-OgEvKyrA,2026,0,0,0
aBA76hKuLWuNVTS-is7fGw,2026,0,0,0
aCIIluXyGoCNXAzOLqHTnQ,2026,0,0,0
aCT5tLjCrNdJazQ5kDECOg,2026,0,0,0
aDSFR8WDMkG3wMCxZCVILQ,2026,0,0,0
aDhZb3CPuYdjMCzLqWGU2Q,2026,0.19984968,0.11851605,-0.081333631
aEQ-CdWunsYjpuf5XSOsqA,2026,0,0,0
aEaZGRATp6X9TvVMCeYVRA,2026,0,0,0
aEcZXUxXbNW0SQixu0T5Eg,2026,0,0,0
aEqhUqUJn3pZ7uDMMN-yDw,2026,0.15130121,0,-0.15130121
aErRZ7cRAXFxkc8F1DhL1w,2026,0,0,0
aFa96pz67TwOFu4Weq5Agg,2026,0,0,0
aFft-D0CCy6Ik1L9Bj_cDw,2026,0,0,0
aFyEZ0Iv8ZaNHNULMPgOsw,2026,0,0,0
aGDtObhCNrySrrT2qpljfA,2026,0,0.1532868,0.1532868
aGffyvYdXpT7Eq0a4H590g,2026,0,0,0
aH-uJUN3nat-vaoo2bdRGg,2026,0,0,0
aH5x8mMN8njbFnApPAmzOQ,2026,0,0,0
aHJ8Jqbadtw-ASIEYmYe6A,2026,0,0,0
aHfW5LEWJzzdWKL6ZCpJwA,2026,0,0,0
aI3n3hp8ZyX0RNekn9JysA,2026,0,0,0
aIz24cPzQM9Nt_WUIpzvQg,2026,0,0.31546488,0.31546488
aJzehVpvN6oNLAhfCZw_0Q,2026,0,0,0
aLfIY6FOC1xn4QLuOleZGw,2026,0,0,0
aLtvIGucNiiC1bIuTLpmqQ,2026,0.033437491,0.039621067,0.0061835757
aLyabX-Q7504zElfBAjkMQ,2026,0,0,0
aMxT74JTfrH4BL5m8rmtlg,2026,0.11284514,0,-0.11284514
aNu11OSW0g_hVHrcLiJwmA,2026,0.091654462,0,-0.091654462
aO5IU2vsvRW8hyUFoSZ1mg,2026,0,0,0
aO78EAQXcY0_6cX5LdosLQ,2026,0.18154179,0.23463936,0.05309757
aP9U7fiZTnf8U5PiTzDNDw,2026,0,0,0
aPTwqLnmlJuRXIh2t-2uRA,2026,1,0.63092975,-0.36907025
aQmA4I6OnCPAvAzWL14QAQ,2026,0,0,0
aR6kzMUkIUhpxJrT7XbHsA,2026,0,0,0
aRYk2snBNhxAk6hBgWD-Aw,2026,0,0,0
aRZkstJ6Z8j5NeV-K37WRQ,2026,0.46927873,0.46927873,0
aRalYstdWlyiXL_u7pCBvg,2026,0,0,0
aReKTs8YdoHV_fkeGgFHOA,2026,0.29608191,0.29608191,0
aRpbB8Pp7iCuR9vANLch_g,2026,0,0,0
aTmDh2aGyBwTGBkuEy3y9w,2026,0,0,0
aU487Da8GLOWONON8YKNmw,2026,0,0,0
aV2eutOWIInmgKE_kczrjQ,2026,0,0,0
aVQnEoBiWTuPOtrLxW1AAw,2026,0,0,0
aVoIhTlHIkUaWFxr1gYQ4w,2026,0.61314719,0.61314719,0
aWFzduZe0eaqr5dfIsybEA,2026,0,0,0
aWcq9zSmUMbCTGyfrSAoLw,2026,0,0,0
aX2FV_bS34Vt0U5XYGvINQ,2026,0,0,0
aXEqpBc7mlSegvUTgFJOkA,2026,0.61314719,0.61314719,0
aXLzJNf36s0gHlqUoC2Btg,2026,0,0,0
aXRzdtPakasykk99CzsTAg,2026,0,0,0
aXU9f01w5xustiZfhpeKOQ,2026,0.29608191,0.29608191,0
aYveEctPYcZiubXyEgLhTA,2026,0.18672776,0.18672776,0
aYwgDcVJJO68ojXUEiPY7Q,2026,0,0,0
aZ-5N30YHfC-kCKPZybY5A,2026,0,0,0
abv9GQCNO-PfJYzLIC0TNw,2026,0.43067656,1,0.56932344
acHG5V09guzUCdP_3aUBqQ,2026,0.63092975,0.5,-0.13092975
acMsMOJ-FJtl6mPYCkbQ_g,2026,0,0,0
acshnsJsMZS9iIx30bSuUQ,2026,0,0,0
ad1oc5DDEZ8cA4KxxHFIvw,2026,0,0,0
adMjyYAea_A0a36MrR5zBg,2026,0.16569577,0,-0.16569577
admamOqKZBd6Nh4uEOkKKA,2026,0,0,0
aeCpAiEQdRdbQaSSEu5ZXA,2026,0,0,0
aeIlClrYOAeNyG4ZJ7byKQ,2026,0.26406812,0.61314719,0.34907907
aei3V9A1pZWQ5Ph7UiohSA,2026,0,0,0
afJ0J9dcfPvN-23c2dS5eQ,2026,0,0,0
afjPvWfviPjx94X_NE7Ndw,2026,0.29608191,0.20210735,-0.093974564
afudnUcRyZ1PwjlNY1HP9Q,2026,0,0,0
ahM4S-hghF7-al13d_DPYA,2026,0,0,0
aha055JQo_MKHlBGAqPkWA,2026,0,0,0
ai0MlRtZjG-egMz-PyQrhA,2026,0,0,0
aiUNKhWsm3mWAllfajU3Iw,2026,0,0,0
ajTYBum5Iq-AnSU3YK0C0w,2026,0.63092975,0.5,-0.13092975
ajXTcNUPYfpoqPQ9vFkChA,2026,0,0,0
ak60wKHLdPYq8j7ImjvMjw,2026,0,0,0
al-88kr0SAphNMTjdft47Q,2026,0,0,0
alsigtlICIwbGjeleoEy6A,2026,0,0,0
am7-gkH_PDz598oTdYSD6A,2026,0,0.15000679,0.15000679
an6AvA5g-ysd-3RAWQ9VLw,2026,0,0,0
anA_ZREYbGYDIh1cyexXyg,2026,0,0,0
anJSIZERb5eX8vapGrBFXg,2026,0,0,0
ant59d11IsDaepaxZL1O4A,2026,0,0,0
anv4jZa1kg4v8iKoaLpPMw,2026,0,0,0
ao2DWGjcU2hhPNWcCXfK0w,2026,0,0,0
ao3KmeB-DG7scB6VpeuOpA,2026,0,0,0
aoPIR79XTT6MDrZScomWeg,2026,0,0,0
aqA5bfDTKEOrjbWpa97ZYg,2026,0,0,0
aqOa8rLU5Fvq9tkl30p4ig,2026,0,0,0
aqoDY1ON1KNtCSsgN091XQ,2026,0,0,0
arrKbfFr1ksZSCCIeBgPBQ,2026,0,0,0
at-raleZTWjLRqdDa0CIgw,2026,0,0,0
au8pbtG-n-tADWb0OnKsYw,2026,0,0,0
aupFMhCaIcULqFeLzDAAJQ,2026,0,0,0
auuCtUBXUNuLVL0XmospXQ,2026,0,0,0
av_8mRH1QkwbCvkADGbNEQ,2026,0,0,0
avnHYdaQdmyUujzrthkeZA,2026,0,0,0
awYxGwoKnQdcGHTcSsqHCA,2026,0,0,0
awrLsmPaLWqR7FAFxq9gLw,2026,0,0,0
ax6PentCVOBmeWEcLSZnNg,2026,0,0,0
axw79CwUOpbLRho17C8OBw,2026,0,0,0
axxK4lKVn0u6x4GL7hRrAQ,2026,0,0,0
ayh-p9OVESQaF_RZH_RHRw,2026,0,0,0
az4agMaSGWrZr9Ygii0SDA,2026,0,0,0
az86xaP37MUQL2qHF9QbhA,2026,0.5,0.38685281,-0.11314719
azhYuAZnnVpKRvOEc-Vc-w,2026,0.14829723,0.078348516,-0.069948714
azylke9XcUaqUg-TR9MnhQ,2026,0,0,0
b-05O8JtzamgsJOrfhkw7g,2026,0,0,0
b-3BAMoq56CcFvK5N1uKgg,2026,0,0,0
b-7y4e1NcEzclgyi2TEy7w,2026,0,0,0
b148kCklWACiyegSS8-rHg,2026,0,0,0
b1Azuyq3u4zHASkiwJId_g,2026,0,0,0
b1UhGHe68Pyn0vzsftYLhQ,2026,0,0,0
b28NdulNRDYdtXWFl5_VCA,2026,0,0,0
b2iK-oXT9onUeODm80oaaA,2026,0.078792135,0.19698034,0.1181882
b3DwFWcdQnhKfq-Q4zyEGA,2026,0.33916021,0.098039286,-0.24112092
b3uUjaTqxfIh5uGV98bptw,2026,0,0,0
b3uyg2m1HIxQKsE5Eg4ZnQ,2026,0,0,0
b43wuCIyWsENYvoeRm2lnA,2026,0.61314719,0.61314719,0
b5OqNUIJPRi-onpMGBCZRA,2026,0,0,0
b5Pp_fOZnMHg_Z1NZcmMIQ,2026,0,0,0
b5z-kyMJr8TBryVPSRg3DA,2026,0,0,0
b6tv1o3JvD-GDH8f9b26xg,2026,0,0,0
b80BrMm6R5VYjj21gOQGPA,2026,0,0,0
b84U4lyNTGzuP7rMg6JErA,2026,0,0,0
b8RJG-1BRwCzv4MVMGjicA,2026,0,0,0
b8SWcnxNL_czKgvRbzP0Mg,2026,0,0.27023815,0.27023815
b8aCjlTJDA0hoZLMAE-iLg,2026,0,0,0
b8cagRGAlBJtfQmjS2_D2g,2026,0,0,0
b9HV74ZB2neuy51hWstUGQ,2026,0,0,0
b9vYEd5TJPYCEWr98ylp8g,2026,0,0,0
bAV9OzddT7ufO7cfGPGabA,2026,0,0,0
bB6BlbN88WzijTj6TAVSYg,2026,0,0,0
bBThiF-1XxSatDOM49eCGQ,2026,0,0,0
bBd8sOgkhbaEeZHjczV8ZQ,2026,0.43067656,0,-0.43067656
bD3Xrd0HWnaM1cJ_geFbyg,2026,0.15642624,0.16716045,0.010734213
bDCCzWxv2fU-z7eeaFzKxQ,2026,0,0,0
bEGLhmfZB3wgVZcn9Aswwg,2026,0,0,0
bEKDlxJgqFOXKODPnvXNFg,2026,0.5,1,0.5
bEVgYA2HzHpqdQtv-KnuYw,2026,0,0,0
bEadB1h4l7kSU9ApZFTeHg,2026,0,0,0
bFDwzNhDoiTwsaqiwRilrQ,2026,0,0,0
bFNn1jLP8bC_stWDEnhzuw,2026,0,0,0
bGhapzumnrHl42wtjiKenw,2026,0,0,0
bGjjXHdlIJSvfHEq497OYw,2026,0,0,0
bGknNx_hlu5ciXaWhxLDAg,2026,0,0,0
bH3yc4ZI4CGd_wPpZKML5A,2026,0.054591126,0.20569249,0.15110136
bHPpSsGbFM9BxwiG3OYqTA,2026,0,0,0
bINIb2jxeZ2GmWu0B0soug,2026,0,0,0
bJ5FtCtZX3ZZacz2_2PJjA,2026,0,0.073477391,0.073477391
bJfzYcvRfZ-n8gQAi9_vGQ,2026,0,0,0
bJgfxs6_h5Tcp5anvdTtYQ,2026,0.18684868,0.13696397,-0.049884716
bKDEs0ujjT28o3K0TtUOlA,2026,0,0,0
bKzRaHF0HmGti_4ROJxJ0g,2026,0,0,0
bLEltq8yMvBcnUmsKjNiig,2026,0,0,0
bLUq5Yt9ILWHtNY6o2O8jA,2026,0,0,0
bL_K0uuXTVgUzmZjjVwrUg,2026,0,0,0
bMOTnVsvHkVEzSBlNjUbtw,2026,0,0.14606835,0.14606835
bNVKNecoSQJ7196xZVzB4g,2026,0,0,0
bNenfi9OcIhLLuuqqN8ExQ,2026,0,0,0
bOwDOAbFeRtgjHePGDNhEw,2026,0,0,0
bPEwGZOLL3lftkFoNZlIiA,2026,0,0,0
bPJtJwRN12reIhTcdGkXVA,2026,0,0,0
bPiE0Ztrobl-JGtI9XHgsw,2026,0,0,0
bPrGT59MQPMxy95ixEj0JA,2026,0,0,0
bQCHF5rn5lMI9c5kEwCaNA,2026,0.1033295,0.044257815,-0.059071681
bQCsL97RJrfBsU6T749-TA,2026,0,0,0
bQUchPRG1QVOEqoQ-PO72Q,2026,0,0.1418689,0.1418689
bQYqdcu6c5yuoTnUy7ze-Q,2026,0,0,0
bQZVPlso-PPLhxrCmJryFw,2026,0,0,0
bQbTlM4TRjodo_59GPp3Eg,2026,0,0,0
bQnaTbU39ejYufe6Z6JN-Q,2026,0,0,0
bR5d5ppWy2V1X0_x11-ZXQ,2026,0,0,0
bTRFge5pRWMh7IoCLn7lBw,2026,0,0,0
bTiQztu4X5tG45Lnt-GIwg,2026,0,0,0
bUN-sLR8fN7jKuhXoa0mvw,2026,0.042585283,0.1240005,0.081415219
bUyZ3DN2nKPhZNjtTnWMlA,2026,0,0.051664748,0.051664748
bVEQOCwSOlaCNIBHWRPfHA,2026,0,0.078474282,0.078474282
bVJHUaQIOBn-1hDVe1c62g,2026,0,0,0
bVPD0vQDE7LbRSwFSKp5zQ,2026,0,0,0
bVdCjiSf-9X6Yidt6b2YSQ,2026,0,0,0
bVfk-rSP6-BSRjez29-C_Q,2026,0,0,0
bVmzV_JahHoPxUrPRYLCfw,2026,0,0,0
bWGj7L2HLV6ELRKII_3h9Q,2026,0.056869739,0.053821216,-0.0030485234
bYJyfPhqD916gWLeyB9vfw,2026,0,0,0
bZ-VCrtfiOj0-mahWc-3CA,2026,0.38685281,0.26406812,-0.12278468
bZtlEeyawNfVucIBzCAQag,2026,0.082746021,0,-0.082746021
b_-gfruhwOecFOwyKVCCPg,2026,0,0,0
b_JjdOKTGa0QIuG3DYpZVw,2026,0,0,0
baWLqajM0hJk4rVH_jEupA,2026,0,0,0
bbN4dSqLNWfiTYZTTv62sQ,2026,0,0,0
bbZFiGdRJlxs1ys5RYfZWA,2026,0.1695801,0.1695801,0
bbf5hkBKZDNMnZ8Sacc6hg,2026,0,0,0
bbtc1OcdwTOsz3i7WwpHGA,2026,0,0,0
bcNgc_hXnsVHO0iYZAgoLg,2026,0.61314719,0.61314719,0
bc_A6NRe54_MhlRIXffAvA,2026,0,0,0
bceU1PXUmtM7Hz8baZXZ7A,2026,0,0,0
bd7KaALm-AJbSfoLJ9Em-Q,2026,0,0,0
bdP1x_cDKdXrJen3QkzLEw,2026,0,0,0
bdS6Aq26wMaw8juFGc0AyA,2026,0,0,0
bdSDXHQF0LoUweNdsI9IAg,2026,0,0,0
beSqvtodazXd59ZmyVcjFw,2026,0,0,0
bfJpL3-nDiqgfmZgUpjPiQ,2026,0.27458308,0.19698863,-0.07759445
bgdFMsxMlOrUIvjRnLJPlw,2026,0.21992634,0.21077215,-0.0091541934
bgmhRGxb7-gzw4SthxvGDA,2026,0,0,0
bguBryEPhyNWWDIU6aismA,2026,0,0,0
bhAB5wo9iLsaExSw4apR4g,2026,0,0.04191911,0.04191911
bi76Ih6tRv-ghYWFCJ0dag,2026,0.097912925,0,-0.097912925
biXvLE9j8tzt1iZ1adBPOQ,2026,0,0,0
bj8eKrfiYC8nc7uH4jyxcw,2026,0,0,0
bjxN5wW6mdpe2GIzVgEo4Q,2026,0,0,0
bk2WkWrsZBNF5uLQOTzVlA,2026,0,0,0
bk_A2fCTWtT0zaqYreul4w,2026,0,0,0
blj3vXi-F0Nc-liEkExU6A,2026,0,0,0
bnHCAZTk-btf9H4aZH21fQ,2026,1,0.27023815,-0.72976185
bpvlhtK-AV4NUnmG3yepMg,2026,0,0,0
brtnNqHM2ER44b0nFXNziw,2026,0,0,0
bsRj20h6r_WBdffZaQaUhg,2026,0,0,0
btab31-ThzQ15PoaIfWkug,2026,0,0,0
btdMwcbzwNPbsCcI-cLl4g,2026,0,0,0
bttMaiREeZH_6KgjraiFnQ,2026,0,0,0
buWot5DMN-w7MEoTPqBejw,2026,0.20210735,0.33775932,0.13565197
buXV7Vn7ki4YZuXqVgLNAw,2026,0,0,0
budxX8l3xleFTM8QlNWgqA,2026,0,0,0
buspPncTFgQIzORc5ELhXQ,2026,0,0,0
bvDZ3n7K33299U47WvrpGQ,2026,0,0,0
bvdyM5OR9kQHl2Jegj-9bg,2026,0,0,0
bwvscWCSPZD1tLgzywAgCQ,2026,0,0,0
bxDzgr0a8d2cFYBl_h8d0w,2026,0.1033295,0.16377338,0.060443881
bxKtZwV1Xr6JUksBASxiRQ,2026,0.079478383,0.11706259,0.03758421
bxVg7WgLSDoZRGShYZK_XA,2026,0,0,0
byIpgEbSQo6KHHhKymgU6Q,2026,0,0,0
bySwOkKdTvxj3XoHNdHqtg,2026,0,0,0
byl3l7SvvUOHo0rMxIC6dQ,2026,0,0,0
bz3P0iXJ0oeBzdZq_7Nuig,2026,0,0,0
bzBkcAXoD-qJDChKBt2yLA,2026,0,0,0
bzNrQWSCwh41MULRarijyg,2026,0,0,0
bzOCV6S3h5412lUgjMIFhg,2026,0,0,0
bz_5z6jzSloYZaAYImdPaA,2026,0,0,0
bzkBOTSd88QP5vVSad37ig,2026,0.091654028,0,-0.091654028
c-7z4kQjlzd_Lp9iMCkHqw,2026,0,0,0
c0K9ON2zP3ORSK-t1K7Vmw,2026,0,0,0
c0VeS87oL1XnLxCyqAScMQ,2026,0.27023815,0,-0.27023815
c0tiWWhq7QxJOJ5iCkOACw,2026,0,0,0
c1IW78R9Qb4mpmLXmam0Wg,2026,0,0,0
c2LH6JfmaNLG14o3TZ3ItQ,2026,0,0,0
c2iD04NaZ5dIB42I1Zagdw,2026,0,0,0
c32puiLR7wLx7Z5Yt-OlMQ,2026,0.091092403,0,-0.091092403
c4kfRCXgIag-zMrly358Hw,2026,0,0,0
c52vdp1FpkOVhn6iimGcgg,2026,0,0,0
c58LB4hCJcL93W52whHgKA,2026,0,0,0
c6CEwuiDgKzXt4pdznEGgg,2026,0,0,0
c6JNl4nzIGR5lmt3VK3sYA,2026,0,0,0
c7ZFB3lBGd2QVQSVtRLTDg,2026,0,0,0
c7nC1NiMplU9RXmmLvBcUg,2026,0.17723929,0,-0.17723929
c86PuhFwaWdcHHdl9F1nwQ,2026,0,0,0
c87zSGqkAh_HhGM7nR13vg,2026,0,0,0
c8aTh6t3UGnq3d8Qw_Q6vg,2026,0.13083037,0.20736123,0.07653086
c8pMZVU9GxiuL-B14vkajg,2026,0.46927873,0.23463936,-0.23463936
c8utevVplmca-SAxp62DRg,2026,0,0,0
c8vZ4DFxv_Jnem1JBTFnIA,2026,0,0,0
c9EefkB_2cK8rOB53N99mQ,2026,0,0,0
c9ZkkYwVdWs5EarrmViFOQ,2026,0,0,0
c9kbgFM9uxrQn5p_AdGfgg,2026,0,0,0
c9nnnaox3miKi5p10yXtSA,2026,0,0,0
cA-xf9zd3y0DS6fFrJD3eA,2026,0,0,0
cAEZTpvv1F-hPQpwnn8G4w,2026,0,0,0
cAGOrXtZr165JleILpfTzg,2026,0,0,0
cAU6u0P--AX071hVQRkd0w,2026,0,0,0
cApR-VuIXu5G-zcQPmPesg,2026,0,0,0
cBUw8N4owUVo69M8Juh-JA,2026,0,0,0
cBjSRn4TgD6T99b7vDRFtA,2026,0.28906483,0.63092975,0.34186493
cC9flaguB3JXdQSghVT03Q,2026,0.12325584,0,-0.12325584
cCIR5ru9IG3rGTbgAGbFew,2026,0,0,0
cCeCQxErE9ToaQQBEVFuFA,2026,0,0,0
cDQG_OGCpu4ATDz6rQSryw,2026,0.75274257,0.83155463,0.078812063
cDcakQinxKO8szOx4rtP3g,2026,0.16812754,0.10889376,-0.059233775
cEWQEFAhMg7SXdHRK6N2SA,2026,0,0,0
cEgEq_y_w_LFiODcexOe4w,2026,0.61314719,0.38685281,-0.22629439
cFKMbVWvxbSfWU9g_J4qMg,2026,0,0,0
cFoI3jF3gK0p7W6iJRuEOg,2026,0,0,0
cG-6LfrPXpKNdcEe6nOHUw,2026,0,0,0
cGEyvvuGQr2vWqXmjo-T7A,2026,0,0,0
cGNlFHX1EQtLNRmDtpFw0w,2026,0,0,0
cHxDxFfJHyim96tb8jr-yw,2026,0,0,0
cHxPxdA4Y4M5S7d0gJf6MA,2026,0.068893567,0,-0.068893567
cI78WL_iGzmZKlSuKmCN6g,2026,0,0,0
cICyKh_ZeIIXpOkA5jcQjg,2026,0,0,0
cIVmIJD7nIiEcVGamfBoVw,2026,0.13209437,0.20808535,0.075990972
cIp8FWbkzrwWeIHVMuiTQQ,2026,0.61314719,0.61314719,0
cJ6oDYzAdHS_9ejY4DZCRw,2026,0,0,0
cJ7XcXG5-U82VN3LNNOxGg,2026,0,0,0
cJCYCEfDL4n5TgU9y8RTWg,2026,0.46927873,0.46927873,0
cJNAg0RtRYKhUvmMPGSh3w,2026,0,0,0
cJR2dSsbg7Z8zDklnan-Cw,2026,0,0,0
cJfkKNg2yVPhp9Q8eR-dmA,2026,0,0,0
cKTA-iJbfrioKWFiDreghw,2026,0,0,0
cL4n5spJuAvlndSMdo8u_Q,2026,0,0,0
cLXP8gb-uHI-ZL6AxTRlaw,2026,0,0,0
cMIVlEuCKkiEo1QkPBbMaw,2026,0.80480998,0.63668244,-0.16812754
cMPJlsuY5IQgJ8N9qICdDw,2026,0,0,0
cMVqaehdc5ZmcTP8BWPrSg,2026,0.26406812,0.61314719,0.34907907
cN9E0Z78ViWBiwhUfZhCXA,2026,0,0,0
cNgeX7WVodQcIDx8JxSXNQ,2026,0,0,0
cNrcl3sOkPl1l9QXH2rn7g,2026,0.23137821,1,0.76862179
cO3qx8O0ZZToztcWf30d5Q,2026,0,0,0
cOl5Zx-q-ZHNq6EX-DaMaQ,2026,0,0,0
cOtS5qFKqpU8C1htHc1NSQ,2026,0,0,0
cOudgqbymQwq-amv-3-WhA,2026,0,0,0
cOvqqI2u2Dqm4aXrn9NPOA,2026,0,0,0
cP6jm-Lk5pZ6YAiHiaaaSg,2026,0,0,0
cPKzSTXXap2MEg1NFxyaQA,2026,0,0,0
cQ2fN2WsrmO32-wL0jnQcQ,2026,0,0,0
cQ4WTCe19v9jwyE5n02MyQ,2026,0,0,0
cQi5KWvQ3cbWqWTTwa7fxQ,2026,0,0,0
cR5bvpc0xeQpm-Bsx67A8w,2026,0,0,0
cSQk6DuSVJlWdny_8AAAGg,2026,0,0,0
cTgidQke3_loMTZhiVQ7rA,2026,0,0,0
cUB2WhICFuSe7DwXAIoo0g,2026,0.23577173,0.18672776,-0.049043961
cULJIe7whsGb6Agz_pTVbA,2026,0,0.5,0.5
cVIHmtaYfEm_fmKPLcp9Kg,2026,0,0,0
cWm963v1BLwTpSiwawNfKA,2026,0,0,0
cWp5SI50JZsVfllfCAj18A,2026,0,0,0
cWvP0mEmM5UC6OOUykdAUQ,2026,0.16590752,0.062581163,-0.10332635
cX-0hiimt8D1D04Tpq6RHA,2026,0.26406812,0.1845757,-0.079492426
cXSyttl_8F03HbDDeKnyyA,2026,0,0,0
cXeORmtyzb7kpKtLBFGqsw,2026,0,0,0
cYBIS0ULPL4lRhZmApY5ug,2026,0,0,0
cYcZCpH-oi-28lIZHxS06A,2026,0,0,0
cYri1iWhhfH2UCxvWag1xA,2026,0,0,0
cZ2LBJ8Qz8j0lXCmOqs68w,2026,0,0,0
cZJJPbAEUuSZKZ9nVdtuvA,2026,0,0,0
cZnTDZ__FvT-Fy6MyWU93w,2026,0,0,0
c_Ap6RsFcZpqWN9QM-qIlQ,2026,0.26896408,0.35939994,0.090435867
ca86pKyVVbJacCQQGEBJVQ,2026,0,0,0
caYicwPqwGy_khwMO7oZ_Q,2026,0,0,0
caorYo2PbF_dux_qoZ8K1Q,2026,0,0,0
ccL-5xiw2Yq-FdUToySfnQ,2026,0.31937799,0.44997064,0.13059265
ccboyo-sSWqEZDVfBSY6nw,2026,0,0,0
ccce_-dw_glnLMQbKMabeA,2026,0,0,0
ceOgTpuVltWRkwr3Q5Yj-A,2026,0,0.25595802,0.25595802
cf5RlpeCGkithqJ-Dp7elA,2026,0,0,0
cgKu0CHBNN83ucaUB_oSVQ,2026,0,0,0
chq0Ycuf0tTbX-7FaqD3uA,2026,0,0,0
ci9JNxqrdWZ-zgBWmHNRVA,2026,0.16812754,0.13012668,-0.038000853
cjC-rcZOWv_wiPxhmtaicA,2026,0.30260241,0.26657147,-0.036030944
ckFC2OotVWf7jPZg2f4JJQ,2026,0,0,0
cki04-dtVHO6ZBrbveOynA,2026,0,0,0
ckoYvWD77zpWUCY5O_8SIQ,2026,0,0,0
cl-c9rAAbb8rwyk6sXeOPQ,2026,0,0,0
cmMYzA1UQZymlgx3aDOSAA,2026,0,0,0
cmY3BvUi1ibRhhFzIVJ9Vw,2026,0,0,0
cn4Iphre0CFtkJeN7_6tYg,2026,0,0,0
cnA1ucA6KSZUUeosDQIJjg,2026,0,0,0
cnrV83qYHYSwaV1MNlq71Q,2026,0,0,0
cpZbwIhnGUXFmh7AWsTrrg,2026,0,0,0
cqS23cIPG0LMvciDirIBhA,2026,0,0,0
cqcmrb7Cs-AwWRr0pG8Brw,2026,0,0,0
cqrhOU811XB9kFYRvIgmnw,2026,0,0,0
cqvIoYROau70eE6mFZzpXA,2026,0,0,0
csFArSJaWtEXKalZCXbVTg,2026,0,0,0
csxphawVKwodqwnI5YU4sw,2026,0,0,0
ctb9dQLc8HFMCtTHCLLkdw,2026,0,0,0
ctq5ep2NMKKHu52xG-JA1Q,2026,0,0,0
cuFo8IKX4zc6vF7UCxbr2g,2026,0,0,0
cuVmAqWlB7i_e7N1kSrSAw,2026,0,0,0
cunpzBkEboEewYlFofWhTQ,2026,0,0,0
cupTlUHJBF1B3jWS6FVwyQ,2026,0,0,0
cuwv0cwD0qwTHIcx-K7q2A,2026,0,0,0
cvtVhdDwyT0eF6CV9XgxLQ,2026,0,0,0
cyO6nw8M5-2y_zcUfciPZA,2026,0,0,0
cyRZcHSazagn71IkMi8aEw,2026,0,0,0
cyd6Dvh1Si8keEHhMbVyQQ,2026,0.22009177,0.3915307,0.17143893
czZfkDYawbI1GkfAcwUKDA,2026,0,0,0
d-8BkC8w0uMRLkGjY4pZjw,2026,0.2683638,0.41039157,0.14202777
d-PVB7w2vDLdIFT3-yxMkg,2026,0,0,0
d-dG958YIg5aLlsBv7U9YQ,2026,0,0,0
d0FbFaZuJWfai0RYsUS7qw,2026,1,0.28906483,-0.71093517
d0xjrf1CL0ollZNK5xewWg,2026,0.091898943,0,-0.091898943
d1uSqpNav2liDr5qeutTRA,2026,0.46576867,0.45932967,-0.0064390003
d30YmrHWxYUl7ODpC2Q2Eg,2026,0,0,0
d31c-i_LVFs1LTXzDp_Xpg,2026,0,0,0
d3DfcZEVo2ntAC_Mc-ZLCg,2026,0,0,0
d3IjjMYpGRrl_OiwqEqolw,2026,0.073116838,0.2529427,0.17982586
d3IwmrTq8eCw8g8tVZqbzg,2026,0,0,0
d3i582wefTonNg8DB9WKqA,2026,0.13932532,0,-0.13932532
d3yM4XI_qfHnKct9TtMGzg,2026,0,0,0
d41DrZzEooYd9oAMLv6HjA,2026,0,0,0
d47dyqCgr5f7gzATn773xA,2026,0,0,0
d4Kzoe9pXQx9mo4VMGOqPQ,2026,0,0,0
d4PTX2lM0cM2Sf-A8nicsA,2026,0,0,0
d4u3hxVegG2LcNwAuuJPkg,2026,0,0,0
d50UUxmCMpXXjOuSGZiM4w,2026,0,0,0
d53Yh7Do_pFFk4wwXFqPUw,2026,0,0,0
d5UPpH3NNlfs98ZEMYel9A,2026,0,0,0
d5bTmxYf-I08fvogo8YpaA,2026,0,0,0
d6DBPeuD_cOKqqUwfqP8OQ,2026,0,0,0
d6H0HhqyOLiihCG6gbV4cg,2026,0,0,0
d6ujK-5FqqzIczIr0U3R2w,2026,0.13090199,0,-0.13090199
d7Mc11oeZ7csVyw3nu2baw,2026,0,0,0
d7xA2kRYIH0m8muwOWnsSw,2026,0,0,0
d80ShWXSeNoSuya6fJjyiQ,2026,0,0,0
d8NutNI8ScRUKTV8aCQ2zQ,2026,0,0.10253314,0.10253314
d9VhjE_kqUe9nFpwoc6Upg,2026,0.040945164,0.033963285,-0.0069818785
dAO-APJaGsXKRSn24pdFsQ,2026,0,0,0
dArzYnlZh0gBLjA6YkJeoQ,2026,0,0,0
dBTkbILURRXXXf_hCJ1B5w,2026,0.1695801,0.1695801,0
dBlDmgYACHsskfOuT4qlrg,2026,0,0,0
dCATwLTGaDZAbSFxA-4pkw,2026,0,0,0
dCOonQ7Md1ooief37g1SHw,2026,0,0,0
dDnfnlLZpF7ufvUw51BQTA,2026,0,0,0
dEHaRAaHyA39nr_AFyQuTw,2026,0,0,0
dEKozQU5YkDuhy4y3DlJUA,2026,0,0,0
dEcYAgpFD9KTIA2H1vrTKg,2026,0,0,0
dF450JP4LMJYJKRU3fTrYQ,2026,0,0,0
dFLppA6HboRiBiT5-8j7Zw,2026,0,0,0
dFsZHNkZAhCsN_A7g8BJAQ,2026,0,0,0
dGFQUhcBUSiz1Gy7KTzBkQ,2026,0,0,0
dGT0g7kHt9IzryiITiP2Pw,2026,0,0,0
dGkAskGHxJS_gjU3_lbGTg,2026,0,0,0
dHVP3UbizpEsJaOPdcKG_g,2026,0,0,0
dHZ4h6mbWWAvvlm7YRGyiQ,2026,0,0,0
dIKGGMYW2SocsGVqp2ZXCg,2026,0.24465054,0,-0.24465054
dIKvjW_c6DmsHMoCjCMAcQ,2026,0,0,0
dIRTUvNn9HSG7SlCB1CdKw,2026,0,0,0
dIh7pPwdVsmEf0KDfJKHmQ,2026,0,0,0
dJcWI28T1QYgRBJEs_fZMQ,2026,0,0,0
dJnCcW_dFZ8SeU2HtqkuHQ,2026,0,0,0
dKbXMlv3C2dfiGWXlAdszA,2026,0,0,0
dKwzOOMQte1WbozogRMxmg,2026,0,0,0
dM2bWLUvK82XsrjjNL45vg,2026,0.20210735,0.15642624,-0.045681104
dMBzfEZVid6__5D4D5IgBw,2026,0,0,0
dN113LRbW5q5CT4La8ZMgQ,2026,0,0,0
dNENGU5i6F1D4p118hn_9A,2026,0,0,0
dNYRcQBMUmb8QquI5WWQsg,2026,0,0,0
dNdTHvVEUZqRKIdhQJmZGw,2026,0.067867851,0,-0.067867851
dOFrTw_un5lk3P6P3xevJA,2026,0,0,0
dONIjfGevnStP5TOEvd1mw,2026,0,0,0
dOX69tY9pYtxvQetUp4f-w,2026,0,0,0
dO_9i8HfapTEWAzAN-h1IQ,2026,0.27039925,0.38437713,0.11397788
dPtp9PKFL-uAaijlyu8b9A,2026,0,0,0
dQIB3S1Y_oSD-9ghqwr0-g,2026,0,0,0
dQZOOYT8fi7KRlj5drsySQ,2026,0,0,0
dR1IZUQ8Ymzi8jyDBRw7yA,2026,0,0,0
dS-0tIYXMn2bXR308J_WHw,2026,0,0,0
dS7kxY-JZnyAfaQTv3fr3g,2026,0,0,0
dSYnzfwLiC1pxR3XDCyARg,2026,0,0,0
dT6sOAggtl3OIry192lhag,2026,0,0,0
dThZ9eQR5LhYqIDqz_9FLA,2026,0,0,0
dUv39VwPgN5ZSsVGAzVDBw,2026,0,0,0
dVYyV3fDdTSeiZK8G2PLnQ,2026,0,0,0
dWHnB7dGynte4w7tolcJwA,2026,0,0,0
dWomYQ3TweVLrHdlzcwMkQ,2026,0,0,0
dYJPAlkQx_K7WVfbg3aj7A,2026,0,0,0
dZJcJ-36Na--Iht_ZdAhsw,2026,0,0,0
dZUrYvwXEFzNZ6IzQXQptw,2026,0.61314719,0.61314719,0
dZizT8DEituZ404ZFRNzuw,2026,0,0,0
dZn_Aqvyh-Fx0CkbcQdYPw,2026,0,0,0
d_Blgv9PgXX5CVnFwpURjw,2026,0.20736123,0.07386356,-0.13349767
daPpL710LNttL2FwvJCnNg,2026,0,0,0
dalL2l5U1JDVcT_aDh16Ww,2026,0,0,0
dbLz7YfH5Fy6AAB-5-vDyA,2026,0,0,0
dbhPkOfmv4RYNzb9rDkHlQ,2026,0,0,0
dblMeSI1ohQXU-AjiFFNYg,2026,0,0,0
dcIMQveZpojXgPggygNDaw,2026,0,0.090325438,0.090325438
dcdXcpa_1JBWQWou-OL4TQ,2026,0,0,0
ddmhl3fui90yCT15MO7ylg,2026,0,0,0
df4oOKSWoWPgsJtokCcd4g,2026,0,0,0
dftHlm7RrJqNFrYmz0kkLA,2026,0.38685281,0.3065736,-0.080279211
dgGUKdOh2a01OwLw1qgfDw,2026,0,0,0
dgS3s8MW5ZkPbfMS3XC52A,2026,0,0.11047239,0.11047239
dhDFioIydbshgDh27QuWVw,2026,0,0,0
dhLizr4a2oydrv15y56r0A,2026,0.46927873,0,-0.46927873
dhhueHEUCV2Ya8A8WHIciA,2026,0,0,0
dhuRgFqkbs-VLqMpNPBZ2A,2026,0,0,0
di4JcdfaqfIljIXKt-mBAQ,2026,0.30260241,0.30260241,0
disUH0hHS1nYoWjrlayCbQ,2026,0,0,0
dkE7OXULjSZyCQwxCFyvIQ,2026,0,0,0
dkfWNTseuKiZGkAYI473Vw,2026,0,0,0
dl1BK33CCpuMrc-nZWLv_A,2026,0,0,0
dlAZ0T60iW_HXyC_vc8FJg,2026,0,0,0
dl_zO_5XMpLD4-KzxkmHeQ,2026,0,0,0
dlx7-mP-8vRyocdtAEXLvA,2026,0,0,0
dmfuwKm_-fc36XcVTvKziw,2026,0,0,0
dnzPsL-kTrLWdjB8QX_RAQ,2026,0,0,0
do3HpIxxM0rFKDV0np0pig,2026,0,0,0
dofgdgVUJO8e8SDrrgpl2g,2026,0,0,0
dp-1NZDaIkcbJQtPbDJ68w,2026,0,0,0
dq8X0XQ-N8my2rSjWQOPdw,2026,0,0,0
dqM6ekoksMf5PQr-7REWtQ,2026,0,0,0
dqhkVgVVAXCcJuWEMMT86Q,2026,0,0,0
dqucQwA-CHWhUczwqIxKKg,2026,0,0,0
drLSG84LnnighzakGx6dOg,2026,0,0,0
dsN2SF82WKnBUruurcjo1g,2026,0,0,0
dsigYfF0MUXPX379Rpj54A,2026,0,0,0
dt1Bp6gRkQWmm4wrUAhFxg,2026,0,0,0
dt7hSz_Uh8-PdIlvefVwbQ,2026,0.35206257,0.35913859,0.0070760249
dtHAM1wr9dKhjBh9f92ZsQ,2026,0,0,0
du3Lh-DrDfJb9ra3giCtPQ,2026,0,0,0
duRuzZ-GitlP34qyW8s1OA,2026,0.13032377,0.30260241,0.17227865
dw4DP4_lMacxQ_IGxlmXVA,2026,0,0,0
dwmEc7acSWOswF021KhX2g,2026,0,0,0
dwn8crOfw3HD0Yo3sOglEg,2026,0,0,0
dxEU4v4fSX9aD3tH8dy7cw,2026,0,0,0
dyAaNxc4QGNxOIYz5uSy4g,2026,0.15194751,0.037174041,-0.11477347
dyPBzXdOVyT5tJzwEzjqQA,2026,0,0,0
dysHY87X_urEc2ojEs87LA,2026,0,0,0
dyzaphUiajbO48x-OpZnTQ,2026,0.21840744,0,-0.21840744
dzAZWHtJ52JI8J4zB2mkow,2026,0.27487633,0.27487633,0
dzC4DU7P-kcKntHtv1YqYw,2026,0,0,0
dzZZl9mTut7T_srEWRjxyw,2026,0,0,0
dzlDB2uabWOzbQHw-J3y2g,2026,0,0,0
e-CUYkWVWQwiYdmhumx9Rg,2026,0,0,0
e0bGaiHgKanzSwkzwnhRuQ,2026,0,0,0
e0jxeRbUJA0pvC5jJ5JnhQ,2026,0,0,0
e1Mh_DtPV3hxoFtJnBaGXg,2026,0,0,0
e2M7L6Ksx650TEFQE7bENA,2026,0,0,0
e2T4AgLGE98Ps6f8_KNibA,2026,0,0,0
e33l3ucOBsdsb8jyegZVVQ,2026,0,0,0
e39z_fBuq0r_FFHJZC6fYw,2026,0,0,0
e4KH_B4O2R03j7-YC4Kr6g,2026,0,0,0
e4brzGSmkYbEQ4yuIpZ6nw,2026,0,0,0
e4fHPrp3DlLMbzJV2pzkdQ,2026,0.25595802,1,0.74404198
e4hd3J5hDY9YnxbbXq8-Cw,2026,0,0,0
e4ivdEYPdEzvEo_afG9-hg,2026,0,0,0
e4mqwfJb1rBNk12XVzijcA,2026,0,0,0
e73U5LOCxSUU143E-_NE8Q,2026,0,0,0
e76o5LO_rWK32PefXfmIgQ,2026,0,0,0
e7LMLf_OmyUcdHjNuBfa0g,2026,0,0,0
e7V5B3xq3rRNxmABwFKqVw,2026,0.58494927,0.50336501,-0.081584255
e89yBp9E8eigdRwWfwktgg,2026,0,0,0
e9ngbhCBxqM0ZbJ-I20vBA,2026,0,0,0
e9v_62hQaqAbs66WWOlCTQ,2026,0,0.33333333,0.33333333
eANjVSZl9jt3FyeFZHQcGQ,2026,0,0,0
eAjTEqqzps0yMJBrNz_fjg,2026,0,0,0
eBgZsWe63Wa4hkWhF0qW9A,2026,0,0,0
eEMvOSF4TWqzblF2F46VQw,2026,0,0,0
eEi1L3HukfplQJE9h7oXYA,2026,0,0,0
eEriUnFk-_D-dH8RUsh7XA,2026,0,0,0
eFS6uTKsFqwwv2l9gAZHjA,2026,0,0,0
eFUcc2QbaW0InWgsBsMiwA,2026,0.21326152,0.073477391,-0.13978413
eFd9nltG8seiNGEvjZGe3w,2026,0.35914753,0.49491702,0.13576949
eG1Tur78lGPRLPysNSzadQ,2026,0,0,0
eG3FZXCVaQmL82Iu9JhTPw,2026,0,0,0
eH1Rmb5sytONhhHGGcvhdw,2026,0,0,0
eHALrqFUZqGvrg9vvgrOTA,2026,0,0,0
eHaHSuipPLECuDwIIKdm4w,2026,0,0,0
eHdl3Utb5zundQubiVQ2XQ,2026,0,0,0
eHpr2pc8h8YoMDA-Figm9A,2026,0,0,0
eIXSyYTMIGsVuKCwZydw-w,2026,0,0,0
eIZ-CESbnJ1gDsdvZKyl0g,2026,0,0,0
eJLr0A9_xW9O455rZ4kIOA,2026,0.31546488,0.30103,-0.014434881
eJnwyot0rLyWN84DwyC0RA,2026,0.22181062,0.2148568,-0.0069538225
eKT1Uvzc6MYcIP5nS-TqiA,2026,0,0,0
eKzkRNayNSfP3HzIDwR3Qg,2026,0,0,0
eNCspK1fdkTxiPQH1fUgGQ,2026,0,0,0
eO9ViZv2mUm5Arc66-44Ig,2026,0,0,0
ePA2mGDLqauSsJJg9qWfHg,2026,0,0,0
ePCQzrTnnMC0JjgG2D2Etg,2026,0,0,0
ePmanjMTkYwpO65_9_fwQA,2026,0,0,0
ePo_RBIlnldnIolruorjSw,2026,0,0,0
eQB-zeNwKOGk3F1xLQDp5g,2026,0,0,0
eQQs6Cgsco6nAwbet4QrAA,2026,0,0,0
eQTgUlc-GQxYTq78l3Vcow,2026,0.1418689,0,-0.1418689
eRwo1yuxmejnS4_edQ68cg,2026,0.53727093,0.55526236,0.017991424
eS1uSO4VEPgDWH9EyvD2uQ,2026,0,0,0
eSXG5M-mGZF_mPcHKea3zg,2026,0.66587813,0.681781,0.015902875
eSlOI3GhroEtcbaD_nFXJQ,2026,0,0,0
eTH22xWja2k6zrX6rJ-CaA,2026,0,0,0
eTU4xZS6KbmUl3yrAfGJbw,2026,0,0,0
eTjdsdJNmoDDXSDGvY2plg,2026,0,0,0
eVUmxx1kN-Acni0t7gcg3g,2026,0,0,0
eWh5uuH3kMuU8DRHl588vQ,2026,0,0,0
eX0lRHOuhl0agJGv-8ruLA,2026,0,0,0
eXEmyH7UvUaaL-dXu3ZeqA,2026,0,0,0
eXych7LFgg5uI6VaRAUW2w,2026,0.24630239,0.19519002,-0.051112364
eXzYjRp-ga_e1Zsqmj3hsQ,2026,0.21840744,0,-0.21840744
eY2ZgvK7gmUS_kUQWZYk9Q,2026,0,0,0
eYJhuFcj6kMWVXdQbJ-Pkw,2026,0,0,0
eYg71ima9LQxZDrfMfB0Kw,2026,0.068893567,0,-0.068893567
eYhImFGQ2mI-_sU5cXZy5A,2026,0,0.25,0.25
eaBrGjFai1weY2QE3KQOdg,2026,0.49117205,0.27487633,-0.21629572
eaLyVS16vp5suddGUqddvw,2026,0,0,0
eafMG2OyM7w_ArEGNcAA1A,2026,0,0,0
ecptImHT4hdiVJJzRKCD8g,2026,0.19383217,0.2945369,0.10070473
edFNPGqQDlKVT8_NtI-5cw,2026,0,0,0
edZabMpWKLiUDHKrVe2vMA,2026,0,0,0
edZrlpSDWD7FpxDHFzX-Ww,2026,0,0,0
edlf0nEAsld7DX4yCKyXHw,2026,0,0,0
ednyeWhn75PZ5ZfCqeVCxQ,2026,0,0,0
eewlPlMN5f7C1NFNMJSZqw,2026,0,0,0
eezobBKna5Qqqv8HA8HjPQ,2026,0,0,0
efoFHUP08msKW73LPkZxWA,2026,0.098039286,0.21398626,0.11594698
eg0cwrodeKGLeLIDTSCXoA,2026,0,0,0
egMB07COhbixrLLbz7IToA,2026,0,0,0
egqQiDiiXj0V36zaWmJ0XA,2026,0,0,0
eh-U66G5Bbo2tLww2DmD8g,2026,0,0,0
ehINuGHaJxJGjS3730dAGA,2026,0,0,0
eiiXoxbl2nzTy3VTsOd-Qw,2026,0.61314719,0.61314719,0
ejDUqEJu2KWK8SGnrMDu8w,2026,0,0,0
ejFxLGqQcWNLdNByJlIhnQ,2026,0,0,0
ejodn7PCiZ1xLTMSZ29W6g,2026,0,0,0
ek6BhFgw9oITxrnurqUuxQ,2026,0,0,0
emH4pDc54pEe3jRGKrTpTQ,2026,0,0.079478383,0.079478383
emWdy8DFSjuKam7ygHsPng,2026,0,0,0
emahlBK9yn7MEWEt7PQy-w,2026,0,0,0
eo-2OFMSHLfsm8Wkd7Eo4Q,2026,0,0.13959537,0.13959537
eoVVQVTFFj4UGQ_J5zE6ig,2026,0,0,0
eo_g1lVqmbOeselosg18yQ,2026,0,0,0
eod1mk6q1p155DTZqLoRqg,2026,0,0,0
eopmkPjbMQz9uh1hnZ8nhA,2026,0,0,0
epC6bUHQGleshgwcapuDzw,2026,0,0,0
eqDDNHFO1juY2qDEz8topA,2026,0,0,0
eqSSrJRApywSMpSWvC8OfA,2026,0,0,0
er7w44xkBKHaqT10b3S2ZQ,2026,0,0,0
erBDslOZXDI48j5QB_I_SA,2026,0,0,0
eraq9PAfE19ewya6EN7uPg,2026,1,1,0
eruUtHID3MhB0jehrueuZQ,2026,0,0,0
erwKZe1mY-hQpcuC0LxLsg,2026,0.26406812,0.3065736,0.042505474
eskGH1Z0IBHxrz4s4An_Cw,2026,0,0,0
esoGbswMT7VQeJPxWGhWNg,2026,0,0,0
et7Ndr07Kz-4wX8bbmQjWg,2026,0.089617287,0.050595683,-0.039021604
etLA7u9VoTVbuyJ34FUAww,2026,0,0,0
eujwmBw0-a6yDGvZk37J5A,2026,0,0,0
evRwCG9m-lwfL5TeCwrAhg,2026,0,0,0
evSTPfN2RjZwKhLIWRp7fg,2026,0,0.075961619,0.075961619
ewHZnpWChCh38FtLmvvOuQ,2026,0,0,0
ex0hjYWW_kHJHhzN0LQmVA,2026,0,0,0
exMcVUxhd_SKTV2ZZvek9A,2026,0.068893567,0.095460433,0.026566866
eyDMRX8RnSE6bzpGCeQAcg,2026,0,0,0
eyMBa10sJI8DgA22G4GYjw,2026,0,0,0
ez1gpYG2F9El6I0bFv8MEA,2026,0,0,0
ezGbeI2kBxkX9fuDnjGe5g,2026,0.46927873,0.46927873,0
ezsDAOqzK_w2BPdf1qQ7fg,2026,0.61314719,0.75274257,0.13959537
f0Xd3SPyfYdqKqnwSXdePg,2026,0,0,0
f1I3wxxzB_3aNoIrJ-IHRQ,2026,0,0,0
f1Mk3ZALeHfs3YnM9ikVsQ,2026,0,0,0
f1rCQ9caKvGUDr-cOFirhA,2026,0,0,0
f2MCyl8TZCeCuO2sO2yzUw,2026,0,0,0
f2YjUi7qGcDOB5rKOhm8ug,2026,0,0,0
f2i3_nxeI6nS_HRUK6CIOA,2026,0,0,0
f2lysfZjghg8KyPF4poZGQ,2026,0,0,0
f2ojVhuI7x3gqjstCtD62w,2026,0,0,0
f2qDQ8KnU6szwpTiaz9tVg,2026,0.1782103,0.24715145,0.068941154
f3ZBI7v6aLOCecagnx3uMQ,2026,0,0,0
f3iXHsmzafnUAE85IfuOcg,2026,0,0,0
f4eODkTXIqUdCGvAwkrM1Q,2026,0,0,0
f4v6QDA88r8RZAEpCsVsTQ,2026,0.14463397,0.27004197,0.125408
f5PbzdLFw1R476NdlLC-1Q,2026,0,0,0
f6-m6N7UekNiHVMZHLhjLA,2026,0,0,0
f6gCPRAPcFOCsXWBulTKpw,2026,0,0,0
f6h7XzcZHiK1uwf5x_B16Q,2026,0,0,0
f6whHtyZTNFMRtREBcyGfw,2026,0,0,0
f6xS_-hD1lZ24oWeYKnkQA,2026,0,0,0
f7ZPmi_oR-5p7Otjf49bUA,2026,0,0,0
f7xa0p_1V9lx53iIGN5Sug,2026,0,0,0
f8Ht9qzyxW0knjr63AgARw,2026,0.039621067,0,-0.039621067
fAJ4v8WKt7DYkC2dskayvQ,2026,0,0.1532868,0.1532868
fAifVnX46ZwIpxqlH0hj0g,2026,0,0,0
fAoK3Y92c8oHuNL-qTNuQw,2026,0,0,0
fB74w7w3dOZcmW46cY1yDw,2026,0,0,0
fBTRvObv06mj43gBGiWJSg,2026,0,0,0
fBr9Y_xgEES5LaG6p2Sflg,2026,0,0,0
fByH7HF-mFP-CwTMHrKhYw,2026,0,0,0
fC-PdtqFvX6mlvoU1v_sew,2026,0,0,0
fCX8CygpnULMyYOt9m2cFg,2026,0,0,0
fDBZPiu8aYEM2XgVDqYh1w,2026,0,0,0
fDitHiqFzqYph3b53tSkiQ,2026,0,0,0
fE3I25foF6Isyt3ORwf7wQ,2026,0,0,0
fEhRVcAJ2qproQ-ipWoZWQ,2026,0,0,0
fEptE7AEC2GQqHJjfzh0qA,2026,0,0,0
fEtWwhNKSoTqIWTSEwGIvg,2026,0.2529427,0.2529427,0
fExL6u06xTSg13k945IPAQ,2026,0.21840744,0.2043824,-0.014025039
fGDiNBxX4XaCPnU-PX_TZw,2026,0,0,0
fGSTxgfx1TOFywy34aDEQw,2026,0,0,0
fI-iS82j7Qp0lPO2Y_R_JA,2026,0,0,0
fJ3iKa2YmdNMOOy4L_R9kQ,2026,1,1,0
fJhr0G2JBNkfqpbIwkEQHg,2026,0.24465054,0,-0.24465054
fKCWtd9xRl3yFv1WseHRlQ,2026,0,0,0
fLhc4AVfVOnbQcSqUq1Eig,2026,0,0,0
fMFq6WFgYr8FACkLRtZezQ,2026,0,0,0
fMg591KP-lXkzQw0uSDh2w,2026,0,0,0
fMm9byMvqg7ftyq9s84RuQ,2026,0,0,0
fMnpQNa9urGAbVvu349iPQ,2026,0,0,0
fNfW1b4VMX2bCzbNMsoY6A,2026,0,0,0
fPA2bfLDnZ2iVpW9DhW7qg,2026,0,0,0
fQl_sfLGDBAgQgnwDfgYgA,2026,0,0,0
fR6B55QeTluwPCCRMwwqOw,2026,0,0,0
fS6huoDFOk31wKHVe2H58g,2026,0,0,0
fSfegMflm7DHSXUHBOmz5A,2026,0.3065736,0,-0.3065736
fU1p12SheMBOgftFlbooGA,2026,0,0,0
fUaC1gayXqRTJnF4GqrsKA,2026,0,0,0
fVH0f-gFnqno5fss-M-JPA,2026,0,0,0
fXHw9UBEjoKOnGlVcpbcgw,2026,0,0,0
fY3ELHueVWweWjQ-Q_nSfw,2026,0,0,0
fYShPchxH88HJpbJYxgD_Q,2026,0.054948588,0,-0.054948588
fYpbP4shUjYLS15tse0HDw,2026,0,0,0
fYq-MSwgcg5fowyY0sHROw,2026,0,0,0
fZCBT2-px9on2buxM7WckQ,2026,0,0,0
fZRxBbhnv7_9bgNcS23YNQ,2026,0,0,0
fZSZr6JzflBLV0_DN1MsKw,2026,0,0,0
f_CPBJKFAML1XnHxUnf0hg,2026,0,0,0
fb9eDPNW21CSbYyOfnnwIQ,2026,0.26229108,0.16600565,-0.096285437
fb9oASYqx-Trxj89jmzujQ,2026,0,0.17103308,0.17103308
fcN7Qz23S-9yAEW8E5B7Sw,2026,0,0,0
fcxvoLKvWNZR3nPWXdAl7w,2026,0.1695801,0.1208113,-0.0487688
fdEp-UKApvvf9wucfQrHFg,2026,0,0,0
fdWWfRFIS8ySjdKY42Fqlw,2026,0,0,0
fddYwIkLW9hzhEIoTS4J7w,2026,0,0,0
feU-fb6Yx8_WdADBJz26Sg,2026,0,0,0
fegUHze8ihummWgTzQ2VYQ,2026,0.1711796,0.12569283,-0.045486766
fft-TzOP7yuDcvCg_O9dYA,2026,0,0,0
fgEpaNSxoaamOgGyZQVDkQ,2026,0.27023815,0,-0.27023815
fgZlHZlG55eyPKe-VzAehQ,2026,0,0,0
fgcWUeTHjeN2GD9foHUyyw,2026,0,0,0
fgxCCajAwdvNE29xMuKlnw,2026,0,0,0
fi1S9w-wAJijOi_YYlJuqQ,2026,0,0,0
fjiDAZv5DMfbtLULXrl5xQ,2026,0,0,0
fkqQfJZ_Anp_J8F47WHWtw,2026,0,0,0
fmMKoIQK307Vztgyk-om_w,2026,0,0,0
fnnW9C-K44zvOIg819VPig,2026,0.26687965,0.1208113,-0.14606835
fnxXONGMKeOF8oMmoCTuWw,2026,0.33916021,0,-0.33916021
foJm_c8-YY871uQsVyr2LA,2026,0,0.097912925,0.097912925
fofoYDiVaI9uQF3Hw894gQ,2026,0,0,0
fosiRqaQ_pGesUW3Yeig7Q,2026,0.11731968,0.12681702,0.0094973353
fp8Wz5Z5wsblpXQD0iKpvw,2026,0,0.052780749,0.052780749
fpzizzHFIv-To2gBy8BaRw,2026,0.33916021,0.33916021,0
fq0nLWwyTv3mVW-l_OnSAg,2026,0,0,0
fqN5tpKlZNJObIZFBhjtxw,2026,0,0,0
fqvVczGcHzp1YlgIMnRaBw,2026,0,0,0
frGLwZ9iv4dQJ07vl3w7VA,2026,0,0,0
frIiDayrnrLs0kZb3_kTAw,2026,0.2150986,0.14204004,-0.073058558
frJrxxG4Mm6oYOP8qONO1g,2026,0,0,0
frSothHid7o3nAmcxfCBtQ,2026,0,0,0
frfA_E_j6YJaJg5-qsnwQA,2026,0,0,0
frsPOt8-KDwpD4yVoxCHTA,2026,0,0,0
fs5bpfk-2pvq2v8S1De5pQ,2026,0.61314719,0.26406812,-0.34907907
fsEbn77_SMn743MTp3ptPg,2026,0,0,0
ftIPVahZ98qFdtxdOoQGmA,2026,0.61314719,0.61314719,0
ftnxIhMATvcDresRLrfscQ,2026,0,0,0
fu7wU5WrMxqwYUN7mvyCUw,2026,0,0.039475256,0.039475256
fulmvcKa9nIXhKJDjagI6g,2026,0.12315119,0,-0.12315119
fuuhCaOp4qoh8lNjWD_BvA,2026,0,0,0
fv-5QhnClMVFQPVmL_39bg,2026,0.21398626,0,-0.21398626
fvaGSLyJ3Y8KQKe7f1Vr0A,2026,0,0,0
fx3PjKIil6sTTyHGRtS6Sw,2026,0,0,0
fzTlgQxguS3V1pGfj_5iEw,2026,0,0,0
fzaqzDJuXg8YPxk1pPERqQ,2026,0,0,0
g-pTpYfV_rYlC8yhCbidWg,2026,0.3065736,0.23719771,-0.069375884
g1RWHlySrOYoCqH9AJrjnQ,2026,0,0,0
g1YYZRklnq_BzKdaAaZ5eA,2026,0,0,0
g2msNh9EGVSnTdYG8pfEDg,2026,0,0,0
g2ow-khD4b3KdaICxrgvCQ,2026,0,0,0
g3alcy1r78NiJlVBkgecdQ,2026,0,0,0
g3mPWT6ff5U3AmD2MHRp7Q,2026,0,0,0
g54vHWBC9WftTq1LBKKiEg,2026,0.10858087,0,-0.10858087
g56HtkHdwTZ5IyEbYxVXsQ,2026,0,0,0
g58N3qGKr-5cJg1Kqs7AWQ,2026,0,0,0
g5Wbr_20Jd2dgOISb09z3w,2026,0,0,0
g5XwC_XeolxZ-wMsfX6arQ,2026,0,0,0
g5rqNyUoJg-kzBx8IR1MXg,2026,0,0.13565197,0.13565197
g6PmCZC2Ld48U8tSnvx_vg,2026,0,0,0
g6Raa8bzfuWNgs3YeTGbdA,2026,0,0,0
g6a7-HvcYUrBVaTEe_V2fA,2026,0,0,0
g6fkvvB4o_eRcTsQrvdukw,2026,0.5778596,0.58181761,0.0039580157
g6wCTsTC4HxuiqCG9yK6gQ,2026,0,0,0
g7fPWlhCztg9xBFpi5NpAw,2026,0,0,0
g8Wrs02Za0rkbFTH7rt3lw,2026,0.053976429,0,-0.053976429
g90BuzOSmlLCDXbDSpI5OA,2026,0,0,0
g9RJ3rbeIp5ZbMnGPqvOUA,2026,0,0.077453516,0.077453516
g9o5-IASNLq-KSKRbMLTbg,2026,0.33916021,0.42049505,0.081334845
gAGH3nP7se_wrlA6ejU05g,2026,0,0,0
gAM1J6cRGCYdY9QWoJe2HQ,2026,0.34561852,0.45091391,0.10529539
gAvuqk1q2uAo2BJzZDLmDQ,2026,0.61314719,0.61314719,0
gB7_aM_xC_jVZ0sB5jARTw,2026,0,0,0
gB7buT5SEk9BDtsAEiCBFw,2026,0,0,0
gC2NfaQ_KzCNXZokxoiJLg,2026,0,0.28906483,0.28906483
gCOh7yykGkDRsG3bkT8RXA,2026,0,0,0
gCo0Z-a5bF3w609bd9Bcaw,2026,0,0,0
gDJqHKhVB6zEUFZ90Cu3Aw,2026,0,0,0
gDPx0buG1jh51Itd1UTV0Q,2026,0,0,0
gDSX6mPS0pBnGXN-JoUAJQ,2026,0,0,0
gECTGhoToWi4PPxhSlJ40g,2026,0,0,0
gEy6iQRCSdjEwzm-TaBAoA,2026,0,0,0
gF4l6uxzmELPPZfaap8i3w,2026,0,0,0
gF9BKX9fuTPQL-EFvSok2Q,2026,0.32605954,0.37941405,0.053354513
gFbCHlcIDfrEt1wuzWHFLQ,2026,0,0,0
gFqz7g0K92i_7DYssVP0Zw,2026,0.50874031,0.45997151,-0.0487688
gFt0Z8P8ZndOC-i6YcXKqg,2026,0,0,0
gGO-GdRgaHxzTKI3j56F9w,2026,0,0,0
gGT_87S1-VOB-Y6HtXl0kg,2026,0,0,0
gGW-gPyI8wWkiz9Z7sr3tA,2026,0,0,0
gGgFKHjBup0wPNmxJH6R2g,2026,0,0,0
gHQLPjTkNuh0a0d1gWjlXw,2026,0,0.63092975,0.63092975
gKJqQ8mjFHtGnfOxTuaaQA,2026,0,0,0
gKuqQiRZUCIFBlyJ1xuW1A,2026,0.15693994,0,-0.15693994
gLdovZNiipF7NUrhfUxO3g,2026,0,0,0
gMSFy0rSacPXNYYQVpB4EQ,2026,0.070556583,0.22432295,0.15376636
gM_zT7DdH23fuUHHz8lF7Q,2026,0,0,0
gMfiGKtpVIi99vDlqVgT-g,2026,0,0,0
gMktqMh4PIbk6FudOnmQKA,2026,0.39038005,0.39038005,0
gNtQyGKf-s2pXNH-HMEX5w,2026,0.29608191,0.20210735,-0.093974564
gOwgQ_I3vdFznrMEb5EfhQ,2026,0,0,0
gP7rdiBuDGRtSfBfV-oS2w,2026,0,0,0
gPI9QQegyALB4fhvaKv3fA,2026,0,0,0
gQ8F2voTNXyrpdTS_xJSUg,2026,0,0,0
gQoEjCuDP2JQOJspq1RmiA,2026,1,1,0
gRGYox73sLg90b3r9xx1Gg,2026,0.26264954,0.28906483,0.026415291
gRtDkEdF3rg2mbDetBcLng,2026,0,0,0
gS4hsRnOvQIn9tEpgOPeZw,2026,0,0,0
gShcfDuFLpppnLKv-GSjIQ,2026,0,0,0
gSl1k0WfAd6mwu5Ol2pcMw,2026,0,0,0
gSxtrtxrmipXW8tYHjHv6g,2026,0,0,0
gTeW8C9rnISPqI3IUKgujA,2026,0,0,0
gTrPtdmbcUBK4nromLt6UQ,2026,0,0,0
gTtpAu4b8Pp2fAfooP48lA,2026,0,0,0
gUaYljrISaJ1bSEFG3fexw,2026,0,0,0
gX0CnXpgP-pwOQEadFx_8g,2026,0,0,0
gXlf3KCkTUF8F1Z36nEVQw,2026,0,0,0
gXyuECWmHq6whsQEDiRLWw,2026,0,0,0
gYjSqRcUkgLN_c7UPD75nQ,2026,0,0,0
gZKrQxAG2cpsXpwOMLvcow,2026,0,0,0
g_xvwFsXufyeBVjNFjruDg,2026,0,0,0
gb8UDnHlu3XjcjwZryVNPA,2026,0.16063731,0.23165733,0.07102002
gbOwc68yvfmAvGoniNpJ7w,2026,0,0,0
gcCzq7k3kQNNKZliOLlXTw,2026,0,0,0
gcE_SsmngRWALhhRxYk45Q,2026,0,0,0
gc_RTl5JgfVU6AdmtHJgkw,2026,0.61314719,0.3065736,-0.3065736
gdE08fH1krgdIykCyWUj1A,2026,0,0,0
gdbitELNIkLWmqn3v1CojQ,2026,0,0,0
geHVCFog0jxllBRnGfjJFg,2026,0,0,0
geKvzk8sZMzB5K6WNqZhvg,2026,1,1,0
gejdiQVlLjVuptpC4jC6Eg,2026,0,0,0
gfQqQYI5_hCAGEHlHXIz2Q,2026,0.28225301,0.27127839,-0.010974616
gfgmDx2NPT6he--w92mFvw,2026,0,0,0
gfhh8Oz7d8Non2KRiO0SRw,2026,0.63092975,0.43067656,-0.2002532
gg7yc2NySerE0X0XKVLAcQ,2026,0,0,0
ggYC7pgQ83A5ymBuCnB-vg,2026,0,0,0
gi9AeHdU5170jddacnsX1g,2026,0,0,0
gifLZixNqFnePJP1KQl7Sw,2026,0,0,0
ginuRaya4wRom3kB91PGCw,2026,0.44830399,0.36650178,-0.081802213
gjxEOfClIs2IRrg4XvnhkQ,2026,0,0,0
gkFTta5Y-0mSUGwdRxXXvQ,2026,0,0,0
glYvMIz34SEc3-mkKSM6uA,2026,0,0,0
gmCK2ARSx22S_4_RQF9Jwg,2026,0.17674318,0.15989368,-0.016849506
gn8iQUt5wNvu7evr92sHPg,2026,0,0,0
gnSH3Qk1T3wEnDoy02axzg,2026,0,0,0
go1LRb_LsfsIpu3iioG4_g,2026,0,0,0
goj5Sx0qGtXhc_IupQDArw,2026,0,0,0
goot-ycMTE1ITE9rI0FPuw,2026,0,0,0
gp0yzvt-g6YNS3c7AefpDw,2026,0,0,0
gpXLAdgNBglNB_DuQ4JFXA,2026,0,0,0
gq1NgzN4HkT2-n38D8lswQ,2026,0.16812754,0.19519002,0.027062489
gqimocAPnvr9V-YjYhfElg,2026,0.43067656,1,0.56932344
grLPP_5KVbUWKcP6LZaFkA,2026,0,0,0
grQxw6o0JGu8ftwDiPEJZw,2026,0,0,0
grmiM5BkyKczv-4jRrscig,2026,0,0,0
gsLR8zgNY6fouu16A3y8Cw,2026,0,0,0
gtOr0JcxR8f3PMR4PVVdVA,2026,0,0,0
gu5P7Jxcj7GoqSKGksfm7w,2026,0,0,0
gv0coNUFY-fibRwP8IKqPA,2026,0.63668244,0.39038005,-0.24630239
gvxas5d-rEhZa9_xcicUag,2026,0,0,0
gvzS-0QCR1CAgi1wDuuizg,2026,0.43067656,0,-0.43067656
gwUNrClCimj5Tk4lRmrPSQ,2026,0,0,0
gwf9IhlsBo9bAGbeZQkUGQ,2026,0,0,0
gxDLM6O2hdSlD8ud5XX-kA,2026,0,0,0
gy2pRLi_i0PtBhVAUryZyQ,2026,0,0,0
gyeZ0BtRBQ5C0_lMrCS9fA,2026,0,0,0
h-NFrVwhhCvxdle_3pBwiQ,2026,0,0,0
h0-hvODz_t70_j7YlOyqmA,2026,0,0,0
h0OTWzInglzjRZwXygib0A,2026,0,0,0
h0bD7BzzJ4ix6e4VjZRduQ,2026,0,0.1418689,0.1418689
h1YLk3M96ZYaQuMEkyUVoA,2026,0,0,0
h1kMMscIoT1Bnk-3a-pW5w,2026,0,0,0
h1wKEXFcMAMikSFsJyisCA,2026,0,0,0
h2LtQ1s5X20d0yrdqUMJ0Q,2026,0,0,0
h2fMWiP7mzjdOC_GescX6g,2026,0,0,0
h3KYuVHhr59Q-UFloqhLHg,2026,0,0,0
h4CvnY6SMdg_jEuupsp9jQ,2026,0,0,0
h4EJcXHPHzgDIGIvMwO5-g,2026,0,0,0
h4pt1pleLJfMo1XBhn-E3g,2026,0,0,0
h4u-CFz7evIkAQ9Kk5jXKA,2026,0,0,0
h5RfuRey9oAJJB-dmwOvuw,2026,0,0,0
h5Uyui19iR4ZfiuSz237Ew,2026,0,0,0
h6CBkFkvVe1AXtwzz3QKIg,2026,0,0,0
h6_AMck7djAmqw5AGZ8rMg,2026,0,0.099920907,0.099920907
h7DbYWJyknQfLX9cbwmxJQ,2026,0,0,0
h7GlV-dKPHJvJN83BgXETA,2026,0,0,0
h7Jt1l6QXalQSa7j12OnAg,2026,0,0,0
h8L_oYRfB_fhpwPM9-pgpQ,2026,0,0,0
h8SIncN1VOS6p4BDMb4xMg,2026,0.1934264,0.61314719,0.41972079
h8dJ-6jCcobe2HMcES6TCQ,2026,0,0,0
h901YPWEBOF-3S952SUIMA,2026,0,0,0
h99O47kP446lHkSii80-jg,2026,0.27487633,0.27487633,0
h9CC0vN_58Dz70LYEGFV8g,2026,0.46927873,0.46927873,0
hA2X9akTxboda17YqbF20g,2026,0,0.23540891,0.23540891
hASfWv9EQvd4eKsKflBi-Q,2026,0,0,0
hAh8miQTDg91tUZoqnA-5g,2026,0,0,0
hBU_5OIzsGVTnNq5m_QEbA,2026,1,0.27023815,-0.72976185
hBzlZJivyH-FDo2rJJgmHA,2026,0,0,0
hCmwWxVKWakZY1gQR067VA,2026,0.63092975,1,0.36907025
hDNJi6OXHgbP0MVjrEkDtw,2026,0,0,0
hDNa6d892hdhNYIsKYBNMw,2026,0,0,0
hDbkTFmfd9s8pfk7Usk3rw,2026,0,0,0
hEsPn8Z8-fHAwOvQYrWL3g,2026,0,0,0
hF68a0mpu97u0oaryFYhyg,2026,0,0,0
hFL0CsXeJqb7sZN_vTktiw,2026,0,0,0
hGLcwdfdSIOfomXgRGxpEQ,2026,0,0,0
hGRiCnLg1zAqkKOolWfvDg,2026,0,0,0
hGUS_MpjG4esD49WKBLfqA,2026,0,0,0
hH2Xc-0QBu9mztsrGYSZkg,2026,0,0,0
hHO_13VrZ5YZQqBGMNnGhw,2026,0.33672885,0.31570256,-0.021026291
hHnzWvFZSM2kAF3w1LdThg,2026,0,0,0
hILJ3-JPKMwd1BAPrNC9oQ,2026,0,0,0
hImphCrKdXy4rYj7TSZRgw,2026,0,0,0
hJW329bPVpqXyh5XmdD5Yw,2026,0,0,0
hJWF8jlRJteHDceAwtw15g,2026,0,0,0
hJXBiJRNEUHnyLubmlxS8Q,2026,0,0,0
hK4_YzsYoQvGYZwmStrRSA,2026,0,0,0
hKuFJ_0IcX-nqkgPm1yIRg,2026,0,0,0
hLVMSWU-Rl_xNjvLX_lL8A,2026,0,0,0
hLVq7VSJBHZwqurwWoCmpg,2026,0,0.034750173,0.034750173
hLrVYIKUgsyNNwyDz2RtUg,2026,0,0,0
hMwD1ffKead6Q2dQL_XIDw,2026,0,0,0
hNZdJS0qpClBMua7WNp-3g,2026,0,0,0
hNc9ICYav-FcOkcKaGBZDw,2026,0.3381916,0.080218274,-0.25797332
hNlE1qp-xt98Hqb6q2jH0w,2026,0,0,0
hOg3E9BRnXdwPbjHSSGBZQ,2026,0,0,0
hP3Y6-m1aA_UZaa4X3T1cQ,2026,0,0,0
hPWBomuKWChcRp5d2GAghw,2026,0.61314719,0.61314719,0
hPZx8tn2cQXQ15diVLZzrA,2026,0,0,0
hQSYK6SLvQyLEFbkr6PBKg,2026,0.061944032,0.08456676,0.022622728
hQ_eYwA0KkCJwK77T5F2nQ,2026,0,0,0
hQjN1FuYaB4pQACZwfrclw,2026,0.12946207,0.18479835,0.055336278
hSBwDy6bQBUsW3M9_QZVIA,2026,0.61314719,0.3065736,-0.3065736
hSEH1zHycmFHlcAsuofEKA,2026,0,0,0
hSWcQKAXRrndD6T0gObWdg,2026,1,0.63092975,-0.36907025
hT2Mw5m_SXBDVBuvA3KY-w,2026,0,0,0
hTZu4j_SZsiABuU29sQXww,2026,0,0,0
hURhPAvhEcwQ-Bu5hvbbug,2026,0.39038005,0.19519002,-0.19519002
hVPyu7QWaSQgOlz0rppmkg,2026,0.19215693,0.28751968,0.095362751
hVdCVwzzszVWl0HdgXnWCQ,2026,0,0,0
hVmFyyFW3JI6b-lYq-HIiQ,2026,0,0,0
hWDybu_KvYLSdEFzGrniTw,2026,0,0,0
hWGY8i7qaMYdkVhQezXgGA,2026,0,0,0
hX9Uza5h-s9B7OKvB6qw_Q,2026,0,0,0
hYNjLuAebVKPn5XRuit50w,2026,0,0,0
hYaRNmn7pTI5uWDju29OyA,2026,0,0.078474282,0.078474282
hZSWEjV0JAAQ9nq0k50aNg,2026,0,0,0
h_2gtzMu36xsjxuWbIuV6w,2026,0,0,0
h_nWGXq2vAuAKQpS-vUnew,2026,0.61314719,0.61314719,0
ha5jq3G0RMr2wQ0AGnyG4Q,2026,0,0,0
haa2RMAMTWoxNAvlciH-Eg,2026,0,0,0
haebF6ELoYWkHcwODPPBmw,2026,0.088575596,0.18448176,0.095906161
hbDC_encFtVnTKzZmjiI8g,2026,0,0,0
hcTjjvDdRYMBSHVTnBuNIg,2026,0.092612208,0.14678688,0.054174669
hcun7AM77av9jTuYRAAiGg,2026,0,0,0
hcwif1bHAD7uwzYOyQC-Og,2026,0.27487633,0.27487633,0
hdEm5r8fXhJUFwEbsCd15g,2026,0,0,0
hdorMOwOph4ZKQ4T9VqUgA,2026,0,0,0
heNA1Zk8KX19bt9p_zn8KA,2026,0,0,0
heSD8DBMNMW77Eqi31I9Xg,2026,0.10571387,0,-0.10571387
heZh0WCmbUc5guWJHYi95w,2026,0,0,0
hfB5vHwP-2eFOzpEpxtFbQ,2026,0,0,0
hfZiJgz6ipKp2oBQbtnehg,2026,0.37645703,0.14714757,-0.22930946
hg4jjvY4g3S6UqHHeA29wA,2026,0.38685281,0.43067656,0.043823751
hiPwylkGpsPiNcQtb4IyqQ,2026,0,0,0
hj5Ja8M2vSTLgmcgzOW0Gg,2026,0,0,0
hj7sIOq8sS52K2jPlORnfA,2026,0,0,0
hje3rKR2xYlvxbDCS0e2eg,2026,0,0,0
hkrTsoQzPmIE6bZqNMotwQ,2026,0,0.23463936,0.23463936
hlL-bjtW26u6W-74a-Hpvg,2026,0,0,0
hlPOotTeYCyd5TQAKpv5LQ,2026,0,0,0
hlfq84LrCALma-yHxt0mBA,2026,0.46927873,0.46927873,0
hltOHAZKtagEMgpLoKB5lg,2026,0,0,0
hmU56cpReAJ4Szn10XiDuA,2026,0,0.088386079,0.088386079
hnPTPyh6wNfZe1GxOm21Gg,2026,0,0,0
hnQ6sVBJpXQ7vHJ2Z12eLA,2026,0,0.050108347,0.050108347
hnVXeRIxCf6CQc1wcRx3tg,2026,0.21840744,0.3065736,0.08816616
hoEKtckOR1bf0u8X4k0HPg,2026,0,0,0
hogWQi--Ht_Rp171YFky6w,2026,0,0,0
hp5zPAfck4u3q5hTga4c_Q,2026,0,0,0
hqwg7OQ3bmF0Hxq8yja2kw,2026,0,0,0
hs84CBuTvMV4J6ZpvLW0vg,2026,1,1,0
hslJT_K_RXvjV2VqhpxjcQ,2026,0,0,0
hsu0ULtk6zKCgqo4-7CM8A,2026,0,0,0
htKk-h8d3NaZVAQLLJidKw,2026,0,0,0
huZT0xpKKeXaX_G-g8bc0w,2026,0,0,0
hvEPZ2OiL6g3mEOuGA3zsg,2026,0,0,0
hvGspChzUx9daHYImMYDxw,2026,0,0,0
hvJga-B55vY-aAQ_t5Fe8Q,2026,0,0,0
hvmsseaFq-jcKjyUSlTVkg,2026,0.13032377,0.081774718,-0.048549048
hwOGeE4xqrHEWih1mQW_dw,2026,0,0,0
hwgGVwGM9karoHqfhM9Meg,2026,0,0,0
hwm1TJudmwhIx0yfwWRS-g,2026,0,0,0
hwpdZD05Uc-heB4e00WEEg,2026,0,0.5,0.5
hxVNtQuN5B5lMKGhGvEuQw,2026,0,0,0
hxndbrPeZiYvZHWT4H0qGw,2026,0,0,0
hxzBUgJyk1AuJgsxmlyU-w,2026,0,0,0
hy1RSfRa_zu74enNVn2SNw,2026,0,0,0
hyEFKkWXCsKZBIcI7keneA,2026,0.26406812,0.3065736,0.042505474
hy_GlBc7tn0oWVYQuzv9uw,2026,0,0,0
hyv-a2bBQehwaTIeYlKecQ,2026,0.35895421,0.33013765,-0.028816561
hzXK1HcJtF_Y7qCbuyfWIw,2026,0,0,0
hzs5bkTwCVzqoQ0Iw2z1zQ,2026,0,0,0
i-AimJE55t8VQhXMs8cv4Q,2026,0,0,0
i-F7UDrmMhQtNcLK59aA_Q,2026,0,0,0
i0L2_PnofKoRgblsM-0IPQ,2026,0,0,0
i0N4XE7OrT_jP7mtvJNiHA,2026,0.10086747,0.13032377,0.029456295
i0uSBvSZr8uLBvKfh404YA,2026,0,0,0
i0x6MWNiFLQ2cV3aIVjO5g,2026,0,0,0
i1Oxr_XAscirXOB5F4Pacg,2026,0.35620719,0.5,0.14379281
i20Nt0pIUoJpN6Rr_t2hKQ,2026,0,0,0
i25GoiDkZFchtwL9JARUpA,2026,0,0,0
i350uwKLfC9oDRRf1XZ8-w,2026,0.27894295,0.30103,0.02208705
i3jcM4k0rjUYrnPD-Pg5fQ,2026,0,0,0
i5HTNIBhhCPyYzrJOryXbw,2026,0.16569577,0.21840744,0.052711671
i5QBMt0ShT2SEBfYYZqJKg,2026,0,0,0
i5bMwdSBVY1eC52LfTqvGA,2026,0,0,0
i6b7ltjoL7JXAjMWtsZr7Q,2026,0,0,0
i6t04ohe_hUhULa1txSOkA,2026,0.29608191,0,-0.29608191
i6taQMvkZCScqW-e-EGrxw,2026,0.61314719,0.61314719,0
i7EGytxYPfSgTa8TdI6h5A,2026,0,0,0
i84YDhPbxtq9F8ipmtR5vg,2026,0,0,0
i9TdF8OaX6SRw8IEit35SQ,2026,0,0,0
i9dnGoiHpJ883mEcI1wYaQ,2026,0,0,0
i9pHdGTNsm-Uh8dHDwKATw,2026,0.26801361,0.25380904,-0.014204577
iA0GzXHIgkDTe6M1tjS_vg,2026,0,0,0
iAkAWd6FkCDNhJNBTRjIXg,2026,0,0,0
iAn_zPYPo_bFUVN4nlBspw,2026,0,0,0
iAznr383xhSezN2xud2BFg,2026,0,0,0
iB0uM_eLDvB3hzUdJAw6KA,2026,0,0,0
iE82cd9eEwKwwevhKjdziw,2026,0.1175161,0.23004759,0.11253149
iEQHAu1sJIkjAgaB0eh1JQ,2026,0,0,0
iEmopVOkkLtMVb2MpFgSew,2026,0,0,0
iEzH95vnlEpCMqjuQOi0Dg,2026,0,0,0
iFPSzu1CQcjDoaXQcvIg_Q,2026,0,0,0
iFhS15esm1T13cpbsgEF4w,2026,0,0,0
iFqI2jR2N-KryNZ4dwxWog,2026,0,0,0
iG8tP9Y1AwVfGOGCham55A,2026,0,0,0
iGThcEUFWbh96foi8zrh-g,2026,0.085143118,0.13886244,0.053719326
iHSMdHSNtub1v9G9sqx0zQ,2026,0,0,0
iHSislm3HLyg0Znd-BPILw,2026,0,0,0
iH_xg_g9oFSsSC2Z7H7QNg,2026,0,0,0
iIMCQ4CZcXdlmgruaO6WiQ,2026,0,0,0
iIj1sm78e9ZwyxWbSevBTA,2026,0.13944478,0,-0.13944478
iJE3RnVcfHM3jsM4I6WFCw,2026,0.22181062,0.30898355,0.087172925
iJF0pe09jiYE7BvBTvniIQ,2026,0,0,0
iJMDvVg6Mgl43is4XxIKsA,2026,0,0,0
iKOMD573kiMJ1UzC0fzZTA,2026,0,0,0
iLHyy332Tu4hLvaGA9yq9Q,2026,0.16716045,0.29608191,0.12892146
iLX05kzrufY7E4bAmEF6WQ,2026,0.39038005,0.24630239,-0.14407766
iMe-BwJitkKSiKBK77_gsg,2026,0,0,0
iN5ojYRkP8XIAHOVi4TVFA,2026,0,0,0
iNBLonWxx8ibByGJpZtfPg,2026,0,0,0
iNXAN6Vgz2RX_Ax-tYrEuQ,2026,0,0,0
iPAs2OzjPHeZlRhkZa4VLw,2026,0.061393046,0.052780749,-0.0086122963
iPv40J2SCa-0RCdZisYQKw,2026,0,0,0
iQ7aOn6YsNBLuXmKWAtRGA,2026,0.19519002,0.093618003,-0.10157202
iQHfsx4zaz3n-5EssvYMxg,2026,0,0,0
iQRbDXTPhf_84GjqG6YCpg,2026,0,0,0
iQsIhLv6dyQDXxdCyORkRg,2026,0,0,0
iSe2rooxZ9QVwXnTu1V0hw,2026,0,0,0
iSoQ_4nDmHZJs20p-QeLxg,2026,0,0,0
iTxe2v2SA8jQXl-kZ3boaw,2026,0,0,0
iUdqEMvl2JLzhP5QjDFgTw,2026,0,0,0
iUhVPCZCgTaXZ2x5iYlkRQ,2026,0.034062972,0.088386079,0.054323107
iW2xWp1aiclvfsni7H-2nA,2026,0,0,0
iWATdPcMb-fv94UBLXSFsA,2026,0,0,0
iWYpLH3KZXkWCQvTNWSoEg,2026,0,0,0
iX1msXXgIPXTa6vZ6izCZQ,2026,0,0,0
iXMSceiYsJQT0burbNAA5A,2026,0,0,0
iXV4P8aiDaPzl7H_Owb6Ew,2026,0,0,0
iXscBaXhOhzMGlGCjbdnDA,2026,0,0,0
iXyBIcoNCZ9KZgoRVuPl8g,2026,0,0,0
iY-H0IElPxnsXx-rjKFPlg,2026,0,0.25595802,0.25595802
iY262MNxieewhtFInDY4Rg,2026,0,0,0
iYCIBVEvF3vljTsgBa7RNA,2026,0,0,0
iYGt0BtSa9PYQ2AUYLZ_mA,2026,0,0,0
iYtCcBjXaQAALTSBp5Lkqw,2026,0,0,0
iZTtgFn4X5ql09L3Jg_KMQ,2026,0,0,0
iZZbwVIFOE1GLOkO4j0kDQ,2026,0,0,0
i_-uGItWO67aG4jBoqFUpQ,2026,0,0,0
i_Wgpe52zViN-iTcWAEqVQ,2026,0,0,0
i_ZBS4w36LtjhmJmGukhog,2026,0,0,0
iaIwGalVbRYZQrmL9c45ZA,2026,0,0,0
ib75TCR2xGLVH3zctj6_bg,2026,0,0,0
ibRVueJnYNyxvLBOtArW_w,2026,0,0,0
ibYII6UrPwrdAnyduWwGWQ,2026,0,0,0
ic-JWW705n5GAsiIEGhkKQ,2026,0,0,0
icjh9iTdNKUYAj32ER8K_w,2026,0,0,0
ictcdY0LGbBvZuPlhkEWbQ,2026,0,0,0
idq2ag6jgcpzBcvjAZvGdg,2026,0,0,0
ien-sP_aLl2A96BlW9lPsA,2026,0.27894295,0.35620719,0.077264241
ifNaz6i4s95ByPtFf-rCyQ,2026,0,0,0
igAD1HvypYBNRbxmW1LL_Q,2026,0,0,0
igWmuGCx-iK-goSBmK7iRQ,2026,0,0,0
igYkMEOu4NwDD-JRp7FYzg,2026,0,0,0
ih5SaH9l3lAe6CBVAQ-Xjw,2026,0,0,0
iha6SziczriCl8N12jWJrw,2026,0,0.16104283,0.16104283
iiycBiDHqMY-QLg6ondA8g,2026,0,0,0
ijkuEWkdMKwcyyU1L5boKg,2026,0,0,0
ikA5c1rXzscTWTFdePelLQ,2026,0,0,0
ikIT45t6zrQQ55JBoozHFw,2026,0,0,0
iktppSfxNZRZZtKB96qLvg,2026,0,0,0
il64P3G-9k2-8r0UPgzXCQ,2026,0,0,0
ilP0sXxd06-Zc_TPyyO0Ww,2026,0,0,0
ilsqW1FWTjSLiYuW5hmXQQ,2026,0,0,0
im8ZZSw9XsGFLXDrvLlu9A,2026,0,0,0
imGQirCh-t_Kftb4U7VuUA,2026,0,0,0
imOM0o-SD7f0Cscsmvbc7A,2026,0,0,0
in6FMh6fYmzxUUgAUsHeTQ,2026,0,0,0
inAorlf6vhc1QMkYEIWDFg,2026,0,0,0
inYwYq9erPn94KA039x8Rg,2026,1,1,0
inYx06D0vuz6MnYDBpYhXQ,2026,0,0,0
ingS0cGkImMEpDpl2NPzDw,2026,0,0.22253651,0.22253651
io9ib3Of3h3aUe0lbF1GwQ,2026,0,0,0
ioHVGVU55SgL4CNMIsyBlA,2026,0,0.15101962,0.15101962
iomYOtGCrI2ECFEG8sVuHg,2026,0,0.17103308,0.17103308
iovSO6Xrd6Az5Ia2FWCQtQ,2026,0,0,0
ip4YfbrJCUArDcb-zN0EWg,2026,0,0,0
ipg6eNxagm0xbljbbpKdSg,2026,0.63092975,1,0.36907025
ipz5Yrcur-TZ9w4qPQKmew,2026,0.14126697,0.25858665,0.11731968
iq5cvFo0UHJKsW4foWScyA,2026,0.33424772,0.30109352,-0.033154204
iqLzp5jQn5Hnp6bxQpMDdA,2026,0,0,0
iqVJrIFUVMgdLPEt4uGhfA,2026,0,0,0
ism7RcRwOLGHzEZJ2G9DIg,2026,0,0,0
itcyGJsassJ0iutr0gBMjg,2026,0.034750173,0.054948588,0.020198415
itm7J1IWFo3YGBwcZUin9g,2026,0,0,0
ivFR170hYEy6IdCkq3k5Mg,2026,0,0,0
iwBJ6E_2Q6ybYuoYezS4hQ,2026,0.1845757,0.61314719,0.4285715
iwL0ccbBiNFQQFW-zNg3eA,2026,0,0,0
iyOzbo_h56AIP0EdTIf5xw,2026,0,0,0
iycy4wfL6zoxpKUSPrbWlw,2026,0.46927873,0.29608191,-0.17319682
izIOKXQlf2o3q1qVvyjh_w,2026,0,0,0
izWNobWCSPLk46Vpa_3p6Q,2026,0,0,0
izbKQPDgGjGhE0uFdI8l7g,2026,0,0,0
j-bEZhvBw3tl6iruUQ8wMA,2026,0,0,0
j-jgKQJL1670UixfD_fsBQ,2026,0,0,0
j0wUc7QIRG6q1hkiyX9jpA,2026,0,0,0
j1j0sihFSznI8zlhIp3tZw,2026,0,0,0
j1uGBey6CkyntcjlkpOq8g,2026,0,0,0
j2uupEhc_4OXbCmF1q4SGw,2026,0,0,0
j4enWVEAYz8V33Qc3nP5hw,2026,0,0,0
j55HsX7PlvXvBTFpokAwDA,2026,0.22767025,0.23137821,0.0037079645
j59m8zESozT2K1_-AQBnEg,2026,0,0,0
j5gwNYItx2hziZaaUJKEeA,2026,0,0,0
j6Dk4auogPz9obXWNWkdWA,2026,0,0,0
j6MhudOkFIDNS90rHgAD7Q,2026,0,0,0
j6ktXHmVr9rlGBaYd3vJ8w,2026,0,0,0
j6ohktF342Oo9lTPz01E6A,2026,0.30260241,0.30260241,0
j7gM2jTyQu3EIXVDvZSQ8Q,2026,0,0,0
j8DRLjowFEi0tGxAy09RCw,2026,0.37975363,0.37975363,0
j8UODb7MWmuraUTg9RGcXQ,2026,0,0,0
jA2-YjW9ESjDLLqDlbT-Qg,2026,0,0,0
jAfujoByoKgESAd-RfhXEA,2026,0.5368596,0.75501609,0.21815649
jCCNf8VlDwam9lyP-U_iUw,2026,0,0,0
jCSuQQYkVO4eHfcr-zrr4w,2026,0.39038005,0.39038005,0
jCWQW5KCYlOwy_j9s8VXfA,2026,0,0,0
jEBxFjFNHfD--0cVDSvsXQ,2026,0,0.097595012,0.097595012
jEcSGHkE31zEGt7p_8Mbkw,2026,0.45223674,0.41879925,-0.033437491
jFKTlyFPFvWyVEk-rRmFwA,2026,0.16812754,0.19519002,0.027062489
jF_vE7-hsuw850zuvr4-yg,2026,0.11243818,0.076750998,-0.035687182
jFodVxoElzlB69pPTqPazg,2026,0,0,0
jG0FZPgfOGKHMgbPumN0Ag,2026,0,0,0
jHkKBs7LxpoaPpxjM9pZ7Q,2026,0,0,0
jK1_pM6U50seuco7Tvhing,2026,0,0,0
jK9vreZhMXrVNBtxp1SUkg,2026,0,0,0
jK_SY5ciS1IL82Cf3Ed1_w,2026,0.51555784,0.51674161,0.0011837761
jL38_ogeJAXnqW8Aqy83xA,2026,0,0,0
jLKBQVdcHKJLh0nusE5sfA,2026,0,0.1845757,0.1845757
jLxGktuXtIFWFuI2Sf1WTA,2026,0,0,0
jLzXLiOvoIk4Q1Qkmt7CSA,2026,0,0,0
jMKcvtQn8RVSyXSt2G2iAw,2026,0,0,0
jMMX0zfJL9BNki9JnrFnBQ,2026,0.2529427,0,-0.2529427
jMNbi2ap9K-4q1_uaxX_JQ,2026,0.11284514,0,-0.11284514
jOU73K85NeMzBsqwJtfu0A,2026,0,0,0
jOgPtY1LdbCNoNoeCLvUkw,2026,0,0,0
jOlFTzMi17zNxyVQenBsEw,2026,0,0,0
jPLn_QfZbVQZks5WpLccrA,2026,0.46324237,0.33775932,-0.12548305
jQk3MOrdoT9rKNsvS03miA,2026,0,0,0
jQqjOFKcQ3y_qsRDqBQ6Xw,2026,0,0,0
jR2Kb_GQ04Lf2ZgO_-rdgQ,2026,0,0,0
jRVs6KNh30LgOcAcWttJMg,2026,0,0,0
jSx-T-kuO7WHQBTqHwJhQA,2026,0,0,0
jTFY6nPeTvG2ffsNsil7kQ,2026,0,0,0
jV994QtHdF1k5K1K6M4QEw,2026,0,0.068893567,0.068893567
jWN-BgwCh210KzFUmDi53A,2026,0,0,0
jXX-G_goCYZZrLSDY8qXdg,2026,0.27487633,0.27487633,0
jXhSMz7KxMixxvcNDMx7Tg,2026,0,0,0
jZ7gwktCLMYxTJiN7ILVDQ,2026,0.28906483,0.25,-0.039064826
jZMG0guBWjgFDgETR-u0AQ,2026,0,0,0
jZgihdS6_xxldYg-Eo64Rw,2026,0,0,0
jbKi-tS2ySbcJ-ENnZHXHQ,2026,0,0,0
jbWWG-7nXAgtRae2RxGKmw,2026,0,0,0
jc-K_QFFUfKhv7xCnv9vxw,2026,0.077216688,0,-0.077216688
jcG1-HgxFuk-NzJZWBxjNg,2026,0,0,0
jcK6d6xrb_byQxzrBGswFg,2026,0,0,0
jd3tZmIqS6yFdB-mTJc1Wg,2026,0,0,0
jdAnhCSuzLNZIBaXGreq9g,2026,0,0,0
je08G4XiZIJMV6RCUOoZSg,2026,0,0,0
jelEhQhZia9FBPsMq0WeJg,2026,0,0,0
jfbPuZ_uPB93OaqSZv7YrQ,2026,0,0,0
jhDEh1YBOPcqKaRzR0WbAQ,2026,0,0,0
jhF2aD1k3Pp6RjgbLzJoRw,2026,0,0,0
jiaSrQknZMwyfKm5O3HpHA,2026,0,0,0
jidLJOEoxJ5-GiEKGpzJVg,2026,0,0,0
jiiVEghxAusmeYxw1OYpQw,2026,0,0.15130121,0.15130121
jj78-kDHKh2lzvKbfUvd3g,2026,0,0,0
jjCuneJ_dX81A5jW4pIf8w,2026,0,0,0
jjssleQNtIBcS7JNXiB0xg,2026,0,0,0
jk5oDKpRerjJ_U5Z8sAz5w,2026,0,0,0
jkJJXpzCpuw2xYIM69Yc_w,2026,0,0,0
jkijlQdvTYIWFJQWekFY2w,2026,0,0,0
jkoQgU0cHqB5j7w0-4ZHPA,2026,0,0,0
jm6zCII7rtT6y04csSUUfw,2026,1,1,0
jmHCRUxkVf7AUMvUICkJUw,2026,0,0,0
jmb-gr1KBlFPQePMWJxVeg,2026,0,0,0
jmhG9UJAsdAn9EFjN0WaXg,2026,0,0,0
jmmne1DuO3N1G0xFSIYxPA,2026,0,0,0
joF9vYIvkCtPaIDHsXXfVA,2026,0,0,0
joanms0fTKN3jHyDUeMzYw,2026,0,0,0
jofRlWezV7QJpCjBGRXnEg,2026,0,0,0
jpY8IGiem6A7kXfPrFv0PA,2026,0,0,0
jrQ-cDLTqx-Xjjxb7A-vDA,2026,0.37029134,0,-0.37029134
jtb5-3GYQf7gYFN31jg1Rg,2026,0,0,0
juR8F3qqhnqDaqapOWnNYw,2026,0,0,0
julh_sf_TLtVkl2TRhudiw,2026,0,0,0
juoTJ0_8r3ImVTo726qLmA,2026,0,0,0
juwXP11YonKnEvleWkmZ8g,2026,0,0,0
jvRvgOrKX3jzJvi6BXuFKg,2026,0,0,0
jvuiHdPe2wg4Msp_9-IdOA,2026,0,0,0
jwYcIwlpFR73DeMhfxt76g,2026,0,0,0
jwtTBTYuL8249q26lmJH6A,2026,0,0,0
jwyg6Bo4aYJYvJhz-UHbfg,2026,0,0,0
jxac2pQOPQvYY32Zk-SM1Q,2026,0.10388499,0.13081836,0.026933367
jxj5xTascQZ01qYfYUiGbA,2026,0,0,0
jxvdKemetSt8jFi21K3kaA,2026,0,0,0
jyIvWjsYhxMEJRqpNk67Pg,2026,0,0,0
jySWq88Y7BE8mru53Ql5FQ,2026,0,0,0
jym_vGpElQ1DttwNHSccHQ,2026,0,0,0
jyo36hAYLNrmNPZLbXsBBg,2026,0,0,0
jyoRTd9KbwzWI16gh8sdaA,2026,0,0,0
jzamul6RO5Q2pkq5qSQf6g,2026,0,0,0
k-VVZ613e-7pFz9bShf_uQ,2026,0,0,0
k0ItOdfAkjrvH7Hj-u7lVg,2026,0,0,0
k0PV5GT4lTx-kFdNx89qeQ,2026,0,0,0
k0uqCO3pGxQcT-fVUTsHCg,2026,0,0,0
k1seducTq2YHpyD49-cVYg,2026,0.16812754,0.16812754,0
k24QIVcmhhOnv9MCY3dELA,2026,0,0,0
k2kYJSZWIiSW_79sFGpz9Q,2026,0.23165733,0.23165733,0
k3Xxkt-rplj8-kDpwQ33MQ,2026,0,0,0
k3dnhhJaxQl7PFfyEONECQ,2026,0,0,0
k3unLq8yPApU4y7JvZ1Yiw,2026,0,0,0
k3vleCExr52KzSmzVInMRw,2026,0,0,0
k4LF4mv4KXuXbsU-7aKeJw,2026,0,0,0
k4NTFS_bOZPkcww5EitoNA,2026,0,0,0
k4W4BRYvZemxKJHEOFkCLQ,2026,0,0.043204737,0.043204737
k4XjNX8Mju434hDMli7k2g,2026,0,0,0
k5Uqg9GmF_Z_9LBAxjegpg,2026,0,0,0
k5iA70JBHhY8ucLXGR0npA,2026,0,0,0
k6AwCajLT06J6cwC3SqFcg,2026,0,0.04395738,0.04395738
k6Gl3_OZVEXV7EpJBqKE2Q,2026,0.46927873,0.20210735,-0.26717138
k6GurG0wmHVyiZGzmxs8eQ,2026,0.63092975,0.63092975,0
k8KZKWtU5P3184mo8ABxYQ,2026,0,0,0
k8XYJH8a7VjL4sM_jahXSg,2026,0,0,0
k8lsITXfOwBOesuLnFAsyg,2026,0,0,0
k9BCIgi9UdGaNkDxBkIR7A,2026,0.23719771,0.38685281,0.14965509
k9BP--nQ45tD6fVDNtn93A,2026,0,0,0
k9VvSC6kRUSHBFn6sh4S8w,2026,0.20639403,0.35519615,0.14880212
kA16WmCbqMsU4nwzYpJBWg,2026,0,0,0
kAE7vcgafLO5N6WmG2PJVg,2026,0,0,0
kCMfy1_8YSWhOF2O6PZSuw,2026,0,0,0
kCwKq26mfhmwi8FUDV0ZQw,2026,0,0,0
kD52Br_KSfANXJ_p8lY27A,2026,0.27894295,0.24465054,-0.034292404
kDKWKnb5WSLk1SjLcP84Bg,2026,0,0,0
kEQghZ8PcOTdpyL0fF4uDA,2026,0,0,0
kEcMLkQwMEnMYsYfUMOXBg,2026,0,0,0
kEfG0D2ga4vl0xbIUjZ3mA,2026,0.5,0.43067656,-0.069323442
kEyRH-wIsIw9M7T-pfQZAw,2026,0,0,0
kFX8p4NbflPsTLWKYnc0Ig,2026,0,0,0
kFyVpGIJKkXIlORaatoBpg,2026,0,0,0
kH4MvwDaTNkMnKiU2WjIgQ,2026,0,0,0
kHmXUEOAsIbguUrPoX6Tkg,2026,0,0,0
kIUDNNr0lCzYZ5WjNjsRAQ,2026,0,0,0
kIkw_hlSkANX5_xwwW1amw,2026,0,0,0
kItyNkRiDBtN8NCN8JhblQ,2026,0,0,0
kJnbLIPdJ6QOu_USBdfuZA,2026,0,0,0
kK1VqkVSMkRewP6KP7hJXQ,2026,0,0,0
kKPtzymyBkIuRpc7KTQSJA,2026,0,0,0
kKncnVGJRsJ8j9UnbqmdsA,2026,0,0,0
kLEH7BqR1NSaJZ0yGCdCSg,2026,0.61314719,0.61314719,0
kLm3B6LeboEZWX_4otpILA,2026,0,0,0
kMQpdrn7N5GEAPtmIxL1yw,2026,0,0,0
kNj-CSpMrzSC99fiqSlkNQ,2026,0,0,0
kOG9KvVJ3A-FvNx5WILuwA,2026,0,0,0
kPu_ZlCwtwInEjdE4PuslA,2026,0,0,0
kQE6wYjjph14jrIZttOW2Q,2026,0,0,0
kQek0Ft9uFPRuxP9Z3g5-A,2026,0,0,0
kQrrTVy2kvuGz-Flv9Htww,2026,0,0,0
kRD9SybtzNVuKcpbnXhk6Q,2026,0.53567834,0.55477109,0.019092753
kRRyU-jWHu-yiczlupobBQ,2026,0,0,0
kRyjFBqU8bt-8NcJOLIciA,2026,0,0,0
kSfFD0gNRiuixm0F_bjhAg,2026,0,0,0
kTk9ZjSJUB391At76D7ixw,2026,0,0,0
kTpsjDUhl9BlRl0FVuNreA,2026,0.39038005,0.16812754,-0.22225251
kVQHTSp2YU6Mpka6ZCrPZQ,2026,0,0,0
kWBkbLuOFac2HFt3zcltRg,2026,0,0,0
kWOApx9Yhmpe1Hj1moA-eA,2026,0,0,0
kYDEGwHzWBxyC-R1eo3SDA,2026,0,0,0
kYEMdA8erJVUpDOa_XEBeQ,2026,0,0,0
kYNtwV_NYUSJDtBXLjjpuQ,2026,0,0,0
kY_GzlFxLkXK_2ln4l-l-A,2026,0,0,0
kYflv5tITinh4n4solpxMA,2026,0,0,0
kYujA4d-zud35Zs2yfoq0g,2026,0,0,0
kYyszsVktocplfjPsupZ8g,2026,0,0,0
kZGB0vboBRDCjsqcsAjMMw,2026,0,0,0
kZS93CWlO0D41iNhFGj9Eg,2026,0,0,0
kZ_RstLIIDXqmQkRfO10qQ,2026,0,0,0
k_QqFbnVIMkDo3M7bbpSrg,2026,0,0,0
kaOV2JYS0-hdGm0ce3AIDQ,2026,0,0,0
kauJmG3ZiA-m5u0nPrjb4g,2026,0.30267735,0.10940466,-0.19327269
kbFzYCzq9WkmitCXkxsWEw,2026,0.6147129,0.62326565,0.0085527531
kc4kn028zSyl7NPvxJ47KA,2026,0,0,0
kcLWNtG7gA_HWgiLxzqXtA,2026,0,0,0
kccmmpuPbFvTmFtQF9CKaw,2026,0,0,0
kdF05ql0bquraoqcTwrweg,2026,0,0,0
kg66FxWXqggr1hq4jz86Ow,2026,0,0,0
khDfwbNBvJ44CzvWJUiWTw,2026,0,0,0
khYCwrUnEY3DkI-F1ahfDw,2026,0,0,0
kj-jdhOYqi85101EEu1kTg,2026,0,0,0
kjZeiNWPzvVZFWDKW3mdoQ,2026,0,0,0
kj_DV5bdZjTLxa2ODGV_Qg,2026,0,0,0
kjjsLDsa7EUp8lLKUY3_0Q,2026,0,0,0
kjlhPieXBPx7PqX8K4aQ9A,2026,0.08456676,0.12388806,0.039321304
kkHcLQqS5If2ohMvoLhAMg,2026,0.18430156,0.27487633,0.090574769
kkHdxY0j7tU04Y6eDl75rA,2026,0.16569577,0,-0.16569577
kkKo6_qwbiu9SdZwOv2Rbg,2026,0,0,0
kmM10yUMt62-oDNDB8eTHw,2026,0,0,0
kmQPHpob2__bYTWs0CVwYA,2026,0,0,0
kmmqamXMEB0qLIorrS46pQ,2026,0,0,0
kmuZJhe2UERaTtIm44Z9Ow,2026,0,0,0
knm6obTHwvxH2fMFYEu3pQ,2026,0.63092975,1,0.36907025
knrupsullzWNqkUzGHshpQ,2026,0,0,0
knwK1zwTWQylqEvGkVWzog,2026,0,0.10253314,0.10253314
kqhR7c4ZhWhnkhXNHlt6tA,2026,0,0,0
kqlXCOXymKHbO_w2kRLPgg,2026,0,0,0
ksBWrqnjT6fL6nulF_GYZQ,2026,0,0,0
ktCNJpjtIWVSnQRjZT1iUQ,2026,0,0,0
ktk1ADOeTUgAjE_Y5bvtqQ,2026,0,0,0
kuyawcIRvZE-hjOWUntgXw,2026,0,0,0
kwUgEePIpX2ik7FxKr4Bfg,2026,0,0,0
kxVwdG68BctSAEYXd_HyGQ,2026,0,0,0
ky0awPVmGZBB8wCzbCYz9g,2026,0,0,0
kyQKElpkSCDRka7ti72qng,2026,0,0,0
kyVJXFsIf_JaHMy51rc67w,2026,0,0,0
kyc_Jt9r4Su8liaMa9raQw,2026,0,0,0
kynpayfZunwfm8bMR8fRZw,2026,0,0,0
kzExLqulSFnd5iBXWyxewQ,2026,0,0,0
kzHl-XB5ubTxgoqQbm9yGw,2026,0,0.24465054,0.24465054
l-BGQL_dveUG2ab-2KEyQQ,2026,0,0,0
l-z55nydXM644W0oVwBcuw,2026,0,0,0
l0e_QnB17xqzv5BAFOqiGQ,2026,0,0,0
l0oWM0S4wpyGTsKQJ5GWBQ,2026,0,0,0
l1BxkplUwWczHNulfYEkIg,2026,0,0,0
l2JpmmYO-5OXSYehBvTfcQ,2026,0,0,0
l2o_pjuS5T4jEn-8T4Z8KA,2026,0,0,0
l3CSbTbrptAz8Jd_xKzqYQ,2026,0,0,0
l3ElIU_Wsz16qnBp690mvA,2026,0,0,0
l3Xdak0KOMN98PnD2HmVUA,2026,0.23719771,0.61314719,0.37594948
l4GzwJkLRel2kaoKiDEofA,2026,0.35620719,0,-0.35620719
l4iQ8z7Q6PFatFx_UUMpCw,2026,0.2529427,0.2529427,0
l4xendC5jJ7Zp7OReyL6Hw,2026,0,0,0
l62nMXWXyiLqtYrXBGCEyw,2026,0,0,0
l6FQna_TOyj3d6C2mCNKKQ,2026,0,0,0
l6TG_9SJa9diNH0Eayccrw,2026,0,0.041058779,0.041058779
l6uGXP3qRHuPF97Iv3i-sA,2026,0,0,0
l792-VmF1_fax2-h2lmg_A,2026,0,0,0
l7dEPxOqm3KAoKBCFgurCA,2026,0,0,0
l8YT0FqbvwEzrCH4HrrDKQ,2026,0,0,0
l9P5RI9w5AplgAdlymkv5A,2026,0,0,0
lA2ClQhpbFx5X-rQYGS1tg,2026,0,0,0
lAG123sv99BMtyILjaazKQ,2026,0.079457079,0,-0.079457079
lAGVeGUk3LKnIQdrEy0trA,2026,0,0,0
lASXNxCyR7wqwgRjh8fU3g,2026,0,0,0
lDTZPQtnfl-OfsGEb8jf1Q,2026,0,0,0
lDWnAJWWylzSWFL6EOBQSQ,2026,0,0,0
lDyu0zxDc0jXR3QAtw_tGQ,2026,0,0,0
lE5y0ccZdlQbdvny6PVECg,2026,0,0,0
lEFLQEI0qP7QvxqTCtfTQA,2026,0,0,0
lEI5lN0QHVRFyHen96c85g,2026,0,0,0
lEYdBIixXIM3SJ_D4_ma2w,2026,0,0,0
lEklU-0ebR_ZWFs8v5YA5A,2026,0,0,0
lFLSuHyr22QfQxr26KkvGw,2026,0,0,0
lG046VqgCpgW_qzOhKmGVA,2026,0,0,0
lGZclrwA3HTMRq4iNmRAqw,2026,0.11706259,0.074031845,-0.043030749
lHJIhD0vQ8xjyHUb-IxByQ,2026,0,0,0
lIE2RpoYvF0Cg5jCEBKGtA,2026,0,0,0
lIpGqvvmg3glkkK48PHTPg,2026,0,0,0
lK6vU1_UCK1owB6VEIOZPQ,2026,0.26182456,0.260437,-0.0013875598
lK7bEhOIdnQWWSvopiBW2g,2026,0,0,0
lKtd3RfLNQy8nev7rFPkcQ,2026,0,0,0
lLHbU0-h3xeI226SQubrYw,2026,0,0,0
lLKBshoFXqizrPt25Pc-7A,2026,0.46927873,0.46927873,0
lMTqYsCmQ780-q_Tm_-LTA,2026,0,0,0
lO1ZJdZcQXvtpXK0tu3_cw,2026,0,0,0
lOPdCFAkCrEfuc97DxNFSQ,2026,0,0,0
lOdZoda6Hq0Wi3RR2V8Y0Q,2026,0,0,0
lQ3z8tjSxOvqrWdcKjUlrQ,2026,0,0,0
lQ_dbuM6xIthZ63nnd8cHQ,2026,0,0,0
lR2CWLz7Y_76WGMl0OeWKQ,2026,0.036356288,0.044808644,0.0084523556
lRLMfXSoYAErQdnuyFgt2w,2026,0,0,0
lRRuTimITgwzoXLIM3g9qw,2026,0,0,0
lRa8LUtA5DMrkTu3NpNNlA,2026,0,0,0
lSLFvLbgWmvB_nIWsYpW6w,2026,0.083724914,0.090928031,0.0072031166
lSxbxkHMeMOqvWAtgxSl5Q,2026,0,0,0
lTMdCdU_z-NSZzb-e4ejDg,2026,0,0,0
lTxPGJx5PNTSVgQnFqe5dg,2026,0,0,0
lTyrc6Isxnu6_yq5v0d5sw,2026,0,0,0
lU9v6r4bo6nh1i5z4Z-BDg,2026,0.25840142,0.3381916,0.079790179
lUc4LbgjbPniRso7txzVuA,2026,0,0,0
lUgyk9vHUmBlt49WSdpD0Q,2026,0,0,0
lV17W9GupGzhRizZtbzGSA,2026,0.25,0,-0.25
lV9epgzUWlc53rqkf51XgA,2026,0,0,0
lVj6rc7Xr_FCaehzRMmPtw,2026,0,0,0
lW9xTvoDyPn2AhreAUjEww,2026,0.13090199,0,-0.13090199
lWNEBu8S3f1dbYsEdkaV8Q,2026,0,0,0
lWhowBlZFOWzWGryS2LMxA,2026,0.38685281,0.61314719,0.22629439
lXcc2mdDhBRYW1UFwuF4Nw,2026,0,0,0
lXnRjF3mNga32LyRiEclQQ,2026,0,0,0
lXrzXv1tWbCMh6hPXqcR4g,2026,0,0,0
lY2Cfx3fOELseFH0HSG9ZQ,2026,0,0,0
lYEHrma-v7DI2aZ-DRxJQA,2026,0,0,0
lYtxh-L5yvp41FYXL2r4-A,2026,0.61314719,0.61314719,0
l_PYlgyZLEnZm4jCp8Gmdw,2026,0,0,0
la6VxtOrm0rzw1iAWLprfQ,2026,0,0,0
lahQZzrrOG9xxGiqs977iQ,2026,0.23340971,0.23881416,0.0054044516
lavyYLh68LxIBhJdIE5f_g,2026,0,0,0
lbDYppQgGowSJIeD3xS4eA,2026,0,0,0
lbGn0sxC5OuGjdccSoJJQQ,2026,0,0,0
ldCg-SHasDf59p-qTPkGew,2026,0,0,0
ldrQtLPZzX5RTBMxOy__9w,2026,0,0,0
ldtxYghu6OLAMxRkkKh3uA,2026,0,0.21840744,0.21840744
lepAXOBZWyGhLNJhHbT1nw,2026,0,0,0
lflWLPxgcvu2rf9-zPyzbw,2026,0,0,0
lg0yxTsNyCHy89DAD8rElA,2026,0,0,0
lgB93Q5dePzMBWXu_GVHEA,2026,0,0,0
lgUHdLdNQlcaUCzkKPVAmA,2026,0,0,0
lgUKLRsqvhu4DbM9syzq_Q,2026,0,0,0
lh4-936qzBe9z12iwDgIrw,2026,0,0,0
lhtWUXD6zQW5UOvUpZCXUg,2026,0,0,0
li0KxXvLCZlPD-aZZ6b_KQ,2026,0,0,0
liw7-Jkd9Jn5bOIgTRGcPA,2026,0,0,0
ljzRGc17tlLoyv9AYEQrPA,2026,0,0,0
lkGB6HVoFe5-hJq3Mp0eTQ,2026,0,0,0
lkbY1ahEEW5S2th1yAdn2Q,2026,0,0,0
lke1vhsIqio4TaeJFs4bnQ,2026,0,0,0
lm2uz_4jZJL1Iz2RDQHKIg,2026,0,0,0
lm56NZaqG90rCIq7mdZYgA,2026,0,0,0
lm68iuxsqDEZ3u_EkDIE6Q,2026,0,0,0
lmJy4OwP_TyHIg8a8Q0RsA,2026,0.16104283,0,-0.16104283
lmL1P6wJi0Z8Jg8DTPqawQ,2026,0,0,0
lmjaCVsRD9DnBlns7r2l-w,2026,0,0,0
ln3R5ujXP_n8fXvRrKxAng,2026,0,0,0
lnQyKu1NZTMThnUYGh6jgg,2026,0,0,0
lneyam99jHB_ITEyTXT7bg,2026,0,0,0
lodcjNGaE1B-lAWfn-L2Qw,2026,0,0,0
lp4D-epxES8G-EIGZay4SA,2026,0,0,0
lp4n-BGrNB4Mf9z6Lk1R2w,2026,0,0,0
lpjmKkdcUo4sjroCawuwQg,2026,0,0,0
lpnI226_ekGGvkx2Kd-biQ,2026,0,0,0
lrtGPAmDqCFnbfAKiB4NmA,2026,0,0,0
lserqDseBmOizRQk8zbU4Q,2026,0,0,0
ltVVan0-7G-mQt7QW3rKjg,2026,0,0,0
ltv6-0NLK9GweBbRjC9Avg,2026,0,0,0
ltzqwSA474YxEzLoD1MVIg,2026,0,0,0
luM_UHp6Yc4fdI1yKQZ_Pw,2026,0,0,0
lurVw8WAzlEYLYMm8dOOCw,2026,0,0,0
lvhpSWe2vae8uTlnf7alyA,2026,0,0,0
lw1EuTo6vV_biYruLwFXHg,2026,0,0.2043824,0.2043824
lwHDxfX2z2ufI-QuWMmQkw,2026,0,0.27023815,0.27023815
lwUZzdNG-XLlNpivmwcEsQ,2026,0,0,0
lwUa756W1t0jX68St3hPWw,2026,0,0,0
lxA2xhPoGyEKdfKkR7u7yw,2026,0.039621067,0.089617287,0.04999622
lxarBB7Mg2IVGlM7dNukFQ,2026,0,0,0
lxkfonZr_y4yeNXKrKIf9w,2026,0,0.5,0.5
lyxvWcFLoho5AB_GzZmdhw,2026,0,0.27894295,0.27894295
lzKIQNdszz0-EodxitP4PQ,2026,0,0,0
m-Pnm53eK4NFW6keiL7yjQ,2026,0,0,0
m-cM4C61m6d3iusOS9X1pA,2026,0,0,0
m-o1o9E6yTCL8KOIH04ixQ,2026,0,0,0
m0Z0H_jPvyA5T00Pg6xT_g,2026,0,0,0
m0lZWKBoPifxndi0SLwh4w,2026,0,0,0
m0o5tgCVle3anbaVL307kw,2026,0,0,0
m1AUK8tI19tUT_N3DMkyIQ,2026,0,0,0
m1AysTXG_v2Ig_P0zDJL2Q,2026,0,0,0
m1sJ1YBdDp4GzPdrJLCjXQ,2026,0,0,0
m26Ymu59nIeZZb5l8PGHCA,2026,0,0,0
m39JMmoUjI6cF2E_LP-_Og,2026,0,0,0
m3ukIzoOjLso5QUWMNcGrg,2026,0,0,0
m4Ba2rsUJ50C2FRpcFtxlw,2026,0,0,0
m4F2dSJM3Eu1rRA8_QAQjQ,2026,0,0,0
m4KAMgdgkAQtchNh9Ay80A,2026,1,1,0
m4egTXIv3nBhvFuVDFceKg,2026,0,0.11731968,0.11731968
m5ORqgiVvB_JvVAdPQcGhg,2026,0.058761387,0,-0.058761387
m5_fH7FmPgrE57YeLTqX8Q,2026,0,0,0
m5dvyMpWhuh-a60rq9GzSg,2026,0,0,0
m5i0UL5dnbUx3C1A41yoSw,2026,0,0,0
m68LrtzwCrdln17GC2e5ZQ,2026,0,0,0
m6ePktu2cDs1auXdoIzt5w,2026,0,0.061173315,0.061173315
m6i-9dPtvEnxotYsvYW3zA,2026,0,0,0
m82YODoJKVhLENP-HtdHng,2026,0,0,0
m8TgjNnyKgwslHaqNMFtHw,2026,0,0,0
m8YRg68_52Vlj1tYYyC6Ug,2026,0,0,0
m8y-4w0JpLe_NzkWRGEBpw,2026,0,0,0
mAq1xBX7U_mbLpt6mKgOxw,2026,0,0,0
mBEv23RpvHhPTGxrLTpN_A,2026,0,0,0
mC19ofbbqvBAwOUH3fRHsg,2026,0,0,0
mCL0nhYyvDa5a3Egqto6vg,2026,0,0,0
mCW8Stba-sMGnR1HlV2M0g,2026,0,0,0
mC_BjoGIJbS5XD9BA91CVw,2026,0.1175161,0.12315119,0.0056350896
mCzZcydzTumzb09sK_IOFg,2026,0,0,0
mDBAmEsyxuVTTT70dK-dqA,2026,0,0,0
mDib4kH89y4tgR2eSBBxnA,2026,0,0,0
mEHR0eMD0ZlhBiVR_Cu0SA,2026,0,0,0
mFBnOCP92E6A738_FqYQwg,2026,0,0,0
mFU1SzhxSs13QCDcPJguhQ,2026,0,0,0
mFVHcixhLASc-qH0RgMLgg,2026,0,0,0
mGTk_yB7-pVxvFcEYMc1GA,2026,0,0,0
mGbn9P6Cl9FQCwfQWcA5CQ,2026,0,0.16620636,0.16620636
mH-NRs4CEzYrQzJKRjAvlw,2026,0,0,0
mHjr_jucrxCv7InmDlCSLQ,2026,0,0,0
mI5I7bLp7VxBU1JdxkNpUg,2026,0,0,0
mJ6yNAm5x5-lyW7mkHmNFg,2026,0.042758313,0.23165733,0.18889901
mJdO7amNT0tb3F2fvr8drg,2026,0,0,0
mJqkH2uXFQQyoKfoXMjxuA,2026,0,0,0
mJtYMmLcpofP7qBK1DfZQA,2026,0,0,0
mKXjxcjG6iAee9DjjIFd3Q,2026,0,0,0
mKoQi0-lXExGi8aVQfVPTQ,2026,0,0,0
mL5cSWB9cSN0T5jQ2P2Gtw,2026,0,0,0
mLIwT3cKR3JUhyt6jmSQ6Q,2026,0,0,0
mLMTOW3bWc2BMSdYL_DS3Q,2026,0,0,0
mLwKdFW96yof7-6EVgLXhA,2026,0,0,0
mM8dZe49n8tMA2L1DRgpRQ,2026,0,0,0
mN6RujPNIr9tPkLMj-NwGg,2026,0.14606835,0.1695801,0.023511753
mN8fyBuA6ruTOg7BXIcQ7A,2026,0,0,0
mNAVI_w-Bg_Us1gV4Dzphw,2026,0,0,0
mNH59fye2BRKxU09AG2qyw,2026,0,0,0
mNNDxJQR_LRxblW7m61JYQ,2026,0,0,0
mNsrvbvPCwWx9_0GordRvw,2026,0.21840744,0.61314719,0.39473976
mODp6JlLClGNjgi1KHxXVA,2026,0.61314719,0.61314719,0
mOSP0qhtAFxmKKnyO8YIYA,2026,0,0,0
mPNsCj0_fMuNfxxkgeR1Hg,2026,0,0,0
mPnOlm9FEHtc4fcfK6FjPw,2026,0,0,0
mRTu_76SDZzmc8k8ll6OEQ,2026,0.2529427,0.2529427,0
mRyFuAKSLQKdVvfN850_bQ,2026,0,0,0
mT-Cf6OzEmgVWtfBiekZxw,2026,0,0,0
mTZnNv-CbLGvqAhzkPDViA,2026,0,0,0
mV9CpqMSvn_MFFZoRKqFMw,2026,0,0,0
mVX_xyhExZy1keuFMknWsA,2026,0,0.095506691,0.095506691
mVjgO4DwYzy4_lT6s2Q2_g,2026,0.46927873,0.46927873,0
mVkopn2FcSNOSrirL84v0w,2026,0,0.12622101,0.12622101
mWk-VooDHOr1iyRtyUftZQ,2026,0,0.066513772,0.066513772
mWledV1ng0_cLgwdaceufg,2026,0,0,0
mXmx-dkgyxrpxkJCJ95xkA,2026,0,0,0
mYDBWALp3m6ccgxec2Q7PA,2026,1,1,0
mZQ6NG0UCbeIyz7vQpG41g,2026,0,0,0
m_NaIYPKeHzaQcc90sKULQ,2026,0.33916021,0.33916021,0
m_nYle8DOEyDddtR4bpgag,2026,0,0,0
maSbHZfZzAvIzhu-y5svbQ,2026,0,0,0
mai888IdxBKWWbcpN95dhA,2026,0,0,0
mbDmR-HBmn310hfijtVHVA,2026,0,0,0
mbJA9_yy-JbB1lkteWYD1A,2026,0,0,0
mbMFiqA-QG3D-qa_KgzxWA,2026,0.21840744,0,-0.21840744
mcEHwmpiCOCFXemb2hIHaA,2026,0,0,0
mcSyS5ZFTjNy2kP8ynlfLw,2026,0,0,0
mcoDFbdugjc-hqqA-2wHZw,2026,0,0,0
mgBV3YmtaEqKmvrOHKQXfA,2026,0.33916021,0.33916021,0
mgN3F0ROIHGj_H7RlJa-EQ,2026,0,0,0
mgisYq5lSAjWtJiXL_obOA,2026,0,0,0
mgmWP0xb_ng5MEA7FAmWjQ,2026,0,0,0
miGhlCIj5yAv_aHElvQslw,2026,0.5,0.35620719,-0.14379281
miezoBzEvncTmHU58g5HmA,2026,0,0,0
mivYt-sr0OyYsnwpLFuXDg,2026,0,0,0
mj_RWh934Y4TJxIZ_rvnog,2026,0,0,0
ml-rDgT9FAz6G9UlpRPwIw,2026,0,0,0
ml1AQElm3F1QCb0a6AJiKQ,2026,0,0,0
mlEZTSkIQTXrEbOdsWq26w,2026,0,0,0
mlTN5YVzzSk0etZFuD7eRA,2026,0,0,0
mm6E4FbCMwJmb7kPDZ5v2Q,2026,0.46927873,0.29608191,-0.17319682
mmXl5IhUqUZ1vkmZC2edqQ,2026,0,0,0
mmi63Hg9BmgbUCditaGrkA,2026,0,0,0
mmwuy8xa_qck0r42nPX8Tw,2026,0,0,0
mmyYz-xiAO-tXqGSfyFJqA,2026,0,0,0
mmzwk7j9-nYppgbJG0nU8w,2026,0,0,0
mnpFeD_4TDSc9VvlzEHhRw,2026,0,0,0
momZW_ekJwAOPoCvFiBWoA,2026,0.61314719,0.61314719,0
moz1VXqvaWzVjVKaAFO8ZQ,2026,0,0,0
mpKZeBrIiXBTPJaWxloZ3g,2026,0,0,0
mptaaXQBQ6b54LlHLooiag,2026,0,0,0
mqhQc_J2AAH9y_O7Pd-8ig,2026,0,0,0
mr8Wol7FgypD_CmboU5ToQ,2026,0,0,0
mrbVjIfH--MlmAmrqLzoAw,2026,0,0,0
mtSqqC0I3sD8C0VikZ2uJw,2026,0,0,0
mteaS2dSVgQNlMf9xvgF0g,2026,0,0,0
muOlT-uQrShoN1Qi610DWA,2026,1,1,0
mukbs7Bj65O2fIVMi935nA,2026,0,0,0
mv5r2Ixz67gUp-KRiPrE5g,2026,0,0,0
mwHk33BsGV3Pc7fXAhcZ0A,2026,0,0,0
mwNWXxPqG7uB6RLAuZ7Jow,2026,0.30564029,0.1695801,-0.13606019
mxeq9l3IvlqFbzgVycn9Tg,2026,0,0,0
myMt8frtYZ2nrEdoI9G5CQ,2026,0,0,0
mywz_VROZh9Le1Lw55VsqA,2026,0,0,0
mz9eb3kuvovZ443CxTOVgw,2026,0,0,0
mzeZleZ3yvr_lpc3Ku5QEA,2026,0.044187253,0,-0.044187253
n-KG9hT4eGCgdcnQP8qMIA,2026,0,0,0
n-MC3UtTTynTPSnvw4Ju9w,2026,0,0.28906483,0.28906483
n-eqEznsIaunXMkulA6glg,2026,0,0,0
n-r14HfcTMDBQHxnsljqmQ,2026,0,0,0
n0GJcpRu_GNqnuqsOaRFbQ,2026,0.1845757,0,-0.1845757
n0Qbz7LaA0r46x-N2gPXxQ,2026,0,0,0
n0amJ0p8b9pCfPcEACYwLg,2026,0,0,0
n0iUkClauyyGApcTowCx5A,2026,0.29520734,0.14829723,-0.14691011
n0qe0uuU9He-Bc30rKmmkg,2026,0,0,0
n0qjtA4hkVRD6axmVUUi-Q,2026,0,0,0
n26DdD4xHMHbXYpy5FT-sg,2026,0,0,0
n2Ai17KWWCSQeo2u-NDq_Q,2026,0.091654028,0.33916021,0.24750618
n2DZt4d_zcyfIvhwhVlXVQ,2026,0.034062972,0.077415067,0.043352095
n2RSuHvwCzeTDUMzSDnFdA,2026,0,0,0
n2UpKhkU2N-66a1QQzrjYw,2026,0,0,0
n2ZbJXzQO4OBRFnNgTHScw,2026,0,0,0
n2h_Zw0Oi4JouwAttXLJcw,2026,0,0,0
n3Gg5mIokBirc8s_unINnQ,2026,0,0,0
n3U7fV0TohWMywEqkgXUHw,2026,0,0,0
n3aKJqRTJM8JjrFn_l6NwQ,2026,0,0.038384638,0.038384638
n3u9tSWz1FZbrIU8waahnQ,2026,0.19635794,0.19635794,0
n45wjLDcYb1oE-GOOc58gw,2026,0,0,0
n63Fr8cQP5766ZVExQcK-w,2026,0,0,0
n6fyzuFm1cwb_Q5y4A_quA,2026,0,0,0
n6iqHi7uYpFgzDg1Wj5rCA,2026,0,0,0
n6mZiu2THIak73c4-1xa-g,2026,0,0,0
n8Ihks7t4EhNC3FrfbEoOg,2026,0,0,0
n8MSZSy0poq7TuHRJcs_Tg,2026,0,0,0
n8TgUTVW8J6oZNYEKar0fA,2026,0.063235676,0.12647135,0.063235676
n91RA9TGj-_aZZ2HM9q4xw,2026,0,0,0
nASvf2p4PtAPaxDxqaapOg,2026,0,0,0
nAe5USXtIe-o7Y-7J0tHlQ,2026,0.22009177,0.13886244,-0.081229322
nBOOcMnJgf5DPKjCEUSIDA,2026,0.39038005,0.39038005,0
nD8Cg2jQdPFitx1MGGBRVA,2026,0,0,0
nDVaE1KQ3QSeY645LkrHNg,2026,0,0,0
nEBR37gei5qGg4FNQQZt9Q,2026,0,0.14704034,0.14704034
nF-p2LxfYtkRrlz9NNrgOg,2026,0,0,0
nFMtiYWsrEt6_r74GuFimw,2026,0,0,0
nFwIfRsPVerLGKJpdg_hUA,2026,0.43067656,0.27894295,-0.15173361
nG3Mek6QUuC44ej8hMnTxg,2026,0.63668244,0.58557007,-0.051112364
nGBYFOdUMJSwui-i5WYtGw,2026,0,0,0
nGqmdnQb_xUHNcPheQbwtg,2026,0,0,0
nIPN01gVhKTaWoTZtjsKfQ,2026,0,0,0
nJlmXNwAIjr4EC3jKW_Klg,2026,0,0,0
nKa_r2ajf6YCELH2qmckrg,2026,0,0,0
nLTUExV7QL5OttVMCfSfSw,2026,0.30103,0,-0.30103
nLezkM9TRDnQNaU0l4GJcA,2026,0,0,0
nMbmtja7SwJMZ1c_a81sKw,2026,0,0,0
nMlN5rLd_RONhgxQy0jgjA,2026,0,0,0
nMni4GyAmdEjpW0dcIxyKg,2026,0.61314719,0.61314719,0
nMw5xm9h6xFXdsNbG3b80Q,2026,0,0,0
nNAQB5vNEldNlbdt3jLHwQ,2026,0.25,0,-0.25
nNGYRSkY8Oid6Of_SFMWuA,2026,0.24465054,1,0.75534946
nNm9RGXQgnVJ6ypbBgc20A,2026,0,0,0
nO-7V8QTKmgnL-9gLYRjCQ,2026,0,0,0
nOhVFMv2TtV3hjjXqpFgaw,2026,0.13905618,0.10549558,-0.033560595
nOr3_aq60yivqgcso_iDMw,2026,0,0,0
nPGtW8JHNb7Fw6KAUV3_rA,2026,0.44830399,0.39325913,-0.055044864
nPXVprOV3ioobtAc_s7-CA,2026,0.38685281,0.16104283,-0.22580998
nRBuwri2nzmFHUdOX9xO1Q,2026,0,0,0
nRpUQsLfGWBJ8u7gcj6qzA,2026,0,0,0
nSEKWE-AXv_GI18jIxNOig,2026,0,0,0
nSOf0NLbCxggtojX-BD0tg,2026,0.10549558,0.13905618,0.033560595
nTpyI1VOrjrF5u7BPd1cyA,2026,0,0,0
nUXwfzh2r3laqaEMwCPAgg,2026,0,0,0
nVETQCSxAK8p_5zMQppIGQ,2026,0,0,0
nVRPACH_wNtFNWANBUXSnw,2026,0,0,0
nVSWhxT4FKDV4krM6i3sNw,2026,0.24903457,0.36792126,0.11888669
nVrsQkDOFNiU4ol5Sk9JSw,2026,0,0,0
nWausiX02FIL5yv3Zts4Mw,2026,0,0,0
nWwh7DwUeNN4-3fEUlpD8Q,2026,0,0,0
nX0AlE895Bb_-X0enB11jQ,2026,0,0,0
nX6ctMcGXc1hki9Ps_fQHA,2026,0,0,0
nXGeCTztgEaKCqdK4M6_9w,2026,0,0,0
nXHcBe38meR4CV5Jr4QxiQ,2026,0,0,0
nXMMoDzXRByQiWH9cf-FAQ,2026,0,0,0
nXOQUWgqXYhYnL6EbWY32g,2026,0.22644742,0.13961815,-0.086829275
nY1402fR_FWwNioXfkqQnQ,2026,0,0,0
nY29vdpRYBemkdcNs26kJQ,2026,0,0,0
nYXjXuFswfovytDQCcxN4A,2026,0,0,0
nZUohand16Mi_PvRvhuRug,2026,0,0,0
nZjDiwDqM5LSR1j2IYx0PQ,2026,0.28906483,0,-0.28906483
nZnIBpiQpB-OFhpEo6aO2Q,2026,0,0,0
nZpi0aZclYjq0SWtGYeDkA,2026,0,0,0
n_KzNZXCU8j3cQD_SfxMjw,2026,0,0,0
naKJ_QWnRoD3GRlm5Ggjfw,2026,0,0,0
naNuJE04B2KABxsQrno9DA,2026,0,0,0
naz-juMTb07fQ6s3Hd66aA,2026,0,0,0
nbLc7poIXelCoxdHrfWc0w,2026,0,0,0
nbRv3XDfKLTRCEd3-vdvpA,2026,0,0,0
nbpJ4_z3L919M3lCRERU2A,2026,0,0,0
ncV3D4quNNIzM4_AiISRbQ,2026,0,0,0
nd3J4ng39EnLN5nAiafA4w,2026,0,0,0
nfDxw0duXMyPbPIjICYtmg,2026,0,0,0
ngz11B9sz8dJhA5v9F8phA,2026,0,0,0
nhWYlrTiNUXVouuLd5Q56Q,2026,1,0.91972079,-0.080279211
nhlQ_QOz6Iedwvaa2ztFgQ,2026,0,0,0
niEo6IS7Bi84cICjy33uOA,2026,0,0,0
niVlNMVNHYJ8euskuIP0dQ,2026,0.38685281,0.61314719,0.22629439
nihpn-qhbubNMHpi4laU0g,2026,0,0,0
njd6EX0g8zZhxDuco2k8WA,2026,0,0,0
nk16MnzTrWrU3f0n5r_eag,2026,1,0.5,-0.5
nkFczNcgKJh9BetHTH-btQ,2026,0,0,0
nkP9kZDn1v3qEn-RoTvVnA,2026,0,0,0
nkYWfdBJtQzb3UeNIwYejg,2026,0,0,0
nl1wx96aJiRwPChw1hMOjg,2026,0,0,0
nlN2c8Ji9JQvs6fveKkWMw,2026,0,0,0
nlPP-AFgRZMaNFKaqRhCuQ,2026,0.63092975,0.63092975,0
nls8l7SodeL6Bgpf2OYqyg,2026,0,0,0
nm4tRAo3sKZQ5HyLo28HJA,2026,0,0,0
nm6rVuEUUjaxjC5K0bvlWg,2026,0,0,0
nmZh1hS948QbD7FunGi8eg,2026,0.16812754,0.10889376,-0.059233775
nn-xUz1yQdB9t9R3imccJQ,2026,0.79038648,0.91972079,0.12933431
nnwBdqGHIAJQ5QX9lHOtrQ,2026,0.55314647,0.45997151,-0.093174962
novFMPBgjicGHqNW0LqMmw,2026,0,0,0
nqHmFx837BIlsYNX5LsR4w,2026,0.11838279,0.086713828,-0.031668964
nr35WjC-YI0dFcsnW33Szw,2026,0,0,0
nrcN1JYp4hbeE4O5Rf1tag,2026,0,0,0
nrsluaI6yJ3T0xXJKt1phQ,2026,0,0.12325584,0.12325584
nsK8-mIUND_iQBAgRroQtw,2026,0,0,0
nswUC3PmWsuOZQ4HjLZBlQ,2026,0,0,0
nti0EhLYrCKhXzJx425Oaw,2026,0,0,0
ntqURA0yzrFadofEZNwIyw,2026,0,0,0
nuM0nR-VK21pbkb3ShclBg,2026,0.11480929,0.13090199,0.016092695
nuPB8UJO5qZ3h61xSh5xFQ,2026,0,0,0
nufBzzQSCg8NkigpeVU3Lw,2026,0,0,0
nuvixCCU_r7lxOurci_Dgw,2026,0,0,0
nvdkt-r6z6rHIAHuGp3wiw,2026,0,0,0
nw32o5US9ftfInBrLcfVQQ,2026,0,0,0
nw45oaStBbi85yGojhtyTQ,2026,0,0,0
nxNO7_6U2Nu90v0IdnEhIg,2026,0,0,0
nxbovs2Kx0L8FqaUcttJSg,2026,0,0,0
nxbuUn7tn06-jz9_E3MN-w,2026,0,0,0
nygK2B94V6xZcQLSKtdY6w,2026,0,0,0
nzm6MM_2mc2TN3EyiceqvQ,2026,0,0,0
o-kbNSZILWSsmoI_gugzlA,2026,0,0,0
o-sCs60rqW75uPlXhyS0Mg,2026,0.46927873,0.46927873,0
o0-CYTDJkQxYBU4CCxlcyw,2026,0,0,0
o1-Flue1EoUvRsOR9cDRsA,2026,0,0,0
o1qKg96vRCR-NL7O5d776g,2026,0,0,0
o2CzlUJZn1mdlbWZRNK89w,2026,0,0,0
o2QMhwNV7QOX4e7JPNFYpQ,2026,0,0,0
o2_HCDhJ8-LLdRSoTmEBbg,2026,0,0,0
o2j99GOYL3Jboelb0w5ntg,2026,0,0,0
o3-GL3bS4MVoTVsax7-dVg,2026,0,0,0
o4gRgCdVSRUK4f8L0sJBtg,2026,0.40034746,0.40480853,0.0044610653
o5Ge7vHonm63P8nYvmNiYA,2026,0,0,0
o8NgSyF_970zpXvlC3uD4w,2026,0,0,0
o8fbYsa4qKZGea2y4H2wBg,2026,0,0,0
o95o0pMRUK0noCAa5KA9yg,2026,0,0,0
o9WLfM70nHrBKgk1xPKe1w,2026,1,1,0
oAInL2Ci-_BUa7SGIMWA_g,2026,0.061173315,0.091304876,0.030131561
oAov5erInFJgklxHJjYHuw,2026,0,0,0
oAydR_WIcpPny1c6GYCv-Q,2026,0,0,0
oBQZfFdCLFWLW4m2iRr6Kg,2026,0,0,0
oBWeugfyhx2gLQWzDWfGZw,2026,0.1638317,0.17342766,0.0095959602
oBcJdr1C-oZE5uOfFP-E3w,2026,0,0,0
oC7bEpqUCWkgtUDoeayrAg,2026,1,0.33333333,-0.66666667
oCnLbe9OGnpyQBY4E90bVQ,2026,0,0.43067656,0.43067656
oDo9o0oxE3_4U5Q8sPNAmA,2026,0,0,0
oDuMcQ73TF60-TuWDu_GUQ,2026,0,0,0
oEy9d6dUDYNjeTjJ0P9y8Q,2026,0,0,0
oFhn9LfSXwfpvrcO8RfP4Q,2026,0,0,0
oFuZcJakXnNJinl5B6q77g,2026,0,0,0
oFyG8q1n83o6GlAEaVWktA,2026,0,0,0
oG4n_XVtFl7y-A5v0x1Xew,2026,0,0,0
oGRSdCk8zAPNMSGTAtkkpw,2026,0,0,0
oJpiRod1fOIbgKHchRlRpw,2026,0,0,0
oKz0QvPS8kBDNNlT3js4pQ,2026,0,0,0
oLCsUI2hkHESGCMfeONr5g,2026,0,0,0
oMcmerArbeL0OOEZVPMeuQ,2026,0,0,0
oN2GmKS7jRjunWGNkI7Qzg,2026,0,0,0
oNNL-ykTZx5S-xf66SOVjQ,2026,0.14204004,0.14204004,0
oN_3pMGXz9xprDgFyghsrQ,2026,0,0,0
oNhpUe_tO5LB656VcQIhvw,2026,0,0,0
oPIBTyB8slqBdJAoE3RblQ,2026,0,0,0
oPtjAFyz9fACz4nwRH-4fQ,2026,0.17444768,0,-0.17444768
oPzrAcYobZqKzwPOWvU2KA,2026,0,0,0
oR7RloSKHbZOCz-WlT1fwQ,2026,0,0,0
oRCYGVVt0yjTd-vvTyChhA,2026,0,0,0
oRGRgWhbc02JHPWG_wbPVw,2026,0,0,0
oS8546qX17-BKf7R30KeAw,2026,0,0,0
oSAyAIf0vEel_c3dlAKp6g,2026,0,0,0
oSml-KJ3vWDGZqqNGkZ_GA,2026,0,0,0
oTT3TA6ThnYlF8ZnlbVd0w,2026,0.13726437,0.13297009,-0.0042942836
oTVST7CTfms-7RFrX2QFHA,2026,0.1175161,0,-0.1175161
oUQZPfb78DcYMq1fX4S_1w,2026,0,0,0
oUpcqnjo3o6x52MUzDJlfw,2026,0,0,0
oVitRcmHwrvJRqbj4bcHBA,2026,0,0,0
oVjEx-bNbs2JI1AzBIl_-g,2026,0,0,0
oVpfBZDeqa9GxC6RfzL3Xg,2026,0,0,0
oVrXlRwYMA7v-BjWsGLTkQ,2026,0.1845757,0,-0.1845757
oW310mDidejIRAPggwIAzg,2026,0,0,0
oWTSh_iL0BDgjMRgU4jvQQ,2026,0,0,0
oXpxSVp-VbvCQE51QsWiog,2026,0,0,0
oYnHljVhhiGue9kB25SfBQ,2026,0,0,0
oZG3IaSr-QdgK2B-ZJd51Q,2026,0.2529427,0.10893649,-0.14400621
oZMVahaKX1x4R_jIMTOi3Q,2026,0,0,0
oZljEdVN-QFm4XNLoSKDGQ,2026,0,0,0
obAksk0tLwmo6Vb32fOgQQ,2026,0,0,0
obYPVyRaBQqI4-OjtWqlVA,2026,0,0,0
ocFniU3muXVYiwB-ieuMHQ,2026,0,0,0
ocwdUZZoZs00n6Jd0c3cgg,2026,0,0,0
odpWD4GIyvlZG6PuWqLl0g,2026,0,0,0
oe-CFCZFeGBpyhTxGin5ow,2026,0,0,0
oe5TR0JgXgelUfeLcCimVA,2026,0,0,0
of1f4jdoUZvkW2D2w2WfeQ,2026,0,0,0
ofJT7inmiJelNKCoajp1jA,2026,1,1,0
ofqpwiC706uCxPuhHBYZaA,2026,0,0,0
ogjYdqBDiOrZQgFKBvoTEQ,2026,0,0,0
oh8jhxBjzl7x9WUh8xHsyA,2026,0,0,0
ohUC4ZSIX-jxZ9JpdCvQKw,2026,0,0,0
ojWY7qMhC79QV29lO0cfGQ,2026,0,0,0
ojiN3u-8CVBPBisohY9_5Q,2026,0.27646597,0.18166111,-0.094804864
ojxS1v-8nUvEEx4DlsPQrA,2026,0.17508383,0.22013599,0.045052159
ok3sseiioQlxtGSGb1H1zQ,2026,0,0,0
okPC6jSaVJEtbScW3cihFg,2026,0,0,0
okR3xbPWxoCb1reO1T3Ojw,2026,0,0,0
okkWvjg9is-5LGYGSZXLwQ,2026,0,0,0
okunlZ__2eM0S4xa7Jb8PQ,2026,0,0,0
ol1-wTIfWfhKZ31vtQPSnw,2026,0,0,0
olIE9j5IefCu-stQoSUlDw,2026,0,0,0
olrbv25TwaJOjV75AYfEQg,2026,0,0,0
omLHnp1T7C9tVLfITli0lg,2026,0,0,0
onMl5E4xXuYU2PI_k1yH7A,2026,0,0,0
onTfHjnJMVlyzELEGT0c9A,2026,0,0,0
onXxga1bCwkDtFMgN7Pzkg,2026,0,0,0
onvQWG0D8mcAJvZRUqY8hg,2026,0,0,0
opqWdxIOwuYcmo-PZvNS4A,2026,0,0,0
oqCtfkf3IcwLF7A5iLlxlQ,2026,0,0,0
oqQxCJ2nYOfkBidxSqMkXg,2026,0,0,0
oqcmJZXPgjA0qMlFkjTF4A,2026,1,1,0
oqonDf_ooCCNCgGeZgNh7A,2026,0,0,0
orsGwqZsPHTQ5YgEfa4AtQ,2026,0,0,0
orvJ8m2dLCfJojObNUcsvA,2026,0,0,0
osKslEr2bzDO0Ah6tnZzIA,2026,0,0,0
osOel5O1I94_xKwgaAWu0A,2026,0,0.15000679,0.15000679
osXzXSSdIg7F4BBVqZY_gw,2026,0,0,0
osdeS7I26qJhW2Qz6sJLzQ,2026,0.27894295,0.27894295,0
oszjgx27qBjO_11jVx21sw,2026,0,0,0
ouF4mCJFbrk0_rMvb8qT8A,2026,0,0,0
ouODopBKF3AqfCkuQEnrDg,2026,0.20534664,0.24968909,0.044342451
ouWc7a4HTsdJRdy1YFnSBg,2026,0,0,0
ouiM-3pVnOGzjnl72oCwbA,2026,0,0,0
ovS01jAmR82MZsFnQWGAgA,2026,0,0,0
ovwXBx6ZwGWgRLJkrat-tQ,2026,0,0,0
ow-Xzd5e8gMmHG4Du5SBQA,2026,0,0,0
owh2dgbzDokHiqqWxUpA9g,2026,0,0,0
oxJJ0N82GFZeBCxBi6vH1A,2026,0,0,0
oxaaYd2vAa0ezVvoltjlkQ,2026,0,0,0
oxl2c_qQ9GrXkq8SMoEoUQ,2026,0,0,0
oyXlYU31-EefXLgORF5pIQ,2026,0,0,0
oymQgQQWGOKRy4430A0Stg,2026,0,0,0
ozUHEpWDfRn7IKqluK503A,2026,0,0,0
p-3GcxiOW6NDvrFq3Z0HVQ,2026,0,0,0
p-3grx8aw9eowG36jkouWA,2026,0,0,0
p-ID8148nfDiD5UYswAySQ,2026,0,0,0
p-iQfPW42ldSnORO0EHIGg,2026,0,0,0
p-sXvw7CzOH3MBtBRwmbhA,2026,0,0,0
p0TstOsc3Xsl_TJ3RpV01g,2026,0.2529427,0.2529427,0
p0iqVyaUv_mtTi4KlOxCUw,2026,0,0,0
p0rL4knqv-o2_hzlpCSzSA,2026,0,0,0
p1EiD_VGJfAQwo543FmQog,2026,0,0,0
p1F8kQSDf8eaV7loRvZDOw,2026,0.23719771,0.3065736,0.069375884
p1pg5NleZVUO_hcOgiNMmA,2026,1,1,0
p2U71qwAUSj2spNSS6Qn0A,2026,0,0,0
p2qsU49DvbMrcG_nlejnuA,2026,0,0,0
p3V-5BChEeC6eWji-uquQw,2026,0,0,0
p3yFKLydopDIpClyr0tl5w,2026,0,0,0
p3yJEAUEBcUF4WNBciy5nQ,2026,0,0,0
p4BYmpS2V172HDAs0yek2g,2026,0,0,0
p4uIMhZB9WO5a6hD71ZrOQ,2026,0,0,0
p4ubt9o_zQBzy3xK6aOkbw,2026,0,0,0
p5dlns2jXo24nvE4cdHnyw,2026,0,0,0
p63ErgXqff3qU3ubuvcwBA,2026,0,0,0
p6D7zzs3nu12aVWdyp7ihw,2026,0,0,0
p6RurvWCPEqR8PP4siwiVA,2026,0,0,0
p7sjXws6YaPweIJUC0_dNA,2026,0,0,0
p7zBtAxvVeMt7HvPCohMdg,2026,0,0,0
p8fQgjXipslPXEk1_B1jWw,2026,0,0,0
p951eClfn_bx4Is3IB6tpg,2026,0,0,0
p9kRneOo9-7MWttZiNFK9w,2026,0,0,0
pAU6Rt5Gxc7tAZPT0CukJQ,2026,0,0,0
pB3hPVfzTXNFHMx8JC_Y5A,2026,0,0,0
pBPc0ingZ7ryynu5Y7ON-w,2026,0,0,0
pC0tjsVBier2y-6PmfslCA,2026,0,0,0
pDF6x0s9b5ONCaUwrv4xrQ,2026,0,0,0
pDmz4d4_JrBIZPvTpyG1LQ,2026,0,0,0
pE4rk3ia1xAElYILJ05GNQ,2026,0,0,0
pEoPOy9FUoZlUJXgz_pggw,2026,0,0,0
pGmbV55YLG54t8r1W4F3xg,2026,0.044808644,0.054948588,0.010139944
pH7Dv_jdxcKmSoEdR76Rtg,2026,0,0,0
pHljbVBfwORKse5NWp3q3g,2026,0,0,0
pJP5XM4_FVnCEYUee_5Bgw,2026,0.17723929,0,-0.17723929
pJWK3udsDI4K1MIAPgNfcg,2026,0,0,0
pJbUQc_Sgy5zEUrzjhmXsQ,2026,0,0,0
pL4gS-6ghUTjfEqvWy_eFA,2026,0,0,0
pLZIZXIebqEcrX7IVKoJRg,2026,0,0,0
pMMTFtJ6BONrrNDOGs9rhA,2026,0,0,0
pMQ0U71uXjpRJuV6eR6kqg,2026,0,0,0
pMvitqg3Edrwdj2iaKYZ2w,2026,0,0,0
pNKimXVue7vJD52OwO1xLQ,2026,0,0,0
pOCuiGKW_lOHpzQjEH4N1w,2026,0,0,0
pPr5MRSj8QiB2F2vg_QsAA,2026,0,0,0
pQCkVflo2_DaZMWCbRuDig,2026,0,0,0
pRc6n68xro4SCdOPIw9ucQ,2026,0,0,0
pS1t1DR-qcR-37v-Y3LDKA,2026,0,0,0
pSWOnbQ6GfrQEiNFakCKkQ,2026,1,1,0
pS_q49s_TOaF0TkLbThjcw,2026,0,0,0
pSk38npo1ZGsD3uILOQOkA,2026,0,0,0
pUNvLJwdJIOemOgU98mp1w,2026,0,0,0
pVx_nWcROmwegfr-CruQZg,2026,0,0,0
pWhaWrBMYyykptjvCO_60A,2026,0,0,0
pY14pb59PNCvaSWPFjYTqA,2026,0.61314719,0.61314719,0
pYaCbN49TO3Kaay7yZzxug,2026,0,0,0
pZ3sVJNckofgIbvPjm5CEQ,2026,0,0,0
pZ8OAkVFcl1lQVWztcno9w,2026,0.11731968,0,-0.11731968
pZQDbsJy9eJG8RyXwFcGNQ,2026,0,0,0
pZeGZGzX-ROT_D5lam5uNg,2026,0,0,0
pa6glQGbGNFP-FZhITV0pQ,2026,0,0,0
pauvV0h01w_dUHFmKT5FUg,2026,0.31564845,0.55314647,0.23749802
pb6TEP1fbC1urWPNvT_HnA,2026,0,0,0
pbWV7I43HPl_F1w9nlEVoQ,2026,0,0,0
pbbrE69rQjgoFEAbAKIq-A,2026,0,0,0
pbj1PN5Z8yzpNy6a5E20Sg,2026,0,0,0
pc_Le7NmA6cacQ2ZmpdwLw,2026,0,0,0
pctgUvk8c3bDpNZKiSB9hg,2026,0,0,0
pcuCZ0RTYa4PUN0jrcHi8g,2026,0,0,0
pd7I_nh3UDW6eLS8mqJYKw,2026,0,0,0
pdpKT4f7O2c3PNQaKCdSpQ,2026,0.33333333,0.28906483,-0.044268507
pehdkxwE_uW-Bdf2ZxWsug,2026,0,0,0
pfVqwLneNdNo8uAxpYsnqg,2026,0,0,0
pgBV9IsNQWrLI32ctadFuQ,2026,0,0,0
pgysyF9BIhvp-RG87Aw6Yg,2026,0,0,0
ph-F9RlnjyRySZEpU0iALw,2026,0,0,0
ph465s4_sruEwp7ltLSqbw,2026,0,0,0
piRgNlK-pGixrTX3yYARUg,2026,0,0,0
pjkEZXtxhQYmyAUW41GTLg,2026,0,0,0
pjz7LWbOmJIkYYP_ohNP-A,2026,0,0,0
pk6UlPAJiw0-0s7zvX4TZQ,2026,0,0,0
pkFf6Z03KT0E76zV1g4Y-g,2026,0,0,0
pl18nnuQ8htzHbDpePqq9w,2026,0,0,0
pl_6pRWdV2ht5IjJ_YEsPQ,2026,0,0,0
pljgkZSB60BmtbkM6PvsGA,2026,0,0,0
pmXiaK7RM_veqJ8OcGhRJw,2026,0.39038005,0.24630239,-0.14407766
pn-dpgK1BB7Zv5pcMHircQ,2026,0,0,0
pn_1A8ZhmOEMobUuhXTRnQ,2026,0.18672776,0.093363882,-0.093363882
poaJyHwzCluwjZ4syVgbgA,2026,0,0,0
ppQSinm3-HMjxy1fej_dJQ,2026,0,0,0
pppIHoA8b8B8Wd5t72sDxA,2026,0,0,0
ppsm8EDKjA1fp1yTCP3RrQ,2026,0.55142192,0.57554715,0.02412523
pqlLJVba9KAtahkjvNINYg,2026,0,0,0
prdkwsDrtAqDHV6UwSHI9A,2026,0,0.30103,0.30103
psavL1hOoMn1xeZbEtjxSg,2026,0,0,0
pt29dCl2Hj4sebCC-na5Kg,2026,0,0,0
puUUPs_ZpYJy-zamwx_T3g,2026,0,0,0
pvU67d0hytJH2yUeghOqWQ,2026,0,0,0
pwpKFY_WRFddFj7B_w578w,2026,0,0,0
pxBmvgpiDMN161PwHDtsLw,2026,0,0,0
pxHek1QyYnTRCSIUI6HT1A,2026,0,0,0
py6WYGuBEt5MwzGn1dbmNw,2026,0,0,0
pyR3eB5pzzdnw2rgDD-4uQ,2026,0,0,0
pysIFCgm5IHgnat9h99QWw,2026,0.061173315,0.036356288,-0.024817027
pz4NJuHe2DPqE_nbBBUMPg,2026,0,0,0
pzV7A5XSTK6zSPAxeAmaLA,2026,0,0,0
pzmrNJf-cndXbxTPa2-r3A,2026,0,0,0
q-JEMIMXNvDtZimKWhl4fA,2026,0.085143118,0,-0.085143118
q-cMT2WEPNBHm9goUfjJcA,2026,0,0,0
q-qZF6EmDg8_zuVXAyVcJg,2026,0.43067656,0.43067656,0
q0TowirWeIpdJYxQB622AA,2026,0,0,0
q0oVp-26XuMGz0UapA-QZQ,2026,0,0,0
q0q21_a14ulDp9M-uZp1zw,2026,0,0,0
q17QjiN6xDM2mz0bnS8qJw,2026,0,0,0
q1Ig5thYDlA78EtPyodhrw,2026,0,0,0
q2Xcpp_5oAASImqVomwiPg,2026,0,0,0
q3lPWLreF9PLh8lLlWgwDg,2026,0,0,0
q3tIoVVCPMTmSolpvJgLmg,2026,0.61314719,0.61314719,0
q4H5r1sWzyh1WpU7SAwnMQ,2026,0.43067656,0.63092975,0.2002532
q4PUEGJv51imxu-wKV3LPg,2026,0,0,0
q4ZlBeFO4cfJT_h-YPPXyA,2026,0,0,0
q5NTKvLuFVRPvZuuA_0qng,2026,0,0,0
q5Qv5oTB92Cg1HYpkpsJug,2026,0,0.1208113,0.1208113
q5fK4JndTw_ip-qbjxxHkQ,2026,0.24134506,0.30718372,0.065838659
q5ugbU-qsihZitkA1zbe1w,2026,0,0,0
q6XJKbFcLxT5Pgss1BhjdA,2026,0,0,0
q6lG-sk_MULdcpf5ZRfMEg,2026,0.35091603,0.33645434,-0.014461697
q6smJrRtr0wLypmS-aqKLA,2026,0,0,0
q7AitJYW5IHqSVKcQLghFg,2026,0,0,0
q97r_ExtGSJyNUXfo-GvYQ,2026,0,0,0
q9pUMk_3yo2j6LwXM2FCVg,2026,0,0,0
qAuJnk-mkehkvHM3pB8dIQ,2026,0,0,0
qBJHs3gFO_rgJBCUonfong,2026,0,0,0
qBRo2hqk7pEIbr51D9P2GQ,2026,0.17060922,0.051358492,-0.11925073
qBbTCei6_dW5-ss-7X9b5g,2026,0,0.23137821,0.23137821
qC2tVHBoQQIEoBMW-L4Wlg,2026,0,0,0
qCaKL8lmDvjlCia5PQtGsA,2026,0,0,0
qEP__UaygBNUeaxl0RTLwA,2026,0,0,0
qEQob9pzNanp9BZbCiUUwQ,2026,0.13032377,0.30260241,0.17227865
qHBE2hUMirPAUJ-4dIjS3g,2026,0,0,0
qHDPSaTwD9_H8tNQqaDBDw,2026,0,0,0
qJ7XTi3J9-lUE2b-I63ZlA,2026,0.05384557,0.057807,0.0039614301
qJFKlbq9qrpeO2DUR-kBDA,2026,0.40065431,0.45089946,0.050245155
qJY5_8k3ipUfVRLVOruOMQ,2026,0,0,0
qKOWuKXqa_16hmLnbntS1A,2026,0.1782103,0.1782103,0
qKQqNChjWL81xYEqI5kFvQ,2026,0,0,0
qKd0Itbf7FRuSISBZ7SXFA,2026,0,0,0
qKuonDWqbditIy4uc_clqA,2026,0,0,0
qL23QCacF2u-rmL_WTVQjA,2026,0,0,0
qL53MSSKR97KZbgukf8GTw,2026,0.13565197,0.11731968,-0.018332292
qLWYEa9qKTEycQyoVBLgEw,2026,0,0,0
qMUVULJZ_acMAm78dx8IQg,2026,0,0,0
qNStEAb_H38Dkc3bjFTATA,2026,0,0,0
qNX8fk8q0LX8oUxnQ6uV7A,2026,0,0,0
qNia-tAppIlUj6qxjZxurA,2026,0.041058779,0,-0.041058779
qNwdCYPsNuFonEwJ5RCX1g,2026,0,0,0
qO1QHXFg8KvXKiUdld53Kw,2026,0,0,0
qOSnrJYdfWHpIFc99dozpw,2026,0,0,0
qOzcgy-aNOlvKhsOgQfGPA,2026,0,0,0
qPCaHNNtYs_or8ZFAAyp_g,2026,0,0,0
qPCo5xBhLhewmKWfmXuqcQ,2026,0,0,0
qPI2Pb_jrRO3JHRyskE3BQ,2026,0,0,0
qPMcmtVX-VcMcvrIRK8-fw,2026,0.61314719,0.3065736,-0.3065736
qQ4v3-TykvfHF7YmpfUifg,2026,0,0,0
qQIWzXRWZkjBM5Ka1MJsDw,2026,0,0,0
qQoJ_3_NM7sLggVO4d5hjw,2026,0,0,0
qSWKYQv-ZLj8DRY2RWkSIA,2026,0,0,0
qU0aHVWkRUnr0K1w3w3p5g,2026,0.054948588,0,-0.054948588
qURbrDoa_19pvaJtMoMzKQ,2026,0,0,0
qV-1hF9oBm1ViSTnm45pFA,2026,0,0,0
qVKPkdfajXuKqaukv_g1dg,2026,0,0.23981247,0.23981247
qVuZit1iyRNc_0eqdBYgYA,2026,0,0,0
qVx3I3sqkjk7-YsOQHeNiA,2026,0,0,0
qX7x9pHODJgxO7nVaJGmHg,2026,0,0,0
qXBzIn-EiWKWWuk8YOHgAA,2026,0,0,0
qXSs5xrVIfcil7MgS8GYWw,2026,0,0,0
qXXWMh79Y9G7aL6q2L00OA,2026,0,0,0
qXvacYgtHgLcbMMZPqM5rA,2026,0,0,0
qZ68868w4k94tiXRCF4jHw,2026,0,0,0
qZRPGzjlCBNkm_mMo9cyiQ,2026,0,0,0
qZizik6Xg0OsEZnshTSz_w,2026,0,0,0
qZsuTK8e8xy0OTGN6T6hQA,2026,0,0,0
q_2_4VytoEiZ8PyYittyvA,2026,0,0,0
q_aJwoWN97kHjp6oAZxBCQ,2026,0,0.13090199,0.13090199
qaC5lja5RclWWUpJYatx1w,2026,0,0,0
qaI-xpraSaxg9I5J_lc6Zg,2026,0,0,0
qao0hhchTv8iACMiLGC0tA,2026,0,0,0
qbFMtKbBeka9X21iLU1tgQ,2026,0.33916021,0.21398626,-0.12517394
qbbKjGQ2QiYIo_xbOht8VQ,2026,0,0,0
qbtznqJqPl4-7hXkJBE8jQ,2026,0,0,0
qcPBTtec1jdAgCtjgh4WHA,2026,0.084408809,0,-0.084408809
qdCpvNyhm1EBOPkwfMjirg,2026,0.24378446,0.1622031,-0.081581359
qeU_taXeFL_NyBk379sAVw,2026,0,0,0
qfXp7Vycy6JhOujwB4PNLg,2026,0.81786168,0.8841302,0.066268521
qfvbuGON_wS9qCKviOyolA,2026,0,0.1845757,0.1845757
qgCanTXLz_myQ8VTMLApGg,2026,0,0,0
qhR_qKzYzIEwSYZAVSSaBg,2026,0.35620719,0.38685281,0.03064562
qhUgJ83GRhQ4yZIqApbfmg,2026,0,0,0
qhyZOfM-iTOm4nbcwlj3BQ,2026,0,0,0
qifgGoyS3Fnt7KogFa064Q,2026,0,0,0
qjZRsKI8uuKrJKRYy-9i9g,2026,0,0,0
qjlfrNm2X6U7S72ICmeccg,2026,0,0,0
qjvYubTGvFUDxAWy8H-Xsw,2026,1,1,0
qk-fj2n7w5LzUrJ_x-I_hA,2026,0.46927873,0.46927873,0
qlD7FffWlQmBO597CeLHtQ,2026,0,0,0
qnOiRlXHvIStK1GADRRBOw,2026,0,0,0
qnoT0ceBFvLyv7OEks64BQ,2026,0,0,0
qoNQo-kLOsNQGMCFwmSpRg,2026,0,0,0
qoYcA7_yoPqVF7jxRDPGCw,2026,0,0,0
qojZsVKgUhimt5XZMClt3g,2026,0,0,0
qpHcaQpmRVbngq1-7n_ViA,2026,0.46089841,0.5368954,0.075996988
qphhH_o-R9ZpK16Sc89jtw,2026,0,0,0
qqNKErWW4M-As9KnMtyg6A,2026,0.49587563,0.39038005,-0.10549558
qqV5qBr0dcTtc3QzJYg5RA,2026,0,0,0
qrJ12rjlVj3AkNRB-EcEgg,2026,0,0,0
qrJxMlbgZrBakEs1M3Ub_A,2026,0.24465054,0,-0.24465054
qs4AwQqHxIir-lwB5jLQdQ,2026,0,0,0
qs4kM3kgCixzNBP_4sAhVg,2026,0.20210735,0.46927873,0.26717138
qs8Mmg4zPLc1SNJizAGtSA,2026,0,0,0
qs9_yIgen2NUxQCS-LiR_Q,2026,0.55872,0.48117853,-0.07754147
qsHZ6_yT870pmm4Oxvw5Og,2026,0,0,0
qtWYsp3Fagzr-yWtJvO8JQ,2026,0,0,0
qu-vYavOVMpgEwWGQxG-kg,2026,0,0,0
qv0Jthy-A0D95FDDIUapmg,2026,0,0,0
qwtu7jcoRpIRWYGKC3rzww,2026,0,0.28906483,0.28906483
qx6jrQeHfJxdcFUqU_7wLA,2026,0,0,0
qxgk0St0YctOKFSriqnzFw,2026,0.16377338,0.16377338,0
qxt3k9js4ZB1dRCdKeiTog,2026,0,0,0
qyPTP7D9KyyROIsDIRHXlA,2026,0.46927873,0.46927873,0
qyPZ9sKiDBkcn8D4egNw-Q,2026,0.079478383,0,-0.079478383
qzE5oOFMKrvdVADuGkjGZA,2026,0.61314719,0.61314719,0
qzvKlDLs2eE9OtHlN_yWpA,2026,0,0,0
r-3NKibpkbJLt-5tSx35hg,2026,0,0,0
r0LsnZWsqcfPje-_UmXs_g,2026,0,0,0
r0yqQy6iS-LdhPFFQI2tJA,2026,0,0,0
r2POix6TcRSx9JM-GNK1aQ,2026,0,0,0
r2x8M1bkK0FlVLvpciZEwA,2026,0,0,0
r44f3CckX4INyGoEMOe6IQ,2026,0,0,0
r55tqEFOEwNGBDJlYThvvA,2026,0,0,0
r6Idk31SNib0HWe37dvCOQ,2026,0,0,0
r6ihS2WVE-3_Q1RU4a8rDg,2026,0,0,0
r8iUod2sezjTKl1WiSe8uA,2026,0,0,0
r9S0VYrdXJrdhfR7OXj8tA,2026,0.2578687,0.36758737,0.10971867
rABIT5lHnrYSiu_wzgBX6w,2026,0,0,0
rAHnQToOwqjMjASztvfrSA,2026,0,0,0
rAgCPqxaQKgd7XQVhePBeA,2026,0.59253457,0.12325584,-0.46927873
rAnACu7vQX27g8QAlvp5dA,2026,0,0,0
rB50ofIHBNyikHy0jpidVA,2026,0,0,0
rB9ZTSc_dVAVQpcM_FNQlg,2026,0,0,0
rC_PmrrNVe1PG3GmFO7NRw,2026,0,0,0
rDpysBqhldE0poFgF_DX8w,2026,0,0,0
rEJIDnwHh2HhNgAu0blp8g,2026,0,0,0
rHP3q9Ok1qu9_tJmIy4i9w,2026,0,0.1532868,0.1532868
rHQwXOOwGTa1bb-yzgvqDg,2026,0.13090199,0,-0.13090199
rIFGa8Sf7DBqeu1Dyp0o4w,2026,0,0,0
rIMVtZ7orr--QtYHe2C06Q,2026,0,0,0
rIWHnEv7pphaCm04CVbpdQ,2026,0,0,0
rJ5Bx-59Mjj_7NPljFU5lg,2026,0,0,0
rJCbNpqG7ew3JoF5raqYog,2026,0,0,0
rJgG93LAn5h_2R7zUtAe4A,2026,0,0,0
rJn1WiFolH254Q1htYRGMw,2026,0,0,0
rK8kLDiaKoIexHy3JzcVCA,2026,0,0,0
rKGTBWaFgu8a60DFqeK3Fg,2026,0.10253314,0.1175161,0.014982966
rLCbMQmIuWnlI-IhIj51kQ,2026,0,0,0
rLwgWkZkJjUWJvDKPHtrAg,2026,0,0,0
rM-4AtxRS6WB7Q7suvlOMQ,2026,0,0,0
rM2GRlyIx9c8kVPnUr3PTA,2026,0,0,0
rMNMIdJlgnybYSHdmxmbtQ,2026,0.45390362,0.49352328,0.039619659
rN5rfqzCPNZpPgPwnyzheQ,2026,0,0,0
rNRqtp50e-oKbS10q6Q7Dg,2026,1,1,0
rOf1Y62zS2-YFXAp6Okzzw,2026,0,0,0
rOnsnJGYDvv36WF20qu0AQ,2026,0.1782103,0.1782103,0
rPOP_CTZvVx7b-Jtri4niA,2026,0,0,0
rPYJKiGmSb1JT9OkzxmDrg,2026,0,0,0
rPmFLVyQQNYZq1lzS0Staw,2026,0,0,0
rQFCs4a72QOxVf6rKTISCg,2026,0.20210735,0,-0.20210735
rRc-XEMmSmzx1lbMsTZh0A,2026,0,0,0
rSIuKMvWfvdKiJjO5YLC8w,2026,0,0,0
rSY42CuMQl-suTmBM2WJHg,2026,0,0,0
rS_tgsnKrTPjlAFt7y4TDA,2026,0,0,0
rShI4E0qDHS9HIzNNeXNPg,2026,0,0,0
rT1O8OAntSwwzpPLgXXEqA,2026,0,0,0
rT502dRc8jUxcIdIu0JTLA,2026,0,0,0
rVEhD4A7jFlymQXF09D18w,2026,0,0,0
rV_WocjUhVn6_G9UNThBsQ,2026,0,0,0
rWSHfLxj_Zd3eu9Fgiotag,2026,0,0,0
rYFb6XFM6P4cMdom7y8PzQ,2026,0,0,0
rYQz4KKc1godYg5ZnM0DxA,2026,0,0,0
rZ4rHwgqTnP4NUcpG_MQvw,2026,0.19092087,0.15130121,-0.039619659
rZMQ9UIN6wVC9BD_MBrJWg,2026,0,0,0
rZg5xWm--gdr6LiHoqe_AA,2026,0.15958908,0.2529427,0.093353626
r_35KlUYfU_TauNVHrCAxg,2026,0,0,0
rcgseTUNEU9IOjJ4j92sxQ,2026,0,0,0
rctJAi-e3ZHl4Rlimmam_A,2026,0,0,0
rcxe77LUEMRv9yr-8zjAeg,2026,0,0,0
rd0J9qgJsrU7YnfzLb1eQw,2026,0.032338291,0.061173315,0.028835024
rdEmXcNrdjG71ABU7p4ZJw,2026,0,0,0
re4iNqQzvdwSixYlGMgTsg,2026,0,0,0
rexL6V0eSuHcv7hUgN7KeA,2026,0,0,0
rfTJxi4YzFWRPEQ2iwbTzQ,2026,0,0,0
rg0LTHqkRKqCs2_xxGLmow,2026,0,0,0
rgwIYrsZjZy5vHv_wq-dKA,2026,0.1175161,0.12315119,0.0056350896
rhcnh8YR5Q-PUa6mnfbXWA,2026,0,0,0
rhnXCm4fIJ5hZHEGqBBqIg,2026,0.1068408,0,-0.1068408
riF3iGGr4kdGYDdu1maSpA,2026,0,0,0
riqVnqzfWKfE37DV0LJ-gA,2026,0,0,0
rj_crR8NzN5peeg-kzNS3A,2026,0,0,0
rk-19Vfvi3t7euy2pa08Sw,2026,0,0,0
rk6W5bQ3Q9MR90gsBPZP-A,2026,0.5,1,0.5
rkmsy8QUiG3FmkLPHW5ejw,2026,0,0,0
rlTNE_LrOkRfWEhVuldz4A,2026,0,0,0
rm4fHYJdgGEcDudO1cZ3uQ,2026,0,0,0
rnH9fiCEiYrr84zr2joLHA,2026,0.14204004,0.14204004,0
rnNQzeKJbvqVCsYsL10mkQ,2026,0.61314719,0.61314719,0
rnZy1ISdJ2sCdGlyD5RZkg,2026,0.06242195,0.20736123,0.14493928
rnc7w8Nek6Pj-UQ44B3xeA,2026,0,0,0
rnwkOCzU8_iVImT2IRUh0A,2026,0,0,0
ro8GmteCjOSxnIhRyRQVjw,2026,0,0,0
roX_qWSBewOu4VH6dN37oQ,2026,0,0,0
rpE7XV81ugJqf40aqrp4og,2026,0,0,0
rpbUjRcQpnlQyc2fEXpB_w,2026,0.1068408,0,-0.1068408
rpjKAuHBwM-SqI4260DzCw,2026,0,0,0
rpl8G-W-HUhYzO1zjZ-MEw,2026,0,0,0
rqImJQcrzPm3R9fTe5N1VA,2026,0,0,0
rqqpIgfNlwc-PzwcVdkctw,2026,0,0,0
rrBTdukmhum4Qm2MH_uJyw,2026,0,0,0
rru1fYGLirtf10MfAKqBww,2026,0,0,0
rrwQh7V4WPz2BWSnxqCAyw,2026,0,0,0
rsEHIwMEclzTnhI3Cv22BA,2026,0,0,0
rt_DZfzQCgxRZoyaeMgG4g,2026,0,0,0
ruUnR0ow-H4ZTISVEXIvdw,2026,0,0,0
ru_LlJIG3WZyO7ULVRi_kA,2026,0,0,0
rvYTWj_twMGMkT3k7qjxZQ,2026,0,0,0
rvrQra7skIE0v-eHt2tXdg,2026,0,0,0
rwCISNRiAfiF824O-gjkmQ,2026,0,0,0
rwvss28DqeYfn1B_SAY2pg,2026,0.078348516,0,-0.078348516
rxgoHeIus7ES4cGrg8DUqQ,2026,0.47626886,0.54066464,0.06439578
ry7rkv7q-ZE7K0rWoTGyhw,2026,0,0,0
ry9OhPirgJesJ2qfHsChhg,2026,0,0,0
ryKxt67Tlp9qhq1ZEsQSFw,2026,0.070556583,0.12647135,0.055914769
rybfK0I3Gzf3Gt5URTnvig,2026,0,0,0
ryisT19-tzvMyVVi0iLvwA,2026,0,0,0
s-xVBnGjW1U4iqbTJRSu7Q,2026,0,0,0
s0M8VttOEQPtoq4yF_1DoQ,2026,0.18154179,0.18154179,0
s0e-yMHJRs8R8sdLZ8WTwA,2026,0,0,0
s1XHKBjnf8mUbYYb6axxVA,2026,0,0,0
s1eeQy0CxZitwduDeXrKcA,2026,0,0,0
s1nfH4bDUgZbPluDig9NMw,2026,0,0,0
s1q10923ECQTROTZV3foiA,2026,0,0,0
s1qOhYEs43IiGSQz4QmZ-A,2026,0,0,0
s257zoX0sk7XIec41H0LnA,2026,0,0,0
s34ZmKzCaWE2z-FBlJiIxw,2026,0,0,0
s3HiFFQ-rnP-V59_TvXWfw,2026,0,0,0
s3SuMFGf_e0fI8Y3AIe8lg,2026,0,0,0
s3aa1sbS4WGtTQkOQ-gaaA,2026,0,0,0
s4G4MQF_8OsNxt2RK3RK8Q,2026,0.14204004,0.034062972,-0.10797707
s4h-hclVSYnrwbnekk-Hjg,2026,0,0,0
s4qNQkR_12kg9Vk9vzrc2w,2026,0,0,0
s5-YgMQ8NTp2np94BV9UkA,2026,0,0,0
s5Ip4bc112gwA6faMD5apw,2026,0,0,0
s5e_PNvLLhnCpFFA9zGHPA,2026,0,0,0
s5fhqm13bkgHPExQwy1KPg,2026,0,0,0
s6BUyUlqxrQqQ7zLmzfH0Q,2026,0,0,0
s6GFrQnnj4jqwZJYr-y03Q,2026,0,0,0
s6d4Nf2-W5oxjMZQtpyk7A,2026,0,0,0
s86ySoFbFPX2rp8OVjDSHw,2026,0,0,0
s8jr65E_xPSW84nh6CG94w,2026,0,0,0
sAigaJRNfiFohTgH_EKCVw,2026,0.066254223,0,-0.066254223
sCCJsk38T49wUA12dQzyiA,2026,0.24630239,0.13905618,-0.10724621
sCMNteFitvq3jR31z0Duuw,2026,0,0,0
sCgAitmutOkKR2LbtocVoQ,2026,0,0,0
sCpZilDWQslqVKk2xUJKQw,2026,0,0,0
sDy8oKKAB2POcRRwtju-hw,2026,0.065452645,0,-0.065452645
sE3gqctmDJjM9qzobB6Vbg,2026,0,0,0
sEYwgkrMkcXfpPA3EaaXUw,2026,0,0,0
sFAsg2mKKT0azjjSIu5fuw,2026,0,0.10549558,0.10549558
sFSt3B099B5kUHddiFc4FA,2026,0,0,0
sFl8KhCsMDDzFgI_Q6oYBg,2026,0,0,0
sFvakrs9kmhCgtwzYc3Xig,2026,0,0,0
sFz-iwjrOafinHo0j3okgQ,2026,0,0,0
sGRYJlEqvkeqNkwD-OYCEw,2026,0,0,0
sGaoPWB_p1aOm5z9cnV3Aw,2026,0,0.1130534,0.1130534
sHpIq4Df0413LPZzpM1yDQ,2026,0,0,0
sIH5HbEwhbxt-4waYoDUBw,2026,0,0,0
sIICI_uGUcOJzNf603CdCA,2026,0,0,0
sIiVZINB0uwjkG9sYtuNoQ,2026,0,0,0
sIjgu8dzP__72lV_N3wblA,2026,0,0,0
sIzuAM8Mhd9aUycY-ZxL4g,2026,0,0,0
sJEPBPuDyrRTOkzlkUPpWg,2026,0,0,0
sKTG-oysidDbyB0xA6t2kA,2026,0,0,0
sLbqnByNYsV9KW99DQeYzg,2026,0,0,0
sMPqByfefvg_ITlz9t5dPA,2026,0,0,0
sP0Tc_NBcaqfhikL4LlQHA,2026,0,0,0
sPqy1Rn8XD02CfFVMnwG3w,2026,0,0,0
sQM4rszyBaTVUcuqGhbT_A,2026,0.15693994,0,-0.15693994
sQQzobwx9db4sQuBXcB4IA,2026,0,0,0
sQarquZSwKsEIekegCSGKw,2026,0,0,0
sRyNXAjlGWXOtX8KyzM8vw,2026,0,0,0
sSKM2zeM2O-jSYqq3yjR8A,2026,0,0.088877923,0.088877923
sT5Vc5lfV77cqniJ4xALEA,2026,0,0,0
sTcVhZFtVJfnBIsdrkO2CQ,2026,1,0.63092975,-0.36907025
sVmOxjL1d5et9Cfhf-mjcA,2026,0,0,0
sVv8hk6c1VQT6s57dfTTKQ,2026,0,0,0
sW41kZklONcv-1zFWoG-zg,2026,0,0,0
sW8se1OrDvzmsqLpDPFJuA,2026,0,0,0
sWy9Udo9Wr3n7r0Udry10w,2026,0,0,0
sXsnf7bugQbOFa8Rv3P6IQ,2026,0,0,0
sYhgwLEKtZZoaBGR37Hkjg,2026,0,0.21840744,0.21840744
sZqVA-kTWXY3U00AOU7RYw,2026,0,0,0
sZrK10PsmMcxo16NTkBoLQ,2026,0,0,0
s_aDEbDMuIVYWrzp52DFVA,2026,0,0,0
s_fskxHicgCpjnVP-lbBSA,2026,0,0,0
saQmEdEQ4TxyshnCSHfkMA,2026,0,0.059477193,0.059477193
scAJy3GqFSf8-CqnAMbe2w,2026,0,0,0
scdTjUdj76BNg78b88yXrA,2026,0,0,0
sdDaGDKZ9PzRJ5_SfCCIng,2026,0,0,0
sdb9Vq9wdDjVYY2mMhudJQ,2026,0,0,0
seYOavuhdAX5XECqWA9jMA,2026,0,0,0
seuC0zlXuGoYB4LYIWxD5g,2026,0,0,0
sfocm040E3afFzj_Qaxr5Q,2026,0,0,0
sfsyRZJ8e-t-eLNupElHhw,2026,0,0,0
sfw1RvVbtzV4sAQv7en3XQ,2026,0.14126697,0.13565197,-0.0056149994
sg6nsr05IGGO00b7m4bkIQ,2026,0,0,0
sgh8O_qUEkTHjLE34ZmvPA,2026,0,0,0
sgtnT63RgGnAa3i_XPyb9A,2026,0,0,0
shk8nQ99eMcVBy8wSWi5fg,2026,0,0,0
si-xoAJdMvGieVTpBmRCQQ,2026,0,0,0
siV-76hjDt4emBens7CAvA,2026,0,0,0
siikoDWFY6YLctJE1EJ7Ow,2026,0.38685281,0.2043824,-0.18247041
sjX6nkd7PgojHHsUqd0rdg,2026,0,0,0
skFw-hYJHT3Po0oE-WLbEA,2026,0,0,0
skU8dm4rLmAj-WmBS6PV-A,2026,0,0,0
sl7aJdV95i4t6oXxlI6AYg,2026,0,0,0
sm4KAbf18q_dXufXzGRdeA,2026,0,0,0
spC4nkB0TANWkTuurH_4Tw,2026,0,0,0
spErUNBECaqrIxhkWbYhtQ,2026,0,0,0
spQatUCQ0iTm6joyZXf1fw,2026,0.079478383,0.087471714,0.0079933309
splfcS_Z6XSMmS0j0c2Y6w,2026,0,0,0
spm8buUkQz7qQ9Ld7x_98A,2026,0,0,0
sprnlGcAvumzGnlAZbYcCw,2026,1,0.5,-0.5
sq7HI52sKsAaroqiq3Y-kw,2026,0,0,0
sqF4ovq3uOKHkNwrPc070A,2026,0,0,0
sqKWVIMXm1RGAlvVQYaiHw,2026,0,0,0
srJDCAv_dZXyy9DWDIjG2g,2026,0,0,0
srQ5Kl7595ilsuFNNULmXA,2026,0,0.063600395,0.063600395
ssU5VkjO_lVhxO3JsBG1GQ,2026,0,0,0
sscw4SllngcILJCGJZ21cA,2026,0,0,0
sskQ99GZO4xJ-3sHwUphRA,2026,0,0,0
stIgmVcLEouAPa-lQyTFzg,2026,0,0,0
su7iy3N7FyatvvrESUSUnA,2026,0,0,0
suRoi6fJjOSdzBMWzaZ5sQ,2026,0,0,0
sxBTwhwf2mbsYnQ2OogPsg,2026,0,0,0
sxQiWIyMNxWyG3nHVp6GEg,2026,0,0,0
szarX0EALH1HnhDqQ63ptQ,2026,0.25595802,0.35620719,0.10024916
t-8FyO0nBQPewnKOgzSrxg,2026,0,0,0
t-hSLP38f3U1Z_txb_ZAvA,2026,0,0,0
t1-HdAwNoxY9b9rJ8TcKQw,2026,0,0,0
t1YJeMmKheWeFZY8G2zEiA,2026,0,0,0
t2bJNCDr1yR3WxrhjTwERQ,2026,0,0,0
t2wF2uIngSKL9XJYnTrUmQ,2026,0,0,0
t3jMhMLsXULiowjMra-g6w,2026,0,0,0
t4ShM1ItZwfW-FXdA97taQ,2026,0,0,0
t4givLRgsL5zwNLhTlIpUA,2026,0,0,0
t503mLaX1A1f4qs_gLAGRg,2026,0,0.26264954,0.26264954
t5eNyh2FNtH2_rXfvJf0wA,2026,0,0,0
t5wdba8cU7G5RTlarr50MA,2026,0,0,0
t65g-turpuAWsbsAyEuiQA,2026,0,0,0
t6nBgXNY13UwaPU-jLJ_Gg,2026,0,0,0
t7AVXx5drXDuUZxap5f7kQ,2026,0,0,0
t7oefFi5LM-UsK_jOKv1UA,2026,0,0,0
t7yU4kfld4v7joqaw51xlw,2026,0,0,0
t83WunzR6ygWR43ZtzlABw,2026,0,0,0
t8zrFfsAw3RSbQEmnay_vA,2026,0,0,0
t9A1zKT0L07_khr_OiN4jw,2026,0,0,0
t9dTwzUvWLo1Tl1tF3DZiQ,2026,0,0,0
tA0zdO52YTg7to49k05bfA,2026,0,0,0
tA7j2v083l9FQXp60I8JTg,2026,0,0,0
tAMCAWSLh7825HByobLIqw,2026,0,0,0
tCPzvPwsd_DwBx6whsDlLQ,2026,0,0,0
tD6EHQlNQV2ZN_TU_UJ2vw,2026,0,0,0
tE1JaYfIYrkS3UOsrFjeTg,2026,0,0,0
tE4ypr9D2CaAtk5Qehnr0Q,2026,0,0,0
tEM0sslzGh-wpE3ibZOYiA,2026,0,0,0
tEd93zgMQbSL5mp6y_QFhQ,2026,0.097595012,0.30068561,0.2030906
tEymTf-qQJBi_yNWHQyc8g,2026,0,0,0
tGZsC4Hs0wDAn_5v6CquGA,2026,0,0,0
tGsCEYUn4CsmSusf2eC9rw,2026,0,0,0
tHNkmZAvx7Y0eESrV6SBig,2026,0.15101962,0.24630239,0.095282771
tHsxcCUUQYkypUxssH48yg,2026,0,0,0
tI1_a94exjWlnZaXm_Ftow,2026,0,0,0
tI6dRMttzplFhvQPlyeR4g,2026,0,0,0
tIKND1tYTs3mhTMUyq0zdg,2026,0.091654028,0.1130534,0.021399374
tIxg4UNtQUiLrth2DMl-2w,2026,0.18527628,0.24239361,0.05711733
tJGjIiwPs-sUFnr5bfcqXQ,2026,0,0,0
tJMWBk8nAyslAsgChjHxOw,2026,0.23719771,0,-0.23719771
tJZ98y0FTSEPC3GYe_YeeQ,2026,0,0,0
tJgQm4i2MlIpk5TZaQFrfw,2026,0.23504555,0.10122861,-0.13381694
tLAdUAXThT9iIsfjne7jDg,2026,0,0,0
tLc0wyimcpZbfhc-ozdUDw,2026,0,0,0
tM26EE2YAPGngBxSo78DwA,2026,0,0,0
tMyfVqA882D9GU1NkWD8mQ,2026,0,0,0
tN6Coe6EDGDmokyn2X5t3g,2026,0,0,0
tNdTtSXhSoxwra6Q1L2L4g,2026,0.20210735,0,-0.20210735
tNmMjWPcQk8zeUR0phG8UQ,2026,0,0,0
tOJAoJf6sgW0Z_hiO4i7Ow,2026,0,0,0
tOaFS6pIRrg6kiyUl5vK0A,2026,0,0,0
tPfCYpXM108G-GWC1XosnQ,2026,0,0,0
tQ2g3kVkTBG2g0Gmz4U1YA,2026,0,0,0
tQ2iHOt--3YAhAEugAtzVw,2026,0,0,0
tQ8N3-j2Ckc_6ajPRg01tw,2026,0,0,0
tQfhFC_1cGlSXr9H-U2t4A,2026,0,0,0
tQgI3IR2CfkKJzojHXQBVg,2026,0,0,0
tR-imrgFYBwCzwJFcjWmcA,2026,0,0,0
tRDYb8Vd6VM5BpbVI89Yhw,2026,0,0,0
tRQFbllPvL7NQRXb8kssAQ,2026,0,0,0
tRqFlPI5W6t4DrDvzcLU9Q,2026,0,0,0
tS78kRmhpi2NZbtvFu9yFA,2026,0,0,0
tSejZPTUMY12Z02n0oRSaA,2026,0,0,0
tTcZkjEqGc9WsNj67P-Hwg,2026,0,0,0
tTlntkoWh4DibHmVf0-2dw,2026,0,0,0
tTxCwqnI5XZLARookFxYsQ,2026,0.51190438,0.37278926,-0.13911513
tUJtWskTwFWQ7R7qR64qOQ,2026,0,0,0
tUVprgEsy_yIdq7nt2JtlQ,2026,0,0,0
tVeGMwfLScmdXTCUN_GZ8A,2026,0,0,0
tVjZsrpIldh3P-1tHECaug,2026,0.81942703,0.40662761,-0.41279942
tW33RetNn_Bvc0x776RBLQ,2026,0.21840744,0.1934264,-0.024981033
tWz_2MPJRJnSH4DLlr9pDQ,2026,0.074148615,0.078348516,0.0041999012
tXI5GghK7ljFufyFlCFmVg,2026,0,0.038384638,0.038384638
tXQ9zDmX-1JFjopVsfimQg,2026,0,0,0
tZcmMOb70I0VSBpkBkfGQQ,2026,0,0,0
tZjxL1BBisbDsc3-jXHN4Q,2026,0,0,0
tZnvSe9E2BSuj5c3vLOrgQ,2026,0,0,0
t_O7iyu3Ceqp43hX625qWg,2026,0.46927873,0.46927873,0
t_Sz0VkbnoQYDWOdxH9rEA,2026,0,0,0
t_b9XmoQjitckfzkdsWLaQ,2026,0,0,0
t_tEx84kukpyBC5jjUTvAw,2026,0,0,0
ta43MhMDzwwkLDJICBW6_g,2026,0,0,0
taFyAisQrmAElX69kz3vDQ,2026,0,0,0
talMN9ZZ3Ti0iSeaivqBLg,2026,0.067943401,0.090928031,0.02298463
tamlTn9MdGQJA_2uaBIIAg,2026,0,0,0
tbCg1msx9HBV3Q-zQ_XiFQ,2026,0,0,0
tbh0_2rKyId6OAiVsZNzcQ,2026,0,0,0
tc9FOyrX_yk07ivNy4keRw,2026,0.22767025,0,-0.22767025
tczskc-2M3SWQb3FaMYBCg,2026,0,0,0
td59mx4jPGvSrTChGgvFlw,2026,0.18569275,0.12700551,-0.058687237
tdGd10MGjxbsGMX1RAAd1g,2026,0,0,0
tdYG7gu6LJkQU8AGPMdErQ,2026,0,0,0
tdi88PK5-TE7ASV6dtXpjQ,2026,0.22009177,0.22009177,0
tfBdA1jELmlYs_g61QeHLQ,2026,0,0,0
tfK5vczhi-lrLyt1muF8Gw,2026,0,0,0
tfbyGWr64NarLhG7Ujzxjg,2026,0,0,0
tfzyhZ-BW9tBh2EnwU9cTg,2026,0,0,0
thFYPFkwKjSAw9Y5XPMT9A,2026,0,0,0
thQcxA2hMTXLc6mc0_M9sw,2026,0,0,0
tj6Z4uxiHXlWConnRfRDTw,2026,0,0,0
tjc-aJ2zLNFeN-3SMatYlw,2026,0.55314647,0.55314647,0
tjdccENvDJPHb9gQCDmo6Q,2026,0,0,0
tkpj1evDJTrLl-Yu0zxQag,2026,0,0,0
tlC6qTO-I6LqBnm7QRxoOg,2026,0,0,0
tlbPmw0TtzODN7CfaZeC9g,2026,0,0,0
tln930C_TuiEEKixbbNN_w,2026,0,0,0
tmEVTwI6wERu9abZa_mN8Q,2026,0,0,0
tmmOlG2BUReyQ20uMpl9hA,2026,0,0,0
tnqHq6JayIGYTtL7K0tXRA,2026,0,0.1418689,0.1418689
toQe9adQWV7iC7KM_eugsA,2026,0,0,0
to_edWPdOOAByaV0Plgrbg,2026,0,0,0
tonx28Eup9w1IYVKsJB2sA,2026,0,0,0
toqU4fL0dXRKxskHRSfgWw,2026,0,0,0
tp6LTjSTenVnMHeviPKCvg,2026,0,0,0
tpKwc1auWpseeygIITc_DA,2026,0,0,0
tpeSrIFB-Ce0CjtTsRE0OA,2026,0,0,0
tqXyjCPq0-z6j1jnVTLA6g,2026,0,0,0
tq_cyx-FLkw4-wZTCrgGXg,2026,0,0,0
tqvKqLu5MjrS4pZFVRajGg,2026,0,0,0
tsLCoSKFZO_vUf_-NMb6Rw,2026,0,0,0
ttyzgc93vTrwIYoDY0UmXw,2026,0,0,0
tu1XdABnHGNVNguWxdZ_HA,2026,0,0,0
tu4Bwf83fydHzhQarrkOxA,2026,0,0,0
tu4DMPM_cFe3WzV6tI_EbQ,2026,0,0,0
tvHgnE4_tUfqoEPNbMmclw,2026,0,0,0
tvVduaNaiI8ZwS7d5qESVw,2026,0,0,0
twGrdwAgUVjlbVAzP6trZg,2026,0,0,0
tweCMKvKGN-02fO48YopKQ,2026,0,0,0
twtleL5WiyXOpe9MH0BqJw,2026,0,0,0
txnamCZcfPhdETymqlUf_A,2026,0,0,0
tzZaidvtlH_V5NGRJio5PQ,2026,0,0,0
tzsMiB-N1GrZ2sjj926Ppg,2026,0,0,0
u-g21x15kZKMutZdUZfoMQ,2026,0,0,0
u00UM8MXgZV08A-ihnD2ow,2026,0,0,0
u0mM9ssiRyvP5TmxjxZM9g,2026,0,0,0
u1ALMk8ZSYNzUeqOKhxACA,2026,0,0,0
u1GcLjc1hR2Id4iVUkiRgw,2026,0,0,0
u1P7POW_Hy4V8xaOWbvf8g,2026,0,0,0
u1gUbwyeBe8mtV97hZyImg,2026,0,0,0
u2TS0iHYxfrdMW_QOsz2Tg,2026,0,0.14704034,0.14704034
u3XWzLdvyw_pzWw-vcrmEQ,2026,0,0,0
u4jpV1MgTDVO6chrEJq3Ww,2026,0,0,0
u4yX6mVdM_r06vrqX-UnsA,2026,0,0.049710506,0.049710506
u5NXKkrXPhAvfeUX6vFn4A,2026,0.47925797,0.49291319,0.013655216
u60vmml-bjbtf8IOAC_HwQ,2026,0,0,0
u6YvPjwov--HS_7xvTM7dw,2026,0,0,0
u6abkBEI5ZkwaxKn9Ow3Bw,2026,0,0,0
u79JLmKzua7wxGxs1Q3Qkg,2026,0.2612614,0.34304271,0.081781308
u7lGgwVTmPaILJ0C1CwnHg,2026,0.06912041,0,-0.06912041
u93q64NwGlMIIRBNkxEssQ,2026,0,0,0
u9kFHr0ZyuvXYejCaxz7ew,2026,0,0,0
uA4YeL4IPjVLg4NqVXwFhw,2026,0,0,0
uABgKX42VTRqGDUhSC_3mg,2026,0,0,0
uAct63JL4CDXZzpJ00syhw,2026,0,0.23981247,0.23981247
uAgdZrjioy7wcCQvwtIpsA,2026,0,0,0
uB4IqReFpQ_DX2ZRqBX97g,2026,0,0,0
uBHAc_FrPUd_1eZZgUrYMw,2026,0.19092087,0.41966501,0.22874414
uBb5_DPYAXPYXvs9uhmGzg,2026,0,0,0
uCAtWdcGvNDkJUxqBk8OBA,2026,0,0,0
uCD9YxsLxBJcDyjwrSJlXw,2026,0,0,0
uCzvQUDW-1IN11qeE5jGqQ,2026,0,0,0
uDBnapEGywTQ0ovaCu7Orw,2026,0,0,0
uDOImAxvjEc0NPEZsDfJ7A,2026,0,0,0
uDlefb19L7vtpMsu9LGjoA,2026,0.39038005,0.39038005,0
uEpfN2yQ2DMI8k6DW73GWg,2026,0,0,0
uEso8oTkxdJw-YDkC12LSQ,2026,0,0,0
uFKk0LndAFokoVsly644Vw,2026,0.14704034,0,-0.14704034
uFOGvTGXY_MfEyStMqrfNg,2026,0,0,0
uGMd8KgR4IK466wC3IERZw,2026,0,0,0
uH0KmWhfylEUpcvZKG64fw,2026,0,0,0
uHHQ3Z_yBhFt8Ff__JYlfQ,2026,0,0,0
uIKD7cJF4ZWkicin2ulWPg,2026,0.58557007,0.16812754,-0.41744254
uJS2StuC1c60-GvysgRIJw,2026,0,0,0
uJYhDHh1wf3Vx8HwsSUt7w,2026,0,0,0
uKUZX7CnIcy2OzP1K3hpCQ,2026,0,0,0
uKqkquINCbM-j2ZgvAfYsA,2026,0,0,0
uL3yFIW1BvPD8IfFV8wIBA,2026,0.25595802,0.24465054,-0.011307483
uLKdql1tyU4rj6dEDkz3nQ,2026,0,0,0
uLfK6tn2-g0vHtMksPd0eA,2026,0,0,0
uLthrQwJFUYvfNzsB45iHA,2026,0,0,0
uMgleFmkApLxJsrLSDOEAA,2026,0,0,0
uN1LggZnxKs9tGH2vbqy7Q,2026,0,0,0
uNSoKfNUNeWnjb3HB_AVuQ,2026,0,0.23137821,0.23137821
uNbboFzpFfn6d4P-rgBSpw,2026,0,0,0
uOwjdjiNwbqrwLFWCqmzoA,2026,0,0,0
uPjuRECmhvF0DeCD4uYLTA,2026,0,0,0
uPr3t2M-OykA8M_oro7j1A,2026,0,0,0
uRwxr1xulZk3g8_eimR6tA,2026,0,0,0
uSW4S1CrdU0XkMyDZ-EQXA,2026,0.39038005,0.24630239,-0.14407766
uSbLnoOqMLKxKSpwqtPtJw,2026,0,0,0
uSiIX6Xi431yarud8_9pmQ,2026,0,0,0
uU5ZNXxr4K7-9K8JoQydBw,2026,0,0,0
uVjRuriuqjMHZT1U5ITxAg,2026,0,0,0
uWRjv0WiEGGIrvKI7THX8Q,2026,0,0,0
uXznbrfW2o2WumkfHkuCkg,2026,0,0,0
uYB04U1yz5Svi3enL7sLqA,2026,0.61314719,0.61314719,0
uYgTxpRK7BjKtZjSiyAKDg,2026,0,0,0
uZh24QNZnwNHUu73LDdjRQ,2026,0,0,0
u_K3Qh4LvKVcjXGfKp1kTQ,2026,0,0,0
u_WZavcZZXyBT4TOrzgwuA,2026,0,0,0
uaknaEaywVitJGVyjucYKw,2026,0,0,0
ucxPzgsXe-xYKE9rblmFQQ,2026,0,0,0
ud_FXCdYEBzEmN-StimrhA,2026,0,0,0
udlKWbHtXLEbutbkhs7ysA,2026,1,1,0
uefh148KzhHnSkIxr0JBCQ,2026,0,0,0
ufVEgFC21fUzYKKz2YDE4g,2026,0,0,0
ufco-sxD9Org0AMxagNgQw,2026,0.44615334,0.41763449,-0.02851885
ugMgb7NH1Fi9EggOCQyl2w,2026,0,0,0
ugrqJ4Zk7-cqtVUZGMAVFw,2026,0,0,0
ugs7RpSHH0O8Tm_rUkTUSg,2026,0,0,0
uhg89buGYO6wlwFZitmLPA,2026,0,0,0
ui9Mx2bzUOv6UM2jkhbmVg,2026,0,0,0
ujnDUkonNCe8VVX-AodqAQ,2026,0,0,0
ujpW4XrCyjXgZLo1Fu6Qrw,2026,0,0,0
ukNsjuQuoY7N0jt6GgGEzQ,2026,0,0,0
ukcw_VFRfo9pIJ7NBZS5QA,2026,0,0,0
ul8pCL28qUSG9UbhueQBDg,2026,0.099920907,0.15101962,0.051098712
ulrRyKesfZSp2GuQTPmU-w,2026,0,0,0
unKiy2n4GK8MUK3ze9peow,2026,0,0,0
unSL3jKjrrJLS5sAeeYKSg,2026,0,0,0
un_lVoDxTW1X8ZF646MEqg,2026,0,0,0
uncpOYLlTS_g6GRgE6Rnuw,2026,0,0,0
uoH1yt6nEthuRJOAzYqqTA,2026,0,0,0
uoQ1uNsv4qXqp70XdVie5g,2026,0,0,0
uonP_K_oh0BylbQp-GsFvA,2026,0,0,0
upUOCn4sPkFVxzJQ8L-OVA,2026,0,0,0
uphOaycQ-_SkhFPoodp4RA,2026,0,0,0
uq9qUyhLzfsPAMT61a-8zw,2026,0,0,0
uqnVoK6B2tKWFLWPksrt1A,2026,0,0,0
ur82bhDYvD6_PlndoUlLvg,2026,0,0,0
urxYenJHTllQanlE8pXLFA,2026,0,0,0
ury6Z2RSPY5HrmTcIl2Rpw,2026,0,0,0
usEhQUcnAIxGZM_mU0rvaA,2026,0,0,0
ut-tZLiQMe_BoImacIqbhg,2026,0,0,0
uuOPo3bEKY2xx6YXsoZAJg,2026,0,0,0
uux85jH-wCKLbNV6ZkaJUg,2026,0,0,0
uvDYHvovZUz5x1Y5b66Cmg,2026,0,0,0
uvav-UwHwFGGGAxAMDECZA,2026,0,0,0
uw9cwb4qvH0EKvUh-X_W-w,2026,0,0,0
uweJG4F7Q8qiljI-U02OGw,2026,0,0,0
uwhVvjdoW2jnAYBMEGXbfA,2026,0,0,0
uzGgsz00quM8npQqCuLqPw,2026,0,0,0
uzI6tzdRsqVTvQtYT6zqyg,2026,0,0,0
v-cA8D1zLe4ZglIRsPuVKg,2026,0,0,0
v-e3htBzbdG7uNwnuBx6VA,2026,0,0.13565197,0.13565197
v-jVmulBJ1UVe3Bnj5PYCA,2026,0,0,0
v0cOwLQIoJS7AnqNsouhHQ,2026,0,0,0
v153Q6RoGDoQDXQAI0dWEA,2026,0,0,0
v1z1eX0B_WTfRICUPRFOjg,2026,0,0,0
v21FsdvXTY_HOw91T6czyg,2026,0,0,0
v2NXcLlILQEztwc_uXGRrQ,2026,0.11047239,0,-0.11047239
v3SOmeAftPTv7HntKd0UvQ,2026,0,0,0
v3asYzSUsauvsP9sM4TqSw,2026,0,0,0
v3tfLldPToSZWbpmRGWipQ,2026,0,0,0
v40lA__-5DYjdurztH6uyw,2026,0,0.041389435,0.041389435
v45JbwOaT8joAOzN_cKH1w,2026,0,0,0
v59JOYQC0CleymY4RG2Abw,2026,0,0,0
v7CLuUfX_4FWqSMUjK41xw,2026,0,0,0
v9JOSvfS7VcIB5a2qUj8OQ,2026,0,0,0
vA7TmucNttb11Y_mpDjvyw,2026,0,0,0
vAmVqfpM7fjC26SvDSDS9Q,2026,0,0,0
vB0gDLJ-VieZrgnH3UWzjQ,2026,0,0,0
vB3DuHgXvQlk-fwVPgPgyw,2026,0,0,0
vBkMA-V0hEXgtUpBJkEr6A,2026,0.17723929,0,-0.17723929
vCUeFAY774VtmpszX9hyGA,2026,0,0,0
vEFJfeis4LEuM-y4qZvXAA,2026,0,0,0
vELZPqIzED2jrx3SxwbiXA,2026,0.097912925,0.065918771,-0.031994154
vF7WfIW06ymRIz8sX0scPw,2026,0.61314719,0.61314719,0
vFI3NIJJBstQNI4T1xb2tg,2026,0,0,0
vFd8aBLg1kFcd0kCkoi-xw,2026,0.93479674,0.93422422,-0.00057252082
vGxxX3P6FCZZAZaSPsJaXw,2026,0,0,0
vH30u2I54Sgesml2M7QDRg,2026,0,0,0
vHYNMTuFqbVpTVHqiu56zw,2026,0,0,0
vHf2-W2r8s_dP2ikR0yoXg,2026,0,0,0
vHja6F8-QZW_lZ_bie-KTw,2026,0,0,0
vIcFuPtw8cRXRN0HJDXirQ,2026,0,0,0
vJ3YiIUVwhshFBpQDRJhPQ,2026,0,0,0
vJKQ6Vn-cQRcoPNE5QIR8w,2026,0,0,0
vLSKfxquToSdB7NL09XRUQ,2026,0,0,0
vLsMP4KFswd1rP-052UCqg,2026,0,0,0
vMjwDOGXse7bcI_1d9lKzQ,2026,0.099920907,0,-0.099920907
vOQKR1aI-kMFpkVAU51aiQ,2026,0,0,0
vOWWuQbY1lMxe7OEClOj2g,2026,0,0,0
vOvqETH0s3WcgPsxl07zPQ,2026,0,0,0
vP2u77abmwF4tL6UIqsgzA,2026,0,0,0
vPZJC3zOqgAyFlX7ELQ1cA,2026,0,0,0
vS8H4lgp0AvtPSjrmKOQkg,2026,0,0,0
vSKQ6ylro5DoAMyiLZC4tA,2026,0,0,0
vT0zU-jHNJQgKUBNgXG9dg,2026,0,0,0
vU9_lZqJQIR8btUYw7fqxA,2026,0,0,0
vUIydOj8gaNwXaTXTF3Y3Q,2026,0,0.20210735,0.20210735
vUOQx0GadlgRVINjXbCZLA,2026,0,0,0
vURX1_GPy7PXcgj1P4iDDQ,2026,0,0,0
vUiebV27kFKne70hRP-L4A,2026,0,0,0
vVBhsqbv07cPiPJHW5F8rw,2026,0,0.1208113,0.1208113
vYMUZ9Kpr7h0Tt-Om5f4hw,2026,0,0,0
vYR_UiHiBkHn5wOsEOYGRw,2026,0,0,0
vYbbFz2xEm-2JqBDZ1npLQ,2026,0,0,0
vZsOBoAqQT2SoEzj8l9yeA,2026,0,0,0
v_0ozsd4DU7Ttu7-cYJnXw,2026,0,0,0
v_wGBhpbUeJ6DxTFyiZv2Q,2026,0,0,0
va7nYy4eRJF2AbO5WVV2SA,2026,0,0,0
vaXIJKUS9T8izz1NTilvMg,2026,0.63092975,0.63092975,0
vb4vJ1AfSca0qpY9ybzvUw,2026,0,0,0
vbPrCNu4fWZSdKgS-JyKjA,2026,0,0,0
vbrwpxbYDD2NpLsfiD7G6Q,2026,0,0,0
vbu9sjdqoDrUq_I0L2Y-rw,2026,0,0,0
vcHN_SOGbOQhjQYArtpk-A,2026,0,0,0
vccC5EdBrkDVUdHJtzY42g,2026,0,0,0
ve-W_JSzbRlz7B9nmCPOlg,2026,0,0,0
ve0YCgBgjmMR8uGwcNSUgQ,2026,0,0,0
ve8J3jometSzOV6qMltZ4A,2026,0,0,0
veZGsORMB2Ti-AMxoXIP0g,2026,0.55949993,0.58860791,0.029107985
vf5heRma4NAPhhcKrnc7Cg,2026,0.055022942,0,-0.055022942
vfEEeG8AB2YTQETiFkp1bg,2026,0,0,0
vftKBmmnlkOcK2PEFaA34Q,2026,0,0,0
vgT_PWkWqt5CiDmJ9PpreA,2026,0,0,0
vgqmaSvEs0Tx9xz7sXbuvg,2026,0,0,0
vh0H2k1LpHRtf6JUZW4Q3w,2026,0,0,0
vhRurbdop6V7vrCFBBJS1A,2026,0.61314719,0.61314719,0
viA9AbOpmoqT3AgNOPAHyg,2026,0,0,0
viFLiYYrr19xJNaMPDZ7fA,2026,0,0,0
viWkK6--5ChiN3hlZ8XqTg,2026,0,0.21840744,0.21840744
vkEJacURA_suNJQOF61O5w,2026,0,0.33916021,0.33916021
vl5Tc6MXpSBq7TlceiFTGQ,2026,0,0,0
vlGSRdma94-KDoYcHgc6pw,2026,0,0,0
vlRVqXO_V0YEJm2B30W9mg,2026,0,0,0
vl_pERwmYpEcfhHkkGFhsQ,2026,0,0,0
vlehgFdySB62xExGaaqEow,2026,0,0.15000679,0.15000679
vmPkcipge9ICnIGwUuCAFg,2026,0,0,0
vn87l_pm2Fe2ayVms63lsw,2026,0,0,0
vna1beYPMnwlQpkCqfnXJQ,2026,0,0,0
vnaPB68RrAcTn2PQxcbDbg,2026,0,0,0
vnqehTQ2kPv-oWb-9hcNfQ,2026,0,0,0
vpBn_-JT_3Fyy-ZSr8iqhQ,2026,0,0,0
vq0RhJrEaAFOjyrLyKnvDQ,2026,0,0.11731968,0.11731968
vqvz7NZFudMM9Vzoq6hILQ,2026,0,0,0
vr-Rw3nMKIgGrVNT6A7p9g,2026,0.041739638,0,-0.041739638
vr-gbhdwVvzQJAreAPrqcA,2026,0,0,0
vr6EwvHgsT2f-scHr-Suzw,2026,0,0,0
vrH9aAL4z8eloATHcvBNaA,2026,0,0,0
vsRQZ5MV61g47Vb5HRS-PA,2026,0,0,0
vt7TvkKsybpfbbX5PWvFjg,2026,0,0,0
vtY-vWHvrbNWlWHosNG4ZA,2026,0,0,0
vu0hRIbTTXWK75gsPGundQ,2026,0,0,0
vuyn8gQSv5IwgRUw5ukGEQ,2026,0.46927873,0.46927873,0
vvDlUjRBCVymRXAZd-R0vQ,2026,0,0,0
vvNLyNiMenk9Zi19QCsepg,2026,0,0,0
vvaWm4qkK-m3h89fa83B5g,2026,0,0,0
vvjhJcaSMorF-NorNwBgSA,2026,0.37941405,0.28606043,-0.093353626
vvne44j5eWeHGzYeLbIRcA,2026,0,0,0
vwNGJ1tFxe6HhvpYPzPcHQ,2026,0,0,0
vx6JR5We5Mex0Q3NhJVVqQ,2026,0,0,0
vxT8uJaf7gW38RLGs4d5Bw,2026,0.61314719,0.61314719,0
vyQfrtDRhnGpC6WoVzS-HQ,2026,0.30260241,0.30260241,0
vySk7eHaznAnbaqqlhnW8w,2026,0,0.26264954,0.26264954
vzH9g9o3nlFxb0AFVbK3Qg,2026,0,0,0
vzLaY-zW81FVTWKpbD37ZQ,2026,0.38685281,0.1934264,-0.1934264
w0Eb3PnZFiyQdWqXYKnx3A,2026,0,0,0
w0f3twDIXtkYuKUzfy_s5A,2026,0,0,0
w1LHR1Grlpo_fTSsoXmwkg,2026,0,0,0
w2cVjnLK_n6PrIVUj78gLA,2026,0,0,0
w2cvBfiNIBsy3C7g4-RpZQ,2026,0,0,0
w2ntisggCzwnu_EuCIZz2g,2026,0.15693994,0,-0.15693994
w3O-9VPps_JEQmyk7ljt-w,2026,0.61314719,0,-0.61314719
w3UyPT4x1uCw8Ci430-1nA,2026,0,0,0
w4GHZOHmc0qRe0Y9zwrObg,2026,0,0,0
w4PqT-9vVSVpamDvTHnsDw,2026,0,0,0
w4ROGBt26UtOhiJETKAa1Q,2026,0.61314719,0.61314719,0
w4rac-04zSWhhxI3gRBFCg,2026,0,0,0
w5msIz-I3D7fNyas0BW3aQ,2026,0,0.14804096,0.14804096
w9_aZDRgSTmokiPh0yPDEg,2026,0,0.077453516,0.077453516
w9b3RcwGfHP-hvGFso-ADg,2026,0,0.13959537,0.13959537
wABHp4fGUC-0acRKhmQO2A,2026,0,0.07102002,0.07102002
wACiJiJdCikLZh9CxInL6g,2026,0.055022942,0,-0.055022942
wALWN-0m9wviE6vmgr1LFw,2026,0,0,0
wAiGc2Rvc9mI1LqKfN4KhQ,2026,0,0,0
wAvohuw5_JdUD_PhqhUMqA,2026,0,0,0
wB1nqiVf8LPClOKBX5WQEg,2026,0,0,0
wB56ABOU-XWlD4IKZTPHJg,2026,0,0,0
wBMlrahqkFmkCACktcRkCA,2026,0,0,0
wBf5HiyZHt08gjtaQAYy_g,2026,0,0,0
wBg8De_6caBZPFHDszna-g,2026,0,0,0
wBs4opAqqvxYrvUg0C4hdw,2026,0,0,0
wBv4l952xPbAbM2EziuAzA,2026,0,0,0
wC4NI9o2F64oi_pmdk_6JA,2026,0,0,0
wClPpZ7y5aK2ygmubkUB-g,2026,0,0,0
wD0BwDMifsuBhH6WCUBYlg,2026,0,0,0
wDmSvr3rtzJI05u9FoLYfQ,2026,0,0,0
wFfzWYWX-ke5auLlnPG4Kg,2026,0,0,0
wG6pSbzmQkXDrghRHOAV5Q,2026,0,0,0
wHHjOtVXYtz9AcGM9seWrg,2026,0,0,0
wHPkNTlW3UW3XpKuMyr8Qg,2026,0,0,0
wIIICszWgVyCX5OJIbGfpA,2026,0,0,0
wK1h4MOjM3q80YmL_Rx_dA,2026,0,0,0
wK56PYC3Oy5kB0MB0P7HxQ,2026,0.39038005,0.39038005,0
wKkikLFeCfVA1QQFsYrZ8g,2026,0,0,0
wLr4wi0YKU52U3mN3Ri79w,2026,0,0,0
wMT72Ya2R6LZzZ5y95gOxA,2026,0,0,0
wN2f5qD2tbiD0xpZsrUC2A,2026,0,0,0
wN64OkMFXzn630qO5ZmRUw,2026,1,0.5,-0.5
wNCXZzLsRLwpwXoT-aUa2g,2026,0,0,0
wNeR43UMTOwOIsJp6uEecA,2026,0,0,0
wQOAM_pyARyd3zHs7WYltA,2026,0,0,0
wQlVhuqzAkRvmBynVtRebg,2026,0,0,0
wQtvtI-eTQ3-mdT0U_k52w,2026,0,0,0
wR7pFcXKEVvpr2pM4jr50A,2026,0,0,0
wRvW0uiPZ1UAKXN7U6JZUg,2026,0,0.24465054,0.24465054
wT9XMEl3wPuzNGt25Ai23g,2026,0,0,0
wTlQzT6IrPMIFeqZabItyA,2026,0,0,0
wTrwPOlAmAtfVSRyRhwmMw,2026,0,0,0
wU0HcKMaUKRvCmVAvaISlQ,2026,0,0,0
wU2jAHlYCbpPHDpLBSg0Zg,2026,0,0,0
wUTjHpPAs6EWFZtMfEQUiw,2026,0,0,0
wU_51QNLyQyQKtd440m9Kw,2026,0,0,0
wVZMFgBWx9_NtOeTVncmZA,2026,0,0,0
wVhG3gHr4cwZAnXIAqLXcA,2026,0,0,0
wW-3dqwUYBiZdpIXAm8HiQ,2026,0,0,0
wW5EU5BvnX_WBITF5rir2A,2026,0,0,0
wWa9X07Cq8EVaqJrA5QKyA,2026,0,0,0
wWrIJiaqRrqXE6l9uaclJQ,2026,0.16716045,0.16716045,0
wWyR5AdkPNwxEBZhYCGiFA,2026,0,0,0
wXR3m5frAkqYqYknuZJs9w,2026,0.33916021,0.33916021,0
wYAspqrg3OaXMleBYf4tMg,2026,0.63092975,0.27023815,-0.3606916
wZglx9SPgOOL4L8CU_SkvA,2026,0,0,0
w_RrPXOq6O3mx4hb1zcjwA,2026,0.25,0,-0.25
wat2TtMMeJZN5YFavnbgmg,2026,0.38685281,0.61314719,0.22629439
wb-yY6b9A7QiuPFTrnTinQ,2026,0,0,0
wc2H5kh7oPDlGFAkehdWkA,2026,0.39038005,0.19519002,-0.19519002
wcSxQDMZwrV02Ntzh49gxA,2026,0,0,0
wcYvN9M3Cl3O5_MhTt7nzw,2026,0,0,0
wckCTnXT1PRv2H9hUE6ifg,2026,0,0,0
wda3N_MyDAvB4ZC7-KHBhg,2026,0,0,0
wekw0bbIv8o61WkTg7GPkg,2026,0,0,0
wgiVsn5ZtsxULQb2K2gioA,2026,0,0,0
whGR_gvYVqssZGKPtsCATQ,2026,0,0,0
wi_w-Ew9LgrEEFkUMPmsFg,2026,0,0,0
wjN0yT3VB2ICKW_o6jnsgA,2026,0,0,0
wjW2OjX9cN0BSZtQ6ddv6g,2026,0,0,0
wjko_JEkgwydWiT-aIjKIg,2026,0,0,0
wkRmDIGv_MvSoX1k6hopAg,2026,0,0,0
wkaYGtsC3Qt7g09kExjRcQ,2026,0,0,0
wlOcGCOIhf3BpGQkAOfFPA,2026,0,0,0
wmBrrxamK2Dud-VVM_zw8g,2026,0,0,0
wnB3Idz0ghDtItI1SB6sGA,2026,0.1845757,0,-0.1845757
wnpJIBb-IYg53_CD_86Z1g,2026,0,0,0
wnqrvAfWjTuNas0Oib0WDg,2026,0,0,0
wnrHhjDpQk5uLUK7Iku75A,2026,0,0,0
wntGyJSD2boI8mx562Sumw,2026,0.095506691,0.22004924,0.12454255
wnw91K5aeWL0xDCUm73ARA,2026,0,0,0
wo632pzj23-Di2RakSugjQ,2026,0,0,0
wo8mvtL0eJ2pnnmMfJM03Q,2026,0,0,0
wojMqIU5hJAv71o9h2mCig,2026,0,0,0
wpMvNi8YZsBDJXf0YYzxzQ,2026,0.37949863,0.32918196,-0.050316669
wpfvF8ue3yr1m5xD4OrZNw,2026,0,0,0
wqU8CHXTBIB68RbQ7XyyKw,2026,0,0.086810776,0.086810776
wqWQOLLUUl-jY0bFQZGdkA,2026,0,0,0
wrd7Bp1nYs4oz3LMHXG7Mg,2026,0,0,0
ws5xN4JuudHqRLYleWw_1g,2026,0,0.048039075,0.048039075
wsUXagSlQR5ETEaBZEhDDg,2026,0,0,0
wsdtHpgw45hpju4mREenoQ,2026,0.046681941,0.049043961,0.0023620194
wsfjk4YMEswaxulhv5rdmA,2026,0,0.30103,0.30103
wszI8TKqFEuaQjxEYrt-qA,2026,0,0,0
wtTQ1XUlFQC3KtmzUK0EUA,2026,0,0,0
wtn0vgUqdQeiydhg6mvSJg,2026,0,0,0
wuVdyjawx8yVotASEQPn6w,2026,0,0,0
wuYqjkBHfsw3sq-M9elEpQ,2026,0,0,0
wv3I0yO4k8Disn8F1p4O8w,2026,0,0,0
wvPZT_65WuGr9wXG3GibfA,2026,0,0,0
wwEV66BaaGIiXerjrPMziQ,2026,0,0,0
wxxwnRsJHegMGk99forjzg,2026,0,0,0
wyJ6UV1huG3vH0dodBD3Dg,2026,0,0,0
wySVwaeovPlqXhNQRo-shA,2026,0,0,0
wzvk2yIl1TK-CMC2-N0rxA,2026,0,0,0
wzyGNvArcpUjZauRWFrKHA,2026,0,0,0
x-ypNpt4nGTBAfTqyJyA3Q,2026,0,0,0
x0VPBGCkQzCq41NrKQkh3A,2026,0,0,0
x1NswtSImNRYvXY1nfDL9g,2026,0.038553713,0,-0.038553713
x1SYQsKU5lBrl3wBPvuHHg,2026,0.33916021,0.33916021,0
x1VKE6c-h_LURcTrbk9l4g,2026,0,0,0
x1_sp_rHxZtI8VLX_IF5cw,2026,0,0,0
x2Q3CdREDt1GuYmNDrpCyA,2026,0,0,0
x2XfFXM2wAQL9TuDFnfGxQ,2026,0.15693994,0,-0.15693994
x3133lbPRsll8t2lrZeApw,2026,0.28906483,0,-0.28906483
x3E-qywSnEioMMknTmvBdQ,2026,0,0,0
x3g2mcOmonqy8NKhywUUrQ,2026,0,0,0
x3kLoRyM2hNnBwT8YRxQnw,2026,0,0,0
x4ZEVdDvN2N1Uef7SYiZCQ,2026,0,0,0
x5ZmMaIaZyUbWlXiuTpiNg,2026,0,0,0
x82Vqj573nIU9MzHlvcZ6w,2026,0,0,0
x8gC4oO9x5iYxJUPgHDTkA,2026,0,0,0
x9dptqQKNGchhMIcz1c-Bg,2026,0,0,0
x9h7cePunuZNzXg8F_r6Rg,2026,0,0,0
x9rkVoNB92HR_bFOe6MFTQ,2026,0.1175161,0,-0.1175161
x9tpYPYSt8MGZe8v60i8OQ,2026,0,0,0
xABZeE6c_DUn7FNj8kpfDw,2026,0,0,0
xADEEd4XSUauHTupnKMrhg,2026,0,0,0
xAWmRgn72zqpH9B79Tb5tw,2026,0,0,0
xAjy22aSVgu2EB2cqGMe4Q,2026,0,0,0
xC0EwX1RMsM99vVVisKLfQ,2026,0.39704748,0.32530456,-0.071742914
xCyrTXHiUJaJiMdadI13Xg,2026,0.089617287,0.089617287,0
xDGDeJ7QnD-TZAV3KVVeuQ,2026,0.61314719,0.61314719,0
xDMxrEh6lo-ihRFs_3zndg,2026,0,0,0
xDQlc86OBoSPS5NgaUyFuw,2026,0.12905374,0.12388806,-0.0051656725
xDfxoLiTK9l2CuI1KON6qA,2026,0,0,0
xE9ISXYakfWG8hDyBVDeHA,2026,0,0,0
xETfyiW7Uhwcr5pBptpOIg,2026,0,0,0
xFR__0o86dOYiRECKR5Z0Q,2026,0,0,0
xHzU9YYhGAtVHEouuI4lxA,2026,0,0,0
xIDbzsCm6fl7EQHZIQZYyQ,2026,0,0,0
xILFSnRh9WEh-YyAvdwPfg,2026,0.1175161,0,-0.1175161
xIqKVLEy_wRyFf6JPQX4dA,2026,1,0.43067656,-0.56932344
xJpZH-h-OhA94GipnR4kgg,2026,0,0,0
xKKwjtLoiA423KmXv7RjWg,2026,0,0,0
xLF_5_8FgH-AyHA7p2zDnA,2026,0,0,0
xLhQL6LoeyCZZENV-4AauA,2026,0,0,0
xMzsQaC59OT74Z3m05Aepw,2026,0.43067656,0.30103,-0.12964656
xO73PgPy9HbWqD3KlEvjow,2026,0,0,0
xOCT9pbGPW4Z4sg7ZMKsbQ,2026,0,0,0
xOR0oXZ6an-zTLu3jGxSTQ,2026,0,0,0
xOsjYB2HHIjiTASnEEPLOQ,2026,0,0.041058779,0.041058779
xP9ztT6tiRAV7IekzKBaAw,2026,0,0,0
xPeP-KySC8sFMmc5RnlgWA,2026,0,0,0
xPtVNR9mmLis1dV0iy0tsQ,2026,0,0,0
xQBc6CYzkst2YhN9D4FZKQ,2026,0,0.28906483,0.28906483
xQC-G-9bxyXEsy-GQ-UTEw,2026,0,0,0
xRXWUPEgcKxJz-LQXFZpvw,2026,0,0,0
xRXq4R3FmyI_gIHtGLqdHQ,2026,0,0,0
xRsK05J7MEo7lV1kru3bLQ,2026,0,0.12011566,0.12011566
xS7RNp94koln5JgNPIbxig,2026,0,0,0
xSMhOhMuqgOiqC_23Mn_wA,2026,0,0,0
xSU5rO5SLgI9OMY29pD3MQ,2026,0,0,0
xSYB0uJODZEAGJVXMBGq3Q,2026,0,0,0
xS_1PFhIlEChnl4pmO6p9g,2026,0,0.10858087,0.10858087
xSfd0Yq0zNxhRn8j5AKcNA,2026,0,0,0
xUxyfBWlrhIpr36p9MlYcg,2026,0,0,0
xVeizuWJzhsAdkZ0MfrPVA,2026,0,0,0
xVgB3oWeTZ0FtuTyAN7zzQ,2026,0,0,0
xVuXPljZRPk90K30A8kupg,2026,0,0,0
xWSow25oW0oxSI_hCZ41Yg,2026,0,0,0
xWbq5YaDhT36IYsOmAydvg,2026,0,0,0
xWo5LSE7Tv3gNp-rGE9qZw,2026,0,0,0
xX9Xl6Yq16SvdOsvxBRhTg,2026,0,0,0
xXVWvQef2Bd8ir38X7I-zw,2026,0,0,0
xXoc8NO_MXq4zHX_N9a0KA,2026,0,0,0
xZ5nuRO49izbeqouxG-h6A,2026,0,0,0
x_0ZFK-S5UQE5lbn1vsXUw,2026,0,0,0
x_CMTLjBJVA6nWhuMblUDQ,2026,0.1068408,0.21937969,0.11253889
x_Frpa8QWc25FDJ5BJM8tg,2026,0,0.10889376,0.10889376
x_oKLABbfrx626bZtmLKhw,2026,0,0,0
xa0vHkaID4kZ6BSfweP1Ew,2026,0,0.13905618,0.13905618
xaX2xvXTRt78WJ-AHJ_Vlw,2026,0,0,0
xcGPD8pdfyugcZ8SskvP1Q,2026,0,0,0
xcInMSLP1vhZdact4TGzyw,2026,0,0,0
xcdgtVCNkwFseitJSdRnXA,2026,0.42100807,0.32263571,-0.098372357
xciuLCCHQtdg4QoN_EjN5w,2026,0.46927873,0.46927873,0
xe0HCUloxUjA9VngKwwEaw,2026,0,0,0
xeDcC0ZVasU8VDDdCsfrVA,2026,0.21398626,0.1695801,-0.044406162
xeFtjq0o8uMC3Kwwub9GFA,2026,0,0,0
xfjWvKzAqhvbtg1huVA9_Q,2026,0,0,0
xgGYB4NCz8ZsDpI-st-g9g,2026,0,0,0
xhV0evzsT2wE5D0LO8zHVA,2026,0,0,0
xiVOHH_mYEK8_b0hOYTDfg,2026,0.10893649,0.097851595,-0.011084898
xkLRTaTDoZr20Lk-kKp18Q,2026,0,0,0
xkmypny5H5-kFJR2LfbRcw,2026,0,0,0
xlEyP85qs0mNV2rspP4MgA,2026,0,0,0
xmLLrhc34KMMx6e24MUqNQ,2026,0,0,0
xmm6CUZE7dctB79d3IWnvA,2026,0,0,0
xnnS5fZUAStMc20C5KdwLA,2026,0,0,0
xnwe_mJoMTAKPuk_-Nk_AQ,2026,0,0,0
xoF5UIiR1MscrxMhKGKGlg,2026,0,0,0
xoMtvN3OjTNuA9FLAm_peQ,2026,0,0,0
xoPwsLNfF8MCESQ7flu4-Q,2026,0,0,0
xopaCtwpnCprkynKty-mYw,2026,0,0,0
xppDW7-E6c-rDNMq5YA24g,2026,0,0,0
xqjhgh6G_fd0l6FPeKrp5A,2026,0,0,0
xqmyAQXVBUQ4JvdG2T8XLA,2026,0.2529427,0.2529427,0
xqybfWaTzzst2ZlpWCjUNA,2026,0,0,0
xrCxWeHjVOCv2-fH-sRNmQ,2026,0,0,0
xrMRQN0APR7PZuqRYTaRTg,2026,0,0,0
xs7xL0iyDP7Q8dtuAlX4gw,2026,1,1,0
xt6fHEl0lHQ9ogxWSPtWuQ,2026,0,0.062581163,0.062581163
xtIz_tKpH-vFmLtQQYwLZg,2026,0.39038005,0.24630239,-0.14407766
xu_bd_3CSJbMgD3PKxkaVA,2026,0,0,0
xudItvqWCVJsDzk1qqo5JA,2026,0,0.1532868,0.1532868
xuryiOCxJNa4DNyrNCkGMg,2026,0,0,0
xuzNMdcvlTUzYDO4BaB3Aw,2026,0,0,0
xvW0kYzR4gYlM4_F3t0p3w,2026,0,0,0
xvvXYgohFoskgg6WiVchvw,2026,0,0,0
xwsQfP66TVvV-3g2G9ngmA,2026,0,0,0
xxc751tvn4uLZNe7o_Z86w,2026,0,0,0
xy73BfEs7UKuT1PImQWM1g,2026,0,0,0
xz40QnB6ojaWIS_2KpcEKg,2026,0,0,0
xzaMmu8UCDbkG2UYiuXiig,2026,0,0,0
y-MbemaPTMgJpB3hklmjLw,2026,0,0,0
y-ihe4xLRCSibVjmF2jAHw,2026,0,0,0
y0MwqMMYGt9lvQQsFVB-ug,2026,0.077453516,0,-0.077453516
y0TidM7UrE322UeCLys1GQ,2026,0,0,0
y1SMdzjnl-G9y70RpfDY8A,2026,0,0,0
y1rDf4fbpgJpA6NUpTNJgA,2026,0,0.15693994,0.15693994
y2cfdcjs2aTpPJjbKyKdyA,2026,0,0,0
y30-Azv_pNnJarz4zHZqaQ,2026,0,0,0
y33bv7f43HfIbHjmkHl8BQ,2026,0,0,0
y5JJVlWfEZoDhafzomVgSA,2026,0.39038005,0.39038005,0
y5dAM9jOjdQBaHvz1YS0ig,2026,0.21398626,0.13120508,-0.082781187
y68DufBz04HzH8mB6-_F4g,2026,0,0,0
y7AGOXeSOTNVROisSMgHfA,2026,0,0,0
y7G3rH0D2phnPvNnhv2Skg,2026,0,0,0
y7H-4bWuX3eqC7C11DvQcA,2026,0,0,0
y7gOYoY9hL3A84gjI7iulA,2026,0,0,0
y7rUQ5HSh0awNduJITC9LQ,2026,0,0,0
y7rs7Yqs_4_HzQ2sd_VTjg,2026,0,0,0
y7vOFM6mOjNDIEyIrD60YA,2026,0,0,0
y8LDMlCO4DH3W4aiaZZE4g,2026,0,0,0
y94FS7iXvZp9QISUc0F__Q,2026,0,0,0
y9B_A0ZCE0SO3ut4OkUtOQ,2026,0,0,0
y9lOGLOGcmC6jyh6lxUAEQ,2026,0,0.070755761,0.070755761
yA4rJVAFSJdYrADctutoYg,2026,0,0,0
yA9lR4NXtsfTqpBS9TnzUA,2026,0,0,0
yALX8yLSLMUUieEYjRwBpA,2026,0,0,0
yBQEOTjFlZkjf3rcwDxAbA,2026,0,0,0
yC9ht4Yr9pFZig7OZnl2eA,2026,0,0.1532868,0.1532868
yCF-T1t7ML7NC_ib4Yq4mw,2026,0,0,0
yD2t9OfjMpt3zc772GznBg,2026,0,0,0
yEDq0hDy8LG-T6NP-C1e8A,2026,0,0,0
yEO8zA3aQQXvX4Sf9OfTug,2026,0,0,0
yESVHMBq-7GUbcVK4Z1LsA,2026,0,0.1418689,0.1418689
yFfU9RkIc7rv2_BaWjiVQQ,2026,0,0.11480929,0.11480929
yG1q9kH2Zj4OeWusHMQmSw,2026,0.27487633,0.27487633,0
yG26a5NFLSKn4DffKcHIIQ,2026,0,0,0
yG4Y5b_dfMxBj31XhA1dnQ,2026,0.24793126,0.19635794,-0.051573321
yGWX1h_xhMnSmnVl50uV9Q,2026,0,0,0
yH4lGyg73D6oxSf4EDx8RQ,2026,0,0,0
yHAFyRKk6asNz2-Wb0go4Q,2026,0.074031845,0,-0.074031845
yHJR23pt7vfcBSPU8UUsLw,2026,0,0,0
yHMbchndK3HTsm6kSkKjcw,2026,0,0,0
yHY5QyJmeVsywaKkCojU6Q,2026,0,0,0
yHy4xIfrENhYptOScwqHUA,2026,0,0,0
yImgETADLZY7hBJ6C4TLWg,2026,0,0,0
yIsQ4qFCyY-clmlRwQlw_w,2026,0,0,0
yJ-iqzaM9EKivFbS93WWFg,2026,0.76536064,0.62570497,-0.13965567
yJIrJ-cx1nhcpJDLFRMybw,2026,0,0,0
yJlJKlqrK1WsIEICdLTCBw,2026,0,0,0
yJnEAA7iaN6yOjZoJCMX9g,2026,0.12681702,0.20210735,0.07529033
yL9FvC1zSA34RymTkNVTAg,2026,0,0,0
yLOHrp1kv9Ut4-rFVDAN8w,2026,0,0,0
yLRgfnhZZfNp7KASyRL6ZQ,2026,0,0,0
yLqPde-MvBWg80j0c4DqbQ,2026,0.46927873,0.46927873,0
yLt1pqbQsRXMguOIId_aGA,2026,0.079794539,0.12647135,0.046676813
yM2m1VixYSJBCwrTiqFADw,2026,0.43067656,0.38685281,-0.043823751
yMEsTtgZMnofpWkt7dC4pQ,2026,0,0,0
yMR-l-GxjWtJbzn8agZ0Uw,2026,0.22767025,0,-0.22767025
yMlk3HBqiRi0-HIU2jtmIw,2026,0,0,0
yNCMW7NP6X9BqlVaeY9j7Q,2026,0,0,0
yNEuxv_oq2w2bVkMy7Gz6A,2026,0,0,0
yOLXoEGrpIxsWGfihJjZFA,2026,0,0,0
yOO5Dj4CU-UJsnVxsSpVPg,2026,0,0,0
yOdpCMzWtgPcC1GqJoWGoA,2026,0.38685281,0.61314719,0.22629439
yPa_4u6hcWEHkziHAeRapw,2026,0,0,0
yQ9X1krk3L1TBckF8K95QQ,2026,0,0,0
yQDeWccOtFb5CEbYwZ9XhA,2026,0,0,0
yRWYLlW5gO2986PuD0RJtA,2026,0,0,0
ySLN61LmMc9kjEleiLh72A,2026,0,0,0
ySdQOT6sGt13SNsFjECEPA,2026,0.2148568,0.050595683,-0.16426112
yTF8dNsYLJIDG2cPReFdzg,2026,0,0,0
yT_yy03kzw4TYHb9kTQN6g,2026,0,0,0
yTeGFm_Em9D73W9W0tR7_g,2026,0,0,0
yXTJq5K4zlUraDzJvHNb4A,2026,0,0,0
yZ-KypNrUUEhB-FgPl9efQ,2026,0,0,0
yZEU7Kduli1FSlsOaQecgw,2026,0,0,0
yZoOGwQl-lYlGfgI7XAfzQ,2026,0,0,0
yZwgNBKJb6YFnS7_lo8pGg,2026,0.2529427,0.24968909,-0.003253617
yZz14ST6gPAO6KkTvSy1Nw,2026,0,0,0
y_LS2MZJB7J9fUfRtEkV_w,2026,0,0,0
yaI_-iJ3P4KGfg0obUi1Qw,2026,0,0,0
yaPtqlclr-iTIU2tKVCSMA,2026,0.1695801,0.33916021,0.1695801
yab5bwtrszHnh6VT5l_3cA,2026,0,0,0
yb5bQBhc0_Q9neoMSPAJvA,2026,0,0,0
ybBtjH-YlOv_gWDcQuDK1A,2026,0,0,0
ybk17mqDIGgeqtbd4X-e6A,2026,0.041739638,0.10764243,0.065902794
yc7Q9rmW9KnSbz5ad6x_jQ,2026,0,0,0
ycHz6JUtQVsHoN4wq62ZbA,2026,0,0,0
yd-PRvnG9tXxJDFo9Ohpvg,2026,0,0,0
ydsAA_vB_SAuHWIjLmSbew,2026,0.39038005,0,-0.39038005
yeUN85YNAtJ3ORnkkGFALw,2026,0,0,0
yenOtENGbT9W31wsFbeBiQ,2026,0,0,0
yexCJ1nAbrGAYKKUvUogPA,2026,0.050731037,0.06242195,0.011690913
ygP68TEDdmlJDyq_1in4UA,2026,0,0,0
ygq7GSHI5hUCmsV9R3G6Tw,2026,1,1,0
ygwgGRtq6G_0f7GD1Y334A,2026,0,0,0
yh08LMJHrvoTghshxCsv8g,2026,0,0,0
yhjqpVS22KBm2PruuorAwA,2026,0.39038005,0.39038005,0
yi-iLaHZOluOpI6mYEXurQ,2026,0,0,0
yjA6g4_5N0f3qV_yxM55Ug,2026,0,0.43067656,0.43067656
ykBPSKopFL7Wm3hxpxdmjg,2026,0,0,0
ylE_w4QR7JCz9cr9ub9l3A,2026,0.12757012,0.038553713,-0.089016404
ylNoap5vLFZCPIjwBIdnYA,2026,0,0,0
ym8gfKa6LRG29uxkDdRQIA,2026,0,0,0
ymvMTixxv0MlnM55uM0rOg,2026,0,0.23137821,0.23137821
ynOKdr3bfj9MvTwhfis2rw,2026,0,0,0
yobMLS23pTa4UydoJQL2hg,2026,0,0,0
yonLnehnOp5fjWV2cFVqVA,2026,0,0,0
yp3wpdHWP4I5HBWr5eon_Q,2026,0,0,0
ypf85D0eBf6kDoj6f1rANw,2026,0,0,0
yqDg60Ju-qNp1S7KJM4rhw,2026,0,0,0
yqMtnToHQ5OrHTF9UAKerA,2026,0,0,0
yqNQWHajXrmZWPil3oZnWQ,2026,0,0,0
yqczn6cIwy-a-PSYAppFFQ,2026,0,0,0
yrUiyDfq0_aD0VdrYHImKQ,2026,0,0,0
yrhVSn8LiepmCUAJ8AG1_Q,2026,0,0,0
ys26Cac6wDZr5cIzMRCa0A,2026,0,0,0
ys47WpP2diRD1NTnRxNXIQ,2026,0,0,0
ysWiBod46KSZ5XdM40Br2A,2026,0,0,0
yspPTDP2jFui6UuMj93c9w,2026,0.059403433,0,-0.059403433
ytCc56UktOXyXawkAUXrPg,2026,0,0,0
ytoJFi6kdzFnohwsbdZg0A,2026,0,0,0
yuvuuHmz7w9-J3fcJJHBUA,2026,0,0,0
yvDDyApXeKFzrRcX1t7WiQ,2026,0,0,0
yvjPeJrwuON1a9fx7emmgg,2026,0,0,0
yw44nuXNx_omBzrFB6yiCA,2026,0,0,0
ywNIZGZ_kkUStzx__jUYPA,2026,0,0,0
yxFheLr6Drm62RSS11XbWw,2026,0,0,0
yxOWlIYLJ0C0xZLGnhuZKg,2026,0.33333333,0.43067656,0.097343225
yx_adZRzHmBqIvSF8Lv4tg,2026,0,0,0
yxo6tOM_wZ-LmXrVGSlXdQ,2026,0.11838279,0.091625444,-0.026757349
yxrDIW0b823PhQTZ0Q1KcA,2026,0,0,0
yz0UbfAV5UJGcl_T9f0m0Q,2026,0,0,0
z-7GwZS2la1xgIfTVBpe4g,2026,0,0,0
z-OLTZksAmzTleHj7YfCWQ,2026,0,0,0
z02XKjGqJMONH59_lUHlTQ,2026,0.43067656,1,0.56932344
z0Sn8T1ZkbpavtfRBgkzWw,2026,0,0,0
z0Sy2UYlDt7YfPOp0IpP-g,2026,0.067943401,0.053512879,-0.014430522
z16WRKWt5nXtQou3e_rV5A,2026,0,0,0
z1wGT7x0qw6o-VA9uxXHFA,2026,0,0,0
z2oMm9i7F0r_2_LwF8msZg,2026,0,0.22767025,0.22767025
z4mUxbLP3AqNzHkupO4c0Q,2026,0,0,0
z4ocevcFClKWY0g4lnfbMw,2026,0,0,0
z5Yb7s_pfuZzvL_SId9-UQ,2026,0,0,0
z5b_FAddlWhCURix1PyWWQ,2026,0,0,0
z5k5FOeVhnB6dBm1jhaY_w,2026,0.63092975,0.63092975,0
z5xFWjm-DT1fjCb8rcTN1Q,2026,0,0,0
z6IkL07s9xa4Vq1v1ZWUtg,2026,0,0,0
z7Es8lCJ2XAPlkoQnKgSdg,2026,0,0,0
z7aCL4IJzBuo5nhLaUHavg,2026,0,0,0
z7ghqh14j920qv2kcbncqA,2026,0,0,0
z8XOkJ9UneWaP_KJ-3XWTg,2026,0.55314647,0.34519134,-0.20795513
z8at9rz17whEbR0WaBmcAA,2026,0.20511667,0.073363922,-0.13175275
zBg1bsqP2NmD52tX0j18gw,2026,0,0,0
zBqZR7MM5-5NJUXdpuwUjA,2026,0,0,0
zC3F7O7K8QaF8syRtIInsQ,2026,1,1,0
zCXl02lAcNr246bTzsYjtA,2026,0,0,0
zDZIvIs5XOK7iQzcJ2oNlQ,2026,0,0,0
zDxfpc6Xgca95GAfYrWxoA,2026,0,0.17723929,0.17723929
zE6Ievj6V_6hEZV2AQ1LHA,2026,0,0.1934264,0.1934264
zF5FyS1hdBv-ED3a3gZWPA,2026,0,0,0
zF9448EbarUkUzOMHzyMZQ,2026,0.46927873,0.46927873,0
zFIw7n8UCJ2InV20wXtWWw,2026,0,0,0
zFoPD3N8-MKK7IKik_7_BA,2026,0,0,0
zGhqU4fjAV7KxIaTHIrzDw,2026,0,0,0
zI0XWEuUH9_dx0sjfyz59g,2026,0.034062972,0.042758313,0.0086953403
zI4FZJjiB9Thnw5CtDuNdw,2026,0,0,0
zItunQlYgOQvOlJQXAvZsQ,2026,0,0,0
zJ4MM5h-0Mb4VvO-WEskJg,2026,0,0,0
zK6QHdr3-K4gp1Krr94dCA,2026,0,0,0
zKC7q7L0TadZpTH20kQwug,2026,0,0,0
zKL2TpZwQeOf5IxQYka9eQ,2026,0.61314719,0.61314719,0
zLBY91Mbj3wvi4JrANEDOw,2026,0,0,0
zLDTEik9ymk7wo1VYYskzA,2026,0,0,0
zLk1GqLWh0u4u-zHILI5dA,2026,0,0,0
zLtGtF3yJrN9mIC4Nphh2g,2026,0,0,0
zNwGnhYuzji-SG9W915_hw,2026,0.63092975,1,0.36907025
zOZR3F-fLi9oP5_PHFlqeQ,2026,0.47665435,0.42288446,-0.053769894
zOg0wEW2adv_vwuYt1LHOw,2026,0,0,0
zPC3ybXCUFPeV3IejMkT5g,2026,0,0,0
zPPyxgbjhcy2tHo3F1jMXw,2026,0,0,0
zQSOP_UiMsKAJrbfBux7Ow,2026,0,0,0
zQp6CsFeQfO6OX4rHbN6sA,2026,0,0,0
zRWeIJ5s2gMK85PZ-4QMeg,2026,0,0,0
zRberopK8MjdtkJzOSHdrw,2026,0,0,0
zSbwaVU-z5024d9E_AFYPw,2026,0,0,0
zT5GBadM0lnBdt2ItulzcA,2026,0,0,0
zTHDXwgIw5rqpnv4qUFyXg,2026,0.2043824,0.1845757,-0.019806701
zTH_srTF8wSYXPJz7fGK-A,2026,0,0.10858087,0.10858087
zTwwciNRMedBvUS3-_8h6g,2026,0.1845757,0.23719771,0.052622016
zUk_Ww2q1At1QSyRbUjIGQ,2026,0,0,0
zUxwIzn6ecfzH-W6kqW-hg,2026,0,0,0
zV99rzBLsU5KUWd6oJhc-w,2026,0,0,0
zVMyH0dm78YNADi6pCGFzA,2026,0,0,0
zViwF4_TMPVus6I6t78SqQ,2026,0,0,0
zWsGb4AbnxdrjUAWJtNR3w,2026,0,0,0
zXufVxrInmTPOF8F-2qcnQ,2026,0,0,0
zYtlZo1al5gHMRQviGFDgA,2026,0,0,0
z_7BUfOwWj-RSX4DgbaDQg,2026,0,0,0
zbtt4rw8-AZr0UgqcZaIZQ,2026,0,0,0
zbuPDA8tCOFIbhqBEY2M4A,2026,0,0,0
zdkVtQVBWVPITCLcxZEddA,2026,0,0,0
zeHbJiDMQpfTjgNyZPvbhw,2026,0,0,0
zeI_flqkFhz38fGTzP6UFA,2026,0,0,0
zexRdACYzhpyu_byMWFzHQ,2026,0,0.26264954,0.26264954
zfD3xhVNkGJs-AOOSslqtQ,2026,1,1,0
zg6lm7DLKJArzFxLDILhwQ,2026,0.054384419,0.090928031,0.036543611
zhSt6_tGS0RQmUTG6Kb7jA,2026,0,0,0
zisX6x_ifQL0qt3BcPd0og,2026,0,0,0
zj_aFvu0CxfoHpdWv8aU2g,2026,0,0,0
zkcUmQRycoejvxnkiIkLeg,2026,0,0,0
zkcbs-0Tm-RyrigqFBc0nQ,2026,0,0,0
zlaJpKg0HhgWrcus_lFFFQ,2026,0,0,0
zmogIAJh4S3y6O1Aq01khA,2026,0,0,0
zn-OG9W5oZrbrxi6H92wJA,2026,0,0,0
znBcTh3VZXAq0BuuY4aa3Q,2026,0,0,0
znJdrKZVvLEUnpur9hQLVw,2026,0.27487633,0.27487633,0
zne046H1pIrf_BZOsk07bA,2026,0,0,0
znqrMpQglRsGOYPeJlskeQ,2026,0,0,0
zq6KZLkucmLvvP9G5327WA,2026,0,0,0
zqF7qjRWkYQyjcIGc1DtEg,2026,0,0,0
zqX7cyQoHdfaXydTDRfrFg,2026,0,0,0
zr-8Zdm529G9EQrs1i3c8w,2026,0,0,0
zrG1SLTPztz-qCSAGT62eA,2026,0,0,0
zrhs2v7Lq_Gxw-xUf4mVVQ,2026,0,0,0
zt0FvOuRJSu_olRZixNLAw,2026,0,0,0
zt7JJXtyXv6ddg5iRQMiSQ,2026,0,0,0
ztC-mhkE54z0aMimsr0vaw,2026,0,0,0
ztDSO7DSGNtPN_XW5VFjvg,2026,0.042384687,0.075973757,0.03358907
ztkJxENDU7ds5I-Un8IZrw,2026,0,0,0
zvMv5OoXRXRAgZzmUJFg6Q,2026,0,0,0
zvWk0tjgTM3ZUpVNgnHsRg,2026,0.10086747,0.071235305,-0.029632166
zvq6qxc2IVA08jaUelUMRw,2026,0,0,0
zwfqMSM8Or_Pw4VDM-nBcw,2026,0.26406812,0.38685281,0.12278468
zwoU-BXEUJwZmf_f94G2oQ,2026,0,0,0
zx2NkJtfSvJhid6rxvYMlg,2026,0,0,0
zxSQ9j5Ec3Q1OI6Bj-Cl7g,2026,0,0,0
zxeG7pecqW6SPGrYIP0HSg,2026,0,0,0
zy7ul0w2K5S4RVi0urtQKw,2026,0,0,0
zzW56xgATvt0CouuDYxkrA,2026,0,0,0
zzeRWIiPtuJNRBUcxe0Upw,2026,0,0,0
